2025-07-07 10:49:19,306 [INFO] Activator:176 - 


2025-07-07 10:49:19,313 [INFO] Activator:177 - !SESSION log4j initialized
2025-07-07 10:49:26,677 [INFO] LogOutputStream:77 - [STDOUT_REDIRECT] 
2025-07-07 10:49:28,056 [INFO] ApplicationProperties:184 - Using Application install path: C:\ST\STM32CubeIDE_1.16.1\STM32CubeIDE\plugins\com.st.stm32cube.common.mx_6.14.1.202504091515
2025-07-07 10:49:28,078 [INFO] DbMcusXml:78 - Set database path to: C:\ST\STM32CubeIDE_1.16.1\STM32CubeIDE\plugins\com.st.stm32cube.common.mx_6.14.1.202504091515\\db\/mcu/
2025-07-07 10:49:28,078 [INFO] ApiDb:274 - Set plugin database path to: C:\ST\STM32CubeIDE_1.16.1\STM32CubeIDE\plugins\com.st.stm32cube.common.mx_6.14.1.202504091515\\db\/plugins/boardmanager/
2025-07-07 10:49:28,079 [WARN] ApiDb:259 - Overriding images path with different value:  => C:\ST\STM32CubeIDE_1.16.1\STM32CubeIDE\plugins\com.st.stm32cube.common.mx_6.14.1.202504091515\\db\/plugins/mcufinder/images/
2025-07-07 10:49:28,086 [INFO] ApiDb:250 - Set database path to: C:\Users\kjeya\.stmcufinder\plugins\mcufinder//mcu/
2025-07-07 10:49:28,087 [INFO] DbMcusAds:125 - Set database path to: C:\Users\kjeya\.stmcufinder\plugins\mcufinder//mcu/
2025-07-07 10:49:28,089 [INFO] CrossReferenceDbSqlite:203 - Set database path to: C:\Users\kjeya\.stmcufinder\plugins\mcufinder//mcu/cs/
2025-07-07 10:49:28,239 [INFO] RulesReader:64 - Compatibility file has been processed (302 Rules)
2025-07-07 10:49:28,395 [INFO] DbMcusXml:78 - Set database path to: C:\ST\STM32CubeIDE_1.16.1\STM32CubeIDE\plugins\com.st.stm32cube.common.mx_6.14.1.202504091515\\db\/mcu/
2025-07-07 10:49:28,395 [INFO] ApiDb:274 - Set plugin database path to: C:\ST\STM32CubeIDE_1.16.1\STM32CubeIDE\plugins\com.st.stm32cube.common.mx_6.14.1.202504091515\\db\/plugins/boardmanager/
2025-07-07 10:49:28,395 [INFO] ApiDb:261 - Set plugin images path to: C:\ST\STM32CubeIDE_1.16.1\STM32CubeIDE\plugins\com.st.stm32cube.common.mx_6.14.1.202504091515\\db\/plugins/mcufinder/images/
2025-07-07 10:49:28,396 [WARN] DbFile:41 - Overriding database path with different value: C:\Users\kjeya\.stmcufinder\plugins\mcufinder/ => C:\Users\kjeya\.stmcufinder\plugins\mcufinder
2025-07-07 10:49:28,396 [INFO] ApiDb:250 - Set database path to: C:\Users\kjeya\.stmcufinder\plugins\mcufinder//mcu/
2025-07-07 10:49:28,397 [WARN] DbFile:41 - Overriding database path with different value: C:\Users\kjeya\.stmcufinder\plugins\mcufinder/ => C:\Users\kjeya\.stmcufinder\plugins\mcufinder
2025-07-07 10:49:28,397 [INFO] DbMcusAds:125 - Set database path to: C:\Users\kjeya\.stmcufinder\plugins\mcufinder//mcu/
2025-07-07 10:49:28,397 [WARN] DbFile:41 - Overriding database path with different value: C:\Users\kjeya\.stmcufinder\plugins\mcufinder/ => C:\Users\kjeya\.stmcufinder\plugins\mcufinder
2025-07-07 10:49:28,397 [WARN] DbFile:41 - Overriding database path with different value: C:\Users\kjeya\.stmcufinder\plugins\mcufinder/ => C:\Users\kjeya\.stmcufinder\plugins\mcufinder
2025-07-07 10:49:28,397 [INFO] CrossReferenceDbSqlite:203 - Set database path to: C:\Users\kjeya\.stmcufinder\plugins\mcufinder//mcu/cs/
2025-07-07 10:49:28,526 [INFO] MainPanel:272 - HeapMemory: 268435456
2025-07-07 10:49:28,755 [INFO] DbMcusXml:78 - Set database path to: C:\ST\STM32CubeIDE_1.16.1\STM32CubeIDE\plugins\com.st.stm32cube.common.mx_6.14.1.202504091515\\db\/mcu/
2025-07-07 10:49:28,755 [INFO] ApiDb:274 - Set plugin database path to: C:\ST\STM32CubeIDE_1.16.1\STM32CubeIDE\plugins\com.st.stm32cube.common.mx_6.14.1.202504091515\\db\/plugins/boardmanager/
2025-07-07 10:49:28,755 [INFO] ApiDb:261 - Set plugin images path to: C:\ST\STM32CubeIDE_1.16.1\STM32CubeIDE\plugins\com.st.stm32cube.common.mx_6.14.1.202504091515\\db\/plugins/mcufinder/images/
2025-07-07 10:49:28,756 [WARN] DbFile:41 - Overriding database path with different value: C:\Users\kjeya\.stmcufinder\plugins\mcufinder/ => C:\Users\kjeya\.stmcufinder\plugins\mcufinder
2025-07-07 10:49:28,756 [INFO] ApiDb:250 - Set database path to: C:\Users\kjeya\.stmcufinder\plugins\mcufinder//mcu/
2025-07-07 10:49:28,756 [WARN] DbFile:41 - Overriding database path with different value: C:\Users\kjeya\.stmcufinder\plugins\mcufinder/ => C:\Users\kjeya\.stmcufinder\plugins\mcufinder
2025-07-07 10:49:28,756 [INFO] DbMcusAds:125 - Set database path to: C:\Users\kjeya\.stmcufinder\plugins\mcufinder//mcu/
2025-07-07 10:49:28,756 [WARN] DbFile:41 - Overriding database path with different value: C:\Users\kjeya\.stmcufinder\plugins\mcufinder/ => C:\Users\kjeya\.stmcufinder\plugins\mcufinder
2025-07-07 10:49:28,756 [WARN] DbFile:41 - Overriding database path with different value: C:\Users\kjeya\.stmcufinder\plugins\mcufinder/ => C:\Users\kjeya\.stmcufinder\plugins\mcufinder
2025-07-07 10:49:28,756 [INFO] CrossReferenceDbSqlite:203 - Set database path to: C:\Users\kjeya\.stmcufinder\plugins\mcufinder//mcu/cs/
2025-07-07 10:49:28,784 [INFO] ApplicationProperties:184 - Using Application install path: C:\ST\STM32CubeIDE_1.16.1\STM32CubeIDE\plugins\com.st.stm32cube.common.mx_6.14.1.202504091515
2025-07-07 10:49:28,786 [INFO] PluginManage:196 - Search for loadable plugins [exclusion list=, ]
2025-07-07 10:49:28,788 [INFO] PluginManage:310 - Check plugin analytics
2025-07-07 10:49:29,090 [INFO] AnalyticsPlugin:253 - Accepted Software Licenses: STM32CubeMX.6.11.1,STM32CubeMX.6.13.0
2025-07-07 10:49:29,091 [INFO] AnalyticsPlugin:255 - Accepted CMSIS Pack Licenses: STMicroelectronics.X-CUBE-TOUCHGFX.4.24.0,WES.I-CUBE-Cesium.1.3.0,STMicroelectronics.X-CUBE-TOUCHGFX.4.24.2
2025-07-07 10:49:29,092 [INFO] AnalyticsPlugin:257 - Accepted Firmware Licenses: FW.F4.1.28.0,FW.L4.1.18.0,FW.WL.1.3.0,FW.H7.1.11.0,FW.H7.1.12.0
2025-07-07 10:49:29,101 [INFO] PluginManage:359 - Loaded plugin analytics (category:tool,tabindex:-1)
2025-07-07 10:49:29,101 [INFO] PluginManage:310 - Check plugin cadmodel
2025-07-07 10:49:29,114 [INFO] CADModel:105 - Init CAD model plugin
2025-07-07 10:49:29,114 [INFO] PluginManage:359 - Loaded plugin cadmodel (category:power,tabindex:5)
2025-07-07 10:49:29,115 [INFO] PluginManage:310 - Check plugin clock
2025-07-07 10:49:29,132 [INFO] PluginManage:359 - Loaded plugin clock (category:base,tabindex:2)
2025-07-07 10:49:29,132 [INFO] PluginManage:310 - Check plugin ddr
2025-07-07 10:49:29,136 [INFO] PluginManage:359 - Loaded plugin ddr (category:tool,tabindex:6)
2025-07-07 10:49:29,137 [INFO] PluginManage:310 - Check plugin filemanager
2025-07-07 10:49:29,359 [INFO] PluginManage:359 - Loaded plugin filemanager (category:base,tabindex:10)
2025-07-07 10:49:29,359 [INFO] PluginManage:310 - Check plugin ipmanager
2025-07-07 10:49:29,368 [INFO] PluginManage:359 - Loaded plugin ipmanager (category:base,tabindex:5)
2025-07-07 10:49:29,369 [INFO] PluginManage:310 - Check plugin lpbam
2025-07-07 10:49:29,378 [INFO] PluginManage:359 - Loaded plugin lpbam (category:base,tabindex:0)
2025-07-07 10:49:29,379 [INFO] PluginManage:310 - Check plugin memorymap
2025-07-07 10:49:29,395 [INFO] PluginManage:359 - Loaded plugin memorymap (category:base,tabindex:4)
2025-07-07 10:49:29,395 [INFO] PluginManage:310 - Check plugin pinoutandconfiguration
2025-07-07 10:49:29,403 [INFO] PluginManage:359 - Loaded plugin pinoutandconfiguration (category:base,tabindex:1)
2025-07-07 10:49:29,403 [INFO] PluginManage:310 - Check plugin pinoutconfig
2025-07-07 10:49:29,525 [WARN] SupportedApi:132 - Cannot load RTOS API schema: s4s-elt-must-match.1: The content of 'definitions' must match (annotation?, (simpleType | complexType)?, (unique | key | keyref)*)). A problem was found starting at: attribute.
2025-07-07 10:49:29,741 [INFO] PluginManage:359 - Loaded plugin pinoutconfig (category:base,tabindex:0)
2025-07-07 10:49:29,741 [INFO] PluginManage:310 - Check plugin power
2025-07-07 10:49:29,757 [INFO] PluginManage:359 - Loaded plugin power (category:power,tabindex:4)
2025-07-07 10:49:29,757 [INFO] PluginManage:310 - Check plugin projectmanager
2025-07-07 10:49:29,785 [INFO] PluginManage:359 - Loaded plugin projectmanager (category:projectmanager,tabindex:4)
2025-07-07 10:49:29,785 [INFO] PluginManage:310 - Check plugin rif
2025-07-07 10:49:29,798 [INFO] PluginManage:359 - Loaded plugin rif (category:base,tabindex:3)
2025-07-07 10:49:29,799 [INFO] PluginManage:310 - Check plugin thirdparty
2025-07-07 10:49:30,060 [INFO] PluginManage:359 - Loaded plugin thirdparty (category:base,tabindex:-1)
2025-07-07 10:49:30,059 [WARN] IntegrityCheckThread:84 - waiting for thirdparty lock release [integrity check]
2025-07-07 10:49:30,060 [INFO] PluginManage:310 - Check plugin tools
2025-07-07 10:49:30,060 [INFO] IntegrityCheckThread:86 - entering critical section [integrity check]
2025-07-07 10:49:30,061 [INFO] ThirdPartyUpdaterWithRetryManager:70 - Updater plugin not ready yet. [1/15]
2025-07-07 10:49:30,065 [INFO] PluginManage:359 - Loaded plugin tools (category:base,tabindex:7)
2025-07-07 10:49:30,066 [INFO] PluginManage:310 - Check plugin tutovideos
2025-07-07 10:49:30,294 [INFO] PluginManage:359 - Loaded plugin tutovideos (category:base,tabindex:-1)
2025-07-07 10:49:30,295 [INFO] PluginManage:310 - Check plugin updater
2025-07-07 10:49:30,325 [INFO] PluginManage:359 - Loaded plugin updater (category:base,tabindex:12)
2025-07-07 10:49:30,325 [INFO] PluginManage:310 - Check plugin userauth
2025-07-07 10:49:30,333 [INFO] UserAuth:118 - Init User Auth plugin
2025-07-07 10:49:30,335 [INFO] PluginManage:359 - Loaded plugin userauth (category:base,tabindex:14)
2025-07-07 10:49:30,336 [INFO] PluginManage:283 - PluginManage : Loaded plugins [18]
2025-07-07 10:49:30,630 [INFO] PinOutPanel:1589 - setPackage(No Configuration,No Configuration)
2025-07-07 10:49:30,752 [INFO] CADModel:165 - CPN selected for project level
2025-07-07 10:49:30,752 [INFO] CADModel:114 - Register for checkConnection events
2025-07-07 10:49:30,780 [INFO] IPUIPlugin:80 - create IPUIPlugin
2025-07-07 10:49:30,781 [INFO] PluginManager:220 - loadIPPluginJar : add adc
2025-07-07 10:49:30,785 [INFO] IPUIPlugin:80 - create IPUIPlugin
2025-07-07 10:49:30,786 [INFO] PluginManager:220 - loadIPPluginJar : add aes
2025-07-07 10:49:30,791 [INFO] IPUIPlugin:80 - create IPUIPlugin
2025-07-07 10:49:30,791 [INFO] PluginManager:220 - loadIPPluginJar : add can
2025-07-07 10:49:30,795 [INFO] IPUIPlugin:80 - create IPUIPlugin
2025-07-07 10:49:30,795 [INFO] PluginManager:220 - loadIPPluginJar : add comp
2025-07-07 10:49:30,799 [INFO] IPUIPlugin:80 - create IPUIPlugin
2025-07-07 10:49:30,799 [INFO] PluginManager:220 - loadIPPluginJar : add cryp
2025-07-07 10:49:30,804 [INFO] IPUIPlugin:80 - create IPUIPlugin
2025-07-07 10:49:30,804 [INFO] PluginManager:220 - loadIPPluginJar : add ddr_ctrl_phy
2025-07-07 10:49:30,808 [INFO] IPUIPlugin:80 - create IPUIPlugin
2025-07-07 10:49:30,808 [INFO] PluginManager:220 - loadIPPluginJar : add dfsdm
2025-07-07 10:49:30,817 [INFO] IPUIPlugin:80 - create IPUIPlugin
2025-07-07 10:49:30,818 [INFO] PluginManager:220 - loadIPPluginJar : add dma
2025-07-07 10:49:30,821 [INFO] IPUIPlugin:80 - create IPUIPlugin
2025-07-07 10:49:30,821 [INFO] PluginManager:220 - loadIPPluginJar : add dma3
2025-07-07 10:49:30,825 [INFO] IPUIPlugin:80 - create IPUIPlugin
2025-07-07 10:49:30,825 [INFO] PluginManager:220 - loadIPPluginJar : add extmemmanager
2025-07-07 10:49:30,829 [INFO] IPUIPlugin:80 - create IPUIPlugin
2025-07-07 10:49:30,829 [INFO] PluginManager:220 - loadIPPluginJar : add fatfs
2025-07-07 10:49:30,840 [INFO] IPUIPlugin:80 - create IPUIPlugin
2025-07-07 10:49:30,841 [INFO] PluginManager:220 - loadIPPluginJar : add fmc
2025-07-07 10:49:30,849 [INFO] IPUIPlugin:80 - create IPUIPlugin
2025-07-07 10:49:30,850 [INFO] PluginManager:220 - loadIPPluginJar : add freertos
2025-07-07 10:49:30,852 [INFO] IPUIPlugin:80 - create IPUIPlugin
2025-07-07 10:49:30,852 [INFO] PluginManager:220 - loadIPPluginJar : add genericplugin
2025-07-07 10:49:30,854 [INFO] IPUIPlugin:80 - create IPUIPlugin
2025-07-07 10:49:30,854 [INFO] PluginManager:220 - loadIPPluginJar : add gfxmmu
2025-07-07 10:49:30,863 [INFO] IPUIPlugin:80 - create IPUIPlugin
2025-07-07 10:49:30,863 [INFO] PluginManager:220 - loadIPPluginJar : add gic
2025-07-07 10:49:30,868 [INFO] IPUIPlugin:80 - create IPUIPlugin
2025-07-07 10:49:30,868 [INFO] PluginManager:220 - loadIPPluginJar : add gpio
2025-07-07 10:49:30,872 [INFO] IPUIPlugin:80 - create IPUIPlugin
2025-07-07 10:49:30,872 [INFO] PluginManager:220 - loadIPPluginJar : add gtzc
2025-07-07 10:49:30,875 [INFO] IPUIPlugin:80 - create IPUIPlugin
2025-07-07 10:49:30,876 [INFO] PluginManager:220 - loadIPPluginJar : add hash
2025-07-07 10:49:30,879 [INFO] IPUIPlugin:80 - create IPUIPlugin
2025-07-07 10:49:30,879 [INFO] PluginManager:220 - loadIPPluginJar : add i2c
2025-07-07 10:49:30,882 [INFO] IPUIPlugin:80 - create IPUIPlugin
2025-07-07 10:49:30,882 [INFO] PluginManager:220 - loadIPPluginJar : add i2s
2025-07-07 10:49:30,886 [INFO] IPUIPlugin:80 - create IPUIPlugin
2025-07-07 10:49:30,886 [INFO] PluginManager:220 - loadIPPluginJar : add i3c
2025-07-07 10:49:30,891 [INFO] IPUIPlugin:80 - create IPUIPlugin
2025-07-07 10:49:30,891 [INFO] PluginManager:220 - loadIPPluginJar : add ipddr
2025-07-07 10:49:30,900 [INFO] IPUIPlugin:80 - create IPUIPlugin
2025-07-07 10:49:30,901 [INFO] PluginManager:220 - loadIPPluginJar : add linkedlist
2025-07-07 10:49:30,904 [INFO] IPUIPlugin:80 - create IPUIPlugin
2025-07-07 10:49:30,905 [INFO] PluginManager:220 - loadIPPluginJar : add lorawan
2025-07-07 10:49:30,906 [INFO] IPUIPlugin:80 - create IPUIPlugin
2025-07-07 10:49:30,906 [INFO] PluginManager:220 - loadIPPluginJar : add ltdc
2025-07-07 10:49:30,914 [INFO] IPUIPlugin:80 - create IPUIPlugin
2025-07-07 10:49:30,914 [INFO] PluginManager:220 - loadIPPluginJar : add mdma
2025-07-07 10:49:30,920 [INFO] IPUIPlugin:80 - create IPUIPlugin
2025-07-07 10:49:30,920 [INFO] PluginManager:220 - loadIPPluginJar : add nvic
2025-07-07 10:49:30,928 [INFO] IPUIPlugin:80 - create IPUIPlugin
2025-07-07 10:49:30,928 [INFO] PluginManager:220 - loadIPPluginJar : add opamp
2025-07-07 10:49:30,933 [INFO] IPUIPlugin:80 - create IPUIPlugin
2025-07-07 10:49:30,933 [INFO] PluginManager:220 - loadIPPluginJar : add openamp
2025-07-07 10:49:30,938 [INFO] IPUIPlugin:80 - create IPUIPlugin
2025-07-07 10:49:30,938 [INFO] PluginManager:220 - loadIPPluginJar : add pdm2pcm
2025-07-07 10:49:30,945 [INFO] IPUIPlugin:80 - create IPUIPlugin
2025-07-07 10:49:30,948 [INFO] PluginManager:220 - loadIPPluginJar : add plateformsettings
2025-07-07 10:49:30,950 [INFO] IPUIPlugin:80 - create IPUIPlugin
2025-07-07 10:49:30,950 [INFO] PluginManager:220 - loadIPPluginJar : add quadspi
2025-07-07 10:49:30,953 [INFO] IPUIPlugin:80 - create IPUIPlugin
2025-07-07 10:49:30,954 [INFO] PluginManager:220 - loadIPPluginJar : add radio
2025-07-07 10:49:30,956 [INFO] IPUIPlugin:80 - create IPUIPlugin
2025-07-07 10:49:30,956 [INFO] PluginManager:220 - loadIPPluginJar : add resmgrutility
2025-07-07 10:49:30,961 [INFO] IPUIPlugin:80 - create IPUIPlugin
2025-07-07 10:49:30,961 [INFO] PluginManager:220 - loadIPPluginJar : add sai
2025-07-07 10:49:30,963 [INFO] IPUIPlugin:80 - create IPUIPlugin
2025-07-07 10:49:30,963 [INFO] PluginManager:220 - loadIPPluginJar : add spi
2025-07-07 10:49:30,971 [INFO] IPUIPlugin:80 - create IPUIPlugin
2025-07-07 10:49:30,972 [INFO] PluginManager:220 - loadIPPluginJar : add stm32_wpan
2025-07-07 10:49:30,973 [INFO] IPUIPlugin:80 - create IPUIPlugin
2025-07-07 10:49:30,973 [INFO] PluginManager:220 - loadIPPluginJar : add tim
2025-07-07 10:49:30,977 [INFO] IPUIPlugin:80 - create IPUIPlugin
2025-07-07 10:49:30,978 [INFO] PluginManager:220 - loadIPPluginJar : add touchsensing
2025-07-07 10:49:30,981 [INFO] IPUIPlugin:80 - create IPUIPlugin
2025-07-07 10:49:30,981 [INFO] PluginManager:220 - loadIPPluginJar : add tracer_emb
2025-07-07 10:49:30,983 [INFO] IPUIPlugin:80 - create IPUIPlugin
2025-07-07 10:49:30,984 [INFO] PluginManager:220 - loadIPPluginJar : add ts
2025-07-07 10:49:30,986 [INFO] IPUIPlugin:80 - create IPUIPlugin
2025-07-07 10:49:30,986 [INFO] PluginManager:220 - loadIPPluginJar : add tsc
2025-07-07 10:49:30,988 [INFO] IPUIPlugin:80 - create IPUIPlugin
2025-07-07 10:49:30,988 [INFO] PluginManager:220 - loadIPPluginJar : add ucpd
2025-07-07 10:49:30,992 [INFO] IPUIPlugin:80 - create IPUIPlugin
2025-07-07 10:49:30,992 [INFO] PluginManager:220 - loadIPPluginJar : add usart
2025-07-07 10:49:30,996 [INFO] IPUIPlugin:80 - create IPUIPlugin
2025-07-07 10:49:30,996 [INFO] PluginManager:220 - loadIPPluginJar : add usbx
2025-07-07 10:49:31,157 [FATAL] Updater:351 - Updater called before beeing initialized
2025-07-07 10:49:31,206 [INFO] RulesReader:64 - Compatibility file has been processed (302 Rules)
2025-07-07 10:49:31,217 [INFO] RulesReader:64 - Compatibility file has been processed (302 Rules)
2025-07-07 10:49:31,228 [INFO] CADModel:165 - CPN selected for project level
2025-07-07 10:49:31,228 [INFO] CADModel:114 - Register for checkConnection events
2025-07-07 10:49:31,229 [FATAL] Updater:351 - Updater called before beeing initialized
2025-07-07 10:49:31,229 [ERROR] CADModel:125 - Updater not yet initialized, retry later 
2025-07-07 10:49:31,443 [FATAL] Updater:351 - Updater called before beeing initialized
2025-07-07 10:49:31,448 [INFO] CADModel:165 - CPN selected for project level
2025-07-07 10:49:31,448 [INFO] CADModel:114 - Register for checkConnection events
2025-07-07 10:49:31,448 [FATAL] Updater:351 - Updater called before beeing initialized
2025-07-07 10:49:31,448 [ERROR] CADModel:125 - Updater not yet initialized, retry later 
2025-07-07 10:49:31,455 [FATAL] Updater:351 - Updater called before beeing initialized
2025-07-07 10:49:31,652 [FATAL] Updater:351 - Updater called before beeing initialized
2025-07-07 10:49:31,658 [INFO] DbMcusAds:53 - JSON generation date=Thu Jun 19 14:02:37 IST 2025 (1750321957418)
2025-07-07 10:49:31,658 [FATAL] Updater:351 - Updater called before beeing initialized
2025-07-07 10:49:31,714 [WARN] DetailPanel:346 - Failed to get advertising image, set to default
2025-07-07 10:49:32,002 [FATAL] Updater:351 - Updater called before beeing initialized
2025-07-07 10:49:32,010 [FATAL] Updater:351 - Updater called before beeing initialized
2025-07-07 10:49:32,010 [FATAL] Updater:351 - Updater called before beeing initialized
2025-07-07 10:49:32,010 [WARN] DetailPanel:346 - Failed to get advertising image, set to default
2025-07-07 10:49:32,011 [FATAL] Updater:351 - Updater called before beeing initialized
2025-07-07 10:49:32,076 [ERROR] Updater:1198 - MainUpdater not yet initialized. External WinMGr cannot be set.
2025-07-07 10:49:32,079 [INFO] Updater:1134 - Updater Version found : 6.14.1
2025-07-07 10:49:32,104 [INFO] ApplicationProperties:184 - Using Application install path: C:\ST\STM32CubeIDE_1.16.1\STM32CubeIDE\plugins\com.st.stm32cube.common.mx_6.14.1.202504091515
2025-07-07 10:49:33,063 [INFO] ThirdPartyUpdaterWithRetryManager:70 - Updater plugin not ready yet. [2/15]
2025-07-07 10:49:33,692 [ERROR] LogOutputStream:75 - [STDERR_REDIRECT] Jul 07, 2025 10:49:33 AM java.util.prefs.WindowsPreferences <init>
2025-07-07 10:49:33,695 [ERROR] LogOutputStream:75 - [STDERR_REDIRECT] WARNING: Could not open/create prefs root node Software\JavaSoft\Prefs at root 0xffffffff80000002. Windows RegCreateKeyEx(...) returned error code 5.
2025-07-07 10:49:33,696 [ERROR] LogOutputStream:75 - [STDERR_REDIRECT] 
2025-07-07 10:49:34,304 [INFO] MainUpdater:2872 - connection check result : 10
2025-07-07 10:49:34,305 [INFO] MainUpdater:289 - Updater Check For Update Now.
2025-07-07 10:49:34,305 [INFO] MicroXplorer:498 - Change Database Version : DB.6.0.141
2025-07-07 10:49:34,327 [INFO] McuFinderGlobals:63 - Set McuFinder mode to 2 (CubeIDE integrated)
2025-07-07 10:49:34,329 [INFO] UserAuth:484 - Internet connection configuration mode: 1
2025-07-07 10:49:34,378 [INFO] JxBrowserEngine:152 - Initiate JxBrowser Engine with user profile folder
2025-07-07 10:49:34,571 [INFO] CheckServerUpdateThread:120 - End of CheckServer Thread
2025-07-07 10:49:35,729 [INFO] WebApp:169 - Instantiating new browser for Auth
2025-07-07 10:49:36,455 [WARN] PackLoader:240 - Cannot read IP mode file for STMicroelectronics.FP-SNS-MOTENVWB1.1.4.0
2025-07-07 10:49:36,474 [WARN] PackLoader:240 - Cannot read IP mode file for STMicroelectronics.FP-ATR-ASTRA1.2.0.2
2025-07-07 10:49:36,482 [WARN] PackLoader:240 - Cannot read IP mode file for STMicroelectronics.FP-ATR-ASTRA1.2.0.1
2025-07-07 10:49:36,498 [WARN] PackLoader:240 - Cannot read IP mode file for STMicroelectronics.X-CUBE-SMBUS.2.1.0
2025-07-07 10:49:36,512 [WARN] PackLoader:240 - Cannot read IP mode file for STMicroelectronics.X-CUBE-WB05N.1.1.0
2025-07-07 10:49:36,521 [WARN] PackLoader:240 - Cannot read IP mode file for STMicroelectronics.X-CUBE-ST60.1.0.0
2025-07-07 10:49:36,583 [WARN] PackLoader:240 - Cannot read IP mode file for STMicroelectronics.X-CUBE-AZRTOS-F7.1.1.0
2025-07-07 10:49:36,601 [WARN] PackLoader:240 - Cannot read IP mode file for STMicroelectronics.FP-SNS-FLIGHT1.5.0.2
2025-07-07 10:49:36,649 [WARN] PackLoader:240 - Cannot read IP mode file for Infineon.AIROC-Wi-Fi-Bluetooth-STM32.1.7.0
2025-07-07 10:49:36,695 [WARN] PackLoader:240 - Cannot read IP mode file for STMicroelectronics.X-CUBE-AZRTOS-H7.3.4.0
2025-07-07 10:49:36,745 [WARN] PackLoader:240 - Cannot read IP mode file for STMicroelectronics.X-CUBE-DISPLAY.3.0.0
2025-07-07 10:49:36,774 [WARN] PackLoader:240 - Cannot read IP mode file for STMicroelectronics.X-CUBE-BLE1.7.0.0
2025-07-07 10:49:36,798 [WARN] PackLoader:240 - Cannot read IP mode file for STMicroelectronics.X-CUBE-NFC10.1.0.0
2025-07-07 10:49:36,832 [WARN] PackLoader:240 - Cannot read IP mode file for STMicroelectronics.X-CUBE-BLEMGR.4.0.0
2025-07-07 10:49:36,861 [WARN] PackLoader:240 - Cannot read IP mode file for emotas.I-CUBE-CANOPEN.1.3.0
2025-07-07 10:49:36,871 [WARN] PackLoader:240 - Cannot read IP mode file for STMicroelectronics.X-CUBE-AI.10.0.0
2025-07-07 10:49:36,883 [WARN] PackLoader:240 - Cannot read IP mode file for STMicroelectronics.FP-SNS-SMARTAG2.1.2.0
2025-07-07 10:49:36,925 [WARN] PackLoader:240 - Cannot read IP mode file for STMicroelectronics.FP-SNS-FLIGHT1.5.1.0
2025-07-07 10:49:37,034 [WARN] PackLoader:240 - Cannot read IP mode file for STMicroelectronics.X-CUBE-MEMS1.11.1.0
2025-07-07 10:49:37,413 [INFO] LogOutputStream:77 - [STDOUT_REDIRECT] 1 : Invalid condition id : UX_CORESTACK_Condition cause : null
2025-07-07 10:49:37,414 [INFO] LogOutputStream:77 - [STDOUT_REDIRECT] 1 : Invalid condition id : UX_CORESTACK_Condition cause : null
2025-07-07 10:49:37,416 [INFO] LogOutputStream:77 - [STDOUT_REDIRECT] 1 : Invalid condition id : UX_CORESTACK_Condition cause : null
2025-07-07 10:49:37,419 [INFO] LogOutputStream:77 - [STDOUT_REDIRECT] 1 : Invalid condition id : UX_CORESTACK_Condition cause : null
2025-07-07 10:49:37,422 [INFO] LogOutputStream:77 - [STDOUT_REDIRECT] 1 : Invalid condition id : UX_CORESTACK_Condition cause : null
2025-07-07 10:49:37,430 [WARN] PackLoader:240 - Cannot read IP mode file for STMicroelectronics.X-CUBE-AZRTOS-WL.2.0.0
2025-07-07 10:49:37,444 [WARN] PackLoader:240 - Cannot read IP mode file for STMicroelectronics.FP-SNS-MOTENV1.5.0.0
2025-07-07 10:49:37,457 [WARN] PackLoader:240 - Cannot read IP mode file for wolfSSL.I-CUBE-wolfMQTT.1.19.0
2025-07-07 10:49:37,481 [WARN] PackLoader:240 - Cannot read IP mode file for WES.I-CUBE-Cesium.1.3.0
2025-07-07 10:49:37,658 [WARN] PackLoader:240 - Cannot read IP mode file for STMicroelectronics.X-CUBE-BLE2.3.3.0
2025-07-07 10:49:37,672 [WARN] PackLoader:240 - Cannot read IP mode file for STMicroelectronics.X-CUBE-NFC9.1.0.0
2025-07-07 10:49:37,684 [WARN] PackLoader:240 - Cannot read IP mode file for STMicroelectronics.X-CUBE-BLE1.7.1.0
2025-07-07 10:49:37,694 [WARN] PackLoader:240 - Cannot read IP mode file for STMicroelectronics.X-CUBE-AI.10.1.0
2025-07-07 10:49:37,713 [INFO] WebApp:463 - Apply proxy settings
2025-07-07 10:49:37,715 [INFO] WebApp:548 - Chromium requires no authentication
2025-07-07 10:49:37,745 [INFO] WebApp:491 - Direct internet connection detected
2025-07-07 10:49:37,798 [WARN] PackLoader:240 - Cannot read IP mode file for STMicroelectronics.X-CUBE-MEMS1.11.2.0
2025-07-07 10:49:37,862 [INFO] WebApp:894 - Register for checkConnection events
2025-07-07 10:49:37,862 [INFO] WebApp:463 - Apply proxy settings
2025-07-07 10:49:37,863 [INFO] WebApp:548 - Chromium requires no authentication
2025-07-07 10:49:37,864 [INFO] WebApp:491 - Direct internet connection detected
2025-07-07 10:49:38,009 [WARN] PackLoader:240 - Cannot read IP mode file for STMicroelectronics.X-CUBE-AZRTOS-G0.1.1.0
2025-07-07 10:49:38,026 [WARN] PackLoader:240 - Cannot read IP mode file for STMicroelectronics.X-CUBE-SAFEA1.1.2.2
2025-07-07 10:49:38,038 [WARN] PackLoader:240 - Cannot read IP mode file for STMicroelectronics.X-CUBE-NFC4.3.0.0
2025-07-07 10:49:38,057 [WARN] PackLoader:240 - Cannot read IP mode file for EmbeddedOffice.I-CUBE-FS-RTOS.1.0.1
2025-07-07 10:49:38,067 [WARN] PackLoader:240 - Cannot read IP mode file for STMicroelectronics.X-CUBE-WB05N.2.0.0
2025-07-07 10:49:38,081 [WARN] PackLoader:240 - Cannot read IP mode file for STMicroelectronics.X-CUBE-TCPP.4.2.0
2025-07-07 10:49:38,097 [WARN] PackLoader:240 - Cannot read IP mode file for RealThread.X-CUBE-RT-Thread_Nano.4.1.1
2025-07-07 10:49:38,107 [WARN] PackLoader:240 - Cannot read IP mode file for STMicroelectronics.FP-ATR-SIGFOX1.3.2.0
2025-07-07 10:49:38,109 [INFO] WebApp:191 - Connection restablished
2025-07-07 10:49:38,118 [WARN] ConditionMgr:438 - getConditionDescription Invalid condition id : Cortex-A Device cause : null
2025-07-07 10:49:38,146 [WARN] ConditionMgr:1044 - genDependencies : Invalid condition id : Cortex-A Device cause : null
2025-07-07 10:49:38,146 [WARN] ConditionMgr:1044 - genDependencies : Invalid condition id : Cortex-A Device cause : null
2025-07-07 10:49:38,147 [WARN] ConditionMgr:1044 - genDependencies : Invalid condition id : Cortex-A Device cause : null
2025-07-07 10:49:38,169 [WARN] PackLoader:240 - Cannot read IP mode file for STMicroelectronics.X-CUBE-EEPRMA1.5.1.0
2025-07-07 10:49:38,185 [WARN] PackLoader:240 - Cannot read IP mode file for wolfSSL.I-CUBE-wolfSSL.5.7.4
2025-07-07 10:49:38,201 [WARN] PackLoader:240 - Cannot read IP mode file for ITTIA_DB.I-CUBE-ITTIADB.8.9.0
2025-07-07 10:49:38,216 [WARN] PackLoader:240 - Cannot read IP mode file for STMicroelectronics.X-CUBE-ST67W61.1.0.0
2025-07-07 10:49:38,279 [WARN] PackLoader:240 - Cannot read IP mode file for SEGGER.I-CUBE-embOS.1.3.1
2025-07-07 10:49:38,434 [WARN] PackLoader:240 - Cannot read IP mode file for STMicroelectronics.X-CUBE-ALGOBUILD.1.4.0
2025-07-07 10:49:38,596 [WARN] PackLoader:240 - Cannot read IP mode file for STMicroelectronics.X-CUBE-MEMS1.11.3.0
2025-07-07 10:49:38,901 [WARN] PackLoader:240 - Cannot read IP mode file for STMicroelectronics.X-CUBE-AI.9.1.0
2025-07-07 10:49:38,910 [WARN] PackLoader:240 - Cannot read IP mode file for STMicroelectronics.X-CUBE-PM33A1.1.0.0
2025-07-07 10:49:38,924 [INFO] WebApp:225 - Starting web application
2025-07-07 10:49:38,924 [INFO] WebApp:593 - Web application path used C:\ST\STM32CubeIDE_1.16.1\STM32CubeIDE\plugins\com.st.stm32cube.common.mx_6.14.1.202504091515\db\plugins\mcufinder\reactClient1\index.html
2025-07-07 10:49:38,945 [WARN] PackLoader:240 - Cannot read IP mode file for STMicroelectronics.X-CUBE-AZRTOS-F4.1.1.0
2025-07-07 10:49:38,962 [WARN] PackLoader:240 - Cannot read IP mode file for Avnet-IotConnect.X-CUBE-IoTC-DA16k-PMOD.1.0.0
2025-07-07 10:49:38,984 [WARN] PackLoader:240 - Cannot read IP mode file for STMicroelectronics.X-CUBE-ISPU.2.1.0
2025-07-07 10:49:39,016 [WARN] PackLoader:240 - Cannot read IP mode file for STMicroelectronics.X-CUBE-AZRTOS-L5.2.0.0
2025-07-07 10:49:39,039 [WARN] PackLoader:240 - Cannot read IP mode file for STMicroelectronics.X-CUBE-NFC6.3.1.0
2025-07-07 10:49:39,063 [WARN] PackLoader:240 - Cannot read IP mode file for STMicroelectronics.X-CUBE-DPower.1.2.0
2025-07-07 10:49:39,079 [WARN] PackLoader:240 - Cannot read IP mode file for STMicroelectronics.X-CUBE-FREERTOS.1.3.1
2025-07-07 10:49:39,179 [WARN] PackLoader:240 - Cannot read IP mode file for STMicroelectronics.X-CUBE-FREERTOS.1.3.0
2025-07-07 10:49:39,192 [WARN] PackLoader:240 - Cannot read IP mode file for STMicroelectronics.X-CUBE-NFC7.1.0.1
2025-07-07 10:49:39,205 [WARN] PackLoader:240 - Cannot read IP mode file for STMicroelectronics.FP-SNS-STAIOTCFT.1.0.0
2025-07-07 10:49:39,215 [WARN] PackLoader:240 - Cannot read IP mode file for STMicroelectronics.X-CUBE-DPower.1.3.0
2025-07-07 10:49:39,253 [WARN] ConditionMgr:438 - getConditionDescription Invalid condition id : LAN8742 Phy interface Condition cause : null
2025-07-07 10:49:39,256 [WARN] PackLoader:240 - Cannot read IP mode file for STMicroelectronics.X-CUBE-AZRTOS-L4.2.0.0
2025-07-07 10:49:39,259 [WARN] ConditionMgr:1044 - genDependencies : Invalid condition id : LAN8742 Phy interface Condition cause : null
2025-07-07 10:49:39,260 [WARN] ConditionMgr:1044 - genDependencies : Invalid condition id : LAN8742 Phy interface Condition cause : null
2025-07-07 10:49:39,261 [WARN] ConditionMgr:1044 - genDependencies : Invalid condition id : LAN8742 Phy interface Condition cause : null
2025-07-07 10:49:39,278 [WARN] PackLoader:240 - Cannot read IP mode file for STMicroelectronics.X-CUBE-SFXS2LP1.4.0.0
2025-07-07 10:49:39,311 [INFO] UserAuth:484 - Internet connection configuration mode: 1
2025-07-07 10:49:39,318 [WARN] PackLoader:240 - Cannot read IP mode file for STMicroelectronics.X-CUBE-AZRTOS-H7.3.3.0
2025-07-07 10:49:39,476 [WARN] PackLoader:240 - Cannot read IP mode file for STMicroelectronics.X-CUBE-IPS.3.0.0
2025-07-07 10:49:39,505 [WARN] ConditionMgr:438 - getConditionDescription Invalid condition id : UX DEVICE CLASS RTOS Condition cause : null
2025-07-07 10:49:39,506 [WARN] ConditionMgr:438 - getConditionDescription Invalid condition id : UX DEVICE CLASS RTOS Condition cause : null
2025-07-07 10:49:39,510 [WARN] PackLoader:240 - Cannot read IP mode file for STMicroelectronics.X-CUBE-AZRTOS-WB.2.0.0
2025-07-07 10:49:39,511 [WARN] ConditionMgr:1044 - genDependencies : Invalid condition id : UX DEVICE CLASS RTOS Condition cause : null
2025-07-07 10:49:39,511 [WARN] ConditionMgr:1044 - genDependencies : Invalid condition id : UX DEVICE CLASS RTOS Condition cause : null
2025-07-07 10:49:39,512 [WARN] ConditionMgr:1044 - genDependencies : Invalid condition id : UX DEVICE CLASS RTOS Condition cause : null
2025-07-07 10:49:39,513 [WARN] ConditionMgr:1044 - genDependencies : Invalid condition id : UX DEVICE CLASS RTOS Condition cause : null
2025-07-07 10:49:39,513 [WARN] ConditionMgr:1044 - genDependencies : Invalid condition id : UX DEVICE CLASS RTOS Condition cause : null
2025-07-07 10:49:39,533 [WARN] PackLoader:240 - Cannot read IP mode file for STMicroelectronics.X-CUBE-GNSS1.7.0.1
2025-07-07 10:49:39,547 [WARN] PackLoader:240 - Cannot read IP mode file for STMicroelectronics.X-CUBE-TOUCHGFX.4.25.0
2025-07-07 10:49:39,561 [WARN] PackLoader:240 - Cannot read IP mode file for STMicroelectronics.FP-SNS-STBOX1.2.0.0
2025-07-07 10:49:39,583 [WARN] PackLoader:240 - Cannot read IP mode file for STMicroelectronics.X-CUBE-SUBG2.5.0.0
2025-07-07 10:49:39,631 [WARN] PackLoader:240 - Cannot read IP mode file for STMicroelectronics.X-CUBE-AZRTOS-H7RS.1.1.0
2025-07-07 10:49:39,650 [WARN] PackLoader:240 - Cannot read IP mode file for Cesanta.I-CUBE-Mongoose.7.13.0
2025-07-07 10:49:39,680 [WARN] PackLoader:240 - Cannot read IP mode file for STMicroelectronics.X-CUBE-AZRTOS-G4.2.0.0
2025-07-07 10:49:39,693 [WARN] PackLoader:240 - Cannot read IP mode file for STMicroelectronics.X-CUBE-NFC7.2.0.0
2025-07-07 10:49:39,718 [WARN] PackLoader:240 - Cannot read IP mode file for STMicroelectronics.X-CUBE-IPS.3.1.0
2025-07-07 10:49:39,741 [WARN] PackLoader:240 - Cannot read IP mode file for STMicroelectronics.X-CUBE-ALS.1.0.2
2025-07-07 10:49:39,753 [WARN] PackLoader:240 - Cannot read IP mode file for STMicroelectronics.X-CUBE-TOUCHGFX.4.24.0
2025-07-07 10:49:39,889 [WARN] PackLoader:240 - Cannot read IP mode file for STMicroelectronics.X-CUBE-TOUCHGFX.4.24.2
2025-07-07 10:49:39,973 [WARN] PackLoader:240 - Cannot read IP mode file for STMicroelectronics.X-CUBE-TOUCHGFX.4.24.1
2025-07-07 10:49:39,982 [WARN] PackLoader:240 - Cannot read IP mode file for wolfSSL.I-CUBE-wolfTPM.3.4.0
2025-07-07 10:49:39,997 [WARN] PackLoader:240 - Cannot read IP mode file for portGmbH.I-Cube-SoM-uGOAL.1.1.0
2025-07-07 10:49:40,036 [WARN] PackLoader:240 - Cannot read IP mode file for STMicroelectronics.X-CUBE-AZRTOS-H7RS.1.0.0
2025-07-07 10:49:40,066 [WARN] PackLoader:240 - Cannot read IP mode file for STMicroelectronics.X-CUBE-TOF1.3.4.2
2025-07-07 10:49:40,105 [WARN] PackLoader:240 - Cannot read IP mode file for STMicroelectronics.X-CUBE-TOF1.3.4.3
2025-07-07 10:49:40,148 [WARN] PackLoader:240 - Cannot read IP mode file for wolfSSL.I-CUBE-wolfSSH.1.4.17
2025-07-07 10:49:40,150 [INFO] ThirdParty:978 - Integrity check success = true
2025-07-07 10:49:40,151 [INFO] IntegrityCheckThread:100 - exiting critical section [integrity check]
2025-07-07 10:49:40,151 [INFO] IntegrityCheckThread:103 - End integrity checks thread
2025-07-07 11:32:32,139 [INFO] McuFinderGlobals:63 - Set McuFinder mode to 2 (CubeIDE integrated)
2025-07-07 11:32:32,152 [INFO] MainUpdater:2872 - connection check result : 10
2025-07-07 11:32:32,155 [INFO] MainUpdater:2872 - connection check result : 10
2025-07-07 11:32:32,268 [INFO] MicroXplorer:468 - Change Database Path : 
2025-07-07 11:32:32,269 [INFO] MicroXplorer:498 - Change Database Version : DB.6.0.141
2025-07-07 11:32:32,283 [WARN] ThirdParty:871 - waiting for thirdparty lock release [close project]
2025-07-07 11:32:32,283 [INFO] ThirdParty:873 - entering critical section [close project]
2025-07-07 11:32:32,285 [INFO] ThirdParty:883 - exiting critical section [close project]
2025-07-07 11:32:32,294 [INFO] PinOutPanel:1589 - setPackage(No Configuration,No Configuration)
2025-07-07 11:32:32,309 [INFO] UtilMem:75 - Begin LoadConfig() Used Memory: 295367224 Bytes (639631360)
2025-07-07 11:32:32,314 [INFO] MicroXplorer:468 - Change Database Path : 
2025-07-07 11:32:32,314 [INFO] MicroXplorer:498 - Change Database Version : DB.6.0.141
2025-07-07 11:32:32,314 [INFO] OpenFileManager:354 - Change cursor
2025-07-07 11:32:32,464 [INFO] Mcu:2011 - Initializing MCU STM32F446R(C-E)Tx STM32F446RETx STM32F446RET6
2025-07-07 11:32:35,006 [INFO] Context:756 - Trying to add GPIOservice into a context  which must be forbidden
2025-07-07 11:32:35,794 [INFO] ImportTextPane:218 - (OptionalMessage_ERROR) Pin16 (VP_RIF_VS_RIF1) cannot be retrieved for this MCU
2025-07-07 11:32:35,932 [INFO] RtosManager:558 - Registered RTOS mode: class=CMSIS, group=RTOS, mode=CMSIS_V1, owner=FREERTOS
2025-07-07 11:32:35,932 [INFO] RtosManager:558 - Registered RTOS mode: class=CMSIS, group=RTOS2, mode=CMSIS_V2, owner=FREERTOS
2025-07-07 11:32:35,932 [INFO] RtosManager:558 - Registered RTOS mode: class=RTOS, group=Core, mode=CMSIS_V1, owner=FREERTOS
2025-07-07 11:32:35,932 [INFO] RtosManager:558 - Registered RTOS mode: class=RTOS, group=Core, mode=CMSIS_V2, owner=FREERTOS
2025-07-07 11:32:35,932 [WARN] ModelIntegratedComponent:184 - Missing modes for component STMicroelectronics:FreeRTOS:0.0.1:STMicroelectronics:RTOS:FreeRTOS:Core:::10.2.0:
2025-07-07 11:32:35,952 [WARN] ModelIntegratedComponent:63 - No mode defined for component null
2025-07-07 11:32:35,953 [WARN] ModelIntegratedComponent:63 - No mode defined for component null
2025-07-07 11:32:35,953 [WARN] ModelIntegratedComponent:63 - No mode defined for component null
2025-07-07 11:32:35,953 [WARN] ModelIntegratedComponent:63 - No mode defined for component null
2025-07-07 11:32:35,953 [WARN] ModelIntegratedComponent:63 - No mode defined for component null
2025-07-07 11:32:35,953 [WARN] ModelIntegratedComponent:63 - No mode defined for component null
2025-07-07 11:32:35,953 [WARN] ModelIntegratedComponent:63 - No mode defined for component null
2025-07-07 11:32:35,954 [WARN] ModelIntegratedComponent:63 - No mode defined for component null
2025-07-07 11:32:35,954 [WARN] ModelIntegratedComponent:63 - No mode defined for component null
2025-07-07 11:32:35,954 [WARN] ModelIntegratedComponent:63 - No mode defined for component null
2025-07-07 11:32:35,954 [WARN] ModelIntegratedComponent:63 - No mode defined for component null
2025-07-07 11:32:35,954 [WARN] ModelIntegratedComponent:63 - No mode defined for component null
2025-07-07 11:32:35,954 [WARN] ModelIntegratedComponent:63 - No mode defined for component null
2025-07-07 11:32:35,956 [WARN] ModelIntegratedComponent:63 - No mode defined for component null
2025-07-07 11:32:35,956 [WARN] ModelIntegratedComponent:63 - No mode defined for component null
2025-07-07 11:32:35,956 [WARN] ModelIntegratedComponent:63 - No mode defined for component null
2025-07-07 11:32:35,956 [WARN] ModelIntegratedComponent:63 - No mode defined for component null
2025-07-07 11:32:35,956 [WARN] ModelIntegratedComponent:63 - No mode defined for component null
2025-07-07 11:32:35,956 [WARN] ModelIntegratedComponent:63 - No mode defined for component null
2025-07-07 11:32:35,956 [WARN] ModelIntegratedComponent:63 - No mode defined for component null
2025-07-07 11:32:35,956 [WARN] ModelIntegratedComponent:63 - No mode defined for component null
2025-07-07 11:32:35,956 [WARN] ModelIntegratedComponent:63 - No mode defined for component null
2025-07-07 11:32:35,957 [WARN] ModelIntegratedComponent:63 - No mode defined for component null
2025-07-07 11:32:35,957 [WARN] ModelIntegratedComponent:63 - No mode defined for component null
2025-07-07 11:32:35,957 [WARN] ModelIntegratedComponent:63 - No mode defined for component null
2025-07-07 11:32:35,957 [WARN] ModelIntegratedComponent:63 - No mode defined for component null
2025-07-07 11:32:35,957 [WARN] ModelIntegratedComponent:63 - No mode defined for component null
2025-07-07 11:32:35,957 [WARN] ModelIntegratedComponent:63 - No mode defined for component null
2025-07-07 11:32:35,957 [WARN] ModelIntegratedComponent:63 - No mode defined for component null
2025-07-07 11:32:35,957 [WARN] ModelIntegratedComponent:63 - No mode defined for component null
2025-07-07 11:32:35,957 [WARN] ModelIntegratedComponent:63 - No mode defined for component null
2025-07-07 11:32:35,958 [WARN] ModelIntegratedComponent:63 - No mode defined for component null
2025-07-07 11:32:35,958 [WARN] ModelIntegratedComponent:63 - No mode defined for component null
2025-07-07 11:32:35,958 [WARN] ModelIntegratedComponent:63 - No mode defined for component null
2025-07-07 11:32:35,958 [WARN] ModelIntegratedComponent:63 - No mode defined for component null
2025-07-07 11:32:35,958 [WARN] ModelPack:524 - Component already loaded: STMicroelectronics:HAL Drivers:0.0.0:STMicroelectronics:Device:STMicro_Driver:XSPI:HAL::0.0.1:HAL_XSPI
2025-07-07 11:32:36,388 [INFO] ThirdPartyModel:298 - Start build external matchings
2025-07-07 11:32:37,459 [INFO] ThirdPartyModel:316 - End build external matchings
2025-07-07 11:32:38,421 [INFO] ApiDb:581 - Connected to CubeFinder SQLite database (C:\Users\kjeya\.stmcufinder\plugins\mcufinder\mcu\cube-finder-db.db)
2025-07-07 11:32:38,539 [INFO] ApiDb:668 - CubeFinder database Data Model version=2.1
2025-07-07 11:32:38,540 [INFO] ApiDb:669 - CubeFinder database Configuration version=3.0.39
2025-07-07 11:32:38,542 [INFO] ApiDb:670 - CubeFinder database generation date=2025-06-16 (1750072209)
2025-07-07 11:32:38,542 [INFO] ApiDb:671 - CubeFinder database FW Pack versions=[FP-ATR-ASTRA1_V2.0.0, FP-SNS-FLIGHT1_V5.1.0, FP-SNS-MOTENV1_V5.0.0, FP-SNS-MOTENVWB1_V1.4.0, FP-SNS-SMARTAG2_V1.2.0, FP-SNS-STBOX1_V2.0.0, STM32Cube_FW_C0_V1.4.0, STM32Cube_FW_F4_V1.28.2, STM32Cube_FW_F7_V1.17.3, STM32Cube_FW_G0_V1.6.2, STM32Cube_FW_G4_V1.6.1, STM32Cube_FW_H5_V1.5.0, STM32Cube_FW_H7RS_V1.2.0, STM32Cube_FW_H7_V1.12.1, STM32Cube_FW_L0_V1.12.2, STM32Cube_FW_L4_V1.18.1, STM32Cube_FW_L5_V1.5.1, STM32Cube_FW_N6_V1.1.1, STM32Cube_FW_U0_V1.2.0, STM32Cube_FW_U3_V1.1.0, STM32Cube_FW_U5_V1.7.0, STM32Cube_FW_WB0_V1.2.0, STM32Cube_FW_WBA_V1.6.0, STM32Cube_FW_WB_V1.22.0, STM32Cube_FW_WL3_V1.1.0, STM32Cube_FW_WL_V1.3.1, X-CUBE-ALGOBUILD_V1.4.0, X-CUBE-ALS_V1.0.2, X-CUBE-AZRTOS-F4_V1.1.0, X-CUBE-AZRTOS-F7_V1.1.0, X-CUBE-AZRTOS-G0_V1.1.0, X-CUBE-AZRTOS-G4_V2.0.0, X-CUBE-AZRTOS-H7RS_V1.1.0, X-CUBE-AZRTOS-H7_V3.3.0, X-CUBE-AZRTOS-L4_V2.0.0, X-CUBE-AZRTOS-L5_V2.0.0, X-CUBE-AZRTOS-WB_V2.0.0, X-CUBE-AZRTOS-WL_V2.0.0, X-CUBE-BLE1_V7.1.0, X-CUBE-BLE2_V3.3.0, X-CUBE-BLEMGR_V4.0.0, X-CUBE-EEPRMA1_V5.1.0, X-CUBE-FREERTOS_V1.3.1, X-CUBE-GNSS1_V6.0.0, X-CUBE-MEMS1_V11.3.0, X-CUBE-NFC4_V3.0.0, X-CUBE-NFC7_V2.0.0, X-CUBE-SFXS2LP1_V4.0.0, X-CUBE-SUBG2_V5.0.0, X-CUBE-TOF1_V3.4.3]
2025-07-07 11:32:38,703 [INFO] DbBoardsSqlite:226 - include board P-NUCLEO-WB55-NUCLEO as a kit item of type 'Nucleo-64'
2025-07-07 11:32:38,704 [INFO] DbBoardsSqlite:226 - include board P-NUCLEO-WB55-USBDONGLE as a kit item of type 'Nucleo USB Dongle'
2025-07-07 11:32:38,705 [INFO] DbBoardsSqlite:226 - include board STEVAL-IDP005V1 as a kit item of type 'Evaluation Board'
2025-07-07 11:32:38,706 [INFO] DbBoardsSqlite:226 - include board STEVAL-IDP005V2 as a kit item of type 'Evaluation Board'
2025-07-07 11:32:39,193 [INFO] ApiDb:240 - Found 895 in-development CPN: [B-G473E-ZEST1S, B-WB1M-WPAN1, B-WBA5M-WPAN, B-WL5M-SUBG1, NUCLEO-C031C6, NUCLEO-C051C8, NUCLEO-C071RB, NUCLEO-C092RC, NUCLEO-H503RB, NUCLEO-H533RE, NUCLEO-H563ZI, NUCLEO-H7S3L8, NUCLEO-N657X0-Q, NUCLEO-U031R8, NUCLEO-U083RC, NUCLEO-U385RG-Q, NUCLEO-U545RE-Q, NUCLEO-U5A5ZJ-Q, NUCLEO-WB05KZ, NUCLEO-WB07CC, NUCLEO-WB09KE, NUCLEO-WBA52CG, NUCLEO-WBA55CG, NUCLEO-WBA65RI, NUCLEO-WL33CC1, NUCLEO-WL33CC2, STEVAL-PROTEUS1, STEVAL-SMARTAG2, STEVAL-STWINBX1, STM320518-EVAL, STM32C0116-DK, STM32C011D6Y3TR, STM32C011D6Y6TR, STM32C011F4P3, STM32C011F4P6, STM32C011F4U3, STM32C011F4U6TR, STM32C011F6P3, STM32C011F6P6, STM32C011F6U3, STM32C011F6U6TR, STM32C011J4M3, STM32C011J4M6, STM32C011J6M3, STM32C011J6M6, STM32C0316-DK, STM32C031C4T3, STM32C031C4T6, STM32C031C4U3, STM32C031C4U6, STM32C031C6T3, STM32C031C6T6, STM32C031C6U3, STM32C031C6U6, STM32C031F4P3, STM32C031F4P6, STM32C031F6P3, STM32C031F6P6, STM32C031G4U3, STM32C031G4U6, STM32C031G6U3, STM32C031G6U6, STM32C031K4T3, STM32C031K4T6, STM32C031K4U3, STM32C031K4U6, STM32C031K6T3, STM32C031K6T6, STM32C031K6U3, STM32C031K6U6, STM32C051C6T6, STM32C051C6U6, STM32C051C8T6, STM32C051C8U6, STM32C051D8Y6TR, STM32C051F6P6, STM32C051F8P6, STM32C051G6U6, STM32C051G8U6, STM32C051K6T6, STM32C051K6U6, STM32C051K8T6, STM32C071C8T6, STM32C071C8T6N, STM32C071C8U6, STM32C071C8U6N, STM32C071CBT6, STM32C071CBT6N, STM32C071CBU6, STM32C071CBU6N, STM32C071F8P6, STM32C071F8P6N, STM32C071FBP6, STM32C071FBP6N, STM32C071FBY6TR, STM32C071G8U6, STM32C071G8U6N, STM32C071GBU6, STM32C071GBU6N, STM32C071K8T6, STM32C071K8T6N, STM32C071K8U6, STM32C071K8U6N, STM32C071KBT6, STM32C071KBT6N, STM32C071KBU6, STM32C071KBU6N, STM32C071R8T6, STM32C071R8T6N, STM32C071RBI6N, STM32C071RBT6, STM32C071RBT6N, STM32C091CBT6, STM32C091CBU6, STM32C091CCT6, STM32C091CCU6, STM32C091ECY6TR, STM32C091FBP6, STM32C091FCP6, STM32C091GBU6, STM32C091GCU6, STM32C091KBT6, STM32C091KBU6, STM32C091KCT6, STM32C091KCU6, STM32C091RBT6, STM32C091RCI6, STM32C091RCT6, STM32C092CBT6, STM32C092CBU6, STM32C092CCT6, STM32C092CCU6, STM32C092ECY6TR, STM32C092FBP6, STM32C092FCP6, STM32C092GBU6, STM32C092GCU6, STM32C092KBT6, STM32C092KBU6, STM32C092KCT6, STM32C092KCU6, STM32C092RBT6, STM32C092RCI6, STM32C092RCT6, STM32G071K8TXN, STM32G071K8UXN, STM32G081GBU6N, STM32G081KBT6N, STM32G081KBUXN, STM32G0B1CCT6N, STM32G0B1KCT6, STM32G0B1NEY6TR, STM32G0B1RCT6N, STM32G0C1CCT6, STM32G0C1CCT6N, STM32G0C1CCU6N, STM32G0C1CET6N, STM32G0C1CEU6N, STM32G0C1KCT6, STM32G0C1NEY6TR, STM32G0C1RCI6N, STM32G0C1RCT6N, STM32G0C1REI6N, STM32G0C1RET6N, STM32G0C1VCI6, STM32G0C1VEI6, STM32G411C6T3, STM32G411C6T6, STM32G411C6U3, STM32G411C6U6, STM32G411C8T3, STM32G411C8T6, STM32G411C8U3, STM32G411C8U6, STM32G411CBT3, STM32G411CBT6, STM32G411CBU3, STM32G411CBU6, STM32G411CCT3, STM32G411CCT6, STM32G411CCU3, STM32G411CCU6, STM32G411K6T3, STM32G411K6T6, STM32G411K6U3, STM32G411K6U6, STM32G411K8T3, STM32G411K8T6, STM32G411K8U3, STM32G411K8U6, STM32G411KBT3, STM32G411KBT6, STM32G411KBU3, STM32G411KBU6, STM32G411M6T3, STM32G411M6T6, STM32G411M8T3, STM32G411M8T6, STM32G411MBT3, STM32G411MBT6, STM32G411MCT3, STM32G411MCT6, STM32G411R6T3, STM32G411R6T6, STM32G411R8T3, STM32G411R8T6, STM32G411RBT3, STM32G411RBT6, STM32G411RCT3, STM32G411RCT6, STM32G414CBT3, STM32G414CBT6, STM32G414CBU3, STM32G414CBU6, STM32G414CCT3, STM32G414CCT6, STM32G414CCU3, STM32G414CCU6, STM32G414MBT3, STM32G414MBT6, STM32G414MCT3, STM32G414MCT6, STM32G414RBT3, STM32G414RBT6, STM32G414RCT3, STM32G414RCT6, STM32G414VBT3, STM32G414VBT6, STM32G414VCT3, STM32G414VCT6, STM32G431CBT3Z, STM32G431RBT3Z, STM32G471CCT6, STM32G471CCU6, STM32G471CET3, STM32G471CET6, STM32G471CEU3, STM32G471CEU6, STM32G471MCT6, STM32G471MET3, STM32G471MET6, STM32G471MEY6TR, STM32G471QCT6, STM32G471QET3, STM32G471RCT6, STM32G471RET3, STM32G471RET6, STM32G471VCH6, STM32G471VCI6, STM32G471VCT6, STM32G471VEH3, STM32G471VEH6, STM32G471VEI3, STM32G471VEI6, STM32G471VET3, STM32G471VET6, STM32G473QET3Z, STM32G473RET3Z, STM32G474CCT6, STM32G491RET3Z, STM32H503CBT6, STM32H503CBU6, STM32H503EBY6TR, STM32H503KBU6, STM32H503RBT6, STM32H523CCT6, STM32H523CCU6, STM32H523CET6, STM32H523CEU6, STM32H523HEY6TR, STM32H523RCT6, STM32H523RET6, STM32H523VCI6, STM32H523VCT6, STM32H523VEI6, STM32H523VET6, STM32H523ZCJ6, STM32H523ZCT6, STM32H523ZEJ6, STM32H523ZET6, STM32H533CET6, STM32H533CEU6, STM32H533HEY6TR, STM32H533RET6, STM32H533VEI6, STM32H533VET6, STM32H533ZEJ6, STM32H533ZET6, STM32H562AGI6, STM32H562AII6, STM32H562IGK6, STM32H562IGT6, STM32H562IIK6, STM32H562IIT6, STM32H562RGT6, STM32H562RGV6, STM32H562RIT6, STM32H562RIV6, STM32H562VGT6, STM32H562VIT6, STM32H562ZGT6, STM32H562ZIT6, STM32H563AGI6, STM32H563AII3Q, STM32H563AII6, STM32H563IGK6, STM32H563IGT6, STM32H563IIK3Q, STM32H563IIK6, STM32H563IIT3Q, STM32H563IIT6, STM32H563MIY3QTR, STM32H563RGT6, STM32H563RGV6, STM32H563RIT6, STM32H563RIV6, STM32H563VGT6, STM32H563VIT3Q, STM32H563VIT6, STM32H563ZGT6, STM32H563ZIT3Q, STM32H563ZIT6, STM32H573AII3Q, STM32H573AII6, STM32H573I-DK, STM32H573IIK3Q, STM32H573IIK6, STM32H573IIT3Q, STM32H573IIT6, STM32H573MIY3QTR, STM32H573RIT6, STM32H573RIV6, STM32H573VIT3Q, STM32H573VIT6, STM32H573ZIT3Q, STM32H573ZIT6, STM32H7R3A8I6, STM32H7R3I8K6, STM32H7R3I8T6, STM32H7R3L8H6, STM32H7R3L8H6H, STM32H7R3R8V6, STM32H7R3V8H6, STM32H7R3V8T6, STM32H7R3V8Y6TR, STM32H7R3Z8J6, STM32H7R3Z8T6, STM32H7R7A8I6, STM32H7R7I8K6, STM32H7R7I8T6, STM32H7R7L8H6, STM32H7R7L8H6H, STM32H7R7Z8J6, STM32H7S3A8I6, STM32H7S3I8K6, STM32H7S3I8T6, STM32H7S3L8H6, STM32H7S3L8H6H, STM32H7S3R8V6, STM32H7S3V8H6, STM32H7S3V8T6, STM32H7S3V8Y6TR, STM32H7S3Z8J6, STM32H7S3Z8T6, STM32H7S78-DK, STM32H7S7A8I6, STM32H7S7I8K6, STM32H7S7I8T6, STM32H7S7L8H6, STM32H7S7L8H6H, STM32H7S7Z8J6, STM32L4R5QGI6STR, STM32MP131AAE3, STM32MP131AAF3, STM32MP131AAG3, STM32MP131CAE3, STM32MP131CAF3, STM32MP131CAG3, STM32MP131DAE7, STM32MP131DAF7, STM32MP131DAG7, STM32MP131FAE7, STM32MP131FAF7, STM32MP131FAG7, STM32MP133AAE3, STM32MP133AAF3, STM32MP133AAG3, STM32MP133CAE3, STM32MP133CAF3, STM32MP133CAG3, STM32MP133DAE7, STM32MP133DAF7, STM32MP133DAG7, STM32MP133FAE7, STM32MP133FAF7, STM32MP133FAG7, STM32MP135AAE3, STM32MP135AAF3, STM32MP135AAG3, STM32MP135CAE3, STM32MP135CAF3, STM32MP135CAG3, STM32MP135DAE7, STM32MP135DAF7, STM32MP135DAG7, STM32MP135F-DK, STM32MP135FAE7, STM32MP135FAF7, STM32MP135FAF7T, STM32MP135FAF7U, STM32MP135FAG7, STM32MP231AAJ3, STM32MP231AAK3, STM32MP231AAL3, STM32MP231CAJ3, STM32MP231CAK3, STM32MP231CAL3, STM32MP231DAJ3, STM32MP231DAK3, STM32MP231DAL3, STM32MP231FAJ3, STM32MP231FAK3, STM32MP231FAL3, STM32MP233AAJ3, STM32MP233AAK3, STM32MP233AAL3, STM32MP233CAJ3, STM32MP233CAK3, STM32MP233CAL3, STM32MP233DAJ3, STM32MP233DAK3, STM32MP233DAL3, STM32MP233FAJ3, STM32MP233FAK3, STM32MP233FAL3, STM32MP235AAJ3, STM32MP235AAK3, STM32MP235AAL3, STM32MP235CAJ3, STM32MP235CAK3, STM32MP235CAL3, STM32MP235DAJ3, STM32MP235DAK3, STM32MP235DAL3, STM32MP235FAJ3, STM32MP235FAK3, STM32MP235FAL3, STM32MP251AAI3, STM32MP251AAJ3, STM32MP251AAK3, STM32MP251AAL3, STM32MP251CAI3, STM32MP251CAJ3, STM32MP251CAK3, STM32MP251CAL3, STM32MP251DAI3, STM32MP251DAJ3, STM32MP251DAK3, STM32MP251DAL3, STM32MP251FAI3, STM32MP251FAJ3, STM32MP251FAK3, STM32MP251FAL3, STM32MP253AAI3, STM32MP253AAJ3, STM32MP253AAK3, STM32MP253AAL3, STM32MP253CAI3, STM32MP253CAJ3, STM32MP253CAK3, STM32MP253CAL3, STM32MP253DAI3, STM32MP253DAJ3, STM32MP253DAK3, STM32MP253DAL3, STM32MP253FAI3, STM32MP253FAJ3, STM32MP253FAK3, STM32MP253FAL3, STM32MP255AAI3, STM32MP255AAJ3, STM32MP255AAK3, STM32MP255AAL3, STM32MP255CAI3, STM32MP255CAJ3, STM32MP255CAK3, STM32MP255CAL3, STM32MP255DAI3, STM32MP255DAJ3, STM32MP255DAK3, STM32MP255DAL3, STM32MP255FAI3, STM32MP255FAJ3, STM32MP255FAK3, STM32MP255FAL3, STM32MP257AAI3, STM32MP257AAJ3, STM32MP257AAK3, STM32MP257AAL3, STM32MP257CAI3, STM32MP257CAJ3, STM32MP257CAK3, STM32MP257CAL3, STM32MP257DAI3, STM32MP257DAJ3, STM32MP257DAK3, STM32MP257DAL3, STM32MP257F-DK, STM32MP257F-EV1, STM32MP257FAI3, STM32MP257FAJ3, STM32MP257FAK3, STM32MP257FAL3, STM32N645A0H3Q, STM32N645B0H3Q, STM32N645I0H3Q, STM32N645L0H3Q, STM32N645X0H3Q, STM32N645Z0H3Q, STM32N647A0H3Q, STM32N647B0H3Q, STM32N647I0H3Q, STM32N647L0H3Q, STM32N647X0H3Q, STM32N647Z0H3Q, STM32N655A0H3Q, STM32N655B0H3Q, STM32N655I0H3Q, STM32N655L0H3Q, STM32N655X0H3Q, STM32N655Z0H3Q, STM32N6570-DK, STM32N657A0H3Q, STM32N657B0H3Q, STM32N657I0H3Q, STM32N657L0H3Q, STM32N657X0H3Q, STM32N657Z0H3Q, STM32U031C6T6, STM32U031C6U6, STM32U031C8T6, STM32U031C8U6, STM32U031F4P6, STM32U031F6P6, STM32U031F8P6, STM32U031G6Y6TR, STM32U031G8Y6TR, STM32U031K4U6, STM32U031K6U6, STM32U031K8U6, STM32U031R6I6, STM32U031R6T6, STM32U031R8I6, STM32U031R8T6, STM32U073C8T6, STM32U073C8U6, STM32U073CBT6, STM32U073CBU6, STM32U073CCT6, STM32U073CCU6, STM32U073H8Y6TR, STM32U073HBY6TR, STM32U073HCY6TR, STM32U073K8U6, STM32U073KBU6, STM32U073KCU6, STM32U073M8I6, STM32U073M8T6, STM32U073MBI6, STM32U073MBT6, STM32U073MCI6, STM32U073MCT6, STM32U073R8I6, STM32U073R8T6, STM32U073RBI6, STM32U073RBT6, STM32U073RCI6, STM32U073RCT6, STM32U083C-DK, STM32U083CCT6, STM32U083CCU6, STM32U083HCY6TR, STM32U083KCU6, STM32U083MCI6, STM32U083MCT6, STM32U083RCI6, STM32U083RCT6, STM32U375CET6, STM32U375CET6Q, STM32U375CEU6, STM32U375CEU6Q, STM32U375CEY6QTR, STM32U375CGT6, STM32U375CGT6Q, STM32U375CGU6, STM32U375CGU6Q, STM32U375CGY6QTR, STM32U375KEU6, STM32U375KGU6, STM32U375REI6, STM32U375REI6Q, STM32U375RET6, STM32U375RET6Q, STM32U375REY6GTR, STM32U375REY6QTR, STM32U375RGI6, STM32U375RGI6Q, STM32U375RGT6, STM32U375RGT6Q, STM32U375RGY6GTR, STM32U375RGY6QTR, STM32U375VEI6, STM32U375VEI6Q, STM32U375VET6, STM32U375VET6Q, STM32U375VGI6, STM32U375VGI6Q, STM32U375VGT6, STM32U375VGT6Q, STM32U385CGT6, STM32U385CGT6Q, STM32U385CGU6, STM32U385CGU6Q, STM32U385CGY6QTR, STM32U385KGU6, STM32U385RGI6, STM32U385RGI6Q, STM32U385RGT6, STM32U385RGT6Q, STM32U385RGY6GTR, STM32U385RGY6QTR, STM32U385VGI6, STM32U385VGI6Q, STM32U385VGT6, STM32U385VGT6Q, STM32U535CBT6, STM32U535CBT6Q, STM32U535CBU6, STM32U535CBU6Q, STM32U535CCT6, STM32U535CCT6Q, STM32U535CCU6, STM32U535CCU6Q, STM32U535CET6, STM32U535CET6Q, STM32U535CEU6, STM32U535CEU6Q, STM32U535JEY6QTR, STM32U535NCY6QTR, STM32U535NEY6QTR, STM32U535RBI6, STM32U535RBI6Q, STM32U535RBT6, STM32U535RBT6Q, STM32U535RCI6, STM32U535RCI6Q, STM32U535RCT6, STM32U535RCT6Q, STM32U535REI6, STM32U535REI6Q, STM32U535RET6, STM32U535RET6Q, STM32U535VCI6, STM32U535VCI6Q, STM32U535VCT6, STM32U535VCT6Q, STM32U535VEI6, STM32U535VEI6Q, STM32U535VET6, STM32U535VET6Q, STM32U545CET6, STM32U545CET6Q, STM32U545CEU6, STM32U545CEU6Q, STM32U545JEY6QTR, STM32U545NEY6QTR, STM32U545REI6, STM32U545REI6Q, STM32U545RET6, STM32U545RET6Q, STM32U545VEI6, STM32U545VEI6Q, STM32U545VET6, STM32U545VET6Q, STM32U595AIH6, STM32U595AIH6Q, STM32U595AJH6, STM32U595AJH6Q, STM32U595QII6, STM32U595QII6Q, STM32U595QJI6, STM32U595QJI6Q, STM32U595RIT6, STM32U595RIT6Q, STM32U595RJT6, STM32U595RJT6Q, STM32U595VIT6, STM32U595VIT6Q, STM32U595VJT6, STM32U595VJT6Q, STM32U595ZIT6, STM32U595ZIT6Q, STM32U595ZIY6QTR, STM32U595ZJT6, STM32U595ZJT6Q, STM32U595ZJY6QTR, STM32U599BJY6QTR, STM32U599NIH6Q, STM32U599NJH6Q, STM32U599VIT6Q, STM32U599VJT6, STM32U599VJT6Q, STM32U599ZIT6Q, STM32U599ZIY6QTR, STM32U599ZJT6Q, STM32U599ZJY6QTR, STM32U5A5AJH6, STM32U5A5AJH6Q, STM32U5A5QII3Q , STM32U5A5QJI6, STM32U5A5QJI6Q, STM32U5A5RJT6, STM32U5A5RJT6Q, STM32U5A5VJT6, STM32U5A5VJT6Q, STM32U5A5ZJT6, STM32U5A5ZJT6Q, STM32U5A5ZJY6QTR, STM32U5A9BJY6QTR, STM32U5A9J-DK, STM32U5A9NJH6Q, STM32U5A9VJT6Q, STM32U5A9ZJT6Q, STM32U5A9ZJY6QTR, STM32U5F7VIT6, STM32U5F7VIT6Q, STM32U5F7VJT6, STM32U5F7VJT6Q, STM32U5F9BJY6QTR, STM32U5F9NJH6Q, STM32U5F9VIT6Q, STM32U5F9VJT6Q, STM32U5F9ZIJ6QTR, STM32U5F9ZIT6Q, STM32U5F9ZJJ6QTR, STM32U5F9ZJT6Q, STM32U5G7VJT6, STM32U5G7VJT6Q, STM32U5G9BJY6QTR, STM32U5G9J-DK1, STM32U5G9J-DK2, STM32U5G9NJH6Q, STM32U5G9VJT6Q, STM32U5G9ZJJ6QTR, STM32U5G9ZJT6Q, STM32WB05KZV6TR, STM32WB05KZV7TR, STM32WB05TZF6TR, STM32WB05TZF7TR, STM32WB06CCF6TR, STM32WB06CCF7TR, STM32WB06CCV6TR, STM32WB06CCV7TR, STM32WB06KCV6TR, STM32WB06KCV7TR, STM32WB07CCF6TR, STM32WB07CCF7TR, STM32WB07CCV6TR, STM32WB07CCV7TR, STM32WB07KCV6TR, STM32WB07KCV7TR, STM32WB09KEV6TR, STM32WB09KEV7TR, STM32WB09TEF6TR, STM32WB09TEF7TR, STM32WB1MMCH6, STM32WBA50KGU6, STM32WBA50KGU6TR, STM32WBA52CEU6, STM32WBA52CEU6TR, STM32WBA52CEU7, STM32WBA52CEU7TR, STM32WBA52CGU6, STM32WBA52CGU6TR, STM32WBA52CGU6U, STM32WBA52CGU7, STM32WBA52CGU7TR, STM32WBA52KEU6, STM32WBA52KEU6TR, STM32WBA52KGU6, STM32WBA52KGU6TR, STM32WBA54CEU6, STM32WBA54CEU6TR, STM32WBA54CEU7, STM32WBA54CEU7TR, STM32WBA54CGU6, STM32WBA54CGU6TR, STM32WBA54CGU7, STM32WBA54CGU7TR, STM32WBA54KEU6, STM32WBA54KEU6TR, STM32WBA54KEU7, STM32WBA54KEU7TR, STM32WBA54KGU6, STM32WBA54KGU6TR, STM32WBA54KGU7, STM32WBA54KGU7TR, STM32WBA55CEU6, STM32WBA55CEU6TR, STM32WBA55CEU7, STM32WBA55CEU7TR, STM32WBA55CGU6, STM32WBA55CGU6TR, STM32WBA55CGU6U, STM32WBA55CGU7, STM32WBA55CGU7TR, STM32WBA55G-DK1, STM32WBA55HEF6, STM32WBA55HEF7, STM32WBA55HGF6, STM32WBA55HGF7, STM32WBA55UEI6, STM32WBA55UEI6TR, STM32WBA55UEI7, STM32WBA55UEI7TR, STM32WBA55UGI6, STM32WBA55UGI6TR, STM32WBA55UGI7, STM32WBA55UGI7TR, STM32WBA5MJGH6TR, STM32WBA62CGU6, STM32WBA62CIU6, STM32WBA62MGF6, STM32WBA62MIF6, STM32WBA62PGI6, STM32WBA62PII6, STM32WBA63CGU6, STM32WBA63CGU7, STM32WBA63CIU6, STM32WBA63CIU7, STM32WBA64CGU6, STM32WBA64CGU7, STM32WBA64CIU6, STM32WBA64CIU7, STM32WBA65CGU6, STM32WBA65CGU7, STM32WBA65CIU6, STM32WBA65CIU7, STM32WBA65I-DK1, STM32WBA65MGF6, STM32WBA65MGF7, STM32WBA65MIF6, STM32WBA65MIF7, STM32WBA65PGI6, STM32WBA65PGI7, STM32WBA65PII6, STM32WBA65PII7, STM32WBA65RGV6, STM32WBA65RGV7, STM32WBA65RIV6, STM32WBA65RIV7, STM32WL30K8V6, STM32WL30KBV6, STM32WL31C8V6, STM32WL31CBV6, STM32WL31K8V6, STM32WL31KBV6, STM32WL33C8V6, STM32WL33C8V6TR, STM32WL33C8V7, STM32WL33C8V7TR, STM32WL33CBV6, STM32WL33CBV6TR, STM32WL33CBV7, STM32WL33CBV7TR, STM32WL33CCV6, STM32WL33CCV6TR, STM32WL33CCV7, STM32WL33CCV7A, STM32WL33CCV7ATR, STM32WL33CCV7TR, STM32WL33K8V6, STM32WL33K8V6TR, STM32WL33K8V7, STM32WL33K8V7TR, STM32WL33KBV6, STM32WL33KBV6TR, STM32WL33KBV7, STM32WL33KBV7TR, STM32WL33KCV6, STM32WL33KCV6TR, STM32WL33KCV7, STM32WL33KCV7TR, STM32WL5MOCH6, STM32WL5MOCH6TR]
2025-07-07 11:32:39,501 [INFO] BoardInfo:889 - No configuration file found for board P-NUCLEO-WB55
2025-07-07 11:32:39,504 [INFO] DbBoards:161 - Kit is not supported: P-NUCLEO-WB55
2025-07-07 11:32:39,513 [INFO] BoardInfo:889 - No configuration file found for board STEVAL-BFA001V1B
2025-07-07 11:32:39,515 [INFO] DbBoards:161 - Kit is not supported: STEVAL-BFA001V1B
2025-07-07 11:32:39,518 [INFO] BoardInfo:889 - No configuration file found for board STEVAL-BFA001V2B
2025-07-07 11:32:39,521 [INFO] DbBoards:161 - Kit is not supported: STEVAL-BFA001V2B
2025-07-07 11:32:39,807 [INFO] DbBoards:168 - Found 211 boards, 208 are supported
2025-07-07 11:32:39,807 [INFO] DbBoards:169 - Found 211 boards, 43 of them is supported for  Bsp
2025-07-07 11:32:39,818 [INFO] ApiDb:668 - CubeFinder database Data Model version=2.1
2025-07-07 11:32:39,818 [INFO] ApiDb:669 - CubeFinder database Configuration version=3.0.39
2025-07-07 11:32:39,818 [INFO] ApiDb:670 - CubeFinder database generation date=2025-06-16 (1750072209)
2025-07-07 11:32:39,818 [INFO] ApiDb:671 - CubeFinder database FW Pack versions=[FP-ATR-ASTRA1_V2.0.0, FP-SNS-FLIGHT1_V5.1.0, FP-SNS-MOTENV1_V5.0.0, FP-SNS-MOTENVWB1_V1.4.0, FP-SNS-SMARTAG2_V1.2.0, FP-SNS-STBOX1_V2.0.0, STM32Cube_FW_C0_V1.4.0, STM32Cube_FW_F4_V1.28.2, STM32Cube_FW_F7_V1.17.3, STM32Cube_FW_G0_V1.6.2, STM32Cube_FW_G4_V1.6.1, STM32Cube_FW_H5_V1.5.0, STM32Cube_FW_H7RS_V1.2.0, STM32Cube_FW_H7_V1.12.1, STM32Cube_FW_L0_V1.12.2, STM32Cube_FW_L4_V1.18.1, STM32Cube_FW_L5_V1.5.1, STM32Cube_FW_N6_V1.1.1, STM32Cube_FW_U0_V1.2.0, STM32Cube_FW_U3_V1.1.0, STM32Cube_FW_U5_V1.7.0, STM32Cube_FW_WB0_V1.2.0, STM32Cube_FW_WBA_V1.6.0, STM32Cube_FW_WB_V1.22.0, STM32Cube_FW_WL3_V1.1.0, STM32Cube_FW_WL_V1.3.1, X-CUBE-ALGOBUILD_V1.4.0, X-CUBE-ALS_V1.0.2, X-CUBE-AZRTOS-F4_V1.1.0, X-CUBE-AZRTOS-F7_V1.1.0, X-CUBE-AZRTOS-G0_V1.1.0, X-CUBE-AZRTOS-G4_V2.0.0, X-CUBE-AZRTOS-H7RS_V1.1.0, X-CUBE-AZRTOS-H7_V3.3.0, X-CUBE-AZRTOS-L4_V2.0.0, X-CUBE-AZRTOS-L5_V2.0.0, X-CUBE-AZRTOS-WB_V2.0.0, X-CUBE-AZRTOS-WL_V2.0.0, X-CUBE-BLE1_V7.1.0, X-CUBE-BLE2_V3.3.0, X-CUBE-BLEMGR_V4.0.0, X-CUBE-EEPRMA1_V5.1.0, X-CUBE-FREERTOS_V1.3.1, X-CUBE-GNSS1_V6.0.0, X-CUBE-MEMS1_V11.3.0, X-CUBE-NFC4_V3.0.0, X-CUBE-NFC7_V2.0.0, X-CUBE-SFXS2LP1_V4.0.0, X-CUBE-SUBG2_V5.0.0, X-CUBE-TOF1_V3.4.3]
2025-07-07 11:32:42,083 [INFO] ApiDb:240 - Found 895 in-development CPN: [B-G473E-ZEST1S, B-WB1M-WPAN1, B-WBA5M-WPAN, B-WL5M-SUBG1, NUCLEO-C031C6, NUCLEO-C051C8, NUCLEO-C071RB, NUCLEO-C092RC, NUCLEO-H503RB, NUCLEO-H533RE, NUCLEO-H563ZI, NUCLEO-H7S3L8, NUCLEO-N657X0-Q, NUCLEO-U031R8, NUCLEO-U083RC, NUCLEO-U385RG-Q, NUCLEO-U545RE-Q, NUCLEO-U5A5ZJ-Q, NUCLEO-WB05KZ, NUCLEO-WB07CC, NUCLEO-WB09KE, NUCLEO-WBA52CG, NUCLEO-WBA55CG, NUCLEO-WBA65RI, NUCLEO-WL33CC1, NUCLEO-WL33CC2, STEVAL-PROTEUS1, STEVAL-SMARTAG2, STEVAL-STWINBX1, STM320518-EVAL, STM32C0116-DK, STM32C011D6Y3TR, STM32C011D6Y6TR, STM32C011F4P3, STM32C011F4P6, STM32C011F4U3, STM32C011F4U6TR, STM32C011F6P3, STM32C011F6P6, STM32C011F6U3, STM32C011F6U6TR, STM32C011J4M3, STM32C011J4M6, STM32C011J6M3, STM32C011J6M6, STM32C0316-DK, STM32C031C4T3, STM32C031C4T6, STM32C031C4U3, STM32C031C4U6, STM32C031C6T3, STM32C031C6T6, STM32C031C6U3, STM32C031C6U6, STM32C031F4P3, STM32C031F4P6, STM32C031F6P3, STM32C031F6P6, STM32C031G4U3, STM32C031G4U6, STM32C031G6U3, STM32C031G6U6, STM32C031K4T3, STM32C031K4T6, STM32C031K4U3, STM32C031K4U6, STM32C031K6T3, STM32C031K6T6, STM32C031K6U3, STM32C031K6U6, STM32C051C6T6, STM32C051C6U6, STM32C051C8T6, STM32C051C8U6, STM32C051D8Y6TR, STM32C051F6P6, STM32C051F8P6, STM32C051G6U6, STM32C051G8U6, STM32C051K6T6, STM32C051K6U6, STM32C051K8T6, STM32C071C8T6, STM32C071C8T6N, STM32C071C8U6, STM32C071C8U6N, STM32C071CBT6, STM32C071CBT6N, STM32C071CBU6, STM32C071CBU6N, STM32C071F8P6, STM32C071F8P6N, STM32C071FBP6, STM32C071FBP6N, STM32C071FBY6TR, STM32C071G8U6, STM32C071G8U6N, STM32C071GBU6, STM32C071GBU6N, STM32C071K8T6, STM32C071K8T6N, STM32C071K8U6, STM32C071K8U6N, STM32C071KBT6, STM32C071KBT6N, STM32C071KBU6, STM32C071KBU6N, STM32C071R8T6, STM32C071R8T6N, STM32C071RBI6N, STM32C071RBT6, STM32C071RBT6N, STM32C091CBT6, STM32C091CBU6, STM32C091CCT6, STM32C091CCU6, STM32C091ECY6TR, STM32C091FBP6, STM32C091FCP6, STM32C091GBU6, STM32C091GCU6, STM32C091KBT6, STM32C091KBU6, STM32C091KCT6, STM32C091KCU6, STM32C091RBT6, STM32C091RCI6, STM32C091RCT6, STM32C092CBT6, STM32C092CBU6, STM32C092CCT6, STM32C092CCU6, STM32C092ECY6TR, STM32C092FBP6, STM32C092FCP6, STM32C092GBU6, STM32C092GCU6, STM32C092KBT6, STM32C092KBU6, STM32C092KCT6, STM32C092KCU6, STM32C092RBT6, STM32C092RCI6, STM32C092RCT6, STM32G071K8TXN, STM32G071K8UXN, STM32G081GBU6N, STM32G081KBT6N, STM32G081KBUXN, STM32G0B1CCT6N, STM32G0B1KCT6, STM32G0B1NEY6TR, STM32G0B1RCT6N, STM32G0C1CCT6, STM32G0C1CCT6N, STM32G0C1CCU6N, STM32G0C1CET6N, STM32G0C1CEU6N, STM32G0C1KCT6, STM32G0C1NEY6TR, STM32G0C1RCI6N, STM32G0C1RCT6N, STM32G0C1REI6N, STM32G0C1RET6N, STM32G0C1VCI6, STM32G0C1VEI6, STM32G411C6T3, STM32G411C6T6, STM32G411C6U3, STM32G411C6U6, STM32G411C8T3, STM32G411C8T6, STM32G411C8U3, STM32G411C8U6, STM32G411CBT3, STM32G411CBT6, STM32G411CBU3, STM32G411CBU6, STM32G411CCT3, STM32G411CCT6, STM32G411CCU3, STM32G411CCU6, STM32G411K6T3, STM32G411K6T6, STM32G411K6U3, STM32G411K6U6, STM32G411K8T3, STM32G411K8T6, STM32G411K8U3, STM32G411K8U6, STM32G411KBT3, STM32G411KBT6, STM32G411KBU3, STM32G411KBU6, STM32G411M6T3, STM32G411M6T6, STM32G411M8T3, STM32G411M8T6, STM32G411MBT3, STM32G411MBT6, STM32G411MCT3, STM32G411MCT6, STM32G411R6T3, STM32G411R6T6, STM32G411R8T3, STM32G411R8T6, STM32G411RBT3, STM32G411RBT6, STM32G411RCT3, STM32G411RCT6, STM32G414CBT3, STM32G414CBT6, STM32G414CBU3, STM32G414CBU6, STM32G414CCT3, STM32G414CCT6, STM32G414CCU3, STM32G414CCU6, STM32G414MBT3, STM32G414MBT6, STM32G414MCT3, STM32G414MCT6, STM32G414RBT3, STM32G414RBT6, STM32G414RCT3, STM32G414RCT6, STM32G414VBT3, STM32G414VBT6, STM32G414VCT3, STM32G414VCT6, STM32G431CBT3Z, STM32G431RBT3Z, STM32G471CCT6, STM32G471CCU6, STM32G471CET3, STM32G471CET6, STM32G471CEU3, STM32G471CEU6, STM32G471MCT6, STM32G471MET3, STM32G471MET6, STM32G471MEY6TR, STM32G471QCT6, STM32G471QET3, STM32G471RCT6, STM32G471RET3, STM32G471RET6, STM32G471VCH6, STM32G471VCI6, STM32G471VCT6, STM32G471VEH3, STM32G471VEH6, STM32G471VEI3, STM32G471VEI6, STM32G471VET3, STM32G471VET6, STM32G473QET3Z, STM32G473RET3Z, STM32G474CCT6, STM32G491RET3Z, STM32H503CBT6, STM32H503CBU6, STM32H503EBY6TR, STM32H503KBU6, STM32H503RBT6, STM32H523CCT6, STM32H523CCU6, STM32H523CET6, STM32H523CEU6, STM32H523HEY6TR, STM32H523RCT6, STM32H523RET6, STM32H523VCI6, STM32H523VCT6, STM32H523VEI6, STM32H523VET6, STM32H523ZCJ6, STM32H523ZCT6, STM32H523ZEJ6, STM32H523ZET6, STM32H533CET6, STM32H533CEU6, STM32H533HEY6TR, STM32H533RET6, STM32H533VEI6, STM32H533VET6, STM32H533ZEJ6, STM32H533ZET6, STM32H562AGI6, STM32H562AII6, STM32H562IGK6, STM32H562IGT6, STM32H562IIK6, STM32H562IIT6, STM32H562RGT6, STM32H562RGV6, STM32H562RIT6, STM32H562RIV6, STM32H562VGT6, STM32H562VIT6, STM32H562ZGT6, STM32H562ZIT6, STM32H563AGI6, STM32H563AII3Q, STM32H563AII6, STM32H563IGK6, STM32H563IGT6, STM32H563IIK3Q, STM32H563IIK6, STM32H563IIT3Q, STM32H563IIT6, STM32H563MIY3QTR, STM32H563RGT6, STM32H563RGV6, STM32H563RIT6, STM32H563RIV6, STM32H563VGT6, STM32H563VIT3Q, STM32H563VIT6, STM32H563ZGT6, STM32H563ZIT3Q, STM32H563ZIT6, STM32H573AII3Q, STM32H573AII6, STM32H573I-DK, STM32H573IIK3Q, STM32H573IIK6, STM32H573IIT3Q, STM32H573IIT6, STM32H573MIY3QTR, STM32H573RIT6, STM32H573RIV6, STM32H573VIT3Q, STM32H573VIT6, STM32H573ZIT3Q, STM32H573ZIT6, STM32H7R3A8I6, STM32H7R3I8K6, STM32H7R3I8T6, STM32H7R3L8H6, STM32H7R3L8H6H, STM32H7R3R8V6, STM32H7R3V8H6, STM32H7R3V8T6, STM32H7R3V8Y6TR, STM32H7R3Z8J6, STM32H7R3Z8T6, STM32H7R7A8I6, STM32H7R7I8K6, STM32H7R7I8T6, STM32H7R7L8H6, STM32H7R7L8H6H, STM32H7R7Z8J6, STM32H7S3A8I6, STM32H7S3I8K6, STM32H7S3I8T6, STM32H7S3L8H6, STM32H7S3L8H6H, STM32H7S3R8V6, STM32H7S3V8H6, STM32H7S3V8T6, STM32H7S3V8Y6TR, STM32H7S3Z8J6, STM32H7S3Z8T6, STM32H7S78-DK, STM32H7S7A8I6, STM32H7S7I8K6, STM32H7S7I8T6, STM32H7S7L8H6, STM32H7S7L8H6H, STM32H7S7Z8J6, STM32L4R5QGI6STR, STM32MP131AAE3, STM32MP131AAF3, STM32MP131AAG3, STM32MP131CAE3, STM32MP131CAF3, STM32MP131CAG3, STM32MP131DAE7, STM32MP131DAF7, STM32MP131DAG7, STM32MP131FAE7, STM32MP131FAF7, STM32MP131FAG7, STM32MP133AAE3, STM32MP133AAF3, STM32MP133AAG3, STM32MP133CAE3, STM32MP133CAF3, STM32MP133CAG3, STM32MP133DAE7, STM32MP133DAF7, STM32MP133DAG7, STM32MP133FAE7, STM32MP133FAF7, STM32MP133FAG7, STM32MP135AAE3, STM32MP135AAF3, STM32MP135AAG3, STM32MP135CAE3, STM32MP135CAF3, STM32MP135CAG3, STM32MP135DAE7, STM32MP135DAF7, STM32MP135DAG7, STM32MP135F-DK, STM32MP135FAE7, STM32MP135FAF7, STM32MP135FAF7T, STM32MP135FAF7U, STM32MP135FAG7, STM32MP231AAJ3, STM32MP231AAK3, STM32MP231AAL3, STM32MP231CAJ3, STM32MP231CAK3, STM32MP231CAL3, STM32MP231DAJ3, STM32MP231DAK3, STM32MP231DAL3, STM32MP231FAJ3, STM32MP231FAK3, STM32MP231FAL3, STM32MP233AAJ3, STM32MP233AAK3, STM32MP233AAL3, STM32MP233CAJ3, STM32MP233CAK3, STM32MP233CAL3, STM32MP233DAJ3, STM32MP233DAK3, STM32MP233DAL3, STM32MP233FAJ3, STM32MP233FAK3, STM32MP233FAL3, STM32MP235AAJ3, STM32MP235AAK3, STM32MP235AAL3, STM32MP235CAJ3, STM32MP235CAK3, STM32MP235CAL3, STM32MP235DAJ3, STM32MP235DAK3, STM32MP235DAL3, STM32MP235FAJ3, STM32MP235FAK3, STM32MP235FAL3, STM32MP251AAI3, STM32MP251AAJ3, STM32MP251AAK3, STM32MP251AAL3, STM32MP251CAI3, STM32MP251CAJ3, STM32MP251CAK3, STM32MP251CAL3, STM32MP251DAI3, STM32MP251DAJ3, STM32MP251DAK3, STM32MP251DAL3, STM32MP251FAI3, STM32MP251FAJ3, STM32MP251FAK3, STM32MP251FAL3, STM32MP253AAI3, STM32MP253AAJ3, STM32MP253AAK3, STM32MP253AAL3, STM32MP253CAI3, STM32MP253CAJ3, STM32MP253CAK3, STM32MP253CAL3, STM32MP253DAI3, STM32MP253DAJ3, STM32MP253DAK3, STM32MP253DAL3, STM32MP253FAI3, STM32MP253FAJ3, STM32MP253FAK3, STM32MP253FAL3, STM32MP255AAI3, STM32MP255AAJ3, STM32MP255AAK3, STM32MP255AAL3, STM32MP255CAI3, STM32MP255CAJ3, STM32MP255CAK3, STM32MP255CAL3, STM32MP255DAI3, STM32MP255DAJ3, STM32MP255DAK3, STM32MP255DAL3, STM32MP255FAI3, STM32MP255FAJ3, STM32MP255FAK3, STM32MP255FAL3, STM32MP257AAI3, STM32MP257AAJ3, STM32MP257AAK3, STM32MP257AAL3, STM32MP257CAI3, STM32MP257CAJ3, STM32MP257CAK3, STM32MP257CAL3, STM32MP257DAI3, STM32MP257DAJ3, STM32MP257DAK3, STM32MP257DAL3, STM32MP257F-DK, STM32MP257F-EV1, STM32MP257FAI3, STM32MP257FAJ3, STM32MP257FAK3, STM32MP257FAL3, STM32N645A0H3Q, STM32N645B0H3Q, STM32N645I0H3Q, STM32N645L0H3Q, STM32N645X0H3Q, STM32N645Z0H3Q, STM32N647A0H3Q, STM32N647B0H3Q, STM32N647I0H3Q, STM32N647L0H3Q, STM32N647X0H3Q, STM32N647Z0H3Q, STM32N655A0H3Q, STM32N655B0H3Q, STM32N655I0H3Q, STM32N655L0H3Q, STM32N655X0H3Q, STM32N655Z0H3Q, STM32N6570-DK, STM32N657A0H3Q, STM32N657B0H3Q, STM32N657I0H3Q, STM32N657L0H3Q, STM32N657X0H3Q, STM32N657Z0H3Q, STM32U031C6T6, STM32U031C6U6, STM32U031C8T6, STM32U031C8U6, STM32U031F4P6, STM32U031F6P6, STM32U031F8P6, STM32U031G6Y6TR, STM32U031G8Y6TR, STM32U031K4U6, STM32U031K6U6, STM32U031K8U6, STM32U031R6I6, STM32U031R6T6, STM32U031R8I6, STM32U031R8T6, STM32U073C8T6, STM32U073C8U6, STM32U073CBT6, STM32U073CBU6, STM32U073CCT6, STM32U073CCU6, STM32U073H8Y6TR, STM32U073HBY6TR, STM32U073HCY6TR, STM32U073K8U6, STM32U073KBU6, STM32U073KCU6, STM32U073M8I6, STM32U073M8T6, STM32U073MBI6, STM32U073MBT6, STM32U073MCI6, STM32U073MCT6, STM32U073R8I6, STM32U073R8T6, STM32U073RBI6, STM32U073RBT6, STM32U073RCI6, STM32U073RCT6, STM32U083C-DK, STM32U083CCT6, STM32U083CCU6, STM32U083HCY6TR, STM32U083KCU6, STM32U083MCI6, STM32U083MCT6, STM32U083RCI6, STM32U083RCT6, STM32U375CET6, STM32U375CET6Q, STM32U375CEU6, STM32U375CEU6Q, STM32U375CEY6QTR, STM32U375CGT6, STM32U375CGT6Q, STM32U375CGU6, STM32U375CGU6Q, STM32U375CGY6QTR, STM32U375KEU6, STM32U375KGU6, STM32U375REI6, STM32U375REI6Q, STM32U375RET6, STM32U375RET6Q, STM32U375REY6GTR, STM32U375REY6QTR, STM32U375RGI6, STM32U375RGI6Q, STM32U375RGT6, STM32U375RGT6Q, STM32U375RGY6GTR, STM32U375RGY6QTR, STM32U375VEI6, STM32U375VEI6Q, STM32U375VET6, STM32U375VET6Q, STM32U375VGI6, STM32U375VGI6Q, STM32U375VGT6, STM32U375VGT6Q, STM32U385CGT6, STM32U385CGT6Q, STM32U385CGU6, STM32U385CGU6Q, STM32U385CGY6QTR, STM32U385KGU6, STM32U385RGI6, STM32U385RGI6Q, STM32U385RGT6, STM32U385RGT6Q, STM32U385RGY6GTR, STM32U385RGY6QTR, STM32U385VGI6, STM32U385VGI6Q, STM32U385VGT6, STM32U385VGT6Q, STM32U535CBT6, STM32U535CBT6Q, STM32U535CBU6, STM32U535CBU6Q, STM32U535CCT6, STM32U535CCT6Q, STM32U535CCU6, STM32U535CCU6Q, STM32U535CET6, STM32U535CET6Q, STM32U535CEU6, STM32U535CEU6Q, STM32U535JEY6QTR, STM32U535NCY6QTR, STM32U535NEY6QTR, STM32U535RBI6, STM32U535RBI6Q, STM32U535RBT6, STM32U535RBT6Q, STM32U535RCI6, STM32U535RCI6Q, STM32U535RCT6, STM32U535RCT6Q, STM32U535REI6, STM32U535REI6Q, STM32U535RET6, STM32U535RET6Q, STM32U535VCI6, STM32U535VCI6Q, STM32U535VCT6, STM32U535VCT6Q, STM32U535VEI6, STM32U535VEI6Q, STM32U535VET6, STM32U535VET6Q, STM32U545CET6, STM32U545CET6Q, STM32U545CEU6, STM32U545CEU6Q, STM32U545JEY6QTR, STM32U545NEY6QTR, STM32U545REI6, STM32U545REI6Q, STM32U545RET6, STM32U545RET6Q, STM32U545VEI6, STM32U545VEI6Q, STM32U545VET6, STM32U545VET6Q, STM32U595AIH6, STM32U595AIH6Q, STM32U595AJH6, STM32U595AJH6Q, STM32U595QII6, STM32U595QII6Q, STM32U595QJI6, STM32U595QJI6Q, STM32U595RIT6, STM32U595RIT6Q, STM32U595RJT6, STM32U595RJT6Q, STM32U595VIT6, STM32U595VIT6Q, STM32U595VJT6, STM32U595VJT6Q, STM32U595ZIT6, STM32U595ZIT6Q, STM32U595ZIY6QTR, STM32U595ZJT6, STM32U595ZJT6Q, STM32U595ZJY6QTR, STM32U599BJY6QTR, STM32U599NIH6Q, STM32U599NJH6Q, STM32U599VIT6Q, STM32U599VJT6, STM32U599VJT6Q, STM32U599ZIT6Q, STM32U599ZIY6QTR, STM32U599ZJT6Q, STM32U599ZJY6QTR, STM32U5A5AJH6, STM32U5A5AJH6Q, STM32U5A5QII3Q , STM32U5A5QJI6, STM32U5A5QJI6Q, STM32U5A5RJT6, STM32U5A5RJT6Q, STM32U5A5VJT6, STM32U5A5VJT6Q, STM32U5A5ZJT6, STM32U5A5ZJT6Q, STM32U5A5ZJY6QTR, STM32U5A9BJY6QTR, STM32U5A9J-DK, STM32U5A9NJH6Q, STM32U5A9VJT6Q, STM32U5A9ZJT6Q, STM32U5A9ZJY6QTR, STM32U5F7VIT6, STM32U5F7VIT6Q, STM32U5F7VJT6, STM32U5F7VJT6Q, STM32U5F9BJY6QTR, STM32U5F9NJH6Q, STM32U5F9VIT6Q, STM32U5F9VJT6Q, STM32U5F9ZIJ6QTR, STM32U5F9ZIT6Q, STM32U5F9ZJJ6QTR, STM32U5F9ZJT6Q, STM32U5G7VJT6, STM32U5G7VJT6Q, STM32U5G9BJY6QTR, STM32U5G9J-DK1, STM32U5G9J-DK2, STM32U5G9NJH6Q, STM32U5G9VJT6Q, STM32U5G9ZJJ6QTR, STM32U5G9ZJT6Q, STM32WB05KZV6TR, STM32WB05KZV7TR, STM32WB05TZF6TR, STM32WB05TZF7TR, STM32WB06CCF6TR, STM32WB06CCF7TR, STM32WB06CCV6TR, STM32WB06CCV7TR, STM32WB06KCV6TR, STM32WB06KCV7TR, STM32WB07CCF6TR, STM32WB07CCF7TR, STM32WB07CCV6TR, STM32WB07CCV7TR, STM32WB07KCV6TR, STM32WB07KCV7TR, STM32WB09KEV6TR, STM32WB09KEV7TR, STM32WB09TEF6TR, STM32WB09TEF7TR, STM32WB1MMCH6, STM32WBA50KGU6, STM32WBA50KGU6TR, STM32WBA52CEU6, STM32WBA52CEU6TR, STM32WBA52CEU7, STM32WBA52CEU7TR, STM32WBA52CGU6, STM32WBA52CGU6TR, STM32WBA52CGU6U, STM32WBA52CGU7, STM32WBA52CGU7TR, STM32WBA52KEU6, STM32WBA52KEU6TR, STM32WBA52KGU6, STM32WBA52KGU6TR, STM32WBA54CEU6, STM32WBA54CEU6TR, STM32WBA54CEU7, STM32WBA54CEU7TR, STM32WBA54CGU6, STM32WBA54CGU6TR, STM32WBA54CGU7, STM32WBA54CGU7TR, STM32WBA54KEU6, STM32WBA54KEU6TR, STM32WBA54KEU7, STM32WBA54KEU7TR, STM32WBA54KGU6, STM32WBA54KGU6TR, STM32WBA54KGU7, STM32WBA54KGU7TR, STM32WBA55CEU6, STM32WBA55CEU6TR, STM32WBA55CEU7, STM32WBA55CEU7TR, STM32WBA55CGU6, STM32WBA55CGU6TR, STM32WBA55CGU6U, STM32WBA55CGU7, STM32WBA55CGU7TR, STM32WBA55G-DK1, STM32WBA55HEF6, STM32WBA55HEF7, STM32WBA55HGF6, STM32WBA55HGF7, STM32WBA55UEI6, STM32WBA55UEI6TR, STM32WBA55UEI7, STM32WBA55UEI7TR, STM32WBA55UGI6, STM32WBA55UGI6TR, STM32WBA55UGI7, STM32WBA55UGI7TR, STM32WBA5MJGH6TR, STM32WBA62CGU6, STM32WBA62CIU6, STM32WBA62MGF6, STM32WBA62MIF6, STM32WBA62PGI6, STM32WBA62PII6, STM32WBA63CGU6, STM32WBA63CGU7, STM32WBA63CIU6, STM32WBA63CIU7, STM32WBA64CGU6, STM32WBA64CGU7, STM32WBA64CIU6, STM32WBA64CIU7, STM32WBA65CGU6, STM32WBA65CGU7, STM32WBA65CIU6, STM32WBA65CIU7, STM32WBA65I-DK1, STM32WBA65MGF6, STM32WBA65MGF7, STM32WBA65MIF6, STM32WBA65MIF7, STM32WBA65PGI6, STM32WBA65PGI7, STM32WBA65PII6, STM32WBA65PII7, STM32WBA65RGV6, STM32WBA65RGV7, STM32WBA65RIV6, STM32WBA65RIV7, STM32WL30K8V6, STM32WL30KBV6, STM32WL31C8V6, STM32WL31CBV6, STM32WL31K8V6, STM32WL31KBV6, STM32WL33C8V6, STM32WL33C8V6TR, STM32WL33C8V7, STM32WL33C8V7TR, STM32WL33CBV6, STM32WL33CBV6TR, STM32WL33CBV7, STM32WL33CBV7TR, STM32WL33CCV6, STM32WL33CCV6TR, STM32WL33CCV7, STM32WL33CCV7A, STM32WL33CCV7ATR, STM32WL33CCV7TR, STM32WL33K8V6, STM32WL33K8V6TR, STM32WL33K8V7, STM32WL33K8V7TR, STM32WL33KBV6, STM32WL33KBV6TR, STM32WL33KBV7, STM32WL33KBV7TR, STM32WL33KCV6, STM32WL33KCV6TR, STM32WL33KCV7, STM32WL33KCV7TR, STM32WL5MOCH6, STM32WL5MOCH6TR]
2025-07-07 11:32:42,087 [INFO] DbMcus:218 - Found 4686 MCUs, 4686 are supported
2025-07-07 11:32:42,088 [INFO] ApiDb:423 - Load user favorites file C:\Users\kjeya/.stm32cubeide/favorites.mcus.txt: 0 item(s)
2025-07-07 11:32:42,089 [INFO] ApiDb:427 - User favorites MCUs=[]
2025-07-07 11:32:42,089 [INFO] DbMcus:224 - Set 0 / 0 favorites MCUs
2025-07-07 11:32:42,757 [INFO] ApiDb:423 - Load user favorites file C:\Users\kjeya/.stm32cubeide/favorites.boards.txt: 0 item(s)
2025-07-07 11:32:42,757 [INFO] ApiDb:427 - User favorites Boards=[]
2025-07-07 11:32:42,757 [INFO] DbBoards:198 - Set 0 / 0 favorites Boards
2025-07-07 11:32:42,836 [INFO] UtilMem:75 - End LoadConfig() Used Memory: 329916392 Bytes (639631360)
2025-07-07 11:32:43,023 [WARN] ThirdParty:833 - waiting for thirdparty lock release [change project]
2025-07-07 11:32:43,024 [INFO] ThirdParty:835 - entering critical section [change project]
2025-07-07 11:32:43,024 [INFO] ThirdParty:1030 - CMSIS Pack Vendor :STMicroelectronics X-CUBE-PM33A1 1.0.0
2025-07-07 11:32:43,024 [INFO] ThirdParty:1030 - CMSIS Pack Vendor :STMicroelectronics USBPD 4.1
2025-07-07 11:32:43,024 [INFO] ThirdParty:1030 - CMSIS Pack Vendor :STMicroelectronics USB_HOST 2.0.0
2025-07-07 11:32:43,024 [INFO] ThirdParty:1030 - CMSIS Pack Vendor :STMicroelectronics FP-SNS-MOTENVWB1 1.4.0
2025-07-07 11:32:43,024 [INFO] ThirdParty:1030 - CMSIS Pack Vendor :STMicroelectronics X-CUBE-AZRTOS-F4 1.1.0
2025-07-07 11:32:43,024 [INFO] ThirdParty:1030 - CMSIS Pack Vendor :STMicroelectronics LIBJPEG 8.0.0
2025-07-07 11:32:43,024 [INFO] ThirdParty:1030 - CMSIS Pack Vendor :STMicroelectronics FP-ATR-ASTRA1 2.0.2
2025-07-07 11:32:43,024 [INFO] ThirdParty:1030 - CMSIS Pack Vendor :STMicroelectronics FP-ATR-ASTRA1 2.0.1
2025-07-07 11:32:43,024 [INFO] ThirdParty:1030 - CMSIS Pack Vendor :Avnet-IotConnect X-CUBE-IoTC-DA16k-PMOD 1.0.0
2025-07-07 11:32:43,024 [INFO] ThirdParty:1030 - CMSIS Pack Vendor :STMicroelectronics X-CUBE-SMBUS 2.1.0
2025-07-07 11:32:43,024 [INFO] ThirdParty:1030 - CMSIS Pack Vendor :STMicroelectronics X-CUBE-WB05N 1.1.0
2025-07-07 11:32:43,024 [INFO] ThirdParty:1030 - CMSIS Pack Vendor :STMicroelectronics X-CUBE-ISPU 2.1.0
2025-07-07 11:32:43,024 [INFO] ThirdParty:1030 - CMSIS Pack Vendor :STMicroelectronics X-CUBE-ST60 1.0.0
2025-07-07 11:32:43,024 [INFO] ThirdParty:1030 - CMSIS Pack Vendor :STMicroelectronics X-CUBE-AZRTOS-F7 1.1.0
2025-07-07 11:32:43,024 [INFO] ThirdParty:1030 - CMSIS Pack Vendor :STMicroelectronics X-CUBE-AZRTOS-L5 2.0.0
2025-07-07 11:32:43,024 [INFO] ThirdParty:1030 - CMSIS Pack Vendor :STMicroelectronics USB_DEVICE 2.0.0
2025-07-07 11:32:43,024 [INFO] ThirdParty:1030 - CMSIS Pack Vendor :STMicroelectronics X-CUBE-NFC6 3.1.0
2025-07-07 11:32:43,026 [INFO] ThirdParty:1030 - CMSIS Pack Vendor :STMicroelectronics FreeRTOS 0.0.1
2025-07-07 11:32:43,026 [INFO] ThirdParty:1030 - CMSIS Pack Vendor :STMicroelectronics X-CUBE-DPower 1.2.0
2025-07-07 11:32:43,026 [INFO] ThirdParty:1030 - CMSIS Pack Vendor :STMicroelectronics FP-SNS-FLIGHT1 5.0.2
2025-07-07 11:32:43,026 [INFO] ThirdParty:1030 - CMSIS Pack Vendor :Infineon AIROC-Wi-Fi-Bluetooth-STM32 1.7.0
2025-07-07 11:32:43,026 [INFO] ThirdParty:1030 - CMSIS Pack Vendor :STMicroelectronics PDM2PCM 3.3.0
2025-07-07 11:32:43,026 [INFO] ThirdParty:1030 - CMSIS Pack Vendor :STMicroelectronics X-CUBE-AZRTOS-H7 3.4.0
2025-07-07 11:32:43,026 [INFO] ThirdParty:1030 - CMSIS Pack Vendor :STMicroelectronics X-CUBE-DISPLAY 3.0.0
2025-07-07 11:32:43,026 [INFO] ThirdParty:1030 - CMSIS Pack Vendor :STMicroelectronics X-CUBE-BLE1 7.0.0
2025-07-07 11:32:43,026 [INFO] ThirdParty:1030 - CMSIS Pack Vendor :STMicroelectronics X-CUBE-NFC10 1.0.0
2025-07-07 11:32:43,026 [INFO] ThirdParty:1030 - CMSIS Pack Vendor :STMicroelectronics X-CUBE-BLEMGR 4.0.0
2025-07-07 11:32:43,026 [INFO] ThirdParty:1030 - CMSIS Pack Vendor :STMicroelectronics X-CUBE-FREERTOS 1.3.1
2025-07-07 11:32:43,026 [INFO] ThirdParty:1030 - CMSIS Pack Vendor :STMicroelectronics HAL Drivers 0.0.0
2025-07-07 11:32:43,026 [INFO] ThirdParty:1030 - CMSIS Pack Vendor :emotas I-CUBE-CANOPEN 1.3.0
2025-07-07 11:32:43,026 [INFO] ThirdParty:1030 - CMSIS Pack Vendor :STMicroelectronics X-CUBE-FREERTOS 1.3.0
2025-07-07 11:32:43,026 [INFO] ThirdParty:1030 - CMSIS Pack Vendor :STMicroelectronics X-CUBE-NFC7 1.0.1
2025-07-07 11:32:43,026 [INFO] ThirdParty:1030 - CMSIS Pack Vendor :STMicroelectronics MBEDTLS 2.14.1
2025-07-07 11:32:43,026 [INFO] ThirdParty:1030 - CMSIS Pack Vendor :STMicroelectronics X-CUBE-AI 10.0.0
2025-07-07 11:32:43,026 [INFO] ThirdParty:1030 - CMSIS Pack Vendor :STMicroelectronics FP-SNS-STAIOTCFT 1.0.0
2025-07-07 11:32:43,026 [INFO] ThirdParty:1030 - CMSIS Pack Vendor :STMicroelectronics FP-SNS-SMARTAG2 1.2.0
2025-07-07 11:32:43,026 [INFO] ThirdParty:1030 - CMSIS Pack Vendor :STMicroelectronics FP-SNS-FLIGHT1 5.1.0
2025-07-07 11:32:43,026 [INFO] ThirdParty:1030 - CMSIS Pack Vendor :STMicroelectronics X-CUBE-MEMS1 11.1.0
2025-07-07 11:32:43,026 [INFO] ThirdParty:1030 - CMSIS Pack Vendor :STMicroelectronics X-CUBE-AZRTOS-WL 2.0.0
2025-07-07 11:32:43,026 [INFO] ThirdParty:1030 - CMSIS Pack Vendor :STMicroelectronics X-CUBE-DPower 1.3.0
2025-07-07 11:32:43,027 [INFO] ThirdParty:1030 - CMSIS Pack Vendor :STMicroelectronics FP-SNS-MOTENV1 5.0.0
2025-07-07 11:32:43,027 [INFO] ThirdParty:1030 - CMSIS Pack Vendor :STMicroelectronics USB_DEVICE 1.0.0
2025-07-07 11:32:43,027 [INFO] ThirdParty:1030 - CMSIS Pack Vendor :wolfSSL I-CUBE-wolfMQTT 1.19.0
2025-07-07 11:32:43,027 [INFO] ThirdParty:1030 - CMSIS Pack Vendor :STMicroelectronics X-CUBE-AZRTOS-L4 2.0.0
2025-07-07 11:32:43,027 [INFO] ThirdParty:1030 - CMSIS Pack Vendor :STMicroelectronics ThreadX 0.0.2
2025-07-07 11:32:43,027 [INFO] ThirdParty:1030 - CMSIS Pack Vendor :WES I-CUBE-Cesium 1.3.0
2025-07-07 11:32:43,027 [INFO] ThirdParty:1030 - CMSIS Pack Vendor :STMicroelectronics lwIP 2.1.2
2025-07-07 11:32:43,027 [INFO] ThirdParty:1030 - CMSIS Pack Vendor :STMicroelectronics X-CUBE-SFXS2LP1 4.0.0
2025-07-07 11:32:43,027 [INFO] ThirdParty:1030 - CMSIS Pack Vendor :STMicroelectronics X-CUBE-BLE2 3.3.0
2025-07-07 11:32:43,027 [INFO] ThirdParty:1030 - CMSIS Pack Vendor :STMicroelectronics PDM2PCM 3.2.0
2025-07-07 11:32:43,027 [INFO] ThirdParty:1030 - CMSIS Pack Vendor :STMicroelectronics X-CUBE-AZRTOS-H7 3.3.0
2025-07-07 11:32:43,027 [INFO] ThirdParty:1030 - CMSIS Pack Vendor :STMicroelectronics X-CUBE-NFC9 1.0.0
2025-07-07 11:32:43,027 [INFO] ThirdParty:1030 - CMSIS Pack Vendor :STMicroelectronics X-CUBE-BLE1 7.1.0
2025-07-07 11:32:43,027 [INFO] ThirdParty:1030 - CMSIS Pack Vendor :STMicroelectronics USB_DEVICE 3.0.0
2025-07-07 11:32:43,027 [INFO] ThirdParty:1030 - CMSIS Pack Vendor :STMicroelectronics X-CUBE-IPS 3.0.0
2025-07-07 11:32:43,027 [INFO] ThirdParty:1030 - CMSIS Pack Vendor :STMicroelectronics X-CUBE-AZRTOS-WB 2.0.0
2025-07-07 11:32:43,027 [INFO] ThirdParty:1030 - CMSIS Pack Vendor :STMicroelectronics X-CUBE-GNSS1 7.0.1
2025-07-07 11:32:43,027 [INFO] ThirdParty:1030 - CMSIS Pack Vendor :STMicroelectronics X-CUBE-TOUCHGFX 4.25.0
2025-07-07 11:32:43,027 [INFO] ThirdParty:1030 - CMSIS Pack Vendor :STMicroelectronics X-CUBE-AI 10.1.0
2025-07-07 11:32:43,027 [INFO] ThirdParty:1030 - CMSIS Pack Vendor :STMicroelectronics FP-SNS-STBOX1 2.0.0
2025-07-07 11:32:43,027 [INFO] ThirdParty:1030 - CMSIS Pack Vendor :STMicroelectronics X-CUBE-MEMS1 11.2.0
2025-07-07 11:32:43,027 [INFO] ThirdParty:1030 - CMSIS Pack Vendor :STMicroelectronics X-CUBE-AZRTOS-G0 1.1.0
2025-07-07 11:32:43,027 [INFO] ThirdParty:1030 - CMSIS Pack Vendor :STMicroelectronics X-CUBE-SAFEA1 1.2.2
2025-07-07 11:32:43,027 [INFO] ThirdParty:1030 - CMSIS Pack Vendor :STMicroelectronics X-CUBE-NFC4 3.0.0
2025-07-07 11:32:43,027 [INFO] ThirdParty:1030 - CMSIS Pack Vendor :STMicroelectronics X-CUBE-SUBG2 5.0.0
2025-07-07 11:32:43,027 [INFO] ThirdParty:1030 - CMSIS Pack Vendor :STMicroelectronics X-CUBE-AZRTOS-H7RS 1.1.0
2025-07-07 11:32:43,027 [INFO] ThirdParty:1030 - CMSIS Pack Vendor :STMicroelectronics STM32_WPAN 1.0.0
2025-07-07 11:32:43,027 [INFO] ThirdParty:1030 - CMSIS Pack Vendor :EmbeddedOffice I-CUBE-FS-RTOS 1.0.1
2025-07-07 11:32:43,028 [INFO] ThirdParty:1030 - CMSIS Pack Vendor :STMicroelectronics lwIP 2.0.3
2025-07-07 11:32:43,028 [INFO] ThirdParty:1030 - CMSIS Pack Vendor :Cesanta I-CUBE-Mongoose 7.13.0
2025-07-07 11:32:43,028 [INFO] ThirdParty:1030 - CMSIS Pack Vendor :STMicroelectronics USB_HOST 1.0.0
2025-07-07 11:32:43,028 [INFO] ThirdParty:1030 - CMSIS Pack Vendor :STMicroelectronics X-CUBE-AZRTOS-G4 2.0.0
2025-07-07 11:32:43,028 [INFO] ThirdParty:1030 - CMSIS Pack Vendor :STMicroelectronics X-CUBE-WB05N 2.0.0
2025-07-07 11:32:43,028 [INFO] ThirdParty:1030 - CMSIS Pack Vendor :STMicroelectronics PDM2PCM 3.1.0
2025-07-07 11:32:43,029 [INFO] ThirdParty:1030 - CMSIS Pack Vendor :STMicroelectronics X-CUBE-NFC7 2.0.0
2025-07-07 11:32:43,030 [INFO] ThirdParty:1030 - CMSIS Pack Vendor :STMicroelectronics X-CUBE-TCPP 4.2.0
2025-07-07 11:32:43,030 [INFO] ThirdParty:1030 - CMSIS Pack Vendor :RealThread X-CUBE-RT-Thread_Nano 4.1.1
2025-07-07 11:32:43,031 [INFO] ThirdParty:1030 - CMSIS Pack Vendor :STMicroelectronics FP-ATR-SIGFOX1 3.2.0
2025-07-07 11:32:43,031 [INFO] ThirdParty:1030 - CMSIS Pack Vendor :quantropi X-CUBE-qispace-sdk-base 1.9.3
2025-07-07 11:32:43,031 [INFO] ThirdParty:1030 - CMSIS Pack Vendor :STMicroelectronics X-CUBE-EEPRMA1 5.1.0
2025-07-07 11:32:43,031 [INFO] ThirdParty:1030 - CMSIS Pack Vendor :STMicroelectronics MBEDTLS 2.16.2
2025-07-07 11:32:43,031 [INFO] ThirdParty:1030 - CMSIS Pack Vendor :STMicroelectronics X-CUBE-IPS 3.1.0
2025-07-07 11:32:43,031 [INFO] ThirdParty:1030 - CMSIS Pack Vendor :STMicroelectronics X-CUBE-ALS 1.0.2
2025-07-07 11:32:43,031 [INFO] ThirdParty:1030 - CMSIS Pack Vendor :wolfSSL I-CUBE-wolfSSL 5.7.4
2025-07-07 11:32:43,031 [INFO] ThirdParty:1030 - CMSIS Pack Vendor :STMicroelectronics X-CUBE-TOUCHGFX 4.24.0
2025-07-07 11:32:43,031 [INFO] ThirdParty:1030 - CMSIS Pack Vendor :ITTIA_DB I-CUBE-ITTIADB 8.9.0
2025-07-07 11:32:43,031 [INFO] ThirdParty:1030 - CMSIS Pack Vendor :STMicroelectronics X-CUBE-TOUCHGFX 4.24.2
2025-07-07 11:32:43,032 [INFO] ThirdParty:1030 - CMSIS Pack Vendor :STMicroelectronics X-CUBE-TOUCHGFX 4.24.1
2025-07-07 11:32:43,032 [INFO] ThirdParty:1030 - CMSIS Pack Vendor :wolfSSL I-CUBE-wolfTPM 3.4.0
2025-07-07 11:32:43,032 [INFO] ThirdParty:1030 - CMSIS Pack Vendor :portGmbH I-Cube-SoM-uGOAL 1.1.0
2025-07-07 11:32:43,032 [INFO] ThirdParty:1030 - CMSIS Pack Vendor :STMicroelectronics X-CUBE-ST67W61 1.0.0
2025-07-07 11:32:43,032 [INFO] ThirdParty:1030 - CMSIS Pack Vendor :STMicroelectronics ThreadX 1.0.0
2025-07-07 11:32:43,032 [INFO] ThirdParty:1030 - CMSIS Pack Vendor :SEGGER I-CUBE-embOS 1.3.1
2025-07-07 11:32:43,032 [INFO] ThirdParty:1030 - CMSIS Pack Vendor :STMicroelectronics X-CUBE-ALGOBUILD 1.4.0
2025-07-07 11:32:43,032 [INFO] ThirdParty:1030 - CMSIS Pack Vendor :STMicroelectronics X-CUBE-MEMS1 11.3.0
2025-07-07 11:32:43,032 [INFO] ThirdParty:1030 - CMSIS Pack Vendor :STMicroelectronics X-CUBE-AZRTOS-H7RS 1.0.0
2025-07-07 11:32:43,032 [INFO] ThirdParty:1030 - CMSIS Pack Vendor :STMicroelectronics X-CUBE-TOF1 3.4.2
2025-07-07 11:32:43,032 [INFO] ThirdParty:1030 - CMSIS Pack Vendor :STMicroelectronics X-CUBE-TOF1 3.4.3
2025-07-07 11:32:43,032 [INFO] ThirdParty:1030 - CMSIS Pack Vendor :STMicroelectronics X-CUBE-AI 9.1.0
2025-07-07 11:32:43,032 [INFO] ThirdParty:1030 - CMSIS Pack Vendor :wolfSSL I-CUBE-wolfSSH 1.4.17
2025-07-07 11:32:43,032 [INFO] ThirdParty:841 - exiting critical section [change project]
2025-07-07 11:32:43,866 [INFO] PinOutPanel:1589 - setPackage(No Configuration,No Configuration)
2025-07-07 11:32:43,869 [INFO] PinOutPanel:1589 - setPackage(STM32F446RETx,LQFP64)
2025-07-07 11:32:44,797 [INFO] UtilMem:75 - Before build in PCC Used Memory: 547454280 Bytes (639631360)
2025-07-07 11:32:46,197 [INFO] UtilMem:75 - After build in PCC Used Memory: 288755880 Bytes (639631360)
2025-07-07 11:32:46,264 [INFO] IPUIPlugin:80 - create IPUIPlugin
2025-07-07 11:32:46,264 [INFO] IPUIPlugin:80 - create IPUIPlugin
2025-07-07 11:32:46,264 [INFO] IPUIPlugin:80 - create IPUIPlugin
2025-07-07 11:32:46,264 [INFO] IPUIPlugin:80 - create IPUIPlugin
2025-07-07 11:32:46,265 [INFO] IPUIPlugin:80 - create IPUIPlugin
2025-07-07 11:32:46,265 [INFO] IPUIPlugin:80 - create IPUIPlugin
2025-07-07 11:32:46,265 [INFO] IPUIPlugin:80 - create IPUIPlugin
2025-07-07 11:32:46,266 [INFO] IPUIPlugin:80 - create IPUIPlugin
2025-07-07 11:32:46,266 [INFO] IPUIPlugin:80 - create IPUIPlugin
2025-07-07 11:32:46,266 [INFO] IPUIPlugin:80 - create IPUIPlugin
2025-07-07 11:32:46,266 [INFO] IPUIPlugin:80 - create IPUIPlugin
2025-07-07 11:32:46,266 [INFO] IPUIPlugin:80 - create IPUIPlugin
2025-07-07 11:32:46,266 [INFO] IPUIPlugin:80 - create IPUIPlugin
2025-07-07 11:32:46,267 [INFO] IPUIPlugin:80 - create IPUIPlugin
2025-07-07 11:32:46,267 [INFO] IPUIPlugin:80 - create IPUIPlugin
2025-07-07 11:32:46,267 [INFO] IPUIPlugin:80 - create IPUIPlugin
2025-07-07 11:32:46,267 [INFO] IPUIPlugin:80 - create IPUIPlugin
2025-07-07 11:32:46,267 [INFO] IPUIPlugin:80 - create IPUIPlugin
2025-07-07 11:32:46,267 [INFO] IPUIPlugin:80 - create IPUIPlugin
2025-07-07 11:32:46,268 [INFO] IPUIPlugin:80 - create IPUIPlugin
2025-07-07 11:32:46,268 [INFO] IPUIPlugin:80 - create IPUIPlugin
2025-07-07 11:32:46,268 [INFO] IPUIPlugin:80 - create IPUIPlugin
2025-07-07 11:32:46,268 [INFO] IPUIPlugin:80 - create IPUIPlugin
2025-07-07 11:32:46,269 [INFO] IPUIPlugin:80 - create IPUIPlugin
2025-07-07 11:32:46,269 [INFO] IPUIPlugin:80 - create IPUIPlugin
2025-07-07 11:32:46,269 [INFO] IPUIPlugin:80 - create IPUIPlugin
2025-07-07 11:32:46,269 [INFO] IPUIPlugin:80 - create IPUIPlugin
2025-07-07 11:32:46,270 [INFO] IPUIPlugin:80 - create IPUIPlugin
2025-07-07 11:32:46,270 [INFO] IPUIPlugin:80 - create IPUIPlugin
2025-07-07 11:32:46,270 [INFO] IPUIPlugin:80 - create IPUIPlugin
2025-07-07 11:32:46,270 [INFO] IPUIPlugin:80 - create IPUIPlugin
2025-07-07 11:32:46,271 [INFO] IPUIPlugin:80 - create IPUIPlugin
2025-07-07 11:32:46,271 [INFO] IPUIPlugin:80 - create IPUIPlugin
2025-07-07 11:32:46,271 [INFO] IPUIPlugin:80 - create IPUIPlugin
2025-07-07 11:32:46,271 [INFO] IPUIPlugin:80 - create IPUIPlugin
2025-07-07 11:32:46,272 [INFO] IPUIPlugin:80 - create IPUIPlugin
2025-07-07 11:32:46,272 [INFO] IPUIPlugin:80 - create IPUIPlugin
2025-07-07 11:32:46,272 [INFO] IPUIPlugin:80 - create IPUIPlugin
2025-07-07 11:32:46,273 [INFO] IPUIPlugin:80 - create IPUIPlugin
2025-07-07 11:32:46,273 [INFO] IPUIPlugin:80 - create IPUIPlugin
2025-07-07 11:32:46,273 [INFO] IPUIPlugin:80 - create IPUIPlugin
2025-07-07 11:32:46,274 [INFO] IPUIPlugin:80 - create IPUIPlugin
2025-07-07 11:32:46,274 [INFO] IPUIPlugin:80 - create IPUIPlugin
2025-07-07 11:32:46,274 [INFO] IPUIPlugin:80 - create IPUIPlugin
2025-07-07 11:32:46,275 [INFO] IPUIPlugin:80 - create IPUIPlugin
2025-07-07 11:32:46,275 [INFO] IPUIPlugin:80 - create IPUIPlugin
2025-07-07 11:32:46,277 [INFO] IPUIPlugin:80 - create IPUIPlugin
2025-07-07 11:32:46,278 [INFO] IPUIPlugin:80 - create IPUIPlugin
2025-07-07 11:32:46,279 [INFO] IPUIPlugin:80 - create IPUIPlugin
2025-07-07 11:32:46,280 [INFO] IPUIPlugin:80 - create IPUIPlugin
2025-07-07 11:32:46,280 [INFO] IPUIPlugin:80 - create IPUIPlugin
2025-07-07 11:32:46,280 [INFO] IPUIPlugin:80 - create IPUIPlugin
2025-07-07 11:32:46,281 [INFO] IPUIPlugin:80 - create IPUIPlugin
2025-07-07 11:32:46,281 [INFO] IPUIPlugin:80 - create IPUIPlugin
2025-07-07 11:32:46,282 [INFO] IPUIPlugin:80 - create IPUIPlugin
2025-07-07 11:32:46,282 [INFO] IPUIPlugin:80 - create IPUIPlugin
2025-07-07 11:32:46,282 [INFO] IPUIPlugin:80 - create IPUIPlugin
2025-07-07 11:32:46,283 [INFO] IPUIPlugin:80 - create IPUIPlugin
2025-07-07 11:32:46,283 [INFO] IPUIPlugin:80 - create IPUIPlugin
2025-07-07 11:32:46,284 [INFO] IPUIPlugin:80 - create IPUIPlugin
2025-07-07 11:32:46,401 [INFO] ApiDbMcu:508 - Load IP Config File for PDM2PCM
2025-07-07 11:32:46,880 [INFO] CADModel:165 - CPN selected for project levelSTM32F446RET6
2025-07-07 11:32:46,880 [INFO] CADModel:114 - Register for checkConnection events
2025-07-07 11:32:46,958 [INFO] OpenFileManager:385 - Restore cursor
2025-07-07 11:34:11,405 [INFO] NvicIntPanel:101 - NVIC parent = com.st.microxplorer.plugins.ip.nvic.MultiNvicIntPanel[,0,0,0x0,invalid,layout=javax.swing.BoxLayout,alignmentX=0.0,alignmentY=0.0,border=,flags=9,maximumSize=,minimumSize=,preferredSize=]
2025-07-07 12:01:35,270 [INFO] WebApp:194 - Connection lost
2025-07-07 12:01:56,605 [INFO] WebApp:191 - Connection restablished
2025-07-07 12:01:57,804 [INFO] WebApp:194 - Connection lost
2025-07-07 12:01:58,164 [INFO] WebApp:191 - Connection restablished
2025-07-07 12:03:42,814 [INFO] WebApp:194 - Connection lost
2025-07-07 12:03:43,245 [INFO] WebApp:191 - Connection restablished
2025-07-07 13:06:48,574 [INFO] WebApp:194 - Connection lost
2025-07-07 13:06:49,076 [INFO] WebApp:191 - Connection restablished
2025-07-07 13:06:51,334 [INFO] WebApp:194 - Connection lost
2025-07-07 13:06:51,463 [INFO] WebApp:191 - Connection restablished
2025-07-07 15:00:38,047 [INFO] NvicIntPanel:101 - NVIC parent = com.st.microxplorer.plugins.ip.nvic.MultiNvicIntPanel[,0,0,0x0,invalid,layout=javax.swing.BoxLayout,alignmentX=0.0,alignmentY=0.0,border=,flags=9,maximumSize=,minimumSize=,preferredSize=]
2025-07-07 15:00:43,152 [INFO] NvicIntPanel:101 - NVIC parent = com.st.microxplorer.plugins.ip.nvic.MultiNvicIntPanel[,0,0,0x0,invalid,layout=javax.swing.BoxLayout,alignmentX=0.0,alignmentY=0.0,border=,flags=9,maximumSize=,minimumSize=,preferredSize=]
2025-07-07 15:00:48,291 [INFO] NvicIntPanel:101 - NVIC parent = com.st.microxplorer.plugins.ip.nvic.MultiNvicIntPanel[,0,0,0x0,invalid,layout=javax.swing.BoxLayout,alignmentX=0.0,alignmentY=0.0,border=,flags=9,maximumSize=,minimumSize=,preferredSize=]
2025-07-07 15:13:23,754 [INFO] Gpio:277 - dependency for GPIO [SPI1, SPI2, USART2, USART3]
2025-07-07 15:16:37,101 [INFO] UtilMem:75 - End SaveConfig() Used Memory: 442552280 Bytes (639631360)
2025-07-07 15:16:40,762 [INFO] UtilMem:75 - End SaveConfig() Used Memory: 255640832 Bytes (639631360)
2025-07-07 15:16:41,679 [INFO] BlockDiagram:2775 - set Specific Code input for plugin: SPI
2025-07-07 15:16:41,681 [INFO] BlockDiagram:2775 - set Specific Code input for plugin: SPI
2025-07-07 15:16:41,681 [INFO] BlockDiagram:2775 - set Specific Code input for plugin: SYS
2025-07-07 15:16:41,681 [INFO] BlockDiagram:2775 - set Specific Code input for plugin: RCC
2025-07-07 15:16:41,681 [INFO] BlockDiagram:2775 - set Specific Code input for plugin: NVIC
2025-07-07 15:16:41,681 [INFO] BlockDiagram:2775 - set Specific Code input for plugin: USART
2025-07-07 15:16:41,682 [INFO] BlockDiagram:2775 - set Specific Code input for plugin: USART
2025-07-07 15:16:41,682 [INFO] BlockDiagram:2775 - set Specific Code input for plugin: GPIO
2025-07-07 15:16:41,690 [INFO] CodeGenerator:882 - code generatio: config db path: C:\ST\STM32CubeIDE_1.16.1\STM32CubeIDE\plugins\com.st.stm32cube.common.mx_6.14.1.202504091515\\db\
2025-07-07 15:16:41,964 [INFO] CodeEngine:263 - oldGeneratedFile, C:\Users\kjeya\Documents\MCU_INTEGRATION\STM32_DISPLAY_APP\MXTmpFiles\license.tmp_save
2025-07-07 15:16:42,613 [INFO] CodeEngine:287 - Generated code: C:\Users\kjeya\Documents\MCU_INTEGRATION\STM32_DISPLAY_APP\MXTmpFiles\license.tmp
2025-07-07 15:16:42,723 [INFO] CodeEngine:263 - oldGeneratedFile, C:\Users\kjeya\Documents\MCU_INTEGRATION\STM32_DISPLAY_APP\MXTmpFiles\gpio.tmp_save
2025-07-07 15:16:42,952 [INFO] CodeEngine:287 - Generated code: C:\Users\kjeya\Documents\MCU_INTEGRATION\STM32_DISPLAY_APP\MXTmpFiles\gpio.tmp
2025-07-07 15:16:43,320 [INFO] CodeEngine:263 - oldGeneratedFile, C:\Users\kjeya\Documents\MCU_INTEGRATION\STM32_DISPLAY_APP\Core\Src\stm32f4xx_it.c_save
2025-07-07 15:16:43,531 [INFO] CodeEngine:287 - Generated code: C:\Users\kjeya\Documents\MCU_INTEGRATION\STM32_DISPLAY_APP\Core\Src\stm32f4xx_it.c
2025-07-07 15:16:43,542 [INFO] CodeEngine:263 - oldGeneratedFile, C:\Users\kjeya\Documents\MCU_INTEGRATION\STM32_DISPLAY_APP\Core\Inc\stm32f4xx_it.h_save
2025-07-07 15:16:43,678 [INFO] CodeEngine:287 - Generated code: C:\Users\kjeya\Documents\MCU_INTEGRATION\STM32_DISPLAY_APP\Core\Inc\stm32f4xx_it.h
2025-07-07 15:16:43,712 [INFO] CodeEngine:263 - oldGeneratedFile, C:\Users\kjeya\Documents\MCU_INTEGRATION\STM32_DISPLAY_APP\Core\Src\stm32f4xx_hal_msp.c_save
2025-07-07 15:16:43,934 [INFO] CodeEngine:287 - Generated code: C:\Users\kjeya\Documents\MCU_INTEGRATION\STM32_DISPLAY_APP\Core\Src\stm32f4xx_hal_msp.c
2025-07-07 15:16:43,943 [INFO] CodeEngine:263 - oldGeneratedFile, C:\Users\kjeya\Documents\MCU_INTEGRATION\STM32_DISPLAY_APP\MXTmpFiles\system.tmp_save
2025-07-07 15:16:44,051 [INFO] CodeEngine:287 - Generated code: C:\Users\kjeya\Documents\MCU_INTEGRATION\STM32_DISPLAY_APP\MXTmpFiles\system.tmp
2025-07-07 15:16:44,065 [INFO] CodeEngine:263 - oldGeneratedFile, C:\Users\kjeya\Documents\MCU_INTEGRATION\STM32_DISPLAY_APP\Core\Src\stm32f4xx_hal_timebase_tim.c_save
2025-07-07 15:16:44,179 [INFO] CodeEngine:287 - Generated code: C:\Users\kjeya\Documents\MCU_INTEGRATION\STM32_DISPLAY_APP\Core\Src\stm32f4xx_hal_timebase_tim.c
2025-07-07 15:16:44,203 [INFO] CodeEngine:319 - oldGeneratedFile, C:\Users\kjeya\Documents\MCU_INTEGRATION\STM32_DISPLAY_APP\Core\Inc\stm32f4xx_hal_conf.h_save
2025-07-07 15:16:44,412 [INFO] CodeEngine:343 - Generated code: C:\Users\kjeya\Documents\MCU_INTEGRATION\STM32_DISPLAY_APP\Core\Inc\stm32f4xx_hal_conf.h
2025-07-07 15:16:44,462 [WARN] IPConfigManager:3217 - Warning: the RefConfig PLL2P_FOR_MCO is not available in your config.xml file
2025-07-07 15:16:44,477 [INFO] ApiDbMcu:508 - Load IP Config File for SPI1
2025-07-07 15:16:44,482 [INFO] ApiDbMcu:508 - Load IP Config File for SPI2
2025-07-07 15:16:44,490 [INFO] ApiDbMcu:508 - Load IP Config File for USART2
2025-07-07 15:16:44,494 [INFO] ApiDbMcu:508 - Load IP Config File for USART3
2025-07-07 15:16:44,503 [INFO] ApiDbMcu:508 - Load IP Config File for RCC
2025-07-07 15:16:44,523 [INFO] CodeEngine:263 - oldGeneratedFile, C:\Users\kjeya\Documents\MCU_INTEGRATION\STM32_DISPLAY_APP\Core\Inc\main.h_save
2025-07-07 15:16:44,691 [INFO] CodeEngine:287 - Generated code: C:\Users\kjeya\Documents\MCU_INTEGRATION\STM32_DISPLAY_APP\Core\Inc\main.h
2025-07-07 15:16:44,703 [INFO] CodeEngine:263 - oldGeneratedFile, C:\Users\kjeya\Documents\MCU_INTEGRATION\STM32_DISPLAY_APP\Core\Src\main.c_save
2025-07-07 15:16:44,971 [INFO] CodeEngine:287 - Generated code: C:\Users\kjeya\Documents\MCU_INTEGRATION\STM32_DISPLAY_APP\Core\Src\main.c
2025-07-07 15:16:45,885 [INFO] ProjectBuilder:3324 - Time for Copy HAL[1] : 358mS.
2025-07-07 15:16:45,901 [INFO] ProjectBuilder:4912 - Project Generator version: 4.6.0.1-B1
2025-07-07 15:16:46,096 [INFO] ConfigFileManager:1590 - The Die is : DIE421
2025-07-07 15:16:46,122 [INFO] ApiDbMcu:508 - Load IP Config File for FATFS
2025-07-07 15:16:46,133 [INFO] ApiDbMcu:508 - Load IP Config File for FREERTOS
2025-07-07 15:16:46,139 [INFO] ApiDbMcu:508 - Load IP Config File for LIBJPEG
2025-07-07 15:16:46,167 [INFO] ApiDbMcu:508 - Load IP Config File for MBEDTLS
2025-07-07 15:16:46,180 [INFO] ApiDbMcu:508 - Load IP Config File for USB_DEVICE
2025-07-07 15:16:46,189 [INFO] ApiDbMcu:508 - Load IP Config File for USB_HOST
2025-07-07 15:16:46,777 [INFO] LogOutputStream:77 - [STDOUT_REDIRECT] 
2025-07-07 15:16:48,974 [INFO] ProjectBuilder:5191 - Time for Generating toolchain IDE Files: 3071mS.
2025-07-07 15:16:48,976 [INFO] ProjectBuilder:3181 - Time for Copy CMSIS : 2mS.
2025-07-07 15:16:48,987 [INFO] ProjectBuilder:3181 - Time for Copy CMSIS : 0mS.
2025-07-07 15:18:10,586 [INFO] NvicIntPanel:101 - NVIC parent = com.st.microxplorer.plugins.ip.nvic.MultiNvicIntPanel[,2,27,547x556,layout=javax.swing.BoxLayout,alignmentX=0.0,alignmentY=0.0,border=,flags=9,maximumSize=,minimumSize=,preferredSize=]
2025-07-07 15:18:17,640 [INFO] Gpio:277 - dependency for GPIO [SPI1, SPI2, USART2, USART3]
2025-07-07 15:18:18,976 [INFO] Gpio:277 - dependency for GPIO [SPI1, SPI2, USART2, USART3]
2025-07-07 15:18:22,325 [INFO] UtilMem:75 - End SaveConfig() Used Memory: 523608136 Bytes (662700032)
2025-07-07 15:18:25,992 [INFO] UtilMem:75 - End SaveConfig() Used Memory: 297338120 Bytes (662700032)
2025-07-07 15:18:26,384 [INFO] BlockDiagram:2775 - set Specific Code input for plugin: SPI
2025-07-07 15:18:26,386 [INFO] BlockDiagram:2775 - set Specific Code input for plugin: SPI
2025-07-07 15:18:26,386 [INFO] BlockDiagram:2775 - set Specific Code input for plugin: SYS
2025-07-07 15:18:26,386 [INFO] BlockDiagram:2775 - set Specific Code input for plugin: RCC
2025-07-07 15:18:26,387 [INFO] BlockDiagram:2775 - set Specific Code input for plugin: NVIC
2025-07-07 15:18:26,387 [INFO] BlockDiagram:2775 - set Specific Code input for plugin: USART
2025-07-07 15:18:26,387 [INFO] BlockDiagram:2775 - set Specific Code input for plugin: USART
2025-07-07 15:18:26,388 [INFO] BlockDiagram:2775 - set Specific Code input for plugin: GPIO
2025-07-07 15:18:26,390 [INFO] CodeGenerator:882 - code generatio: config db path: C:\ST\STM32CubeIDE_1.16.1\STM32CubeIDE\plugins\com.st.stm32cube.common.mx_6.14.1.202504091515\\db\
2025-07-07 15:18:26,506 [INFO] CodeEngine:263 - oldGeneratedFile, C:\Users\kjeya\Documents\MCU_INTEGRATION\STM32_DISPLAY_APP\MXTmpFiles\license.tmp_save
2025-07-07 15:18:26,623 [INFO] CodeEngine:287 - Generated code: C:\Users\kjeya\Documents\MCU_INTEGRATION\STM32_DISPLAY_APP\MXTmpFiles\license.tmp
2025-07-07 15:18:26,671 [INFO] CodeEngine:263 - oldGeneratedFile, C:\Users\kjeya\Documents\MCU_INTEGRATION\STM32_DISPLAY_APP\MXTmpFiles\gpio.tmp_save
2025-07-07 15:18:26,781 [INFO] CodeEngine:287 - Generated code: C:\Users\kjeya\Documents\MCU_INTEGRATION\STM32_DISPLAY_APP\MXTmpFiles\gpio.tmp
2025-07-07 15:18:27,021 [INFO] CodeEngine:263 - oldGeneratedFile, C:\Users\kjeya\Documents\MCU_INTEGRATION\STM32_DISPLAY_APP\Core\Src\stm32f4xx_it.c_save
2025-07-07 15:18:27,176 [INFO] CodeEngine:287 - Generated code: C:\Users\kjeya\Documents\MCU_INTEGRATION\STM32_DISPLAY_APP\Core\Src\stm32f4xx_it.c
2025-07-07 15:18:27,193 [INFO] CodeEngine:263 - oldGeneratedFile, C:\Users\kjeya\Documents\MCU_INTEGRATION\STM32_DISPLAY_APP\Core\Inc\stm32f4xx_it.h_save
2025-07-07 15:18:27,291 [INFO] CodeEngine:287 - Generated code: C:\Users\kjeya\Documents\MCU_INTEGRATION\STM32_DISPLAY_APP\Core\Inc\stm32f4xx_it.h
2025-07-07 15:18:27,314 [INFO] CodeEngine:263 - oldGeneratedFile, C:\Users\kjeya\Documents\MCU_INTEGRATION\STM32_DISPLAY_APP\Core\Src\stm32f4xx_hal_msp.c_save
2025-07-07 15:18:27,454 [INFO] CodeEngine:287 - Generated code: C:\Users\kjeya\Documents\MCU_INTEGRATION\STM32_DISPLAY_APP\Core\Src\stm32f4xx_hal_msp.c
2025-07-07 15:18:27,460 [INFO] CodeEngine:263 - oldGeneratedFile, C:\Users\kjeya\Documents\MCU_INTEGRATION\STM32_DISPLAY_APP\MXTmpFiles\system.tmp_save
2025-07-07 15:18:27,543 [INFO] CodeEngine:287 - Generated code: C:\Users\kjeya\Documents\MCU_INTEGRATION\STM32_DISPLAY_APP\MXTmpFiles\system.tmp
2025-07-07 15:18:27,553 [INFO] CodeEngine:263 - oldGeneratedFile, C:\Users\kjeya\Documents\MCU_INTEGRATION\STM32_DISPLAY_APP\Core\Src\stm32f4xx_hal_timebase_tim.c_save
2025-07-07 15:18:27,632 [INFO] CodeEngine:287 - Generated code: C:\Users\kjeya\Documents\MCU_INTEGRATION\STM32_DISPLAY_APP\Core\Src\stm32f4xx_hal_timebase_tim.c
2025-07-07 15:18:27,644 [INFO] CodeEngine:319 - oldGeneratedFile, C:\Users\kjeya\Documents\MCU_INTEGRATION\STM32_DISPLAY_APP\Core\Inc\stm32f4xx_hal_conf.h_save
2025-07-07 15:18:27,724 [INFO] CodeEngine:343 - Generated code: C:\Users\kjeya\Documents\MCU_INTEGRATION\STM32_DISPLAY_APP\Core\Inc\stm32f4xx_hal_conf.h
2025-07-07 15:18:27,751 [WARN] IPConfigManager:3217 - Warning: the RefConfig PLL2P_FOR_MCO is not available in your config.xml file
2025-07-07 15:18:27,767 [INFO] CodeEngine:263 - oldGeneratedFile, C:\Users\kjeya\Documents\MCU_INTEGRATION\STM32_DISPLAY_APP\Core\Inc\main.h_save
2025-07-07 15:18:27,843 [INFO] CodeEngine:287 - Generated code: C:\Users\kjeya\Documents\MCU_INTEGRATION\STM32_DISPLAY_APP\Core\Inc\main.h
2025-07-07 15:18:27,853 [INFO] CodeEngine:263 - oldGeneratedFile, C:\Users\kjeya\Documents\MCU_INTEGRATION\STM32_DISPLAY_APP\Core\Src\main.c_save
2025-07-07 15:18:27,994 [INFO] CodeEngine:287 - Generated code: C:\Users\kjeya\Documents\MCU_INTEGRATION\STM32_DISPLAY_APP\Core\Src\main.c
2025-07-07 15:18:28,514 [INFO] ProjectBuilder:3324 - Time for Copy HAL[1] : 212mS.
2025-07-07 15:18:28,520 [INFO] ProjectBuilder:4912 - Project Generator version: 4.6.0.1-B1
2025-07-07 15:18:28,630 [INFO] ConfigFileManager:1590 - The Die is : DIE421
2025-07-07 15:18:30,206 [INFO] ProjectBuilder:5191 - Time for Generating toolchain IDE Files: 1685mS.
2025-07-07 15:18:30,207 [INFO] ProjectBuilder:3181 - Time for Copy CMSIS : 1mS.
2025-07-07 15:18:30,218 [INFO] ProjectBuilder:3181 - Time for Copy CMSIS : 0mS.
2025-07-07 16:30:22,067 [INFO] NvicIntPanel:101 - NVIC parent = com.st.microxplorer.plugins.ip.nvic.MultiNvicIntPanel[,0,0,0x0,invalid,layout=javax.swing.BoxLayout,alignmentX=0.0,alignmentY=0.0,border=,flags=9,maximumSize=,minimumSize=,preferredSize=]
2025-07-07 16:30:34,103 [INFO] NvicIntPanel:101 - NVIC parent = com.st.microxplorer.plugins.ip.nvic.MultiNvicIntPanel[,0,0,0x0,invalid,layout=javax.swing.BoxLayout,alignmentX=0.0,alignmentY=0.0,border=,flags=9,maximumSize=,minimumSize=,preferredSize=]
2025-07-07 16:30:34,329 [INFO] NvicIntPanel:101 - NVIC parent = com.st.microxplorer.plugins.ip.nvic.MultiNvicIntPanel[,0,0,0x0,invalid,layout=javax.swing.BoxLayout,alignmentX=0.0,alignmentY=0.0,border=,flags=9,maximumSize=,minimumSize=,preferredSize=]
2025-07-07 16:30:39,558 [INFO] UtilMem:75 - End SaveConfig() Used Memory: 341071112 Bytes (662700032)
2025-07-07 16:30:42,333 [INFO] UtilMem:75 - End SaveConfig() Used Memory: 398019776 Bytes (662700032)
2025-07-07 16:30:42,879 [INFO] BlockDiagram:2775 - set Specific Code input for plugin: SPI
2025-07-07 16:30:42,879 [INFO] BlockDiagram:2775 - set Specific Code input for plugin: SPI
2025-07-07 16:30:42,879 [INFO] BlockDiagram:2775 - set Specific Code input for plugin: SYS
2025-07-07 16:30:42,879 [INFO] BlockDiagram:2775 - set Specific Code input for plugin: RCC
2025-07-07 16:30:42,879 [INFO] BlockDiagram:2775 - set Specific Code input for plugin: NVIC
2025-07-07 16:30:42,879 [INFO] BlockDiagram:2775 - set Specific Code input for plugin: USART
2025-07-07 16:30:42,880 [INFO] BlockDiagram:2775 - set Specific Code input for plugin: USART
2025-07-07 16:30:42,881 [INFO] BlockDiagram:2775 - set Specific Code input for plugin: GPIO
2025-07-07 16:30:42,882 [INFO] CodeGenerator:882 - code generatio: config db path: C:\ST\STM32CubeIDE_1.16.1\STM32CubeIDE\plugins\com.st.stm32cube.common.mx_6.14.1.202504091515\\db\
2025-07-07 16:30:43,028 [INFO] CodeEngine:263 - oldGeneratedFile, C:\Users\kjeya\Documents\MCU_INTEGRATION\STM32_DISPLAY_APP\MXTmpFiles\license.tmp_save
2025-07-07 16:30:43,451 [INFO] CodeEngine:287 - Generated code: C:\Users\kjeya\Documents\MCU_INTEGRATION\STM32_DISPLAY_APP\MXTmpFiles\license.tmp
2025-07-07 16:30:43,536 [INFO] CodeEngine:263 - oldGeneratedFile, C:\Users\kjeya\Documents\MCU_INTEGRATION\STM32_DISPLAY_APP\MXTmpFiles\gpio.tmp_save
2025-07-07 16:30:43,778 [INFO] CodeEngine:287 - Generated code: C:\Users\kjeya\Documents\MCU_INTEGRATION\STM32_DISPLAY_APP\MXTmpFiles\gpio.tmp
2025-07-07 16:30:44,204 [INFO] CodeEngine:263 - oldGeneratedFile, C:\Users\kjeya\Documents\MCU_INTEGRATION\STM32_DISPLAY_APP\Core\Src\stm32f4xx_it.c_save
2025-07-07 16:30:44,711 [INFO] CodeEngine:287 - Generated code: C:\Users\kjeya\Documents\MCU_INTEGRATION\STM32_DISPLAY_APP\Core\Src\stm32f4xx_it.c
2025-07-07 16:30:44,726 [INFO] CodeEngine:263 - oldGeneratedFile, C:\Users\kjeya\Documents\MCU_INTEGRATION\STM32_DISPLAY_APP\Core\Inc\stm32f4xx_it.h_save
2025-07-07 16:30:44,868 [INFO] CodeEngine:287 - Generated code: C:\Users\kjeya\Documents\MCU_INTEGRATION\STM32_DISPLAY_APP\Core\Inc\stm32f4xx_it.h
2025-07-07 16:30:44,903 [INFO] CodeEngine:263 - oldGeneratedFile, C:\Users\kjeya\Documents\MCU_INTEGRATION\STM32_DISPLAY_APP\Core\Src\stm32f4xx_hal_msp.c_save
2025-07-07 16:30:45,116 [INFO] CodeEngine:287 - Generated code: C:\Users\kjeya\Documents\MCU_INTEGRATION\STM32_DISPLAY_APP\Core\Src\stm32f4xx_hal_msp.c
2025-07-07 16:30:45,126 [INFO] CodeEngine:263 - oldGeneratedFile, C:\Users\kjeya\Documents\MCU_INTEGRATION\STM32_DISPLAY_APP\MXTmpFiles\system.tmp_save
2025-07-07 16:30:45,217 [INFO] CodeEngine:287 - Generated code: C:\Users\kjeya\Documents\MCU_INTEGRATION\STM32_DISPLAY_APP\MXTmpFiles\system.tmp
2025-07-07 16:30:45,231 [INFO] CodeEngine:263 - oldGeneratedFile, C:\Users\kjeya\Documents\MCU_INTEGRATION\STM32_DISPLAY_APP\Core\Src\stm32f4xx_hal_timebase_tim.c_save
2025-07-07 16:30:45,345 [INFO] CodeEngine:287 - Generated code: C:\Users\kjeya\Documents\MCU_INTEGRATION\STM32_DISPLAY_APP\Core\Src\stm32f4xx_hal_timebase_tim.c
2025-07-07 16:30:45,372 [INFO] CodeEngine:319 - oldGeneratedFile, C:\Users\kjeya\Documents\MCU_INTEGRATION\STM32_DISPLAY_APP\Core\Inc\stm32f4xx_hal_conf.h_save
2025-07-07 16:30:45,501 [INFO] CodeEngine:343 - Generated code: C:\Users\kjeya\Documents\MCU_INTEGRATION\STM32_DISPLAY_APP\Core\Inc\stm32f4xx_hal_conf.h
2025-07-07 16:30:45,534 [WARN] IPConfigManager:3217 - Warning: the RefConfig PLL2P_FOR_MCO is not available in your config.xml file
2025-07-07 16:30:45,555 [INFO] CodeEngine:263 - oldGeneratedFile, C:\Users\kjeya\Documents\MCU_INTEGRATION\STM32_DISPLAY_APP\Core\Inc\main.h_save
2025-07-07 16:30:45,702 [INFO] CodeEngine:287 - Generated code: C:\Users\kjeya\Documents\MCU_INTEGRATION\STM32_DISPLAY_APP\Core\Inc\main.h
2025-07-07 16:30:45,719 [INFO] CodeEngine:263 - oldGeneratedFile, C:\Users\kjeya\Documents\MCU_INTEGRATION\STM32_DISPLAY_APP\Core\Src\main.c_save
2025-07-07 16:30:45,928 [INFO] CodeEngine:287 - Generated code: C:\Users\kjeya\Documents\MCU_INTEGRATION\STM32_DISPLAY_APP\Core\Src\main.c
2025-07-07 16:30:46,773 [INFO] ProjectBuilder:3324 - Time for Copy HAL[1] : 430mS.
2025-07-07 16:30:46,780 [INFO] ProjectBuilder:4912 - Project Generator version: 4.6.0.1-B1
2025-07-07 16:30:46,947 [INFO] ConfigFileManager:1590 - The Die is : DIE421
2025-07-07 16:30:48,598 [INFO] ProjectBuilder:5191 - Time for Generating toolchain IDE Files: 1819mS.
2025-07-07 16:30:48,599 [INFO] ProjectBuilder:3181 - Time for Copy CMSIS : 1mS.
2025-07-07 16:30:48,607 [INFO] ProjectBuilder:3181 - Time for Copy CMSIS : 0mS.
2025-07-07 16:57:25,038 [INFO] MainUpdater:2872 - connection check result : 10
2025-07-07 16:57:25,038 [INFO] MainUpdater:2872 - connection check result : 10
2025-07-07 16:57:25,064 [ERROR] LogOutputStream:75 - [STDERR_REDIRECT] Exception in thread "AWT-EventQueue-0" java.lang.NullPointerException: Cannot invoke "String.equals(Object)" because "m_mainLocation" is null
2025-07-07 16:57:25,069 [ERROR] LogOutputStream:75 - [STDERR_REDIRECT] 	at com.st.microxplorer.plugins.projectmanager.model.ProjectSettings.setM_mainLocation(ProjectSettings.java:846)
2025-07-07 16:57:25,074 [ERROR] LogOutputStream:75 - [STDERR_REDIRECT] 	at com.st.stm32cube.common.mx.editor.CubeMxEditor.getMxTabbedPaneInstance(CubeMxEditor.java:1183)
2025-07-07 16:57:25,076 [ERROR] LogOutputStream:75 - [STDERR_REDIRECT] 	at com.st.stm32cube.common.mx.editor.CubeMxEditor$12$1.createSwingComponent(CubeMxEditor.java:1068)
2025-07-07 16:57:25,079 [ERROR] LogOutputStream:75 - [STDERR_REDIRECT] 	at com.st.stm32cube.common.mx.oss.core.awtswtbridge.EmbeddedSwingComposite.doComponentCreation(EmbeddedSwingComposite.java:492)
2025-07-07 16:57:25,081 [ERROR] LogOutputStream:75 - [STDERR_REDIRECT] 	at com.st.stm32cube.common.mx.oss.core.awtswtbridge.EmbeddedSwingComposite$4.run(EmbeddedSwingComposite.java:291)
2025-07-07 16:57:25,083 [ERROR] LogOutputStream:75 - [STDERR_REDIRECT] 	at com.st.stm32cube.common.mx.oss.core.awtswtbridge.AwtEnvironment$2.run(AwtEnvironment.java:166)
2025-07-07 16:57:25,085 [ERROR] LogOutputStream:75 - [STDERR_REDIRECT] 	at java.desktop/java.awt.event.InvocationEvent.dispatch(InvocationEvent.java:318)
2025-07-07 16:57:25,089 [ERROR] LogOutputStream:75 - [STDERR_REDIRECT] 	at java.desktop/java.awt.EventQueue.dispatchEventImpl(EventQueue.java:773)
2025-07-07 16:57:25,091 [ERROR] LogOutputStream:75 - [STDERR_REDIRECT] 	at java.desktop/java.awt.EventQueue$4.run(EventQueue.java:720)
2025-07-07 16:57:25,092 [ERROR] LogOutputStream:75 - [STDERR_REDIRECT] 	at java.desktop/java.awt.EventQueue$4.run(EventQueue.java:714)
2025-07-07 16:57:25,093 [ERROR] LogOutputStream:75 - [STDERR_REDIRECT] 	at java.base/java.security.AccessController.doPrivileged(AccessController.java:400)
2025-07-07 16:57:25,096 [ERROR] LogOutputStream:75 - [STDERR_REDIRECT] 	at java.base/java.security.ProtectionDomain$JavaSecurityAccessImpl.doIntersectionPrivilege(ProtectionDomain.java:87)
2025-07-07 16:57:25,097 [ERROR] LogOutputStream:75 - [STDERR_REDIRECT] 	at java.desktop/java.awt.EventQueue.dispatchEvent(EventQueue.java:742)
2025-07-07 16:57:25,098 [ERROR] LogOutputStream:75 - [STDERR_REDIRECT] 	at java.desktop/java.awt.EventDispatchThread.pumpOneEventForFilters(EventDispatchThread.java:203)
2025-07-07 16:57:25,099 [ERROR] LogOutputStream:75 - [STDERR_REDIRECT] 	at java.desktop/java.awt.EventDispatchThread.pumpEventsForFilter(EventDispatchThread.java:124)
2025-07-07 16:57:25,100 [ERROR] LogOutputStream:75 - [STDERR_REDIRECT] 	at java.desktop/java.awt.EventDispatchThread.pumpEventsForHierarchy(EventDispatchThread.java:113)
2025-07-07 16:57:25,101 [ERROR] LogOutputStream:75 - [STDERR_REDIRECT] 	at java.desktop/java.awt.EventDispatchThread.pumpEvents(EventDispatchThread.java:109)
2025-07-07 16:57:25,104 [ERROR] LogOutputStream:75 - [STDERR_REDIRECT] 	at java.desktop/java.awt.EventDispatchThread.pumpEvents(EventDispatchThread.java:101)
2025-07-07 16:57:25,106 [ERROR] LogOutputStream:75 - [STDERR_REDIRECT] 	at java.desktop/java.awt.EventDispatchThread.run(EventDispatchThread.java:90)
2025-07-07 16:58:32,724 [ERROR] LogOutputStream:75 - [STDERR_REDIRECT] 
2025-07-07 17:05:57,538 [INFO] Activator:176 - 


2025-07-07 17:05:57,540 [INFO] Activator:177 - !SESSION log4j initialized
2025-07-07 17:06:04,378 [INFO] LogOutputStream:77 - [STDOUT_REDIRECT] 
2025-07-07 17:06:05,740 [INFO] ApplicationProperties:184 - Using Application install path: C:\ST\STM32CubeIDE_1.16.1\STM32CubeIDE\plugins\com.st.stm32cube.common.mx_6.14.1.202504091515
2025-07-07 17:06:05,763 [INFO] DbMcusXml:78 - Set database path to: C:\ST\STM32CubeIDE_1.16.1\STM32CubeIDE\plugins\com.st.stm32cube.common.mx_6.14.1.202504091515\\db\/mcu/
2025-07-07 17:06:05,763 [INFO] ApiDb:274 - Set plugin database path to: C:\ST\STM32CubeIDE_1.16.1\STM32CubeIDE\plugins\com.st.stm32cube.common.mx_6.14.1.202504091515\\db\/plugins/boardmanager/
2025-07-07 17:06:05,764 [WARN] ApiDb:259 - Overriding images path with different value:  => C:\ST\STM32CubeIDE_1.16.1\STM32CubeIDE\plugins\com.st.stm32cube.common.mx_6.14.1.202504091515\\db\/plugins/mcufinder/images/
2025-07-07 17:06:05,771 [INFO] ApiDb:250 - Set database path to: C:\Users\kjeya\.stmcufinder\plugins\mcufinder//mcu/
2025-07-07 17:06:05,774 [INFO] DbMcusAds:125 - Set database path to: C:\Users\kjeya\.stmcufinder\plugins\mcufinder//mcu/
2025-07-07 17:06:05,777 [INFO] CrossReferenceDbSqlite:203 - Set database path to: C:\Users\kjeya\.stmcufinder\plugins\mcufinder//mcu/cs/
2025-07-07 17:06:05,939 [INFO] RulesReader:64 - Compatibility file has been processed (302 Rules)
2025-07-07 17:06:06,058 [INFO] DbMcusXml:78 - Set database path to: C:\ST\STM32CubeIDE_1.16.1\STM32CubeIDE\plugins\com.st.stm32cube.common.mx_6.14.1.202504091515\\db\/mcu/
2025-07-07 17:06:06,059 [INFO] ApiDb:274 - Set plugin database path to: C:\ST\STM32CubeIDE_1.16.1\STM32CubeIDE\plugins\com.st.stm32cube.common.mx_6.14.1.202504091515\\db\/plugins/boardmanager/
2025-07-07 17:06:06,059 [INFO] ApiDb:261 - Set plugin images path to: C:\ST\STM32CubeIDE_1.16.1\STM32CubeIDE\plugins\com.st.stm32cube.common.mx_6.14.1.202504091515\\db\/plugins/mcufinder/images/
2025-07-07 17:06:06,059 [WARN] DbFile:41 - Overriding database path with different value: C:\Users\kjeya\.stmcufinder\plugins\mcufinder/ => C:\Users\kjeya\.stmcufinder\plugins\mcufinder
2025-07-07 17:06:06,059 [INFO] ApiDb:250 - Set database path to: C:\Users\kjeya\.stmcufinder\plugins\mcufinder//mcu/
2025-07-07 17:06:06,059 [WARN] DbFile:41 - Overriding database path with different value: C:\Users\kjeya\.stmcufinder\plugins\mcufinder/ => C:\Users\kjeya\.stmcufinder\plugins\mcufinder
2025-07-07 17:06:06,060 [INFO] DbMcusAds:125 - Set database path to: C:\Users\kjeya\.stmcufinder\plugins\mcufinder//mcu/
2025-07-07 17:06:06,060 [WARN] DbFile:41 - Overriding database path with different value: C:\Users\kjeya\.stmcufinder\plugins\mcufinder/ => C:\Users\kjeya\.stmcufinder\plugins\mcufinder
2025-07-07 17:06:06,060 [WARN] DbFile:41 - Overriding database path with different value: C:\Users\kjeya\.stmcufinder\plugins\mcufinder/ => C:\Users\kjeya\.stmcufinder\plugins\mcufinder
2025-07-07 17:06:06,060 [INFO] CrossReferenceDbSqlite:203 - Set database path to: C:\Users\kjeya\.stmcufinder\plugins\mcufinder//mcu/cs/
2025-07-07 17:06:06,176 [INFO] MainPanel:272 - HeapMemory: 268435456
2025-07-07 17:06:06,317 [INFO] DbMcusXml:78 - Set database path to: C:\ST\STM32CubeIDE_1.16.1\STM32CubeIDE\plugins\com.st.stm32cube.common.mx_6.14.1.202504091515\\db\/mcu/
2025-07-07 17:06:06,318 [INFO] ApiDb:274 - Set plugin database path to: C:\ST\STM32CubeIDE_1.16.1\STM32CubeIDE\plugins\com.st.stm32cube.common.mx_6.14.1.202504091515\\db\/plugins/boardmanager/
2025-07-07 17:06:06,318 [INFO] ApiDb:261 - Set plugin images path to: C:\ST\STM32CubeIDE_1.16.1\STM32CubeIDE\plugins\com.st.stm32cube.common.mx_6.14.1.202504091515\\db\/plugins/mcufinder/images/
2025-07-07 17:06:06,319 [WARN] DbFile:41 - Overriding database path with different value: C:\Users\kjeya\.stmcufinder\plugins\mcufinder/ => C:\Users\kjeya\.stmcufinder\plugins\mcufinder
2025-07-07 17:06:06,319 [INFO] ApiDb:250 - Set database path to: C:\Users\kjeya\.stmcufinder\plugins\mcufinder//mcu/
2025-07-07 17:06:06,319 [WARN] DbFile:41 - Overriding database path with different value: C:\Users\kjeya\.stmcufinder\plugins\mcufinder/ => C:\Users\kjeya\.stmcufinder\plugins\mcufinder
2025-07-07 17:06:06,319 [INFO] DbMcusAds:125 - Set database path to: C:\Users\kjeya\.stmcufinder\plugins\mcufinder//mcu/
2025-07-07 17:06:06,319 [WARN] DbFile:41 - Overriding database path with different value: C:\Users\kjeya\.stmcufinder\plugins\mcufinder/ => C:\Users\kjeya\.stmcufinder\plugins\mcufinder
2025-07-07 17:06:06,319 [WARN] DbFile:41 - Overriding database path with different value: C:\Users\kjeya\.stmcufinder\plugins\mcufinder/ => C:\Users\kjeya\.stmcufinder\plugins\mcufinder
2025-07-07 17:06:06,319 [INFO] CrossReferenceDbSqlite:203 - Set database path to: C:\Users\kjeya\.stmcufinder\plugins\mcufinder//mcu/cs/
2025-07-07 17:06:06,342 [INFO] ApplicationProperties:184 - Using Application install path: C:\ST\STM32CubeIDE_1.16.1\STM32CubeIDE\plugins\com.st.stm32cube.common.mx_6.14.1.202504091515
2025-07-07 17:06:06,344 [INFO] PluginManage:196 - Search for loadable plugins [exclusion list=, ]
2025-07-07 17:06:06,346 [INFO] PluginManage:310 - Check plugin analytics
2025-07-07 17:06:06,615 [INFO] AnalyticsPlugin:253 - Accepted Software Licenses: STM32CubeMX.6.11.1,STM32CubeMX.6.13.0
2025-07-07 17:06:06,616 [INFO] AnalyticsPlugin:255 - Accepted CMSIS Pack Licenses: STMicroelectronics.X-CUBE-TOUCHGFX.4.24.0,WES.I-CUBE-Cesium.1.3.0,STMicroelectronics.X-CUBE-TOUCHGFX.4.24.2
2025-07-07 17:06:06,616 [INFO] AnalyticsPlugin:257 - Accepted Firmware Licenses: FW.F4.1.28.0,FW.L4.1.18.0,FW.WL.1.3.0,FW.H7.1.11.0,FW.H7.1.12.0
2025-07-07 17:06:06,622 [INFO] PluginManage:359 - Loaded plugin analytics (category:tool,tabindex:-1)
2025-07-07 17:06:06,623 [INFO] PluginManage:310 - Check plugin cadmodel
2025-07-07 17:06:06,634 [INFO] CADModel:105 - Init CAD model plugin
2025-07-07 17:06:06,634 [INFO] PluginManage:359 - Loaded plugin cadmodel (category:power,tabindex:5)
2025-07-07 17:06:06,635 [INFO] PluginManage:310 - Check plugin clock
2025-07-07 17:06:06,649 [INFO] PluginManage:359 - Loaded plugin clock (category:base,tabindex:2)
2025-07-07 17:06:06,649 [INFO] PluginManage:310 - Check plugin ddr
2025-07-07 17:06:06,653 [INFO] PluginManage:359 - Loaded plugin ddr (category:tool,tabindex:6)
2025-07-07 17:06:06,653 [INFO] PluginManage:310 - Check plugin filemanager
2025-07-07 17:06:06,826 [INFO] PluginManage:359 - Loaded plugin filemanager (category:base,tabindex:10)
2025-07-07 17:06:06,826 [INFO] PluginManage:310 - Check plugin ipmanager
2025-07-07 17:06:06,835 [INFO] PluginManage:359 - Loaded plugin ipmanager (category:base,tabindex:5)
2025-07-07 17:06:06,835 [INFO] PluginManage:310 - Check plugin lpbam
2025-07-07 17:06:06,844 [INFO] PluginManage:359 - Loaded plugin lpbam (category:base,tabindex:0)
2025-07-07 17:06:06,844 [INFO] PluginManage:310 - Check plugin memorymap
2025-07-07 17:06:06,863 [INFO] PluginManage:359 - Loaded plugin memorymap (category:base,tabindex:4)
2025-07-07 17:06:06,864 [INFO] PluginManage:310 - Check plugin pinoutandconfiguration
2025-07-07 17:06:06,871 [INFO] PluginManage:359 - Loaded plugin pinoutandconfiguration (category:base,tabindex:1)
2025-07-07 17:06:06,872 [INFO] PluginManage:310 - Check plugin pinoutconfig
2025-07-07 17:06:06,997 [WARN] SupportedApi:132 - Cannot load RTOS API schema: s4s-elt-must-match.1: The content of 'definitions' must match (annotation?, (simpleType | complexType)?, (unique | key | keyref)*)). A problem was found starting at: attribute.
2025-07-07 17:06:07,197 [INFO] PluginManage:359 - Loaded plugin pinoutconfig (category:base,tabindex:0)
2025-07-07 17:06:07,197 [INFO] PluginManage:310 - Check plugin power
2025-07-07 17:06:07,208 [INFO] PluginManage:359 - Loaded plugin power (category:power,tabindex:4)
2025-07-07 17:06:07,209 [INFO] PluginManage:310 - Check plugin projectmanager
2025-07-07 17:06:07,230 [INFO] PluginManage:359 - Loaded plugin projectmanager (category:projectmanager,tabindex:4)
2025-07-07 17:06:07,230 [INFO] PluginManage:310 - Check plugin rif
2025-07-07 17:06:07,238 [INFO] PluginManage:359 - Loaded plugin rif (category:base,tabindex:3)
2025-07-07 17:06:07,239 [INFO] PluginManage:310 - Check plugin thirdparty
2025-07-07 17:06:07,459 [INFO] PluginManage:359 - Loaded plugin thirdparty (category:base,tabindex:-1)
2025-07-07 17:06:07,459 [WARN] IntegrityCheckThread:84 - waiting for thirdparty lock release [integrity check]
2025-07-07 17:06:07,460 [INFO] IntegrityCheckThread:86 - entering critical section [integrity check]
2025-07-07 17:06:07,460 [INFO] PluginManage:310 - Check plugin tools
2025-07-07 17:06:07,460 [INFO] ThirdPartyUpdaterWithRetryManager:70 - Updater plugin not ready yet. [1/15]
2025-07-07 17:06:07,464 [INFO] PluginManage:359 - Loaded plugin tools (category:base,tabindex:7)
2025-07-07 17:06:07,464 [INFO] PluginManage:310 - Check plugin tutovideos
2025-07-07 17:06:07,688 [INFO] PluginManage:359 - Loaded plugin tutovideos (category:base,tabindex:-1)
2025-07-07 17:06:07,688 [INFO] PluginManage:310 - Check plugin updater
2025-07-07 17:06:07,722 [INFO] PluginManage:359 - Loaded plugin updater (category:base,tabindex:12)
2025-07-07 17:06:07,722 [INFO] PluginManage:310 - Check plugin userauth
2025-07-07 17:06:07,730 [INFO] UserAuth:118 - Init User Auth plugin
2025-07-07 17:06:07,731 [INFO] PluginManage:359 - Loaded plugin userauth (category:base,tabindex:14)
2025-07-07 17:06:07,733 [INFO] PluginManage:283 - PluginManage : Loaded plugins [18]
2025-07-07 17:06:08,025 [INFO] PinOutPanel:1589 - setPackage(No Configuration,No Configuration)
2025-07-07 17:06:08,148 [INFO] CADModel:165 - CPN selected for project level
2025-07-07 17:06:08,149 [INFO] CADModel:114 - Register for checkConnection events
2025-07-07 17:06:08,174 [INFO] IPUIPlugin:80 - create IPUIPlugin
2025-07-07 17:06:08,174 [INFO] PluginManager:220 - loadIPPluginJar : add adc
2025-07-07 17:06:08,178 [INFO] IPUIPlugin:80 - create IPUIPlugin
2025-07-07 17:06:08,179 [INFO] PluginManager:220 - loadIPPluginJar : add aes
2025-07-07 17:06:08,182 [INFO] IPUIPlugin:80 - create IPUIPlugin
2025-07-07 17:06:08,183 [INFO] PluginManager:220 - loadIPPluginJar : add can
2025-07-07 17:06:08,185 [INFO] IPUIPlugin:80 - create IPUIPlugin
2025-07-07 17:06:08,185 [INFO] PluginManager:220 - loadIPPluginJar : add comp
2025-07-07 17:06:08,188 [INFO] IPUIPlugin:80 - create IPUIPlugin
2025-07-07 17:06:08,188 [INFO] PluginManager:220 - loadIPPluginJar : add cryp
2025-07-07 17:06:08,193 [INFO] IPUIPlugin:80 - create IPUIPlugin
2025-07-07 17:06:08,193 [INFO] PluginManager:220 - loadIPPluginJar : add ddr_ctrl_phy
2025-07-07 17:06:08,197 [INFO] IPUIPlugin:80 - create IPUIPlugin
2025-07-07 17:06:08,197 [INFO] PluginManager:220 - loadIPPluginJar : add dfsdm
2025-07-07 17:06:08,205 [INFO] IPUIPlugin:80 - create IPUIPlugin
2025-07-07 17:06:08,205 [INFO] PluginManager:220 - loadIPPluginJar : add dma
2025-07-07 17:06:08,209 [INFO] IPUIPlugin:80 - create IPUIPlugin
2025-07-07 17:06:08,210 [INFO] PluginManager:220 - loadIPPluginJar : add dma3
2025-07-07 17:06:08,214 [INFO] IPUIPlugin:80 - create IPUIPlugin
2025-07-07 17:06:08,214 [INFO] PluginManager:220 - loadIPPluginJar : add extmemmanager
2025-07-07 17:06:08,216 [INFO] IPUIPlugin:80 - create IPUIPlugin
2025-07-07 17:06:08,216 [INFO] PluginManager:220 - loadIPPluginJar : add fatfs
2025-07-07 17:06:08,222 [INFO] IPUIPlugin:80 - create IPUIPlugin
2025-07-07 17:06:08,222 [INFO] PluginManager:220 - loadIPPluginJar : add fmc
2025-07-07 17:06:08,231 [INFO] IPUIPlugin:80 - create IPUIPlugin
2025-07-07 17:06:08,231 [INFO] PluginManager:220 - loadIPPluginJar : add freertos
2025-07-07 17:06:08,233 [INFO] IPUIPlugin:80 - create IPUIPlugin
2025-07-07 17:06:08,233 [INFO] PluginManager:220 - loadIPPluginJar : add genericplugin
2025-07-07 17:06:08,237 [INFO] IPUIPlugin:80 - create IPUIPlugin
2025-07-07 17:06:08,237 [INFO] PluginManager:220 - loadIPPluginJar : add gfxmmu
2025-07-07 17:06:08,244 [INFO] IPUIPlugin:80 - create IPUIPlugin
2025-07-07 17:06:08,244 [INFO] PluginManager:220 - loadIPPluginJar : add gic
2025-07-07 17:06:08,249 [INFO] IPUIPlugin:80 - create IPUIPlugin
2025-07-07 17:06:08,250 [INFO] PluginManager:220 - loadIPPluginJar : add gpio
2025-07-07 17:06:08,269 [INFO] IPUIPlugin:80 - create IPUIPlugin
2025-07-07 17:06:08,269 [INFO] PluginManager:220 - loadIPPluginJar : add gtzc
2025-07-07 17:06:08,274 [INFO] IPUIPlugin:80 - create IPUIPlugin
2025-07-07 17:06:08,274 [INFO] PluginManager:220 - loadIPPluginJar : add hash
2025-07-07 17:06:08,280 [INFO] IPUIPlugin:80 - create IPUIPlugin
2025-07-07 17:06:08,280 [INFO] PluginManager:220 - loadIPPluginJar : add i2c
2025-07-07 17:06:08,284 [INFO] IPUIPlugin:80 - create IPUIPlugin
2025-07-07 17:06:08,284 [INFO] PluginManager:220 - loadIPPluginJar : add i2s
2025-07-07 17:06:08,290 [INFO] IPUIPlugin:80 - create IPUIPlugin
2025-07-07 17:06:08,290 [INFO] PluginManager:220 - loadIPPluginJar : add i3c
2025-07-07 17:06:08,301 [INFO] IPUIPlugin:80 - create IPUIPlugin
2025-07-07 17:06:08,301 [INFO] PluginManager:220 - loadIPPluginJar : add ipddr
2025-07-07 17:06:08,311 [INFO] IPUIPlugin:80 - create IPUIPlugin
2025-07-07 17:06:08,311 [INFO] PluginManager:220 - loadIPPluginJar : add linkedlist
2025-07-07 17:06:08,315 [INFO] IPUIPlugin:80 - create IPUIPlugin
2025-07-07 17:06:08,316 [INFO] PluginManager:220 - loadIPPluginJar : add lorawan
2025-07-07 17:06:08,318 [INFO] IPUIPlugin:80 - create IPUIPlugin
2025-07-07 17:06:08,318 [INFO] PluginManager:220 - loadIPPluginJar : add ltdc
2025-07-07 17:06:08,326 [INFO] IPUIPlugin:80 - create IPUIPlugin
2025-07-07 17:06:08,327 [INFO] PluginManager:220 - loadIPPluginJar : add mdma
2025-07-07 17:06:08,331 [INFO] IPUIPlugin:80 - create IPUIPlugin
2025-07-07 17:06:08,332 [INFO] PluginManager:220 - loadIPPluginJar : add nvic
2025-07-07 17:06:08,337 [INFO] IPUIPlugin:80 - create IPUIPlugin
2025-07-07 17:06:08,337 [INFO] PluginManager:220 - loadIPPluginJar : add opamp
2025-07-07 17:06:08,342 [INFO] IPUIPlugin:80 - create IPUIPlugin
2025-07-07 17:06:08,343 [INFO] PluginManager:220 - loadIPPluginJar : add openamp
2025-07-07 17:06:08,347 [INFO] IPUIPlugin:80 - create IPUIPlugin
2025-07-07 17:06:08,347 [INFO] PluginManager:220 - loadIPPluginJar : add pdm2pcm
2025-07-07 17:06:08,356 [INFO] IPUIPlugin:80 - create IPUIPlugin
2025-07-07 17:06:08,361 [INFO] PluginManager:220 - loadIPPluginJar : add plateformsettings
2025-07-07 17:06:08,363 [INFO] IPUIPlugin:80 - create IPUIPlugin
2025-07-07 17:06:08,364 [INFO] PluginManager:220 - loadIPPluginJar : add quadspi
2025-07-07 17:06:08,367 [INFO] IPUIPlugin:80 - create IPUIPlugin
2025-07-07 17:06:08,369 [INFO] PluginManager:220 - loadIPPluginJar : add radio
2025-07-07 17:06:08,376 [INFO] IPUIPlugin:80 - create IPUIPlugin
2025-07-07 17:06:08,377 [INFO] PluginManager:220 - loadIPPluginJar : add resmgrutility
2025-07-07 17:06:08,381 [INFO] IPUIPlugin:80 - create IPUIPlugin
2025-07-07 17:06:08,381 [INFO] PluginManager:220 - loadIPPluginJar : add sai
2025-07-07 17:06:08,386 [INFO] IPUIPlugin:80 - create IPUIPlugin
2025-07-07 17:06:08,386 [INFO] PluginManager:220 - loadIPPluginJar : add spi
2025-07-07 17:06:08,397 [INFO] IPUIPlugin:80 - create IPUIPlugin
2025-07-07 17:06:08,397 [INFO] PluginManager:220 - loadIPPluginJar : add stm32_wpan
2025-07-07 17:06:08,400 [INFO] IPUIPlugin:80 - create IPUIPlugin
2025-07-07 17:06:08,400 [INFO] PluginManager:220 - loadIPPluginJar : add tim
2025-07-07 17:06:08,405 [INFO] IPUIPlugin:80 - create IPUIPlugin
2025-07-07 17:06:08,405 [INFO] PluginManager:220 - loadIPPluginJar : add touchsensing
2025-07-07 17:06:08,407 [INFO] IPUIPlugin:80 - create IPUIPlugin
2025-07-07 17:06:08,408 [INFO] PluginManager:220 - loadIPPluginJar : add tracer_emb
2025-07-07 17:06:08,411 [INFO] IPUIPlugin:80 - create IPUIPlugin
2025-07-07 17:06:08,411 [INFO] PluginManager:220 - loadIPPluginJar : add ts
2025-07-07 17:06:08,414 [INFO] IPUIPlugin:80 - create IPUIPlugin
2025-07-07 17:06:08,414 [INFO] PluginManager:220 - loadIPPluginJar : add tsc
2025-07-07 17:06:08,416 [INFO] IPUIPlugin:80 - create IPUIPlugin
2025-07-07 17:06:08,417 [INFO] PluginManager:220 - loadIPPluginJar : add ucpd
2025-07-07 17:06:08,421 [INFO] IPUIPlugin:80 - create IPUIPlugin
2025-07-07 17:06:08,421 [INFO] PluginManager:220 - loadIPPluginJar : add usart
2025-07-07 17:06:08,426 [INFO] IPUIPlugin:80 - create IPUIPlugin
2025-07-07 17:06:08,427 [INFO] PluginManager:220 - loadIPPluginJar : add usbx
2025-07-07 17:06:08,588 [FATAL] Updater:351 - Updater called before beeing initialized
2025-07-07 17:06:08,637 [INFO] RulesReader:64 - Compatibility file has been processed (302 Rules)
2025-07-07 17:06:08,651 [INFO] RulesReader:64 - Compatibility file has been processed (302 Rules)
2025-07-07 17:06:08,663 [INFO] CADModel:165 - CPN selected for project level
2025-07-07 17:06:08,664 [INFO] CADModel:114 - Register for checkConnection events
2025-07-07 17:06:08,664 [FATAL] Updater:351 - Updater called before beeing initialized
2025-07-07 17:06:08,664 [ERROR] CADModel:125 - Updater not yet initialized, retry later 
2025-07-07 17:06:08,885 [FATAL] Updater:351 - Updater called before beeing initialized
2025-07-07 17:06:08,888 [INFO] CADModel:165 - CPN selected for project level
2025-07-07 17:06:08,889 [INFO] CADModel:114 - Register for checkConnection events
2025-07-07 17:06:08,889 [FATAL] Updater:351 - Updater called before beeing initialized
2025-07-07 17:06:08,889 [ERROR] CADModel:125 - Updater not yet initialized, retry later 
2025-07-07 17:06:08,894 [FATAL] Updater:351 - Updater called before beeing initialized
2025-07-07 17:06:09,040 [FATAL] Updater:351 - Updater called before beeing initialized
2025-07-07 17:06:09,045 [INFO] DbMcusAds:53 - JSON generation date=Thu Jun 19 14:02:37 IST 2025 (1750321957418)
2025-07-07 17:06:09,045 [FATAL] Updater:351 - Updater called before beeing initialized
2025-07-07 17:06:09,094 [WARN] DetailPanel:346 - Failed to get advertising image, set to default
2025-07-07 17:06:09,395 [FATAL] Updater:351 - Updater called before beeing initialized
2025-07-07 17:06:09,399 [FATAL] Updater:351 - Updater called before beeing initialized
2025-07-07 17:06:09,399 [FATAL] Updater:351 - Updater called before beeing initialized
2025-07-07 17:06:09,399 [WARN] DetailPanel:346 - Failed to get advertising image, set to default
2025-07-07 17:06:09,400 [FATAL] Updater:351 - Updater called before beeing initialized
2025-07-07 17:06:09,456 [ERROR] Updater:1198 - MainUpdater not yet initialized. External WinMGr cannot be set.
2025-07-07 17:06:09,458 [INFO] Updater:1134 - Updater Version found : 6.14.1
2025-07-07 17:06:09,486 [INFO] ApplicationProperties:184 - Using Application install path: C:\ST\STM32CubeIDE_1.16.1\STM32CubeIDE\plugins\com.st.stm32cube.common.mx_6.14.1.202504091515
2025-07-07 17:06:10,462 [INFO] ThirdPartyUpdaterWithRetryManager:70 - Updater plugin not ready yet. [2/15]
2025-07-07 17:06:11,075 [ERROR] LogOutputStream:75 - [STDERR_REDIRECT] Jul 07, 2025 5:06:11 PM java.util.prefs.WindowsPreferences <init>
2025-07-07 17:06:11,076 [ERROR] LogOutputStream:75 - [STDERR_REDIRECT] WARNING: Could not open/create prefs root node Software\JavaSoft\Prefs at root 0xffffffff80000002. Windows RegCreateKeyEx(...) returned error code 5.
2025-07-07 17:06:11,076 [ERROR] LogOutputStream:75 - [STDERR_REDIRECT] 
2025-07-07 17:06:11,532 [INFO] MainUpdater:2872 - connection check result : 10
2025-07-07 17:06:11,533 [INFO] MainUpdater:289 - Updater Check For Update Now.
2025-07-07 17:06:11,533 [INFO] MicroXplorer:498 - Change Database Version : DB.6.0.141
2025-07-07 17:06:11,547 [INFO] McuFinderGlobals:63 - Set McuFinder mode to 2 (CubeIDE integrated)
2025-07-07 17:06:11,549 [INFO] UserAuth:484 - Internet connection configuration mode: 1
2025-07-07 17:06:11,594 [INFO] JxBrowserEngine:152 - Initiate JxBrowser Engine with user profile folder
2025-07-07 17:06:11,781 [INFO] CheckServerUpdateThread:120 - End of CheckServer Thread
2025-07-07 17:06:12,945 [INFO] WebApp:169 - Instantiating new browser for Auth
2025-07-07 17:06:14,080 [WARN] PackLoader:240 - Cannot read IP mode file for STMicroelectronics.FP-SNS-MOTENVWB1.1.4.0
2025-07-07 17:06:14,102 [WARN] PackLoader:240 - Cannot read IP mode file for STMicroelectronics.FP-ATR-ASTRA1.2.0.2
2025-07-07 17:06:14,111 [WARN] PackLoader:240 - Cannot read IP mode file for STMicroelectronics.FP-ATR-ASTRA1.2.0.1
2025-07-07 17:06:14,131 [WARN] PackLoader:240 - Cannot read IP mode file for STMicroelectronics.X-CUBE-SMBUS.2.1.0
2025-07-07 17:06:14,150 [WARN] PackLoader:240 - Cannot read IP mode file for STMicroelectronics.X-CUBE-WB05N.1.1.0
2025-07-07 17:06:14,164 [WARN] PackLoader:240 - Cannot read IP mode file for STMicroelectronics.X-CUBE-ST60.1.0.0
2025-07-07 17:06:14,234 [WARN] PackLoader:240 - Cannot read IP mode file for STMicroelectronics.X-CUBE-AZRTOS-F7.1.1.0
2025-07-07 17:06:14,253 [WARN] PackLoader:240 - Cannot read IP mode file for STMicroelectronics.FP-SNS-FLIGHT1.5.0.2
2025-07-07 17:06:14,335 [WARN] PackLoader:240 - Cannot read IP mode file for Infineon.AIROC-Wi-Fi-Bluetooth-STM32.1.7.0
2025-07-07 17:06:14,404 [WARN] PackLoader:240 - Cannot read IP mode file for STMicroelectronics.X-CUBE-AZRTOS-H7.3.4.0
2025-07-07 17:06:14,428 [WARN] PackLoader:240 - Cannot read IP mode file for STMicroelectronics.X-CUBE-DISPLAY.3.0.0
2025-07-07 17:06:14,451 [WARN] PackLoader:240 - Cannot read IP mode file for STMicroelectronics.X-CUBE-BLE1.7.0.0
2025-07-07 17:06:14,467 [WARN] PackLoader:240 - Cannot read IP mode file for STMicroelectronics.X-CUBE-NFC10.1.0.0
2025-07-07 17:06:14,498 [WARN] PackLoader:240 - Cannot read IP mode file for STMicroelectronics.X-CUBE-BLEMGR.4.0.0
2025-07-07 17:06:14,525 [WARN] PackLoader:240 - Cannot read IP mode file for emotas.I-CUBE-CANOPEN.1.3.0
2025-07-07 17:06:14,537 [WARN] PackLoader:240 - Cannot read IP mode file for STMicroelectronics.X-CUBE-AI.10.0.0
2025-07-07 17:06:14,549 [WARN] PackLoader:240 - Cannot read IP mode file for STMicroelectronics.FP-SNS-SMARTAG2.1.2.0
2025-07-07 17:06:14,559 [WARN] PackLoader:240 - Cannot read IP mode file for STMicroelectronics.FP-SNS-FLIGHT1.5.1.0
2025-07-07 17:06:14,687 [WARN] PackLoader:240 - Cannot read IP mode file for STMicroelectronics.X-CUBE-MEMS1.11.1.0
2025-07-07 17:06:14,980 [INFO] WebApp:463 - Apply proxy settings
2025-07-07 17:06:14,981 [INFO] WebApp:548 - Chromium requires no authentication
2025-07-07 17:06:15,014 [INFO] WebApp:491 - Direct internet connection detected
2025-07-07 17:06:15,078 [INFO] LogOutputStream:77 - [STDOUT_REDIRECT] 1 : Invalid condition id : UX_CORESTACK_Condition cause : null
2025-07-07 17:06:15,079 [INFO] LogOutputStream:77 - [STDOUT_REDIRECT] 1 : Invalid condition id : UX_CORESTACK_Condition cause : null
2025-07-07 17:06:15,083 [INFO] LogOutputStream:77 - [STDOUT_REDIRECT] 1 : Invalid condition id : UX_CORESTACK_Condition cause : null
2025-07-07 17:06:15,086 [INFO] LogOutputStream:77 - [STDOUT_REDIRECT] 1 : Invalid condition id : UX_CORESTACK_Condition cause : null
2025-07-07 17:06:15,088 [INFO] LogOutputStream:77 - [STDOUT_REDIRECT] 1 : Invalid condition id : UX_CORESTACK_Condition cause : null
2025-07-07 17:06:15,094 [WARN] PackLoader:240 - Cannot read IP mode file for STMicroelectronics.X-CUBE-AZRTOS-WL.2.0.0
2025-07-07 17:06:15,107 [WARN] PackLoader:240 - Cannot read IP mode file for STMicroelectronics.FP-SNS-MOTENV1.5.0.0
2025-07-07 17:06:15,118 [WARN] PackLoader:240 - Cannot read IP mode file for wolfSSL.I-CUBE-wolfMQTT.1.19.0
2025-07-07 17:06:15,126 [INFO] WebApp:894 - Register for checkConnection events
2025-07-07 17:06:15,126 [INFO] WebApp:463 - Apply proxy settings
2025-07-07 17:06:15,127 [INFO] WebApp:548 - Chromium requires no authentication
2025-07-07 17:06:15,128 [INFO] WebApp:491 - Direct internet connection detected
2025-07-07 17:06:15,136 [WARN] PackLoader:240 - Cannot read IP mode file for WES.I-CUBE-Cesium.1.3.0
2025-07-07 17:06:15,299 [WARN] PackLoader:240 - Cannot read IP mode file for STMicroelectronics.X-CUBE-BLE2.3.3.0
2025-07-07 17:06:15,364 [WARN] PackLoader:240 - Cannot read IP mode file for STMicroelectronics.X-CUBE-NFC9.1.0.0
2025-07-07 17:06:15,374 [INFO] WebApp:191 - Connection restablished
2025-07-07 17:06:15,377 [WARN] PackLoader:240 - Cannot read IP mode file for STMicroelectronics.X-CUBE-BLE1.7.1.0
2025-07-07 17:06:15,384 [WARN] PackLoader:240 - Cannot read IP mode file for STMicroelectronics.X-CUBE-AI.10.1.0
2025-07-07 17:06:15,518 [WARN] PackLoader:240 - Cannot read IP mode file for STMicroelectronics.X-CUBE-MEMS1.11.2.0
2025-07-07 17:06:15,741 [WARN] PackLoader:240 - Cannot read IP mode file for STMicroelectronics.X-CUBE-AZRTOS-G0.1.1.0
2025-07-07 17:06:15,759 [WARN] PackLoader:240 - Cannot read IP mode file for STMicroelectronics.X-CUBE-SAFEA1.1.2.2
2025-07-07 17:06:15,771 [WARN] PackLoader:240 - Cannot read IP mode file for STMicroelectronics.X-CUBE-NFC4.3.0.0
2025-07-07 17:06:15,791 [WARN] PackLoader:240 - Cannot read IP mode file for EmbeddedOffice.I-CUBE-FS-RTOS.1.0.1
2025-07-07 17:06:15,803 [WARN] PackLoader:240 - Cannot read IP mode file for STMicroelectronics.X-CUBE-WB05N.2.0.0
2025-07-07 17:06:15,816 [WARN] PackLoader:240 - Cannot read IP mode file for STMicroelectronics.X-CUBE-TCPP.4.2.0
2025-07-07 17:06:15,832 [WARN] PackLoader:240 - Cannot read IP mode file for RealThread.X-CUBE-RT-Thread_Nano.4.1.1
2025-07-07 17:06:15,842 [WARN] PackLoader:240 - Cannot read IP mode file for STMicroelectronics.FP-ATR-SIGFOX1.3.2.0
2025-07-07 17:06:15,852 [WARN] ConditionMgr:438 - getConditionDescription Invalid condition id : Cortex-A Device cause : null
2025-07-07 17:06:15,975 [WARN] ConditionMgr:1044 - genDependencies : Invalid condition id : Cortex-A Device cause : null
2025-07-07 17:06:15,975 [WARN] ConditionMgr:1044 - genDependencies : Invalid condition id : Cortex-A Device cause : null
2025-07-07 17:06:15,976 [WARN] ConditionMgr:1044 - genDependencies : Invalid condition id : Cortex-A Device cause : null
2025-07-07 17:06:15,989 [WARN] PackLoader:240 - Cannot read IP mode file for STMicroelectronics.X-CUBE-EEPRMA1.5.1.0
2025-07-07 17:06:16,001 [WARN] PackLoader:240 - Cannot read IP mode file for wolfSSL.I-CUBE-wolfSSL.5.7.4
2025-07-07 17:06:16,016 [WARN] PackLoader:240 - Cannot read IP mode file for ITTIA_DB.I-CUBE-ITTIADB.8.9.0
2025-07-07 17:06:16,034 [WARN] PackLoader:240 - Cannot read IP mode file for STMicroelectronics.X-CUBE-ST67W61.1.0.0
2025-07-07 17:06:16,118 [WARN] PackLoader:240 - Cannot read IP mode file for SEGGER.I-CUBE-embOS.1.3.1
2025-07-07 17:06:16,192 [WARN] PackLoader:240 - Cannot read IP mode file for STMicroelectronics.X-CUBE-ALGOBUILD.1.4.0
2025-07-07 17:06:16,314 [WARN] PackLoader:240 - Cannot read IP mode file for STMicroelectronics.X-CUBE-MEMS1.11.3.0
2025-07-07 17:06:16,674 [WARN] PackLoader:240 - Cannot read IP mode file for STMicroelectronics.X-CUBE-AI.9.1.0
2025-07-07 17:06:16,691 [WARN] PackLoader:240 - Cannot read IP mode file for STMicroelectronics.X-CUBE-PM33A1.1.0.0
2025-07-07 17:06:16,729 [WARN] PackLoader:240 - Cannot read IP mode file for STMicroelectronics.X-CUBE-AZRTOS-F4.1.1.0
2025-07-07 17:06:16,858 [WARN] PackLoader:240 - Cannot read IP mode file for Avnet-IotConnect.X-CUBE-IoTC-DA16k-PMOD.1.0.0
2025-07-07 17:06:16,869 [WARN] PackLoader:240 - Cannot read IP mode file for STMicroelectronics.X-CUBE-ISPU.2.1.0
2025-07-07 17:06:16,913 [WARN] PackLoader:240 - Cannot read IP mode file for STMicroelectronics.X-CUBE-AZRTOS-L5.2.0.0
2025-07-07 17:06:16,924 [INFO] WebApp:225 - Starting web application
2025-07-07 17:06:16,924 [INFO] WebApp:593 - Web application path used C:\ST\STM32CubeIDE_1.16.1\STM32CubeIDE\plugins\com.st.stm32cube.common.mx_6.14.1.202504091515\db\plugins\mcufinder\reactClient1\index.html
2025-07-07 17:06:16,933 [WARN] PackLoader:240 - Cannot read IP mode file for STMicroelectronics.X-CUBE-NFC6.3.1.0
2025-07-07 17:06:16,949 [WARN] PackLoader:240 - Cannot read IP mode file for STMicroelectronics.X-CUBE-DPower.1.2.0
2025-07-07 17:06:16,962 [WARN] PackLoader:240 - Cannot read IP mode file for STMicroelectronics.X-CUBE-FREERTOS.1.3.1
2025-07-07 17:06:16,972 [WARN] PackLoader:240 - Cannot read IP mode file for STMicroelectronics.X-CUBE-FREERTOS.1.3.0
2025-07-07 17:06:16,985 [WARN] PackLoader:240 - Cannot read IP mode file for STMicroelectronics.X-CUBE-NFC7.1.0.1
2025-07-07 17:06:16,997 [WARN] PackLoader:240 - Cannot read IP mode file for STMicroelectronics.FP-SNS-STAIOTCFT.1.0.0
2025-07-07 17:06:17,007 [WARN] PackLoader:240 - Cannot read IP mode file for STMicroelectronics.X-CUBE-DPower.1.3.0
2025-07-07 17:06:17,040 [WARN] ConditionMgr:438 - getConditionDescription Invalid condition id : LAN8742 Phy interface Condition cause : null
2025-07-07 17:06:17,042 [WARN] PackLoader:240 - Cannot read IP mode file for STMicroelectronics.X-CUBE-AZRTOS-L4.2.0.0
2025-07-07 17:06:17,044 [WARN] ConditionMgr:1044 - genDependencies : Invalid condition id : LAN8742 Phy interface Condition cause : null
2025-07-07 17:06:17,045 [WARN] ConditionMgr:1044 - genDependencies : Invalid condition id : LAN8742 Phy interface Condition cause : null
2025-07-07 17:06:17,046 [WARN] ConditionMgr:1044 - genDependencies : Invalid condition id : LAN8742 Phy interface Condition cause : null
2025-07-07 17:06:17,064 [WARN] PackLoader:240 - Cannot read IP mode file for STMicroelectronics.X-CUBE-SFXS2LP1.4.0.0
2025-07-07 17:06:17,103 [WARN] PackLoader:240 - Cannot read IP mode file for STMicroelectronics.X-CUBE-AZRTOS-H7.3.3.0
2025-07-07 17:06:17,127 [WARN] PackLoader:240 - Cannot read IP mode file for STMicroelectronics.X-CUBE-IPS.3.0.0
2025-07-07 17:06:17,157 [WARN] ConditionMgr:438 - getConditionDescription Invalid condition id : UX DEVICE CLASS RTOS Condition cause : null
2025-07-07 17:06:17,158 [WARN] ConditionMgr:438 - getConditionDescription Invalid condition id : UX DEVICE CLASS RTOS Condition cause : null
2025-07-07 17:06:17,161 [WARN] PackLoader:240 - Cannot read IP mode file for STMicroelectronics.X-CUBE-AZRTOS-WB.2.0.0
2025-07-07 17:06:17,162 [WARN] ConditionMgr:1044 - genDependencies : Invalid condition id : UX DEVICE CLASS RTOS Condition cause : null
2025-07-07 17:06:17,163 [WARN] ConditionMgr:1044 - genDependencies : Invalid condition id : UX DEVICE CLASS RTOS Condition cause : null
2025-07-07 17:06:17,164 [WARN] ConditionMgr:1044 - genDependencies : Invalid condition id : UX DEVICE CLASS RTOS Condition cause : null
2025-07-07 17:06:17,164 [WARN] ConditionMgr:1044 - genDependencies : Invalid condition id : UX DEVICE CLASS RTOS Condition cause : null
2025-07-07 17:06:17,164 [WARN] ConditionMgr:1044 - genDependencies : Invalid condition id : UX DEVICE CLASS RTOS Condition cause : null
2025-07-07 17:06:17,176 [WARN] PackLoader:240 - Cannot read IP mode file for STMicroelectronics.X-CUBE-GNSS1.7.0.1
2025-07-07 17:06:17,186 [WARN] PackLoader:240 - Cannot read IP mode file for STMicroelectronics.X-CUBE-TOUCHGFX.4.25.0
2025-07-07 17:06:17,199 [WARN] PackLoader:240 - Cannot read IP mode file for STMicroelectronics.FP-SNS-STBOX1.2.0.0
2025-07-07 17:06:17,235 [WARN] PackLoader:240 - Cannot read IP mode file for STMicroelectronics.X-CUBE-SUBG2.5.0.0
2025-07-07 17:06:17,280 [WARN] PackLoader:240 - Cannot read IP mode file for STMicroelectronics.X-CUBE-AZRTOS-H7RS.1.1.0
2025-07-07 17:06:17,294 [WARN] PackLoader:240 - Cannot read IP mode file for Cesanta.I-CUBE-Mongoose.7.13.0
2025-07-07 17:06:17,320 [WARN] PackLoader:240 - Cannot read IP mode file for STMicroelectronics.X-CUBE-AZRTOS-G4.2.0.0
2025-07-07 17:06:17,331 [WARN] PackLoader:240 - Cannot read IP mode file for STMicroelectronics.X-CUBE-NFC7.2.0.0
2025-07-07 17:06:17,353 [WARN] PackLoader:240 - Cannot read IP mode file for STMicroelectronics.X-CUBE-IPS.3.1.0
2025-07-07 17:06:17,371 [WARN] PackLoader:240 - Cannot read IP mode file for STMicroelectronics.X-CUBE-ALS.1.0.2
2025-07-07 17:06:17,379 [WARN] PackLoader:240 - Cannot read IP mode file for STMicroelectronics.X-CUBE-TOUCHGFX.4.24.0
2025-07-07 17:06:17,434 [INFO] UserAuth:484 - Internet connection configuration mode: 1
2025-07-07 17:06:17,504 [WARN] PackLoader:240 - Cannot read IP mode file for STMicroelectronics.X-CUBE-TOUCHGFX.4.24.2
2025-07-07 17:06:17,583 [WARN] PackLoader:240 - Cannot read IP mode file for STMicroelectronics.X-CUBE-TOUCHGFX.4.24.1
2025-07-07 17:06:17,591 [WARN] PackLoader:240 - Cannot read IP mode file for wolfSSL.I-CUBE-wolfTPM.3.4.0
2025-07-07 17:06:17,602 [WARN] PackLoader:240 - Cannot read IP mode file for portGmbH.I-Cube-SoM-uGOAL.1.1.0
2025-07-07 17:06:17,628 [WARN] PackLoader:240 - Cannot read IP mode file for STMicroelectronics.X-CUBE-AZRTOS-H7RS.1.0.0
2025-07-07 17:06:17,651 [WARN] PackLoader:240 - Cannot read IP mode file for STMicroelectronics.X-CUBE-TOF1.3.4.2
2025-07-07 17:06:17,687 [WARN] PackLoader:240 - Cannot read IP mode file for STMicroelectronics.X-CUBE-TOF1.3.4.3
2025-07-07 17:06:17,715 [WARN] PackLoader:240 - Cannot read IP mode file for wolfSSL.I-CUBE-wolfSSH.1.4.17
2025-07-07 17:06:17,716 [INFO] ThirdParty:978 - Integrity check success = true
2025-07-07 17:06:17,717 [INFO] IntegrityCheckThread:100 - exiting critical section [integrity check]
2025-07-07 17:06:17,717 [INFO] IntegrityCheckThread:103 - End integrity checks thread
2025-07-07 18:20:25,187 [ERROR] LogOutputStream:75 - [STDERR_REDIRECT] 
