2025-07-26 09:16:45,471 [INFO] Activator:176 - 


2025-07-26 09:16:45,477 [INFO] Activator:177 - !SESSION log4j initialized
2025-07-26 09:16:53,996 [INFO] LogOutputStream:77 - [STDOUT_REDIRECT] 
2025-07-26 09:16:56,600 [INFO] ApplicationProperties:184 - Using Application install path: C:\ST\STM32CubeIDE_1.16.1\STM32CubeIDE\plugins\com.st.stm32cube.common.mx_6.15.0.202507011659
2025-07-26 09:16:56,639 [INFO] DbMcusXml:78 - Set database path to: C:\ST\STM32CubeIDE_1.16.1\STM32CubeIDE\plugins\com.st.stm32cube.common.mx_6.15.0.202507011659\\db\/mcu/
2025-07-26 09:16:56,640 [INFO] ApiDb:274 - Set plugin database path to: C:\ST\STM32CubeIDE_1.16.1\STM32CubeIDE\plugins\com.st.stm32cube.common.mx_6.15.0.202507011659\\db\/plugins/boardmanager/
2025-07-26 09:16:56,641 [WARN] ApiDb:259 - Overriding images path with different value:  => C:\ST\STM32CubeIDE_1.16.1\STM32CubeIDE\plugins\com.st.stm32cube.common.mx_6.15.0.202507011659\\db\/plugins/mcufinder/images/
2025-07-26 09:16:56,663 [INFO] ApiDb:250 - Set database path to: C:\Users\kjeya\.stmcufinder\plugins\mcufinder//mcu/
2025-07-26 09:16:56,666 [INFO] DbMcusAds:125 - Set database path to: C:\Users\kjeya\.stmcufinder\plugins\mcufinder//mcu/
2025-07-26 09:16:56,671 [INFO] CrossReferenceDbSqlite:203 - Set database path to: C:\Users\kjeya\.stmcufinder\plugins\mcufinder//mcu/cs/
2025-07-26 09:16:56,941 [INFO] RulesReader:64 - Compatibility file has been processed (317 Rules)
2025-07-26 09:16:57,152 [INFO] DbMcusXml:78 - Set database path to: C:\ST\STM32CubeIDE_1.16.1\STM32CubeIDE\plugins\com.st.stm32cube.common.mx_6.15.0.202507011659\\db\/mcu/
2025-07-26 09:16:57,152 [INFO] ApiDb:274 - Set plugin database path to: C:\ST\STM32CubeIDE_1.16.1\STM32CubeIDE\plugins\com.st.stm32cube.common.mx_6.15.0.202507011659\\db\/plugins/boardmanager/
2025-07-26 09:16:57,152 [INFO] ApiDb:261 - Set plugin images path to: C:\ST\STM32CubeIDE_1.16.1\STM32CubeIDE\plugins\com.st.stm32cube.common.mx_6.15.0.202507011659\\db\/plugins/mcufinder/images/
2025-07-26 09:16:57,153 [WARN] DbFile:41 - Overriding database path with different value: C:\Users\kjeya\.stmcufinder\plugins\mcufinder/ => C:\Users\kjeya\.stmcufinder\plugins\mcufinder
2025-07-26 09:16:57,153 [INFO] ApiDb:250 - Set database path to: C:\Users\kjeya\.stmcufinder\plugins\mcufinder//mcu/
2025-07-26 09:16:57,154 [WARN] DbFile:41 - Overriding database path with different value: C:\Users\kjeya\.stmcufinder\plugins\mcufinder/ => C:\Users\kjeya\.stmcufinder\plugins\mcufinder
2025-07-26 09:16:57,154 [INFO] DbMcusAds:125 - Set database path to: C:\Users\kjeya\.stmcufinder\plugins\mcufinder//mcu/
2025-07-26 09:16:57,154 [WARN] DbFile:41 - Overriding database path with different value: C:\Users\kjeya\.stmcufinder\plugins\mcufinder/ => C:\Users\kjeya\.stmcufinder\plugins\mcufinder
2025-07-26 09:16:57,154 [WARN] DbFile:41 - Overriding database path with different value: C:\Users\kjeya\.stmcufinder\plugins\mcufinder/ => C:\Users\kjeya\.stmcufinder\plugins\mcufinder
2025-07-26 09:16:57,155 [INFO] CrossReferenceDbSqlite:203 - Set database path to: C:\Users\kjeya\.stmcufinder\plugins\mcufinder//mcu/cs/
2025-07-26 09:16:57,382 [INFO] MainPanel:274 - HeapMemory: 268435456
2025-07-26 09:16:57,669 [INFO] DbMcusXml:78 - Set database path to: C:\ST\STM32CubeIDE_1.16.1\STM32CubeIDE\plugins\com.st.stm32cube.common.mx_6.15.0.202507011659\\db\/mcu/
2025-07-26 09:16:57,669 [INFO] ApiDb:274 - Set plugin database path to: C:\ST\STM32CubeIDE_1.16.1\STM32CubeIDE\plugins\com.st.stm32cube.common.mx_6.15.0.202507011659\\db\/plugins/boardmanager/
2025-07-26 09:16:57,669 [INFO] ApiDb:261 - Set plugin images path to: C:\ST\STM32CubeIDE_1.16.1\STM32CubeIDE\plugins\com.st.stm32cube.common.mx_6.15.0.202507011659\\db\/plugins/mcufinder/images/
2025-07-26 09:16:57,670 [WARN] DbFile:41 - Overriding database path with different value: C:\Users\kjeya\.stmcufinder\plugins\mcufinder/ => C:\Users\kjeya\.stmcufinder\plugins\mcufinder
2025-07-26 09:16:57,671 [INFO] ApiDb:250 - Set database path to: C:\Users\kjeya\.stmcufinder\plugins\mcufinder//mcu/
2025-07-26 09:16:57,671 [WARN] DbFile:41 - Overriding database path with different value: C:\Users\kjeya\.stmcufinder\plugins\mcufinder/ => C:\Users\kjeya\.stmcufinder\plugins\mcufinder
2025-07-26 09:16:57,672 [INFO] DbMcusAds:125 - Set database path to: C:\Users\kjeya\.stmcufinder\plugins\mcufinder//mcu/
2025-07-26 09:16:57,672 [WARN] DbFile:41 - Overriding database path with different value: C:\Users\kjeya\.stmcufinder\plugins\mcufinder/ => C:\Users\kjeya\.stmcufinder\plugins\mcufinder
2025-07-26 09:16:57,672 [WARN] DbFile:41 - Overriding database path with different value: C:\Users\kjeya\.stmcufinder\plugins\mcufinder/ => C:\Users\kjeya\.stmcufinder\plugins\mcufinder
2025-07-26 09:16:57,672 [INFO] CrossReferenceDbSqlite:203 - Set database path to: C:\Users\kjeya\.stmcufinder\plugins\mcufinder//mcu/cs/
2025-07-26 09:16:57,720 [INFO] ApplicationProperties:184 - Using Application install path: C:\ST\STM32CubeIDE_1.16.1\STM32CubeIDE\plugins\com.st.stm32cube.common.mx_6.15.0.202507011659
2025-07-26 09:16:57,723 [INFO] PluginManage:196 - Search for loadable plugins [exclusion list=, ]
2025-07-26 09:16:57,726 [INFO] PluginManage:310 - Check plugin analytics
2025-07-26 09:16:58,197 [INFO] AnalyticsPlugin:253 - Accepted Software Licenses: STM32CubeMX.6.11.1,STM32CubeMX.6.13.0
2025-07-26 09:16:58,197 [INFO] AnalyticsPlugin:255 - Accepted CMSIS Pack Licenses: STMicroelectronics.X-CUBE-TOUCHGFX.4.24.0,WES.I-CUBE-Cesium.1.3.0,STMicroelectronics.X-CUBE-TOUCHGFX.4.24.2
2025-07-26 09:16:58,199 [INFO] AnalyticsPlugin:257 - Accepted Firmware Licenses: FW.F4.1.28.0,FW.L4.1.18.0,FW.WL.1.3.0,FW.H7.1.11.0,FW.H7.1.12.0
2025-07-26 09:16:58,209 [INFO] PluginManage:359 - Loaded plugin analytics (category:tool,tabindex:-1)
2025-07-26 09:16:58,209 [INFO] PluginManage:310 - Check plugin cadmodel
2025-07-26 09:16:58,226 [INFO] CADModel:105 - Init CAD model plugin
2025-07-26 09:16:58,226 [INFO] PluginManage:359 - Loaded plugin cadmodel (category:power,tabindex:5)
2025-07-26 09:16:58,227 [INFO] PluginManage:310 - Check plugin clock
2025-07-26 09:16:58,255 [INFO] PluginManage:359 - Loaded plugin clock (category:base,tabindex:2)
2025-07-26 09:16:58,256 [INFO] PluginManage:310 - Check plugin ddr
2025-07-26 09:16:58,263 [INFO] PluginManage:359 - Loaded plugin ddr (category:tool,tabindex:6)
2025-07-26 09:16:58,264 [INFO] PluginManage:310 - Check plugin filemanager
2025-07-26 09:16:58,690 [INFO] PluginManage:359 - Loaded plugin filemanager (category:base,tabindex:10)
2025-07-26 09:16:58,691 [INFO] PluginManage:310 - Check plugin ipmanager
2025-07-26 09:16:58,715 [INFO] PluginManage:359 - Loaded plugin ipmanager (category:base,tabindex:5)
2025-07-26 09:16:58,715 [INFO] PluginManage:310 - Check plugin lpbam
2025-07-26 09:16:58,741 [INFO] PluginManage:359 - Loaded plugin lpbam (category:base,tabindex:0)
2025-07-26 09:16:58,741 [INFO] PluginManage:310 - Check plugin memorymap
2025-07-26 09:16:58,787 [INFO] PluginManage:359 - Loaded plugin memorymap (category:base,tabindex:4)
2025-07-26 09:16:58,788 [INFO] PluginManage:310 - Check plugin pinoutandconfiguration
2025-07-26 09:16:58,813 [INFO] PluginManage:359 - Loaded plugin pinoutandconfiguration (category:base,tabindex:1)
2025-07-26 09:16:58,814 [INFO] PluginManage:310 - Check plugin pinoutconfig
2025-07-26 09:16:58,982 [WARN] SupportedApi:132 - Cannot load RTOS API schema: s4s-elt-must-match.1: The content of 'definitions' must match (annotation?, (simpleType | complexType)?, (unique | key | keyref)*)). A problem was found starting at: attribute.
2025-07-26 09:16:59,321 [INFO] PluginManage:359 - Loaded plugin pinoutconfig (category:base,tabindex:0)
2025-07-26 09:16:59,322 [INFO] PluginManage:310 - Check plugin power
2025-07-26 09:16:59,340 [INFO] PluginManage:359 - Loaded plugin power (category:power,tabindex:4)
2025-07-26 09:16:59,340 [INFO] PluginManage:310 - Check plugin projectmanager
2025-07-26 09:16:59,369 [INFO] PluginManage:359 - Loaded plugin projectmanager (category:projectmanager,tabindex:4)
2025-07-26 09:16:59,369 [INFO] PluginManage:310 - Check plugin rif
2025-07-26 09:16:59,386 [INFO] PluginManage:359 - Loaded plugin rif (category:base,tabindex:3)
2025-07-26 09:16:59,386 [INFO] PluginManage:310 - Check plugin thirdparty
2025-07-26 09:16:59,621 [INFO] PluginManage:359 - Loaded plugin thirdparty (category:base,tabindex:-1)
2025-07-26 09:16:59,620 [WARN] IntegrityCheckThread:84 - waiting for thirdparty lock release [integrity check]
2025-07-26 09:16:59,621 [INFO] PluginManage:310 - Check plugin tools
2025-07-26 09:16:59,621 [INFO] IntegrityCheckThread:86 - entering critical section [integrity check]
2025-07-26 09:16:59,621 [INFO] ThirdPartyUpdaterWithRetryManager:70 - Updater plugin not ready yet. [1/15]
2025-07-26 09:16:59,625 [INFO] PluginManage:359 - Loaded plugin tools (category:base,tabindex:7)
2025-07-26 09:16:59,625 [INFO] PluginManage:310 - Check plugin tutovideos
2025-07-26 09:16:59,916 [INFO] PluginManage:359 - Loaded plugin tutovideos (category:base,tabindex:-1)
2025-07-26 09:16:59,917 [INFO] PluginManage:310 - Check plugin updater
2025-07-26 09:16:59,957 [INFO] PluginManage:359 - Loaded plugin updater (category:base,tabindex:12)
2025-07-26 09:16:59,958 [INFO] PluginManage:310 - Check plugin userauth
2025-07-26 09:16:59,968 [INFO] UserAuth:118 - Init User Auth plugin
2025-07-26 09:16:59,971 [INFO] PluginManage:359 - Loaded plugin userauth (category:base,tabindex:14)
2025-07-26 09:16:59,972 [INFO] PluginManage:283 - PluginManage : Loaded plugins [18]
2025-07-26 09:17:00,322 [INFO] PinOutPanel:1589 - setPackage(No Configuration,No Configuration)
2025-07-26 09:17:00,492 [INFO] CADModel:165 - CPN selected for project level
2025-07-26 09:17:00,493 [INFO] CADModel:114 - Register for checkConnection events
2025-07-26 09:17:00,535 [INFO] IPUIPlugin:80 - create IPUIPlugin
2025-07-26 09:17:00,536 [INFO] PluginManager:220 - loadIPPluginJar : add adc
2025-07-26 09:17:00,542 [INFO] IPUIPlugin:80 - create IPUIPlugin
2025-07-26 09:17:00,543 [INFO] PluginManager:220 - loadIPPluginJar : add aes
2025-07-26 09:17:00,549 [INFO] IPUIPlugin:80 - create IPUIPlugin
2025-07-26 09:17:00,549 [INFO] PluginManager:220 - loadIPPluginJar : add can
2025-07-26 09:17:00,553 [INFO] IPUIPlugin:80 - create IPUIPlugin
2025-07-26 09:17:00,554 [INFO] PluginManager:220 - loadIPPluginJar : add comp
2025-07-26 09:17:00,560 [INFO] IPUIPlugin:80 - create IPUIPlugin
2025-07-26 09:17:00,560 [INFO] PluginManager:220 - loadIPPluginJar : add cryp
2025-07-26 09:17:00,568 [INFO] IPUIPlugin:80 - create IPUIPlugin
2025-07-26 09:17:00,569 [INFO] PluginManager:220 - loadIPPluginJar : add ddr_ctrl_phy
2025-07-26 09:17:00,576 [INFO] IPUIPlugin:80 - create IPUIPlugin
2025-07-26 09:17:00,577 [INFO] PluginManager:220 - loadIPPluginJar : add dfsdm
2025-07-26 09:17:00,587 [INFO] IPUIPlugin:80 - create IPUIPlugin
2025-07-26 09:17:00,589 [INFO] PluginManager:220 - loadIPPluginJar : add dma
2025-07-26 09:17:00,595 [INFO] IPUIPlugin:80 - create IPUIPlugin
2025-07-26 09:17:00,595 [INFO] PluginManager:220 - loadIPPluginJar : add dma3
2025-07-26 09:17:00,601 [INFO] IPUIPlugin:80 - create IPUIPlugin
2025-07-26 09:17:00,601 [INFO] PluginManager:220 - loadIPPluginJar : add extmemmanager
2025-07-26 09:17:00,606 [INFO] IPUIPlugin:80 - create IPUIPlugin
2025-07-26 09:17:00,606 [INFO] PluginManager:220 - loadIPPluginJar : add fatfs
2025-07-26 09:17:00,617 [INFO] IPUIPlugin:80 - create IPUIPlugin
2025-07-26 09:17:00,617 [INFO] PluginManager:220 - loadIPPluginJar : add fmc
2025-07-26 09:17:00,631 [INFO] IPUIPlugin:80 - create IPUIPlugin
2025-07-26 09:17:00,632 [INFO] PluginManager:220 - loadIPPluginJar : add freertos
2025-07-26 09:17:00,636 [INFO] IPUIPlugin:80 - create IPUIPlugin
2025-07-26 09:17:00,637 [INFO] PluginManager:220 - loadIPPluginJar : add genericplugin
2025-07-26 09:17:00,643 [INFO] IPUIPlugin:80 - create IPUIPlugin
2025-07-26 09:17:00,643 [INFO] PluginManager:220 - loadIPPluginJar : add gfxmmu
2025-07-26 09:17:00,655 [INFO] IPUIPlugin:80 - create IPUIPlugin
2025-07-26 09:17:00,655 [INFO] PluginManager:220 - loadIPPluginJar : add gic
2025-07-26 09:17:00,666 [INFO] IPUIPlugin:80 - create IPUIPlugin
2025-07-26 09:17:00,667 [INFO] PluginManager:220 - loadIPPluginJar : add gpio
2025-07-26 09:17:00,675 [INFO] IPUIPlugin:80 - create IPUIPlugin
2025-07-26 09:17:00,676 [INFO] PluginManager:220 - loadIPPluginJar : add gtzc
2025-07-26 09:17:00,682 [INFO] IPUIPlugin:80 - create IPUIPlugin
2025-07-26 09:17:00,683 [INFO] PluginManager:220 - loadIPPluginJar : add hash
2025-07-26 09:17:00,690 [INFO] IPUIPlugin:80 - create IPUIPlugin
2025-07-26 09:17:00,690 [INFO] PluginManager:220 - loadIPPluginJar : add i2c
2025-07-26 09:17:00,698 [INFO] IPUIPlugin:80 - create IPUIPlugin
2025-07-26 09:17:00,698 [INFO] PluginManager:220 - loadIPPluginJar : add i2s
2025-07-26 09:17:00,705 [INFO] IPUIPlugin:80 - create IPUIPlugin
2025-07-26 09:17:00,705 [INFO] PluginManager:220 - loadIPPluginJar : add i3c
2025-07-26 09:17:00,713 [INFO] IPUIPlugin:80 - create IPUIPlugin
2025-07-26 09:17:00,714 [INFO] PluginManager:220 - loadIPPluginJar : add ipddr
2025-07-26 09:17:00,727 [INFO] IPUIPlugin:80 - create IPUIPlugin
2025-07-26 09:17:00,728 [INFO] PluginManager:220 - loadIPPluginJar : add linkedlist
2025-07-26 09:17:00,734 [INFO] IPUIPlugin:80 - create IPUIPlugin
2025-07-26 09:17:00,735 [INFO] PluginManager:220 - loadIPPluginJar : add lorawan
2025-07-26 09:17:00,739 [INFO] IPUIPlugin:80 - create IPUIPlugin
2025-07-26 09:17:00,739 [INFO] PluginManager:220 - loadIPPluginJar : add ltdc
2025-07-26 09:17:00,751 [INFO] IPUIPlugin:80 - create IPUIPlugin
2025-07-26 09:17:00,751 [INFO] PluginManager:220 - loadIPPluginJar : add mdma
2025-07-26 09:17:00,760 [INFO] IPUIPlugin:80 - create IPUIPlugin
2025-07-26 09:17:00,760 [INFO] PluginManager:220 - loadIPPluginJar : add nvic
2025-07-26 09:17:00,767 [INFO] IPUIPlugin:80 - create IPUIPlugin
2025-07-26 09:17:00,767 [INFO] PluginManager:220 - loadIPPluginJar : add opamp
2025-07-26 09:17:00,775 [INFO] IPUIPlugin:80 - create IPUIPlugin
2025-07-26 09:17:00,775 [INFO] PluginManager:220 - loadIPPluginJar : add openamp
2025-07-26 09:17:00,784 [INFO] IPUIPlugin:80 - create IPUIPlugin
2025-07-26 09:17:00,784 [INFO] PluginManager:220 - loadIPPluginJar : add pdm2pcm
2025-07-26 09:17:00,799 [INFO] IPUIPlugin:80 - create IPUIPlugin
2025-07-26 09:17:00,806 [INFO] PluginManager:220 - loadIPPluginJar : add plateformsettings
2025-07-26 09:17:00,810 [INFO] IPUIPlugin:80 - create IPUIPlugin
2025-07-26 09:17:00,810 [INFO] PluginManager:220 - loadIPPluginJar : add quadspi
2025-07-26 09:17:00,815 [INFO] IPUIPlugin:80 - create IPUIPlugin
2025-07-26 09:17:00,817 [INFO] PluginManager:220 - loadIPPluginJar : add radio
2025-07-26 09:17:00,826 [INFO] IPUIPlugin:80 - create IPUIPlugin
2025-07-26 09:17:00,826 [INFO] PluginManager:220 - loadIPPluginJar : add resmgrutility
2025-07-26 09:17:00,835 [INFO] IPUIPlugin:80 - create IPUIPlugin
2025-07-26 09:17:00,835 [INFO] PluginManager:220 - loadIPPluginJar : add sai
2025-07-26 09:17:00,841 [INFO] IPUIPlugin:80 - create IPUIPlugin
2025-07-26 09:17:00,842 [INFO] PluginManager:220 - loadIPPluginJar : add spi
2025-07-26 09:17:00,857 [INFO] IPUIPlugin:80 - create IPUIPlugin
2025-07-26 09:17:00,858 [INFO] PluginManager:220 - loadIPPluginJar : add stm32_wpan
2025-07-26 09:17:00,861 [INFO] IPUIPlugin:80 - create IPUIPlugin
2025-07-26 09:17:00,861 [INFO] PluginManager:220 - loadIPPluginJar : add tim
2025-07-26 09:17:00,868 [INFO] IPUIPlugin:80 - create IPUIPlugin
2025-07-26 09:17:00,868 [INFO] PluginManager:220 - loadIPPluginJar : add touchsensing
2025-07-26 09:17:00,872 [INFO] IPUIPlugin:80 - create IPUIPlugin
2025-07-26 09:17:00,873 [INFO] PluginManager:220 - loadIPPluginJar : add tracer_emb
2025-07-26 09:17:00,877 [INFO] IPUIPlugin:80 - create IPUIPlugin
2025-07-26 09:17:00,878 [INFO] PluginManager:220 - loadIPPluginJar : add ts
2025-07-26 09:17:00,882 [INFO] IPUIPlugin:80 - create IPUIPlugin
2025-07-26 09:17:00,882 [INFO] PluginManager:220 - loadIPPluginJar : add tsc
2025-07-26 09:17:00,887 [INFO] IPUIPlugin:80 - create IPUIPlugin
2025-07-26 09:17:00,888 [INFO] PluginManager:220 - loadIPPluginJar : add ucpd
2025-07-26 09:17:00,895 [INFO] IPUIPlugin:80 - create IPUIPlugin
2025-07-26 09:17:00,895 [INFO] PluginManager:220 - loadIPPluginJar : add usart
2025-07-26 09:17:00,903 [INFO] IPUIPlugin:80 - create IPUIPlugin
2025-07-26 09:17:00,903 [INFO] PluginManager:220 - loadIPPluginJar : add usbx
2025-07-26 09:17:01,121 [FATAL] Updater:351 - Updater called before beeing initialized
2025-07-26 09:17:01,187 [INFO] RulesReader:64 - Compatibility file has been processed (317 Rules)
2025-07-26 09:17:01,213 [INFO] RulesReader:64 - Compatibility file has been processed (317 Rules)
2025-07-26 09:17:01,233 [INFO] CADModel:165 - CPN selected for project level
2025-07-26 09:17:01,234 [INFO] CADModel:114 - Register for checkConnection events
2025-07-26 09:17:01,234 [FATAL] Updater:351 - Updater called before beeing initialized
2025-07-26 09:17:01,234 [ERROR] CADModel:125 - Updater not yet initialized, retry later 
2025-07-26 09:17:01,558 [FATAL] Updater:351 - Updater called before beeing initialized
2025-07-26 09:17:01,564 [INFO] CADModel:165 - CPN selected for project level
2025-07-26 09:17:01,564 [INFO] CADModel:114 - Register for checkConnection events
2025-07-26 09:17:01,564 [FATAL] Updater:351 - Updater called before beeing initialized
2025-07-26 09:17:01,565 [ERROR] CADModel:125 - Updater not yet initialized, retry later 
2025-07-26 09:17:01,572 [FATAL] Updater:351 - Updater called before beeing initialized
2025-07-26 09:17:01,892 [FATAL] Updater:351 - Updater called before beeing initialized
2025-07-26 09:17:01,903 [INFO] DbMcusAds:53 - JSON generation date=Tue Jul 08 13:44:23 IST 2025 (1751962463562)
2025-07-26 09:17:01,904 [FATAL] Updater:351 - Updater called before beeing initialized
2025-07-26 09:17:01,969 [WARN] DetailPanel:346 - Failed to get advertising image, set to default
2025-07-26 09:17:02,113 [FATAL] Updater:351 - Updater called before beeing initialized
2025-07-26 09:17:02,116 [FATAL] Updater:351 - Updater called before beeing initialized
2025-07-26 09:17:02,117 [FATAL] Updater:351 - Updater called before beeing initialized
2025-07-26 09:17:02,117 [WARN] DetailPanel:346 - Failed to get advertising image, set to default
2025-07-26 09:17:02,119 [FATAL] Updater:351 - Updater called before beeing initialized
2025-07-26 09:17:02,229 [ERROR] Updater:1198 - MainUpdater not yet initialized. External WinMGr cannot be set.
2025-07-26 09:17:02,235 [INFO] Updater:1134 - Updater Version found : 6.15.0
2025-07-26 09:17:02,274 [INFO] ApplicationProperties:184 - Using Application install path: C:\ST\STM32CubeIDE_1.16.1\STM32CubeIDE\plugins\com.st.stm32cube.common.mx_6.15.0.202507011659
2025-07-26 09:17:02,623 [INFO] ThirdPartyUpdaterWithRetryManager:70 - Updater plugin not ready yet. [2/15]
2025-07-26 09:17:03,875 [ERROR] LogOutputStream:75 - [STDERR_REDIRECT] Jul 26, 2025 9:17:03 AM java.util.prefs.WindowsPreferences <init>
2025-07-26 09:17:03,878 [ERROR] LogOutputStream:75 - [STDERR_REDIRECT] WARNING: Could not open/create prefs root node Software\JavaSoft\Prefs at root 0xffffffff80000002. Windows RegCreateKeyEx(...) returned error code 5.
2025-07-26 09:17:03,879 [ERROR] LogOutputStream:75 - [STDERR_REDIRECT] 
2025-07-26 09:17:04,508 [INFO] MainUpdater:2872 - connection check result : 10
2025-07-26 09:17:04,509 [INFO] MainUpdater:289 - Updater Check For Update Now.
2025-07-26 09:17:04,509 [INFO] MicroXplorer:498 - Change Database Version : DB.6.0.150
2025-07-26 09:17:04,517 [INFO] McuFinderGlobals:63 - Set McuFinder mode to 2 (CubeIDE integrated)
2025-07-26 09:17:04,518 [INFO] UserAuth:487 - Internet connection configuration mode: 1
2025-07-26 09:17:04,560 [INFO] JxBrowserEngine:152 - Initiate JxBrowser Engine with user profile folder
2025-07-26 09:17:04,752 [INFO] CheckServerUpdateThread:120 - End of CheckServer Thread
2025-07-26 09:17:06,479 [WARN] PackLoader:240 - Cannot read IP mode file for STMicroelectronics.FP-SNS-MOTENVWB1.1.4.0
2025-07-26 09:17:06,504 [WARN] PackLoader:240 - Cannot read IP mode file for STMicroelectronics.FP-ATR-ASTRA1.2.0.2
2025-07-26 09:17:06,515 [WARN] PackLoader:240 - Cannot read IP mode file for STMicroelectronics.FP-ATR-ASTRA1.2.0.1
2025-07-26 09:17:06,548 [WARN] PackLoader:240 - Cannot read IP mode file for STMicroelectronics.X-CUBE-SMBUS.2.1.0
2025-07-26 09:17:06,569 [WARN] PackLoader:240 - Cannot read IP mode file for STMicroelectronics.X-CUBE-WB05N.1.1.0
2025-07-26 09:17:06,587 [WARN] PackLoader:240 - Cannot read IP mode file for STMicroelectronics.X-CUBE-ST60.1.0.0
2025-07-26 09:17:06,673 [WARN] PackLoader:240 - Cannot read IP mode file for STMicroelectronics.X-CUBE-AZRTOS-F7.1.1.0
2025-07-26 09:17:06,693 [WARN] PackLoader:240 - Cannot read IP mode file for STMicroelectronics.FP-SNS-FLIGHT1.5.0.2
2025-07-26 09:17:06,724 [INFO] WebApp:169 - Instantiating new browser for Auth
2025-07-26 09:17:06,758 [WARN] PackLoader:240 - Cannot read IP mode file for Infineon.AIROC-Wi-Fi-Bluetooth-STM32.1.7.0
2025-07-26 09:17:06,889 [WARN] PackLoader:240 - Cannot read IP mode file for STMicroelectronics.X-CUBE-AZRTOS-H7.3.4.0
2025-07-26 09:17:06,929 [WARN] PackLoader:240 - Cannot read IP mode file for STMicroelectronics.X-CUBE-DISPLAY.3.0.0
2025-07-26 09:17:06,954 [WARN] PackLoader:240 - Cannot read IP mode file for STMicroelectronics.X-CUBE-BLE1.7.0.0
2025-07-26 09:17:06,970 [WARN] PackLoader:240 - Cannot read IP mode file for STMicroelectronics.X-CUBE-NFC10.1.0.0
2025-07-26 09:17:07,001 [WARN] PackLoader:240 - Cannot read IP mode file for STMicroelectronics.X-CUBE-BLEMGR.4.0.0
2025-07-26 09:17:07,023 [WARN] PackLoader:240 - Cannot read IP mode file for emotas.I-CUBE-CANOPEN.1.3.0
2025-07-26 09:17:07,033 [WARN] PackLoader:240 - Cannot read IP mode file for STMicroelectronics.X-CUBE-AI.10.0.0
2025-07-26 09:17:07,048 [WARN] PackLoader:240 - Cannot read IP mode file for STMicroelectronics.FP-SNS-SMARTAG2.1.2.0
2025-07-26 09:17:07,056 [WARN] PackLoader:240 - Cannot read IP mode file for STMicroelectronics.FP-SNS-FLIGHT1.5.1.0
2025-07-26 09:17:07,209 [WARN] PackLoader:240 - Cannot read IP mode file for STMicroelectronics.X-CUBE-MEMS1.11.1.0
2025-07-26 09:17:07,496 [INFO] LogOutputStream:77 - [STDOUT_REDIRECT] 1 : Invalid condition id : UX_CORESTACK_Condition cause : null
2025-07-26 09:17:07,498 [INFO] LogOutputStream:77 - [STDOUT_REDIRECT] 1 : Invalid condition id : UX_CORESTACK_Condition cause : null
2025-07-26 09:17:07,501 [INFO] LogOutputStream:77 - [STDOUT_REDIRECT] 1 : Invalid condition id : UX_CORESTACK_Condition cause : null
2025-07-26 09:17:07,503 [INFO] LogOutputStream:77 - [STDOUT_REDIRECT] 1 : Invalid condition id : UX_CORESTACK_Condition cause : null
2025-07-26 09:17:07,504 [INFO] LogOutputStream:77 - [STDOUT_REDIRECT] 1 : Invalid condition id : UX_CORESTACK_Condition cause : null
2025-07-26 09:17:07,523 [WARN] PackLoader:240 - Cannot read IP mode file for STMicroelectronics.X-CUBE-AZRTOS-WL.2.0.0
2025-07-26 09:17:07,537 [WARN] PackLoader:240 - Cannot read IP mode file for STMicroelectronics.FP-SNS-MOTENV1.5.0.0
2025-07-26 09:17:07,555 [WARN] PackLoader:240 - Cannot read IP mode file for wolfSSL.I-CUBE-wolfMQTT.1.19.0
2025-07-26 09:17:07,577 [WARN] PackLoader:240 - Cannot read IP mode file for WES.I-CUBE-Cesium.1.3.0
2025-07-26 09:17:07,782 [WARN] PackLoader:240 - Cannot read IP mode file for STMicroelectronics.X-CUBE-BLE2.3.3.0
2025-07-26 09:17:07,794 [WARN] PackLoader:240 - Cannot read IP mode file for STMicroelectronics.X-CUBE-NFC9.1.0.0
2025-07-26 09:17:07,806 [WARN] PackLoader:240 - Cannot read IP mode file for STMicroelectronics.X-CUBE-BLE1.7.1.0
2025-07-26 09:17:07,816 [WARN] PackLoader:240 - Cannot read IP mode file for STMicroelectronics.X-CUBE-EEPRMA1.5.2.0
2025-07-26 09:17:07,823 [WARN] PackLoader:240 - Cannot read IP mode file for STMicroelectronics.X-CUBE-AI.10.1.0
2025-07-26 09:17:07,888 [WARN] PackLoader:240 - Cannot read IP mode file for STMicroelectronics.X-CUBE-MEMS1.11.2.0
2025-07-26 09:17:08,078 [WARN] PackLoader:240 - Cannot read IP mode file for STMicroelectronics.X-CUBE-AZRTOS-G0.1.1.0
2025-07-26 09:17:08,094 [WARN] PackLoader:240 - Cannot read IP mode file for STMicroelectronics.X-CUBE-SAFEA1.1.2.2
2025-07-26 09:17:08,104 [WARN] PackLoader:240 - Cannot read IP mode file for STMicroelectronics.X-CUBE-NFC4.3.0.0
2025-07-26 09:17:08,127 [WARN] PackLoader:240 - Cannot read IP mode file for EmbeddedOffice.I-CUBE-FS-RTOS.1.0.1
2025-07-26 09:17:08,145 [WARN] PackLoader:240 - Cannot read IP mode file for STMicroelectronics.X-CUBE-WB05N.2.0.0
2025-07-26 09:17:08,158 [WARN] PackLoader:240 - Cannot read IP mode file for STMicroelectronics.X-CUBE-TCPP.4.2.0
2025-07-26 09:17:08,171 [WARN] PackLoader:240 - Cannot read IP mode file for RealThread.X-CUBE-RT-Thread_Nano.4.1.1
2025-07-26 09:17:08,179 [WARN] PackLoader:240 - Cannot read IP mode file for STMicroelectronics.FP-ATR-SIGFOX1.3.2.0
2025-07-26 09:17:08,189 [WARN] ConditionMgr:438 - getConditionDescription Invalid condition id : Cortex-A Device cause : null
2025-07-26 09:17:08,210 [WARN] ConditionMgr:1044 - genDependencies : Invalid condition id : Cortex-A Device cause : null
2025-07-26 09:17:08,210 [WARN] ConditionMgr:1044 - genDependencies : Invalid condition id : Cortex-A Device cause : null
2025-07-26 09:17:08,210 [WARN] ConditionMgr:1044 - genDependencies : Invalid condition id : Cortex-A Device cause : null
2025-07-26 09:17:08,221 [WARN] PackLoader:240 - Cannot read IP mode file for STMicroelectronics.X-CUBE-EEPRMA1.5.1.0
2025-07-26 09:17:08,230 [WARN] PackLoader:240 - Cannot read IP mode file for wolfSSL.I-CUBE-wolfSSL.5.7.4
2025-07-26 09:17:08,241 [WARN] PackLoader:240 - Cannot read IP mode file for ITTIA_DB.I-CUBE-ITTIADB.8.9.0
2025-07-26 09:17:08,252 [WARN] PackLoader:240 - Cannot read IP mode file for STMicroelectronics.X-CUBE-ST67W61.1.0.0
2025-07-26 09:17:08,296 [WARN] PackLoader:240 - Cannot read IP mode file for SEGGER.I-CUBE-embOS.1.3.1
2025-07-26 09:17:08,372 [WARN] PackLoader:240 - Cannot read IP mode file for STMicroelectronics.X-CUBE-ALGOBUILD.1.4.0
2025-07-26 09:17:08,440 [WARN] PackLoader:240 - Cannot read IP mode file for STMicroelectronics.X-CUBE-MEMS1.11.3.0
2025-07-26 09:17:08,581 [WARN] PackLoader:240 - Cannot read IP mode file for STMicroelectronics.X-CUBE-AI.9.1.0
2025-07-26 09:17:08,591 [WARN] PackLoader:240 - Cannot read IP mode file for STMicroelectronics.X-CUBE-PM33A1.1.0.0
2025-07-26 09:17:08,629 [WARN] PackLoader:240 - Cannot read IP mode file for STMicroelectronics.X-CUBE-AZRTOS-F4.1.1.0
2025-07-26 09:17:08,661 [WARN] PackLoader:240 - Cannot read IP mode file for Avnet-IotConnect.X-CUBE-IoTC-DA16k-PMOD.1.0.0
2025-07-26 09:17:08,682 [WARN] PackLoader:240 - Cannot read IP mode file for STMicroelectronics.X-CUBE-ISPU.2.1.0
2025-07-26 09:17:08,751 [WARN] PackLoader:240 - Cannot read IP mode file for STMicroelectronics.X-CUBE-NFC12.1.0.0
2025-07-26 09:17:08,828 [WARN] PackLoader:240 - Cannot read IP mode file for STMicroelectronics.X-CUBE-AZRTOS-L5.2.0.0
2025-07-26 09:17:08,864 [WARN] PackLoader:240 - Cannot read IP mode file for STMicroelectronics.X-CUBE-NFC6.3.1.0
2025-07-26 09:17:08,887 [WARN] PackLoader:240 - Cannot read IP mode file for STMicroelectronics.X-CUBE-DPower.1.2.0
2025-07-26 09:17:08,905 [WARN] PackLoader:240 - Cannot read IP mode file for STMicroelectronics.X-CUBE-FREERTOS.1.3.1
2025-07-26 09:17:08,916 [WARN] PackLoader:240 - Cannot read IP mode file for STMicroelectronics.X-CUBE-FREERTOS.1.3.0
2025-07-26 09:17:08,935 [WARN] PackLoader:240 - Cannot read IP mode file for STMicroelectronics.X-CUBE-NFC7.1.0.1
2025-07-26 09:17:08,950 [WARN] PackLoader:240 - Cannot read IP mode file for STMicroelectronics.FP-SNS-STAIOTCFT.1.0.0
2025-07-26 09:17:08,972 [WARN] PackLoader:240 - Cannot read IP mode file for STMicroelectronics.X-CUBE-DPower.1.3.0
2025-07-26 09:17:09,020 [WARN] ConditionMgr:438 - getConditionDescription Invalid condition id : LAN8742 Phy interface Condition cause : null
2025-07-26 09:17:09,021 [WARN] PackLoader:240 - Cannot read IP mode file for STMicroelectronics.X-CUBE-AZRTOS-L4.2.0.0
2025-07-26 09:17:09,023 [WARN] ConditionMgr:1044 - genDependencies : Invalid condition id : LAN8742 Phy interface Condition cause : null
2025-07-26 09:17:09,024 [WARN] ConditionMgr:1044 - genDependencies : Invalid condition id : LAN8742 Phy interface Condition cause : null
2025-07-26 09:17:09,024 [WARN] ConditionMgr:1044 - genDependencies : Invalid condition id : LAN8742 Phy interface Condition cause : null
2025-07-26 09:17:09,037 [WARN] PackLoader:240 - Cannot read IP mode file for STMicroelectronics.X-CUBE-SFXS2LP1.4.0.0
2025-07-26 09:17:09,074 [WARN] PackLoader:240 - Cannot read IP mode file for STMicroelectronics.X-CUBE-AZRTOS-H7.3.3.0
2025-07-26 09:17:09,104 [WARN] PackLoader:240 - Cannot read IP mode file for STMicroelectronics.X-CUBE-BLEMGR.4.1.0
2025-07-26 09:17:09,133 [WARN] PackLoader:240 - Cannot read IP mode file for STMicroelectronics.X-CUBE-IPS.3.0.0
2025-07-26 09:17:09,174 [WARN] ConditionMgr:438 - getConditionDescription Invalid condition id : UX DEVICE CLASS RTOS Condition cause : null
2025-07-26 09:17:09,175 [WARN] ConditionMgr:438 - getConditionDescription Invalid condition id : UX DEVICE CLASS RTOS Condition cause : null
2025-07-26 09:17:09,180 [WARN] PackLoader:240 - Cannot read IP mode file for STMicroelectronics.X-CUBE-AZRTOS-WB.2.0.0
2025-07-26 09:17:09,182 [WARN] ConditionMgr:1044 - genDependencies : Invalid condition id : UX DEVICE CLASS RTOS Condition cause : null
2025-07-26 09:17:09,183 [WARN] ConditionMgr:1044 - genDependencies : Invalid condition id : UX DEVICE CLASS RTOS Condition cause : null
2025-07-26 09:17:09,185 [WARN] ConditionMgr:1044 - genDependencies : Invalid condition id : UX DEVICE CLASS RTOS Condition cause : null
2025-07-26 09:17:09,185 [WARN] ConditionMgr:1044 - genDependencies : Invalid condition id : UX DEVICE CLASS RTOS Condition cause : null
2025-07-26 09:17:09,186 [WARN] ConditionMgr:1044 - genDependencies : Invalid condition id : UX DEVICE CLASS RTOS Condition cause : null
2025-07-26 09:17:09,201 [WARN] PackLoader:240 - Cannot read IP mode file for STMicroelectronics.X-CUBE-GNSS1.7.0.1
2025-07-26 09:17:09,213 [WARN] PackLoader:240 - Cannot read IP mode file for STMicroelectronics.X-CUBE-TOUCHGFX.4.25.0
2025-07-26 09:17:09,226 [WARN] PackLoader:240 - Cannot read IP mode file for STMicroelectronics.FP-SNS-STBOX1.2.0.0
2025-07-26 09:17:09,241 [INFO] WebApp:463 - Apply proxy settings
2025-07-26 09:17:09,242 [INFO] WebApp:548 - Chromium requires no authentication
2025-07-26 09:17:09,252 [WARN] PackLoader:240 - Cannot read IP mode file for STMicroelectronics.X-CUBE-SUBG2.5.0.0
2025-07-26 09:17:09,268 [INFO] WebApp:491 - Direct internet connection detected
2025-07-26 09:17:09,301 [WARN] PackLoader:240 - Cannot read IP mode file for STMicroelectronics.X-CUBE-AZRTOS-H7RS.1.1.0
2025-07-26 09:17:09,317 [WARN] PackLoader:240 - Cannot read IP mode file for Cesanta.I-CUBE-Mongoose.7.13.0
2025-07-26 09:17:09,331 [INFO] WebApp:900 - Register for checkConnection events
2025-07-26 09:17:09,331 [INFO] WebApp:463 - Apply proxy settings
2025-07-26 09:17:09,331 [INFO] WebApp:548 - Chromium requires no authentication
2025-07-26 09:17:09,333 [INFO] WebApp:491 - Direct internet connection detected
2025-07-26 09:17:09,345 [WARN] PackLoader:240 - Cannot read IP mode file for STMicroelectronics.X-CUBE-AZRTOS-G4.2.0.0
2025-07-26 09:17:09,357 [WARN] PackLoader:240 - Cannot read IP mode file for STMicroelectronics.X-CUBE-NFC7.2.0.0
2025-07-26 09:17:09,376 [WARN] PackLoader:240 - Cannot read IP mode file for STMicroelectronics.X-CUBE-IPS.3.1.0
2025-07-26 09:17:09,395 [WARN] PackLoader:240 - Cannot read IP mode file for STMicroelectronics.X-CUBE-ALS.1.0.2
2025-07-26 09:17:09,407 [WARN] PackLoader:240 - Cannot read IP mode file for STMicroelectronics.X-CUBE-TOUCHGFX.4.24.0
2025-07-26 09:17:09,536 [WARN] PackLoader:240 - Cannot read IP mode file for STMicroelectronics.X-CUBE-TOUCHGFX.4.24.2
2025-07-26 09:17:09,632 [WARN] PackLoader:240 - Cannot read IP mode file for STMicroelectronics.X-CUBE-TOUCHGFX.4.24.1
2025-07-26 09:17:09,645 [WARN] PackLoader:240 - Cannot read IP mode file for wolfSSL.I-CUBE-wolfTPM.3.4.0
2025-07-26 09:17:09,658 [WARN] PackLoader:240 - Cannot read IP mode file for portGmbH.I-Cube-SoM-uGOAL.1.1.0
2025-07-26 09:17:09,663 [INFO] WebApp:191 - Connection restablished
2025-07-26 09:17:09,700 [WARN] PackLoader:240 - Cannot read IP mode file for STMicroelectronics.X-CUBE-AZRTOS-H7RS.1.0.0
2025-07-26 09:17:09,732 [WARN] PackLoader:240 - Cannot read IP mode file for STMicroelectronics.X-CUBE-TOF1.3.4.2
2025-07-26 09:17:09,772 [WARN] PackLoader:240 - Cannot read IP mode file for STMicroelectronics.X-CUBE-TOF1.3.4.3
2025-07-26 09:17:09,799 [WARN] PackLoader:240 - Cannot read IP mode file for wolfSSL.I-CUBE-wolfSSH.1.4.17
2025-07-26 09:17:09,800 [INFO] ThirdParty:978 - Integrity check success = true
2025-07-26 09:17:09,801 [INFO] IntegrityCheckThread:100 - exiting critical section [integrity check]
2025-07-26 09:17:09,801 [INFO] IntegrityCheckThread:103 - End integrity checks thread
2025-07-26 09:17:09,970 [INFO] WebApp:225 - Starting web application
2025-07-26 09:17:09,971 [INFO] WebApp:593 - Web application path used C:\ST\STM32CubeIDE_1.16.1\STM32CubeIDE\plugins\com.st.stm32cube.common.mx_6.15.0.202507011659\db\plugins\mcufinder\reactClient1\index.html
2025-07-26 09:17:10,301 [INFO] UserAuth:487 - Internet connection configuration mode: 1
2025-07-26 09:20:08,413 [INFO] McuFinderGlobals:63 - Set McuFinder mode to 2 (CubeIDE integrated)
2025-07-26 09:20:08,420 [INFO] MainUpdater:2872 - connection check result : 10
2025-07-26 09:20:08,423 [INFO] MainUpdater:2872 - connection check result : 10
2025-07-26 09:20:08,490 [INFO] MicroXplorer:468 - Change Database Path : 
2025-07-26 09:20:08,491 [INFO] MicroXplorer:498 - Change Database Version : DB.6.0.150
2025-07-26 09:20:08,499 [WARN] ThirdParty:871 - waiting for thirdparty lock release [close project]
2025-07-26 09:20:08,499 [INFO] ThirdParty:873 - entering critical section [close project]
2025-07-26 09:20:08,500 [INFO] ThirdParty:883 - exiting critical section [close project]
2025-07-26 09:20:08,503 [INFO] PinOutPanel:1589 - setPackage(No Configuration,No Configuration)
2025-07-26 09:20:08,504 [INFO] UtilMem:75 - Begin LoadConfig() Used Memory: 531677784 Bytes (878706688)
2025-07-26 09:20:08,506 [INFO] MicroXplorer:468 - Change Database Path : 
2025-07-26 09:20:08,507 [INFO] MicroXplorer:498 - Change Database Version : DB.6.0.150
2025-07-26 09:20:08,507 [INFO] OpenFileManager:355 - Change cursor
2025-07-26 09:20:08,547 [INFO] Mcu:2029 - Initializing MCU STM32F446R(C-E)Tx STM32F446RETx STM32F446RET6
2025-07-26 09:20:10,908 [INFO] Context:786 - Trying to add GPIOservice into a context  which must be forbidden
2025-07-26 09:20:11,728 [INFO] ImportTextPane:234 - (OptionalMessage_ERROR) Pin27 (VP_RIF_VS_RIF1) cannot be retrieved for this MCU
2025-07-26 09:20:11,905 [INFO] RtosManager:558 - Registered RTOS mode: class=CMSIS, group=RTOS, mode=CMSIS_V1, owner=FREERTOS
2025-07-26 09:20:11,906 [INFO] RtosManager:558 - Registered RTOS mode: class=CMSIS, group=RTOS2, mode=CMSIS_V2, owner=FREERTOS
2025-07-26 09:20:11,906 [INFO] RtosManager:558 - Registered RTOS mode: class=RTOS, group=Core, mode=CMSIS_V1, owner=FREERTOS
2025-07-26 09:20:11,906 [INFO] RtosManager:558 - Registered RTOS mode: class=RTOS, group=Core, mode=CMSIS_V2, owner=FREERTOS
2025-07-26 09:20:11,907 [WARN] ModelIntegratedComponent:184 - Missing modes for component STMicroelectronics:FreeRTOS:0.0.1:STMicroelectronics:RTOS:FreeRTOS:Core:::10.2.0:
2025-07-26 09:20:11,933 [WARN] ModelIntegratedComponent:63 - No mode defined for component null
2025-07-26 09:20:11,933 [WARN] ModelIntegratedComponent:63 - No mode defined for component null
2025-07-26 09:20:11,933 [WARN] ModelIntegratedComponent:63 - No mode defined for component null
2025-07-26 09:20:11,934 [WARN] ModelIntegratedComponent:63 - No mode defined for component null
2025-07-26 09:20:11,934 [WARN] ModelIntegratedComponent:63 - No mode defined for component null
2025-07-26 09:20:11,934 [WARN] ModelIntegratedComponent:63 - No mode defined for component null
2025-07-26 09:20:11,934 [WARN] ModelIntegratedComponent:63 - No mode defined for component null
2025-07-26 09:20:11,934 [WARN] ModelIntegratedComponent:63 - No mode defined for component null
2025-07-26 09:20:11,934 [WARN] ModelIntegratedComponent:63 - No mode defined for component null
2025-07-26 09:20:11,934 [WARN] ModelIntegratedComponent:63 - No mode defined for component null
2025-07-26 09:20:11,935 [WARN] ModelIntegratedComponent:63 - No mode defined for component null
2025-07-26 09:20:11,935 [WARN] ModelIntegratedComponent:63 - No mode defined for component null
2025-07-26 09:20:11,935 [WARN] ModelIntegratedComponent:63 - No mode defined for component null
2025-07-26 09:20:11,935 [WARN] ModelIntegratedComponent:63 - No mode defined for component null
2025-07-26 09:20:11,935 [WARN] ModelIntegratedComponent:63 - No mode defined for component null
2025-07-26 09:20:11,935 [WARN] ModelIntegratedComponent:63 - No mode defined for component null
2025-07-26 09:20:11,935 [WARN] ModelIntegratedComponent:63 - No mode defined for component null
2025-07-26 09:20:11,935 [WARN] ModelIntegratedComponent:63 - No mode defined for component null
2025-07-26 09:20:11,936 [WARN] ModelIntegratedComponent:63 - No mode defined for component null
2025-07-26 09:20:11,936 [WARN] ModelIntegratedComponent:63 - No mode defined for component null
2025-07-26 09:20:11,936 [WARN] ModelIntegratedComponent:63 - No mode defined for component null
2025-07-26 09:20:11,936 [WARN] ModelIntegratedComponent:63 - No mode defined for component null
2025-07-26 09:20:11,936 [WARN] ModelIntegratedComponent:63 - No mode defined for component null
2025-07-26 09:20:11,936 [WARN] ModelIntegratedComponent:63 - No mode defined for component null
2025-07-26 09:20:11,936 [WARN] ModelIntegratedComponent:63 - No mode defined for component null
2025-07-26 09:20:11,936 [WARN] ModelIntegratedComponent:63 - No mode defined for component null
2025-07-26 09:20:11,936 [WARN] ModelIntegratedComponent:63 - No mode defined for component null
2025-07-26 09:20:11,937 [WARN] ModelIntegratedComponent:63 - No mode defined for component null
2025-07-26 09:20:11,937 [WARN] ModelIntegratedComponent:63 - No mode defined for component null
2025-07-26 09:20:11,937 [WARN] ModelIntegratedComponent:63 - No mode defined for component null
2025-07-26 09:20:11,937 [WARN] ModelIntegratedComponent:63 - No mode defined for component null
2025-07-26 09:20:11,937 [WARN] ModelIntegratedComponent:63 - No mode defined for component null
2025-07-26 09:20:11,937 [WARN] ModelIntegratedComponent:63 - No mode defined for component null
2025-07-26 09:20:11,937 [WARN] ModelIntegratedComponent:63 - No mode defined for component null
2025-07-26 09:20:11,938 [WARN] ModelIntegratedComponent:63 - No mode defined for component null
2025-07-26 09:20:11,938 [WARN] ModelPack:524 - Component already loaded: STMicroelectronics:HAL Drivers:0.0.0:STMicroelectronics:Device:STMicro_Driver:XSPI:HAL::0.0.1:HAL_XSPI
2025-07-26 09:20:12,456 [INFO] ThirdPartyModel:298 - Start build external matchings
2025-07-26 09:20:13,565 [INFO] ThirdPartyModel:316 - End build external matchings
2025-07-26 09:20:14,210 [INFO] ApiDb:581 - Connected to CubeFinder SQLite database (C:\Users\kjeya\.stmcufinder\plugins\mcufinder\mcu\cube-finder-db.db)
2025-07-26 09:20:14,314 [INFO] ApiDb:668 - CubeFinder database Data Model version=2.1
2025-07-26 09:20:14,314 [INFO] ApiDb:669 - CubeFinder database Configuration version=3.0.39
2025-07-26 09:20:14,314 [INFO] ApiDb:670 - CubeFinder database generation date=2025-06-24 (1750757100)
2025-07-26 09:20:14,314 [INFO] ApiDb:671 - CubeFinder database FW Pack versions=[FP-ATR-ASTRA1_V2.0.0, FP-SNS-FLIGHT1_V5.1.0, FP-SNS-MOTENV1_V5.0.0, FP-SNS-MOTENVWB1_V1.4.0, FP-SNS-SMARTAG2_V1.2.0, FP-SNS-STBOX1_V2.0.0, STM32Cube_FW_C0_V1.4.0, STM32Cube_FW_F4_V1.28.2, STM32Cube_FW_F7_V1.17.3, STM32Cube_FW_G0_V1.6.2, STM32Cube_FW_G4_V1.6.1, STM32Cube_FW_H5_V1.5.0, STM32Cube_FW_H7RS_V1.2.0, STM32Cube_FW_H7_V1.12.1, STM32Cube_FW_L0_V1.12.2, STM32Cube_FW_L4_V1.18.1, STM32Cube_FW_L5_V1.5.1, STM32Cube_FW_N6_V1.2.0, STM32Cube_FW_U0_V1.3.0, STM32Cube_FW_U3_V1.2.0, STM32Cube_FW_U5_V1.8.0, STM32Cube_FW_WB0_V1.3.0, STM32Cube_FW_WBA_V1.7.0, STM32Cube_FW_WB_V1.23.0, STM32Cube_FW_WL3_V1.2.0, STM32Cube_FW_WL_V1.3.1, X-CUBE-ALGOBUILD_V1.4.0, X-CUBE-ALS_V1.0.2, X-CUBE-AZRTOS-F4_V1.1.0, X-CUBE-AZRTOS-F7_V1.1.0, X-CUBE-AZRTOS-G0_V1.1.0, X-CUBE-AZRTOS-G4_V2.0.0, X-CUBE-AZRTOS-H7RS_V1.1.0, X-CUBE-AZRTOS-H7_V3.3.0, X-CUBE-AZRTOS-L4_V2.0.0, X-CUBE-AZRTOS-L5_V2.0.0, X-CUBE-AZRTOS-WB_V2.0.0, X-CUBE-AZRTOS-WL_V2.0.0, X-CUBE-BLE1_V7.1.0, X-CUBE-BLE2_V3.3.0, X-CUBE-BLEMGR_V4.0.0, X-CUBE-EEPRMA1_V5.1.0, X-CUBE-FREERTOS_V1.3.1, X-CUBE-GNSS1_V6.0.0, X-CUBE-MEMS1_V11.3.0, X-CUBE-NFC4_V3.0.0, X-CUBE-NFC7_V2.0.0, X-CUBE-SFXS2LP1_V4.0.0, X-CUBE-SUBG2_V5.0.0, X-CUBE-TOF1_V3.4.3]
2025-07-26 09:20:14,478 [INFO] DbBoardsSqlite:226 - include board P-NUCLEO-WB55-NUCLEO as a kit item of type 'Nucleo-64'
2025-07-26 09:20:14,479 [INFO] DbBoardsSqlite:226 - include board P-NUCLEO-WB55-USBDONGLE as a kit item of type 'Nucleo USB Dongle'
2025-07-26 09:20:14,480 [INFO] DbBoardsSqlite:226 - include board STEVAL-IDP005V1 as a kit item of type 'Evaluation Board'
2025-07-26 09:20:14,481 [INFO] DbBoardsSqlite:226 - include board STEVAL-IDP005V2 as a kit item of type 'Evaluation Board'
2025-07-26 09:20:15,028 [INFO] ApiDb:240 - Found 880 in-development CPN: [B-G473E-ZEST1S, B-WB1M-WPAN1, B-WBA5M-WPAN, B-WL5M-SUBG1, NUCLEO-C031C6, NUCLEO-C051C8, NUCLEO-C071RB, NUCLEO-C092RC, NUCLEO-H503RB, NUCLEO-H533RE, NUCLEO-H563ZI, NUCLEO-H7S3L8, NUCLEO-N657X0-Q, NUCLEO-U031R8, NUCLEO-U083RC, NUCLEO-U385RG-Q, NUCLEO-U545RE-Q, NUCLEO-U5A5ZJ-Q, NUCLEO-WB05KZ, NUCLEO-WB07CC, NUCLEO-WB09KE, NUCLEO-WBA52CG, NUCLEO-WBA55CG, NUCLEO-WL33CC1, NUCLEO-WL33CC2, STEVAL-PROTEUS1, STEVAL-SMARTAG2, STEVAL-STWINBX1, STM320518-EVAL, STM32C0116-DK, STM32C011D6Y3TR, STM32C011D6Y6TR, STM32C011F4P3, STM32C011F4P6, STM32C011F4U3, STM32C011F4U6TR, STM32C011F6P3, STM32C011F6P6, STM32C011F6U3, STM32C011F6U6TR, STM32C011J4M3, STM32C011J4M6, STM32C011J6M3, STM32C011J6M6, STM32C0316-DK, STM32C031C4T3, STM32C031C4T6, STM32C031C4U3, STM32C031C4U6, STM32C031C6T3, STM32C031C6T6, STM32C031C6U3, STM32C031C6U6, STM32C031F4P3, STM32C031F4P6, STM32C031F6P3, STM32C031F6P6, STM32C031G4U3, STM32C031G4U6, STM32C031G6U3, STM32C031G6U6, STM32C031K4T3, STM32C031K4T6, STM32C031K4U3, STM32C031K4U6, STM32C031K6T3, STM32C031K6T6, STM32C031K6U3, STM32C031K6U6, STM32C051C6T6, STM32C051C6U6, STM32C051C8T6, STM32C051C8U6, STM32C051D8Y6TR, STM32C051F6P6, STM32C051F8P6, STM32C051G6U6, STM32C051G8U6, STM32C051K6T6, STM32C051K6U6, STM32C051K8T6, STM32C071C8T6, STM32C071C8T6N, STM32C071C8U6, STM32C071C8U6N, STM32C071CBT6, STM32C071CBT6N, STM32C071CBU6, STM32C071CBU6N, STM32C071F8P6, STM32C071F8P6N, STM32C071FBP6, STM32C071FBP6N, STM32C071FBY6TR, STM32C071G8U6, STM32C071G8U6N, STM32C071GBU6, STM32C071GBU6N, STM32C071K8T6, STM32C071K8T6N, STM32C071K8U6, STM32C071K8U6N, STM32C071KBT6, STM32C071KBT6N, STM32C071KBU6, STM32C071KBU6N, STM32C071R8T6, STM32C071R8T6N, STM32C071RBI6N, STM32C071RBT6, STM32C071RBT6N, STM32C091CBT6, STM32C091CBU6, STM32C091CCT6, STM32C091CCU6, STM32C091ECY6TR, STM32C091FBP6, STM32C091FCP6, STM32C091GBU6, STM32C091GCU6, STM32C091KBT6, STM32C091KBU6, STM32C091KCT6, STM32C091KCU6, STM32C091RBT6, STM32C091RCI6, STM32C091RCT6, STM32C092CBT6, STM32C092CBU6, STM32C092CCT6, STM32C092CCU6, STM32C092ECY6TR, STM32C092FBP6, STM32C092FCP6, STM32C092GBU6, STM32C092GCU6, STM32C092KBT6, STM32C092KBU6, STM32C092KCT6, STM32C092KCU6, STM32C092RBT6, STM32C092RCI6, STM32C092RCT6, STM32G071K8TXN, STM32G071K8UXN, STM32G081GBU6N, STM32G081KBT6N, STM32G081KBUXN, STM32G0B1CCT6N, STM32G0B1KCT6, STM32G0B1NEY6TR, STM32G0B1RCT6N, STM32G0C1CCT6, STM32G0C1CCT6N, STM32G0C1CCU6N, STM32G0C1CET6N, STM32G0C1CEU6N, STM32G0C1KCT6, STM32G0C1NEY6TR, STM32G0C1RCI6N, STM32G0C1RCT6N, STM32G0C1REI6N, STM32G0C1RET6N, STM32G0C1VCI6, STM32G0C1VEI6, STM32G411C6T3, STM32G411C6T6, STM32G411C6U3, STM32G411C6U6, STM32G411C8T3, STM32G411C8T6, STM32G411C8U3, STM32G411C8U6, STM32G411CBT3, STM32G411CBT6, STM32G411CBU3, STM32G411CBU6, STM32G411K6T3, STM32G411K6T6, STM32G411K6U3, STM32G411K6U6, STM32G411K8T3, STM32G411K8T6, STM32G411K8U3, STM32G411K8U6, STM32G411KBT3, STM32G411KBT6, STM32G411KBU3, STM32G411KBU6, STM32G411M6T3, STM32G411M6T6, STM32G411M8T3, STM32G411M8T6, STM32G411MBT3, STM32G411MBT6, STM32G411R6T3, STM32G411R6T6, STM32G411R8T3, STM32G411R8T6, STM32G411RBT3, STM32G411RBT6, STM32G414CBT3, STM32G414CBT6, STM32G414CBU3, STM32G414CBU6, STM32G414CCT3, STM32G414CCT6, STM32G414CCU3, STM32G414CCU6, STM32G414MBT3, STM32G414MBT6, STM32G414MCT3, STM32G414MCT6, STM32G414RBT3, STM32G414RBT6, STM32G414RCT3, STM32G414RCT6, STM32G414VBT3, STM32G414VBT6, STM32G414VCT3, STM32G414VCT6, STM32G431CBT3Z, STM32G431RBT3Z, STM32G471CCT6, STM32G471CCU6, STM32G471CET3, STM32G471CET6, STM32G471CEU3, STM32G471CEU6, STM32G471MCT6, STM32G471MET3, STM32G471MET6, STM32G471MEY6TR, STM32G471QCT6, STM32G471QET3, STM32G471RCT6, STM32G471RET3, STM32G471RET6, STM32G471VCH6, STM32G471VCI6, STM32G471VCT6, STM32G471VEH3, STM32G471VEH6, STM32G471VEI3, STM32G471VEI6, STM32G471VET3, STM32G471VET6, STM32G473QET3Z, STM32G473RET3Z, STM32G474CCT6, STM32G491RET3Z, STM32H503CBT6, STM32H503CBU6, STM32H503EBY6TR, STM32H503KBU6, STM32H503RBT6, STM32H523CCT6, STM32H523CCU6, STM32H523CET6, STM32H523CEU6, STM32H523HEY6TR, STM32H523RCT6, STM32H523RET6, STM32H523VCI6, STM32H523VCT6, STM32H523VEI6, STM32H523VET6, STM32H523ZCJ6, STM32H523ZCT6, STM32H523ZEJ6, STM32H523ZET6, STM32H533CET6, STM32H533CEU6, STM32H533HEY6TR, STM32H533RET6, STM32H533VEI6, STM32H533VET6, STM32H533ZEJ6, STM32H533ZET6, STM32H562AGI6, STM32H562AII6, STM32H562IGK6, STM32H562IGT6, STM32H562IIK6, STM32H562IIT6, STM32H562RGT6, STM32H562RGV6, STM32H562RIT6, STM32H562RIV6, STM32H562VGT6, STM32H562VIT6, STM32H562ZGT6, STM32H562ZIT6, STM32H563AGI6, STM32H563AII3Q, STM32H563AII6, STM32H563IGK6, STM32H563IGT6, STM32H563IIK3Q, STM32H563IIK6, STM32H563IIT3Q, STM32H563IIT6, STM32H563MIY3QTR, STM32H563RGT6, STM32H563RGV6, STM32H563RIT6, STM32H563RIV6, STM32H563VGT6, STM32H563VIT3Q, STM32H563VIT6, STM32H563ZGT6, STM32H563ZIT3Q, STM32H563ZIT6, STM32H573AII3Q, STM32H573AII6, STM32H573I-DK, STM32H573IIK3Q, STM32H573IIK6, STM32H573IIT3Q, STM32H573IIT6, STM32H573MIY3QTR, STM32H573RIT6, STM32H573RIV6, STM32H573VIT3Q, STM32H573VIT6, STM32H573ZIT3Q, STM32H573ZIT6, STM32H7R3A8I6, STM32H7R3I8K6, STM32H7R3I8T6, STM32H7R3L8H6, STM32H7R3L8H6H, STM32H7R3R8V6, STM32H7R3V8H6, STM32H7R3V8T6, STM32H7R3V8Y6TR, STM32H7R3Z8J6, STM32H7R3Z8T6, STM32H7R7A8I6, STM32H7R7I8K6, STM32H7R7I8T6, STM32H7R7L8H6, STM32H7R7L8H6H, STM32H7R7Z8J6, STM32H7S3A8I6, STM32H7S3I8K6, STM32H7S3I8T6, STM32H7S3L8H6, STM32H7S3L8H6H, STM32H7S3R8V6, STM32H7S3V8H6, STM32H7S3V8T6, STM32H7S3V8Y6TR, STM32H7S3Z8J6, STM32H7S3Z8T6, STM32H7S78-DK, STM32H7S7A8I6, STM32H7S7I8K6, STM32H7S7I8T6, STM32H7S7L8H6, STM32H7S7L8H6H, STM32H7S7Z8J6, STM32L4R5QGI6STR, STM32MP131AAE3, STM32MP131AAF3, STM32MP131AAG3, STM32MP131CAE3, STM32MP131CAF3, STM32MP131CAG3, STM32MP131DAE7, STM32MP131DAF7, STM32MP131DAG7, STM32MP131FAE7, STM32MP131FAF7, STM32MP131FAG7, STM32MP133AAE3, STM32MP133AAF3, STM32MP133AAG3, STM32MP133CAE3, STM32MP133CAF3, STM32MP133CAG3, STM32MP133DAE7, STM32MP133DAF7, STM32MP133DAG7, STM32MP133FAE7, STM32MP133FAF7, STM32MP133FAG7, STM32MP135AAE3, STM32MP135AAF3, STM32MP135AAG3, STM32MP135CAE3, STM32MP135CAF3, STM32MP135CAG3, STM32MP135DAE7, STM32MP135DAF7, STM32MP135DAG7, STM32MP135F-DK, STM32MP135FAE7, STM32MP135FAF7, STM32MP135FAF7T, STM32MP135FAF7U, STM32MP135FAG7, STM32MP211AAL3, STM32MP211AAM3, STM32MP211AAN3, STM32MP211AAO3, STM32MP211CAL3, STM32MP211CAM3, STM32MP211CAN3, STM32MP211CAO3, STM32MP211DAL3, STM32MP211DAM3, STM32MP211DAN3, STM32MP211DAO3, STM32MP211FAL3, STM32MP211FAM3, STM32MP211FAN3, STM32MP211FAO3, STM32MP213AAL3, STM32MP213AAM3, STM32MP213AAN3, STM32MP213AAO3, STM32MP213CAL3, STM32MP213CAM3, STM32MP213CAN3, STM32MP213CAO3, STM32MP213DAL3, STM32MP213DAM3, STM32MP213DAN3, STM32MP213DAO3, STM32MP213FAL3, STM32MP213FAM3, STM32MP213FAN3, STM32MP213FAO3, STM32MP215AAL3, STM32MP215AAM3, STM32MP215AAN3, STM32MP215AAO3, STM32MP215CAL3, STM32MP215CAM3, STM32MP215CAN3, STM32MP215CAO3, STM32MP215DAL3, STM32MP215DAM3, STM32MP215DAN3, STM32MP215DAO3, STM32MP215F-DK, STM32MP215FAL3, STM32MP215FAM3, STM32MP215FAN3, STM32MP215FAO3, STM32MP231AAJ3, STM32MP231AAK3, STM32MP231AAL3, STM32MP231CAJ3, STM32MP231CAK3, STM32MP231CAL3, STM32MP231DAJ3, STM32MP231DAK3, STM32MP231DAL3, STM32MP231FAJ3, STM32MP231FAK3, STM32MP231FAL3, STM32MP233AAJ3, STM32MP233AAK3, STM32MP233AAL3, STM32MP233CAJ3, STM32MP233CAK3, STM32MP233CAL3, STM32MP233DAJ3, STM32MP233DAK3, STM32MP233DAL3, STM32MP233FAJ3, STM32MP233FAK3, STM32MP233FAL3, STM32MP235AAJ3, STM32MP235AAK3, STM32MP235AAL3, STM32MP235CAJ3, STM32MP235CAK3, STM32MP235CAL3, STM32MP235DAJ3, STM32MP235DAK3, STM32MP235DAL3, STM32MP235FAJ3, STM32MP235FAK3, STM32MP235FAL3, STM32MP251AAI3, STM32MP251AAK3, STM32MP251AAL3, STM32MP251CAI3, STM32MP251CAK3, STM32MP251CAL3, STM32MP251DAI3, STM32MP251DAK3, STM32MP251DAL3, STM32MP251FAI3, STM32MP251FAK3, STM32MP251FAL3, STM32MP253AAI3, STM32MP253AAK3, STM32MP253AAL3, STM32MP253CAI3, STM32MP253CAK3, STM32MP253CAL3, STM32MP253DAI3, STM32MP253DAK3, STM32MP253DAL3, STM32MP253FAI3, STM32MP253FAK3, STM32MP253FAL3, STM32MP255AAI3, STM32MP255AAK3, STM32MP255AAL3, STM32MP255CAI3, STM32MP255CAK3, STM32MP255CAL3, STM32MP255DAI3, STM32MP255DAK3, STM32MP255DAL3, STM32MP255FAI3, STM32MP255FAK3, STM32MP255FAL3, STM32MP257AAI3, STM32MP257AAK3, STM32MP257AAL3, STM32MP257CAI3, STM32MP257CAK3, STM32MP257CAL3, STM32MP257DAI3, STM32MP257DAK3, STM32MP257DAL3, STM32MP257F-DK, STM32MP257F-EV1, STM32MP257FAI3, STM32MP257FAK3, STM32MP257FAL3, STM32N645A0H3Q, STM32N645B0H3Q, STM32N645I0H3Q, STM32N645L0H3Q, STM32N645X0H3Q, STM32N645Z0H3Q, STM32N647A0H3Q, STM32N647B0H3Q, STM32N647I0H3Q, STM32N647L0H3Q, STM32N647X0H3Q, STM32N647Z0H3Q, STM32N655A0H3Q, STM32N655B0H3Q, STM32N655I0H3Q, STM32N655L0H3Q, STM32N655X0H3Q, STM32N655Z0H3Q, STM32N6570-DK, STM32N657A0H3Q, STM32N657B0H3Q, STM32N657I0H3Q, STM32N657L0H3Q, STM32N657X0H3Q, STM32N657Z0H3Q, STM32U031C6T6, STM32U031C6U6, STM32U031C8T6, STM32U031C8U6, STM32U031F4P6, STM32U031F6P6, STM32U031F8P6, STM32U031G6Y6TR, STM32U031G8Y6TR, STM32U031K4U6, STM32U031K6U6, STM32U031K8U6, STM32U031R6I6, STM32U031R6T6, STM32U031R8I6, STM32U031R8T6, STM32U073C8T6, STM32U073C8U6, STM32U073CBT6, STM32U073CBU6, STM32U073CCT6, STM32U073CCU6, STM32U073H8Y6TR, STM32U073HBY6TR, STM32U073HCY6TR, STM32U073K8U6, STM32U073KBU6, STM32U073KCU6, STM32U073M8I6, STM32U073M8T6, STM32U073MBI6, STM32U073MBT6, STM32U073MCI6, STM32U073MCT6, STM32U073R8I6, STM32U073R8T6, STM32U073RBI6, STM32U073RBT6, STM32U073RCI6, STM32U073RCT6, STM32U083C-DK, STM32U083CCT6, STM32U083CCU6, STM32U083HCY6TR, STM32U083KCU6, STM32U083MCI6, STM32U083MCT6, STM32U083RCI6, STM32U083RCT6, STM32U375CET6, STM32U375CET6Q, STM32U375CEU6, STM32U375CEU6Q, STM32U375CEY6QTR, STM32U375CGT6, STM32U375CGT6Q, STM32U375CGU6, STM32U375CGU6Q, STM32U375CGY6QTR, STM32U375KEU6, STM32U375KGU6, STM32U375REI6, STM32U375REI6Q, STM32U375RET6, STM32U375RET6Q, STM32U375REY6GTR, STM32U375REY6QTR, STM32U375RGI6, STM32U375RGI6Q, STM32U375RGT6, STM32U375RGT6Q, STM32U375RGY6GTR, STM32U375RGY6QTR, STM32U375VEI6, STM32U375VEI6Q, STM32U375VET6, STM32U375VET6Q, STM32U375VGI6, STM32U375VGI6Q, STM32U375VGT6, STM32U375VGT6Q, STM32U385CGT6, STM32U385CGT6Q, STM32U385CGU6, STM32U385CGU6Q, STM32U385CGY6QTR, STM32U385KGU6, STM32U385RGI6, STM32U385RGI6Q, STM32U385RGT6, STM32U385RGT6Q, STM32U385RGY6GTR, STM32U385RGY6QTR, STM32U385VGI6, STM32U385VGI6Q, STM32U385VGT6, STM32U385VGT6Q, STM32U535CBT6, STM32U535CBT6Q, STM32U535CBU6, STM32U535CBU6Q, STM32U535CCT6, STM32U535CCT6Q, STM32U535CCU6, STM32U535CCU6Q, STM32U535CET6, STM32U535CET6Q, STM32U535CEU6, STM32U535CEU6Q, STM32U535JEY6QTR, STM32U535NCY6QTR, STM32U535NEY6QTR, STM32U535RBI6, STM32U535RBI6Q, STM32U535RBT6, STM32U535RBT6Q, STM32U535RCI6, STM32U535RCI6Q, STM32U535RCT6, STM32U535RCT6Q, STM32U535REI6, STM32U535REI6Q, STM32U535RET6, STM32U535RET6Q, STM32U535VCI6, STM32U535VCI6Q, STM32U535VCT6, STM32U535VCT6Q, STM32U535VEI6, STM32U535VEI6Q, STM32U535VET6, STM32U535VET6Q, STM32U545CET6, STM32U545CET6Q, STM32U545CEU6, STM32U545CEU6Q, STM32U545JEY6QTR, STM32U545NEY6QTR, STM32U545REI6, STM32U545REI6Q, STM32U545RET6, STM32U545RET6Q, STM32U545VEI6, STM32U545VEI6Q, STM32U545VET6, STM32U545VET6Q, STM32U595AIH6, STM32U595AIH6Q, STM32U595AJH6, STM32U595AJH6Q, STM32U595QII6, STM32U595QII6Q, STM32U595QJI6, STM32U595QJI6Q, STM32U595RIT6, STM32U595RIT6Q, STM32U595RJT6, STM32U595RJT6Q, STM32U595VIT6, STM32U595VIT6Q, STM32U595VJT6, STM32U595VJT6Q, STM32U595ZIT6, STM32U595ZIT6Q, STM32U595ZIY6QTR, STM32U595ZJT6, STM32U595ZJT6Q, STM32U595ZJY6QTR, STM32U599BJY6QTR, STM32U599NIH6Q, STM32U599NJH6Q, STM32U599VIT6Q, STM32U599VJT6, STM32U599VJT6Q, STM32U599ZIT6Q, STM32U599ZIY6QTR, STM32U599ZJT6Q, STM32U599ZJY6QTR, STM32U5A5AJH6, STM32U5A5AJH6Q, STM32U5A5QII3Q , STM32U5A5QJI6, STM32U5A5QJI6Q, STM32U5A5RJT6, STM32U5A5RJT6Q, STM32U5A5VJT6, STM32U5A5VJT6Q, STM32U5A5ZJT6, STM32U5A5ZJT6Q, STM32U5A5ZJY6QTR, STM32U5A9BJY6QTR, STM32U5A9J-DK, STM32U5A9NJH6Q, STM32U5A9VJT6Q, STM32U5A9ZJT6Q, STM32U5A9ZJY6QTR, STM32U5F7VIT6, STM32U5F7VIT6Q, STM32U5F7VJT6, STM32U5F7VJT6Q, STM32U5F9BJY6QTR, STM32U5F9NJH6Q, STM32U5F9VIT6Q, STM32U5F9VJT6Q, STM32U5F9ZIJ6QTR, STM32U5F9ZIT6Q, STM32U5F9ZJJ6QTR, STM32U5F9ZJT6Q, STM32U5G7VJT6, STM32U5G7VJT6Q, STM32U5G9BJY6QTR, STM32U5G9J-DK1, STM32U5G9J-DK2, STM32U5G9NJH6Q, STM32U5G9VJT6Q, STM32U5G9ZJJ6QTR, STM32U5G9ZJT6Q, STM32WB05KZV6TR, STM32WB05KZV7TR, STM32WB05TZF6TR, STM32WB05TZF7TR, STM32WB06CCF6TR, STM32WB06CCF7TR, STM32WB06CCV6TR, STM32WB06CCV7TR, STM32WB06KCV6TR, STM32WB06KCV7TR, STM32WB07CCF6TR, STM32WB07CCF7TR, STM32WB07CCV6TR, STM32WB07CCV7TR, STM32WB07KCV6TR, STM32WB07KCV7TR, STM32WB09KEV6TR, STM32WB09KEV7TR, STM32WB09TEF6TR, STM32WB09TEF7TR, STM32WB1MMCH6, STM32WBA50KGU6, STM32WBA50KGU6TR, STM32WBA52CEU6, STM32WBA52CEU6TR, STM32WBA52CEU7, STM32WBA52CEU7TR, STM32WBA52CGU6, STM32WBA52CGU6TR, STM32WBA52CGU6U, STM32WBA52CGU7, STM32WBA52CGU7TR, STM32WBA52KEU6, STM32WBA52KEU6TR, STM32WBA52KGU6, STM32WBA52KGU6TR, STM32WBA54CEU6, STM32WBA54CEU6TR, STM32WBA54CEU7, STM32WBA54CEU7TR, STM32WBA54CGU6, STM32WBA54CGU6TR, STM32WBA54CGU7, STM32WBA54CGU7TR, STM32WBA54KEU6, STM32WBA54KEU6TR, STM32WBA54KEU7, STM32WBA54KEU7TR, STM32WBA54KGU6, STM32WBA54KGU6TR, STM32WBA54KGU7, STM32WBA54KGU7TR, STM32WBA55CEU6, STM32WBA55CEU6TR, STM32WBA55CEU7, STM32WBA55CEU7TR, STM32WBA55CGU6, STM32WBA55CGU6TR, STM32WBA55CGU6U, STM32WBA55CGU7, STM32WBA55CGU7TR, STM32WBA55G-DK1, STM32WBA55HEF6, STM32WBA55HEF7, STM32WBA55HGF6, STM32WBA55HGF7, STM32WBA55UEI6, STM32WBA55UEI6TR, STM32WBA55UEI7, STM32WBA55UEI7TR, STM32WBA55UGI6, STM32WBA55UGI6TR, STM32WBA55UGI7, STM32WBA55UGI7TR, STM32WBA5MMGH6TR, STM32WBA62MGF6, STM32WBA62MIF6, STM32WBA65MGF7, STM32WBA65MIF6, STM32WBA65MIF7, STM32WL30K8V6, STM32WL30KBV6, STM32WL31C8V6, STM32WL31CBV6, STM32WL31K8V6, STM32WL31KBV6, STM32WL33C8V6, STM32WL33C8V6X, STM32WL33CBV6, STM32WL33CBV6X, STM32WL33CCV6, STM32WL33CCV6A, STM32WL33CCV6X, STM32WL33K8V7, STM32WL33K8V7X, STM32WL33KBV7 , STM32WL33KBV7X, STM32WL33KCV7, STM32WL33KCV7X, STM32WL5MOCH6, STM32WL5MOCH6TR]
2025-07-26 09:20:15,358 [INFO] BoardInfo:889 - No configuration file found for board P-NUCLEO-WB55
2025-07-26 09:20:15,359 [INFO] DbBoards:161 - Kit is not supported: P-NUCLEO-WB55
2025-07-26 09:20:15,368 [INFO] BoardInfo:889 - No configuration file found for board STEVAL-BFA001V1B
2025-07-26 09:20:15,370 [INFO] DbBoards:161 - Kit is not supported: STEVAL-BFA001V1B
2025-07-26 09:20:15,372 [INFO] BoardInfo:889 - No configuration file found for board STEVAL-BFA001V2B
2025-07-26 09:20:15,373 [INFO] DbBoards:161 - Kit is not supported: STEVAL-BFA001V2B
2025-07-26 09:20:15,629 [INFO] DbBoards:168 - Found 212 boards, 209 are supported
2025-07-26 09:20:15,629 [INFO] DbBoards:169 - Found 212 boards, 43 of them is supported for  Bsp
2025-07-26 09:20:15,633 [INFO] ApiDb:668 - CubeFinder database Data Model version=2.1
2025-07-26 09:20:15,633 [INFO] ApiDb:669 - CubeFinder database Configuration version=3.0.39
2025-07-26 09:20:15,633 [INFO] ApiDb:670 - CubeFinder database generation date=2025-06-24 (1750757100)
2025-07-26 09:20:15,633 [INFO] ApiDb:671 - CubeFinder database FW Pack versions=[FP-ATR-ASTRA1_V2.0.0, FP-SNS-FLIGHT1_V5.1.0, FP-SNS-MOTENV1_V5.0.0, FP-SNS-MOTENVWB1_V1.4.0, FP-SNS-SMARTAG2_V1.2.0, FP-SNS-STBOX1_V2.0.0, STM32Cube_FW_C0_V1.4.0, STM32Cube_FW_F4_V1.28.2, STM32Cube_FW_F7_V1.17.3, STM32Cube_FW_G0_V1.6.2, STM32Cube_FW_G4_V1.6.1, STM32Cube_FW_H5_V1.5.0, STM32Cube_FW_H7RS_V1.2.0, STM32Cube_FW_H7_V1.12.1, STM32Cube_FW_L0_V1.12.2, STM32Cube_FW_L4_V1.18.1, STM32Cube_FW_L5_V1.5.1, STM32Cube_FW_N6_V1.2.0, STM32Cube_FW_U0_V1.3.0, STM32Cube_FW_U3_V1.2.0, STM32Cube_FW_U5_V1.8.0, STM32Cube_FW_WB0_V1.3.0, STM32Cube_FW_WBA_V1.7.0, STM32Cube_FW_WB_V1.23.0, STM32Cube_FW_WL3_V1.2.0, STM32Cube_FW_WL_V1.3.1, X-CUBE-ALGOBUILD_V1.4.0, X-CUBE-ALS_V1.0.2, X-CUBE-AZRTOS-F4_V1.1.0, X-CUBE-AZRTOS-F7_V1.1.0, X-CUBE-AZRTOS-G0_V1.1.0, X-CUBE-AZRTOS-G4_V2.0.0, X-CUBE-AZRTOS-H7RS_V1.1.0, X-CUBE-AZRTOS-H7_V3.3.0, X-CUBE-AZRTOS-L4_V2.0.0, X-CUBE-AZRTOS-L5_V2.0.0, X-CUBE-AZRTOS-WB_V2.0.0, X-CUBE-AZRTOS-WL_V2.0.0, X-CUBE-BLE1_V7.1.0, X-CUBE-BLE2_V3.3.0, X-CUBE-BLEMGR_V4.0.0, X-CUBE-EEPRMA1_V5.1.0, X-CUBE-FREERTOS_V1.3.1, X-CUBE-GNSS1_V6.0.0, X-CUBE-MEMS1_V11.3.0, X-CUBE-NFC4_V3.0.0, X-CUBE-NFC7_V2.0.0, X-CUBE-SFXS2LP1_V4.0.0, X-CUBE-SUBG2_V5.0.0, X-CUBE-TOF1_V3.4.3]
2025-07-26 09:20:17,788 [INFO] ApiDb:240 - Found 880 in-development CPN: [B-G473E-ZEST1S, B-WB1M-WPAN1, B-WBA5M-WPAN, B-WL5M-SUBG1, NUCLEO-C031C6, NUCLEO-C051C8, NUCLEO-C071RB, NUCLEO-C092RC, NUCLEO-H503RB, NUCLEO-H533RE, NUCLEO-H563ZI, NUCLEO-H7S3L8, NUCLEO-N657X0-Q, NUCLEO-U031R8, NUCLEO-U083RC, NUCLEO-U385RG-Q, NUCLEO-U545RE-Q, NUCLEO-U5A5ZJ-Q, NUCLEO-WB05KZ, NUCLEO-WB07CC, NUCLEO-WB09KE, NUCLEO-WBA52CG, NUCLEO-WBA55CG, NUCLEO-WL33CC1, NUCLEO-WL33CC2, STEVAL-PROTEUS1, STEVAL-SMARTAG2, STEVAL-STWINBX1, STM320518-EVAL, STM32C0116-DK, STM32C011D6Y3TR, STM32C011D6Y6TR, STM32C011F4P3, STM32C011F4P6, STM32C011F4U3, STM32C011F4U6TR, STM32C011F6P3, STM32C011F6P6, STM32C011F6U3, STM32C011F6U6TR, STM32C011J4M3, STM32C011J4M6, STM32C011J6M3, STM32C011J6M6, STM32C0316-DK, STM32C031C4T3, STM32C031C4T6, STM32C031C4U3, STM32C031C4U6, STM32C031C6T3, STM32C031C6T6, STM32C031C6U3, STM32C031C6U6, STM32C031F4P3, STM32C031F4P6, STM32C031F6P3, STM32C031F6P6, STM32C031G4U3, STM32C031G4U6, STM32C031G6U3, STM32C031G6U6, STM32C031K4T3, STM32C031K4T6, STM32C031K4U3, STM32C031K4U6, STM32C031K6T3, STM32C031K6T6, STM32C031K6U3, STM32C031K6U6, STM32C051C6T6, STM32C051C6U6, STM32C051C8T6, STM32C051C8U6, STM32C051D8Y6TR, STM32C051F6P6, STM32C051F8P6, STM32C051G6U6, STM32C051G8U6, STM32C051K6T6, STM32C051K6U6, STM32C051K8T6, STM32C071C8T6, STM32C071C8T6N, STM32C071C8U6, STM32C071C8U6N, STM32C071CBT6, STM32C071CBT6N, STM32C071CBU6, STM32C071CBU6N, STM32C071F8P6, STM32C071F8P6N, STM32C071FBP6, STM32C071FBP6N, STM32C071FBY6TR, STM32C071G8U6, STM32C071G8U6N, STM32C071GBU6, STM32C071GBU6N, STM32C071K8T6, STM32C071K8T6N, STM32C071K8U6, STM32C071K8U6N, STM32C071KBT6, STM32C071KBT6N, STM32C071KBU6, STM32C071KBU6N, STM32C071R8T6, STM32C071R8T6N, STM32C071RBI6N, STM32C071RBT6, STM32C071RBT6N, STM32C091CBT6, STM32C091CBU6, STM32C091CCT6, STM32C091CCU6, STM32C091ECY6TR, STM32C091FBP6, STM32C091FCP6, STM32C091GBU6, STM32C091GCU6, STM32C091KBT6, STM32C091KBU6, STM32C091KCT6, STM32C091KCU6, STM32C091RBT6, STM32C091RCI6, STM32C091RCT6, STM32C092CBT6, STM32C092CBU6, STM32C092CCT6, STM32C092CCU6, STM32C092ECY6TR, STM32C092FBP6, STM32C092FCP6, STM32C092GBU6, STM32C092GCU6, STM32C092KBT6, STM32C092KBU6, STM32C092KCT6, STM32C092KCU6, STM32C092RBT6, STM32C092RCI6, STM32C092RCT6, STM32G071K8TXN, STM32G071K8UXN, STM32G081GBU6N, STM32G081KBT6N, STM32G081KBUXN, STM32G0B1CCT6N, STM32G0B1KCT6, STM32G0B1NEY6TR, STM32G0B1RCT6N, STM32G0C1CCT6, STM32G0C1CCT6N, STM32G0C1CCU6N, STM32G0C1CET6N, STM32G0C1CEU6N, STM32G0C1KCT6, STM32G0C1NEY6TR, STM32G0C1RCI6N, STM32G0C1RCT6N, STM32G0C1REI6N, STM32G0C1RET6N, STM32G0C1VCI6, STM32G0C1VEI6, STM32G411C6T3, STM32G411C6T6, STM32G411C6U3, STM32G411C6U6, STM32G411C8T3, STM32G411C8T6, STM32G411C8U3, STM32G411C8U6, STM32G411CBT3, STM32G411CBT6, STM32G411CBU3, STM32G411CBU6, STM32G411K6T3, STM32G411K6T6, STM32G411K6U3, STM32G411K6U6, STM32G411K8T3, STM32G411K8T6, STM32G411K8U3, STM32G411K8U6, STM32G411KBT3, STM32G411KBT6, STM32G411KBU3, STM32G411KBU6, STM32G411M6T3, STM32G411M6T6, STM32G411M8T3, STM32G411M8T6, STM32G411MBT3, STM32G411MBT6, STM32G411R6T3, STM32G411R6T6, STM32G411R8T3, STM32G411R8T6, STM32G411RBT3, STM32G411RBT6, STM32G414CBT3, STM32G414CBT6, STM32G414CBU3, STM32G414CBU6, STM32G414CCT3, STM32G414CCT6, STM32G414CCU3, STM32G414CCU6, STM32G414MBT3, STM32G414MBT6, STM32G414MCT3, STM32G414MCT6, STM32G414RBT3, STM32G414RBT6, STM32G414RCT3, STM32G414RCT6, STM32G414VBT3, STM32G414VBT6, STM32G414VCT3, STM32G414VCT6, STM32G431CBT3Z, STM32G431RBT3Z, STM32G471CCT6, STM32G471CCU6, STM32G471CET3, STM32G471CET6, STM32G471CEU3, STM32G471CEU6, STM32G471MCT6, STM32G471MET3, STM32G471MET6, STM32G471MEY6TR, STM32G471QCT6, STM32G471QET3, STM32G471RCT6, STM32G471RET3, STM32G471RET6, STM32G471VCH6, STM32G471VCI6, STM32G471VCT6, STM32G471VEH3, STM32G471VEH6, STM32G471VEI3, STM32G471VEI6, STM32G471VET3, STM32G471VET6, STM32G473QET3Z, STM32G473RET3Z, STM32G474CCT6, STM32G491RET3Z, STM32H503CBT6, STM32H503CBU6, STM32H503EBY6TR, STM32H503KBU6, STM32H503RBT6, STM32H523CCT6, STM32H523CCU6, STM32H523CET6, STM32H523CEU6, STM32H523HEY6TR, STM32H523RCT6, STM32H523RET6, STM32H523VCI6, STM32H523VCT6, STM32H523VEI6, STM32H523VET6, STM32H523ZCJ6, STM32H523ZCT6, STM32H523ZEJ6, STM32H523ZET6, STM32H533CET6, STM32H533CEU6, STM32H533HEY6TR, STM32H533RET6, STM32H533VEI6, STM32H533VET6, STM32H533ZEJ6, STM32H533ZET6, STM32H562AGI6, STM32H562AII6, STM32H562IGK6, STM32H562IGT6, STM32H562IIK6, STM32H562IIT6, STM32H562RGT6, STM32H562RGV6, STM32H562RIT6, STM32H562RIV6, STM32H562VGT6, STM32H562VIT6, STM32H562ZGT6, STM32H562ZIT6, STM32H563AGI6, STM32H563AII3Q, STM32H563AII6, STM32H563IGK6, STM32H563IGT6, STM32H563IIK3Q, STM32H563IIK6, STM32H563IIT3Q, STM32H563IIT6, STM32H563MIY3QTR, STM32H563RGT6, STM32H563RGV6, STM32H563RIT6, STM32H563RIV6, STM32H563VGT6, STM32H563VIT3Q, STM32H563VIT6, STM32H563ZGT6, STM32H563ZIT3Q, STM32H563ZIT6, STM32H573AII3Q, STM32H573AII6, STM32H573I-DK, STM32H573IIK3Q, STM32H573IIK6, STM32H573IIT3Q, STM32H573IIT6, STM32H573MIY3QTR, STM32H573RIT6, STM32H573RIV6, STM32H573VIT3Q, STM32H573VIT6, STM32H573ZIT3Q, STM32H573ZIT6, STM32H7R3A8I6, STM32H7R3I8K6, STM32H7R3I8T6, STM32H7R3L8H6, STM32H7R3L8H6H, STM32H7R3R8V6, STM32H7R3V8H6, STM32H7R3V8T6, STM32H7R3V8Y6TR, STM32H7R3Z8J6, STM32H7R3Z8T6, STM32H7R7A8I6, STM32H7R7I8K6, STM32H7R7I8T6, STM32H7R7L8H6, STM32H7R7L8H6H, STM32H7R7Z8J6, STM32H7S3A8I6, STM32H7S3I8K6, STM32H7S3I8T6, STM32H7S3L8H6, STM32H7S3L8H6H, STM32H7S3R8V6, STM32H7S3V8H6, STM32H7S3V8T6, STM32H7S3V8Y6TR, STM32H7S3Z8J6, STM32H7S3Z8T6, STM32H7S78-DK, STM32H7S7A8I6, STM32H7S7I8K6, STM32H7S7I8T6, STM32H7S7L8H6, STM32H7S7L8H6H, STM32H7S7Z8J6, STM32L4R5QGI6STR, STM32MP131AAE3, STM32MP131AAF3, STM32MP131AAG3, STM32MP131CAE3, STM32MP131CAF3, STM32MP131CAG3, STM32MP131DAE7, STM32MP131DAF7, STM32MP131DAG7, STM32MP131FAE7, STM32MP131FAF7, STM32MP131FAG7, STM32MP133AAE3, STM32MP133AAF3, STM32MP133AAG3, STM32MP133CAE3, STM32MP133CAF3, STM32MP133CAG3, STM32MP133DAE7, STM32MP133DAF7, STM32MP133DAG7, STM32MP133FAE7, STM32MP133FAF7, STM32MP133FAG7, STM32MP135AAE3, STM32MP135AAF3, STM32MP135AAG3, STM32MP135CAE3, STM32MP135CAF3, STM32MP135CAG3, STM32MP135DAE7, STM32MP135DAF7, STM32MP135DAG7, STM32MP135F-DK, STM32MP135FAE7, STM32MP135FAF7, STM32MP135FAF7T, STM32MP135FAF7U, STM32MP135FAG7, STM32MP211AAL3, STM32MP211AAM3, STM32MP211AAN3, STM32MP211AAO3, STM32MP211CAL3, STM32MP211CAM3, STM32MP211CAN3, STM32MP211CAO3, STM32MP211DAL3, STM32MP211DAM3, STM32MP211DAN3, STM32MP211DAO3, STM32MP211FAL3, STM32MP211FAM3, STM32MP211FAN3, STM32MP211FAO3, STM32MP213AAL3, STM32MP213AAM3, STM32MP213AAN3, STM32MP213AAO3, STM32MP213CAL3, STM32MP213CAM3, STM32MP213CAN3, STM32MP213CAO3, STM32MP213DAL3, STM32MP213DAM3, STM32MP213DAN3, STM32MP213DAO3, STM32MP213FAL3, STM32MP213FAM3, STM32MP213FAN3, STM32MP213FAO3, STM32MP215AAL3, STM32MP215AAM3, STM32MP215AAN3, STM32MP215AAO3, STM32MP215CAL3, STM32MP215CAM3, STM32MP215CAN3, STM32MP215CAO3, STM32MP215DAL3, STM32MP215DAM3, STM32MP215DAN3, STM32MP215DAO3, STM32MP215F-DK, STM32MP215FAL3, STM32MP215FAM3, STM32MP215FAN3, STM32MP215FAO3, STM32MP231AAJ3, STM32MP231AAK3, STM32MP231AAL3, STM32MP231CAJ3, STM32MP231CAK3, STM32MP231CAL3, STM32MP231DAJ3, STM32MP231DAK3, STM32MP231DAL3, STM32MP231FAJ3, STM32MP231FAK3, STM32MP231FAL3, STM32MP233AAJ3, STM32MP233AAK3, STM32MP233AAL3, STM32MP233CAJ3, STM32MP233CAK3, STM32MP233CAL3, STM32MP233DAJ3, STM32MP233DAK3, STM32MP233DAL3, STM32MP233FAJ3, STM32MP233FAK3, STM32MP233FAL3, STM32MP235AAJ3, STM32MP235AAK3, STM32MP235AAL3, STM32MP235CAJ3, STM32MP235CAK3, STM32MP235CAL3, STM32MP235DAJ3, STM32MP235DAK3, STM32MP235DAL3, STM32MP235FAJ3, STM32MP235FAK3, STM32MP235FAL3, STM32MP251AAI3, STM32MP251AAK3, STM32MP251AAL3, STM32MP251CAI3, STM32MP251CAK3, STM32MP251CAL3, STM32MP251DAI3, STM32MP251DAK3, STM32MP251DAL3, STM32MP251FAI3, STM32MP251FAK3, STM32MP251FAL3, STM32MP253AAI3, STM32MP253AAK3, STM32MP253AAL3, STM32MP253CAI3, STM32MP253CAK3, STM32MP253CAL3, STM32MP253DAI3, STM32MP253DAK3, STM32MP253DAL3, STM32MP253FAI3, STM32MP253FAK3, STM32MP253FAL3, STM32MP255AAI3, STM32MP255AAK3, STM32MP255AAL3, STM32MP255CAI3, STM32MP255CAK3, STM32MP255CAL3, STM32MP255DAI3, STM32MP255DAK3, STM32MP255DAL3, STM32MP255FAI3, STM32MP255FAK3, STM32MP255FAL3, STM32MP257AAI3, STM32MP257AAK3, STM32MP257AAL3, STM32MP257CAI3, STM32MP257CAK3, STM32MP257CAL3, STM32MP257DAI3, STM32MP257DAK3, STM32MP257DAL3, STM32MP257F-DK, STM32MP257F-EV1, STM32MP257FAI3, STM32MP257FAK3, STM32MP257FAL3, STM32N645A0H3Q, STM32N645B0H3Q, STM32N645I0H3Q, STM32N645L0H3Q, STM32N645X0H3Q, STM32N645Z0H3Q, STM32N647A0H3Q, STM32N647B0H3Q, STM32N647I0H3Q, STM32N647L0H3Q, STM32N647X0H3Q, STM32N647Z0H3Q, STM32N655A0H3Q, STM32N655B0H3Q, STM32N655I0H3Q, STM32N655L0H3Q, STM32N655X0H3Q, STM32N655Z0H3Q, STM32N6570-DK, STM32N657A0H3Q, STM32N657B0H3Q, STM32N657I0H3Q, STM32N657L0H3Q, STM32N657X0H3Q, STM32N657Z0H3Q, STM32U031C6T6, STM32U031C6U6, STM32U031C8T6, STM32U031C8U6, STM32U031F4P6, STM32U031F6P6, STM32U031F8P6, STM32U031G6Y6TR, STM32U031G8Y6TR, STM32U031K4U6, STM32U031K6U6, STM32U031K8U6, STM32U031R6I6, STM32U031R6T6, STM32U031R8I6, STM32U031R8T6, STM32U073C8T6, STM32U073C8U6, STM32U073CBT6, STM32U073CBU6, STM32U073CCT6, STM32U073CCU6, STM32U073H8Y6TR, STM32U073HBY6TR, STM32U073HCY6TR, STM32U073K8U6, STM32U073KBU6, STM32U073KCU6, STM32U073M8I6, STM32U073M8T6, STM32U073MBI6, STM32U073MBT6, STM32U073MCI6, STM32U073MCT6, STM32U073R8I6, STM32U073R8T6, STM32U073RBI6, STM32U073RBT6, STM32U073RCI6, STM32U073RCT6, STM32U083C-DK, STM32U083CCT6, STM32U083CCU6, STM32U083HCY6TR, STM32U083KCU6, STM32U083MCI6, STM32U083MCT6, STM32U083RCI6, STM32U083RCT6, STM32U375CET6, STM32U375CET6Q, STM32U375CEU6, STM32U375CEU6Q, STM32U375CEY6QTR, STM32U375CGT6, STM32U375CGT6Q, STM32U375CGU6, STM32U375CGU6Q, STM32U375CGY6QTR, STM32U375KEU6, STM32U375KGU6, STM32U375REI6, STM32U375REI6Q, STM32U375RET6, STM32U375RET6Q, STM32U375REY6GTR, STM32U375REY6QTR, STM32U375RGI6, STM32U375RGI6Q, STM32U375RGT6, STM32U375RGT6Q, STM32U375RGY6GTR, STM32U375RGY6QTR, STM32U375VEI6, STM32U375VEI6Q, STM32U375VET6, STM32U375VET6Q, STM32U375VGI6, STM32U375VGI6Q, STM32U375VGT6, STM32U375VGT6Q, STM32U385CGT6, STM32U385CGT6Q, STM32U385CGU6, STM32U385CGU6Q, STM32U385CGY6QTR, STM32U385KGU6, STM32U385RGI6, STM32U385RGI6Q, STM32U385RGT6, STM32U385RGT6Q, STM32U385RGY6GTR, STM32U385RGY6QTR, STM32U385VGI6, STM32U385VGI6Q, STM32U385VGT6, STM32U385VGT6Q, STM32U535CBT6, STM32U535CBT6Q, STM32U535CBU6, STM32U535CBU6Q, STM32U535CCT6, STM32U535CCT6Q, STM32U535CCU6, STM32U535CCU6Q, STM32U535CET6, STM32U535CET6Q, STM32U535CEU6, STM32U535CEU6Q, STM32U535JEY6QTR, STM32U535NCY6QTR, STM32U535NEY6QTR, STM32U535RBI6, STM32U535RBI6Q, STM32U535RBT6, STM32U535RBT6Q, STM32U535RCI6, STM32U535RCI6Q, STM32U535RCT6, STM32U535RCT6Q, STM32U535REI6, STM32U535REI6Q, STM32U535RET6, STM32U535RET6Q, STM32U535VCI6, STM32U535VCI6Q, STM32U535VCT6, STM32U535VCT6Q, STM32U535VEI6, STM32U535VEI6Q, STM32U535VET6, STM32U535VET6Q, STM32U545CET6, STM32U545CET6Q, STM32U545CEU6, STM32U545CEU6Q, STM32U545JEY6QTR, STM32U545NEY6QTR, STM32U545REI6, STM32U545REI6Q, STM32U545RET6, STM32U545RET6Q, STM32U545VEI6, STM32U545VEI6Q, STM32U545VET6, STM32U545VET6Q, STM32U595AIH6, STM32U595AIH6Q, STM32U595AJH6, STM32U595AJH6Q, STM32U595QII6, STM32U595QII6Q, STM32U595QJI6, STM32U595QJI6Q, STM32U595RIT6, STM32U595RIT6Q, STM32U595RJT6, STM32U595RJT6Q, STM32U595VIT6, STM32U595VIT6Q, STM32U595VJT6, STM32U595VJT6Q, STM32U595ZIT6, STM32U595ZIT6Q, STM32U595ZIY6QTR, STM32U595ZJT6, STM32U595ZJT6Q, STM32U595ZJY6QTR, STM32U599BJY6QTR, STM32U599NIH6Q, STM32U599NJH6Q, STM32U599VIT6Q, STM32U599VJT6, STM32U599VJT6Q, STM32U599ZIT6Q, STM32U599ZIY6QTR, STM32U599ZJT6Q, STM32U599ZJY6QTR, STM32U5A5AJH6, STM32U5A5AJH6Q, STM32U5A5QII3Q , STM32U5A5QJI6, STM32U5A5QJI6Q, STM32U5A5RJT6, STM32U5A5RJT6Q, STM32U5A5VJT6, STM32U5A5VJT6Q, STM32U5A5ZJT6, STM32U5A5ZJT6Q, STM32U5A5ZJY6QTR, STM32U5A9BJY6QTR, STM32U5A9J-DK, STM32U5A9NJH6Q, STM32U5A9VJT6Q, STM32U5A9ZJT6Q, STM32U5A9ZJY6QTR, STM32U5F7VIT6, STM32U5F7VIT6Q, STM32U5F7VJT6, STM32U5F7VJT6Q, STM32U5F9BJY6QTR, STM32U5F9NJH6Q, STM32U5F9VIT6Q, STM32U5F9VJT6Q, STM32U5F9ZIJ6QTR, STM32U5F9ZIT6Q, STM32U5F9ZJJ6QTR, STM32U5F9ZJT6Q, STM32U5G7VJT6, STM32U5G7VJT6Q, STM32U5G9BJY6QTR, STM32U5G9J-DK1, STM32U5G9J-DK2, STM32U5G9NJH6Q, STM32U5G9VJT6Q, STM32U5G9ZJJ6QTR, STM32U5G9ZJT6Q, STM32WB05KZV6TR, STM32WB05KZV7TR, STM32WB05TZF6TR, STM32WB05TZF7TR, STM32WB06CCF6TR, STM32WB06CCF7TR, STM32WB06CCV6TR, STM32WB06CCV7TR, STM32WB06KCV6TR, STM32WB06KCV7TR, STM32WB07CCF6TR, STM32WB07CCF7TR, STM32WB07CCV6TR, STM32WB07CCV7TR, STM32WB07KCV6TR, STM32WB07KCV7TR, STM32WB09KEV6TR, STM32WB09KEV7TR, STM32WB09TEF6TR, STM32WB09TEF7TR, STM32WB1MMCH6, STM32WBA50KGU6, STM32WBA50KGU6TR, STM32WBA52CEU6, STM32WBA52CEU6TR, STM32WBA52CEU7, STM32WBA52CEU7TR, STM32WBA52CGU6, STM32WBA52CGU6TR, STM32WBA52CGU6U, STM32WBA52CGU7, STM32WBA52CGU7TR, STM32WBA52KEU6, STM32WBA52KEU6TR, STM32WBA52KGU6, STM32WBA52KGU6TR, STM32WBA54CEU6, STM32WBA54CEU6TR, STM32WBA54CEU7, STM32WBA54CEU7TR, STM32WBA54CGU6, STM32WBA54CGU6TR, STM32WBA54CGU7, STM32WBA54CGU7TR, STM32WBA54KEU6, STM32WBA54KEU6TR, STM32WBA54KEU7, STM32WBA54KEU7TR, STM32WBA54KGU6, STM32WBA54KGU6TR, STM32WBA54KGU7, STM32WBA54KGU7TR, STM32WBA55CEU6, STM32WBA55CEU6TR, STM32WBA55CEU7, STM32WBA55CEU7TR, STM32WBA55CGU6, STM32WBA55CGU6TR, STM32WBA55CGU6U, STM32WBA55CGU7, STM32WBA55CGU7TR, STM32WBA55G-DK1, STM32WBA55HEF6, STM32WBA55HEF7, STM32WBA55HGF6, STM32WBA55HGF7, STM32WBA55UEI6, STM32WBA55UEI6TR, STM32WBA55UEI7, STM32WBA55UEI7TR, STM32WBA55UGI6, STM32WBA55UGI6TR, STM32WBA55UGI7, STM32WBA55UGI7TR, STM32WBA5MMGH6TR, STM32WBA62MGF6, STM32WBA62MIF6, STM32WBA65MGF7, STM32WBA65MIF6, STM32WBA65MIF7, STM32WL30K8V6, STM32WL30KBV6, STM32WL31C8V6, STM32WL31CBV6, STM32WL31K8V6, STM32WL31KBV6, STM32WL33C8V6, STM32WL33C8V6X, STM32WL33CBV6, STM32WL33CBV6X, STM32WL33CCV6, STM32WL33CCV6A, STM32WL33CCV6X, STM32WL33K8V7, STM32WL33K8V7X, STM32WL33KBV7 , STM32WL33KBV7X, STM32WL33KCV7, STM32WL33KCV7X, STM32WL5MOCH6, STM32WL5MOCH6TR]
2025-07-26 09:20:17,792 [INFO] DbMcus:218 - Found 4801 MCUs, 4801 are supported
2025-07-26 09:20:17,793 [INFO] ApiDb:423 - Load user favorites file C:\Users\kjeya/.stm32cubeide/favorites.mcus.txt: 0 item(s)
2025-07-26 09:20:17,793 [INFO] ApiDb:427 - User favorites MCUs=[]
2025-07-26 09:20:17,793 [INFO] DbMcus:224 - Set 0 / 0 favorites MCUs
2025-07-26 09:20:18,561 [INFO] ApiDb:423 - Load user favorites file C:\Users\kjeya/.stm32cubeide/favorites.boards.txt: 0 item(s)
2025-07-26 09:20:18,561 [INFO] ApiDb:427 - User favorites Boards=[]
2025-07-26 09:20:18,562 [INFO] DbBoards:198 - Set 0 / 0 favorites Boards
2025-07-26 09:20:18,639 [INFO] UtilMem:75 - End LoadConfig() Used Memory: 597915232 Bytes (1073741824)
2025-07-26 09:20:18,830 [WARN] ThirdParty:833 - waiting for thirdparty lock release [change project]
2025-07-26 09:20:18,830 [INFO] ThirdParty:835 - entering critical section [change project]
2025-07-26 09:20:18,830 [INFO] ThirdParty:1030 - CMSIS Pack Vendor :STMicroelectronics X-CUBE-PM33A1 1.0.0
2025-07-26 09:20:18,830 [INFO] ThirdParty:1030 - CMSIS Pack Vendor :STMicroelectronics USBPD 4.1
2025-07-26 09:20:18,830 [INFO] ThirdParty:1030 - CMSIS Pack Vendor :STMicroelectronics USB_HOST 2.0.0
2025-07-26 09:20:18,830 [INFO] ThirdParty:1030 - CMSIS Pack Vendor :STMicroelectronics FP-SNS-MOTENVWB1 1.4.0
2025-07-26 09:20:18,830 [INFO] ThirdParty:1030 - CMSIS Pack Vendor :STMicroelectronics X-CUBE-AZRTOS-F4 1.1.0
2025-07-26 09:20:18,830 [INFO] ThirdParty:1030 - CMSIS Pack Vendor :STMicroelectronics LIBJPEG 8.0.0
2025-07-26 09:20:18,830 [INFO] ThirdParty:1030 - CMSIS Pack Vendor :STMicroelectronics FP-ATR-ASTRA1 2.0.2
2025-07-26 09:20:18,830 [INFO] ThirdParty:1030 - CMSIS Pack Vendor :STMicroelectronics FP-ATR-ASTRA1 2.0.1
2025-07-26 09:20:18,831 [INFO] ThirdParty:1030 - CMSIS Pack Vendor :Avnet-IotConnect X-CUBE-IoTC-DA16k-PMOD 1.0.0
2025-07-26 09:20:18,831 [INFO] ThirdParty:1030 - CMSIS Pack Vendor :STMicroelectronics X-CUBE-SMBUS 2.1.0
2025-07-26 09:20:18,831 [INFO] ThirdParty:1030 - CMSIS Pack Vendor :STMicroelectronics X-CUBE-WB05N 1.1.0
2025-07-26 09:20:18,831 [INFO] ThirdParty:1030 - CMSIS Pack Vendor :STMicroelectronics X-CUBE-ISPU 2.1.0
2025-07-26 09:20:18,831 [INFO] ThirdParty:1030 - CMSIS Pack Vendor :STMicroelectronics X-CUBE-ST60 1.0.0
2025-07-26 09:20:18,831 [INFO] ThirdParty:1030 - CMSIS Pack Vendor :STMicroelectronics X-CUBE-NFC12 1.0.0
2025-07-26 09:20:18,831 [INFO] ThirdParty:1030 - CMSIS Pack Vendor :STMicroelectronics X-CUBE-AZRTOS-F7 1.1.0
2025-07-26 09:20:18,831 [INFO] ThirdParty:1030 - CMSIS Pack Vendor :STMicroelectronics X-CUBE-AZRTOS-L5 2.0.0
2025-07-26 09:20:18,831 [INFO] ThirdParty:1030 - CMSIS Pack Vendor :STMicroelectronics USB_DEVICE 2.0.0
2025-07-26 09:20:18,831 [INFO] ThirdParty:1030 - CMSIS Pack Vendor :STMicroelectronics X-CUBE-NFC6 3.1.0
2025-07-26 09:20:18,831 [INFO] ThirdParty:1030 - CMSIS Pack Vendor :STMicroelectronics FreeRTOS 0.0.1
2025-07-26 09:20:18,831 [INFO] ThirdParty:1030 - CMSIS Pack Vendor :STMicroelectronics X-CUBE-DPower 1.2.0
2025-07-26 09:20:18,831 [INFO] ThirdParty:1030 - CMSIS Pack Vendor :STMicroelectronics FP-SNS-FLIGHT1 5.0.2
2025-07-26 09:20:18,831 [INFO] ThirdParty:1030 - CMSIS Pack Vendor :Infineon AIROC-Wi-Fi-Bluetooth-STM32 1.7.0
2025-07-26 09:20:18,831 [INFO] ThirdParty:1030 - CMSIS Pack Vendor :STMicroelectronics PDM2PCM 3.3.0
2025-07-26 09:20:18,831 [INFO] ThirdParty:1030 - CMSIS Pack Vendor :STMicroelectronics X-CUBE-AZRTOS-H7 3.4.0
2025-07-26 09:20:18,831 [INFO] ThirdParty:1030 - CMSIS Pack Vendor :STMicroelectronics X-CUBE-DISPLAY 3.0.0
2025-07-26 09:20:18,831 [INFO] ThirdParty:1030 - CMSIS Pack Vendor :STMicroelectronics X-CUBE-BLE1 7.0.0
2025-07-26 09:20:18,831 [INFO] ThirdParty:1030 - CMSIS Pack Vendor :STMicroelectronics X-CUBE-NFC10 1.0.0
2025-07-26 09:20:18,831 [INFO] ThirdParty:1030 - CMSIS Pack Vendor :STMicroelectronics X-CUBE-BLEMGR 4.0.0
2025-07-26 09:20:18,832 [INFO] ThirdParty:1030 - CMSIS Pack Vendor :STMicroelectronics X-CUBE-FREERTOS 1.3.1
2025-07-26 09:20:18,832 [INFO] ThirdParty:1030 - CMSIS Pack Vendor :STMicroelectronics HAL Drivers 0.0.0
2025-07-26 09:20:18,832 [INFO] ThirdParty:1030 - CMSIS Pack Vendor :emotas I-CUBE-CANOPEN 1.3.0
2025-07-26 09:20:18,832 [INFO] ThirdParty:1030 - CMSIS Pack Vendor :STMicroelectronics X-CUBE-FREERTOS 1.3.0
2025-07-26 09:20:18,832 [INFO] ThirdParty:1030 - CMSIS Pack Vendor :STMicroelectronics X-CUBE-NFC7 1.0.1
2025-07-26 09:20:18,832 [INFO] ThirdParty:1030 - CMSIS Pack Vendor :STMicroelectronics MBEDTLS 2.14.1
2025-07-26 09:20:18,832 [INFO] ThirdParty:1030 - CMSIS Pack Vendor :STMicroelectronics X-CUBE-AI 10.0.0
2025-07-26 09:20:18,832 [INFO] ThirdParty:1030 - CMSIS Pack Vendor :STMicroelectronics FP-SNS-STAIOTCFT 1.0.0
2025-07-26 09:20:18,832 [INFO] ThirdParty:1030 - CMSIS Pack Vendor :STMicroelectronics FP-SNS-SMARTAG2 1.2.0
2025-07-26 09:20:18,832 [INFO] ThirdParty:1030 - CMSIS Pack Vendor :STMicroelectronics FP-SNS-FLIGHT1 5.1.0
2025-07-26 09:20:18,833 [INFO] ThirdParty:1030 - CMSIS Pack Vendor :STMicroelectronics X-CUBE-MEMS1 11.1.0
2025-07-26 09:20:18,833 [INFO] ThirdParty:1030 - CMSIS Pack Vendor :STMicroelectronics X-CUBE-AZRTOS-WL 2.0.0
2025-07-26 09:20:18,833 [INFO] ThirdParty:1030 - CMSIS Pack Vendor :STMicroelectronics X-CUBE-DPower 1.3.0
2025-07-26 09:20:18,833 [INFO] ThirdParty:1030 - CMSIS Pack Vendor :STMicroelectronics FP-SNS-MOTENV1 5.0.0
2025-07-26 09:20:18,833 [INFO] ThirdParty:1030 - CMSIS Pack Vendor :STMicroelectronics USB_DEVICE 1.0.0
2025-07-26 09:20:18,833 [INFO] ThirdParty:1030 - CMSIS Pack Vendor :wolfSSL I-CUBE-wolfMQTT 1.19.0
2025-07-26 09:20:18,833 [INFO] ThirdParty:1030 - CMSIS Pack Vendor :STMicroelectronics X-CUBE-AZRTOS-L4 2.0.0
2025-07-26 09:20:18,833 [INFO] ThirdParty:1030 - CMSIS Pack Vendor :STMicroelectronics ThreadX 0.0.2
2025-07-26 09:20:18,833 [INFO] ThirdParty:1030 - CMSIS Pack Vendor :WES I-CUBE-Cesium 1.3.0
2025-07-26 09:20:18,833 [INFO] ThirdParty:1030 - CMSIS Pack Vendor :STMicroelectronics lwIP 2.1.2
2025-07-26 09:20:18,833 [INFO] ThirdParty:1030 - CMSIS Pack Vendor :STMicroelectronics X-CUBE-SFXS2LP1 4.0.0
2025-07-26 09:20:18,833 [INFO] ThirdParty:1030 - CMSIS Pack Vendor :STMicroelectronics X-CUBE-BLE2 3.3.0
2025-07-26 09:20:18,833 [INFO] ThirdParty:1030 - CMSIS Pack Vendor :STMicroelectronics PDM2PCM 3.2.0
2025-07-26 09:20:18,833 [INFO] ThirdParty:1030 - CMSIS Pack Vendor :STMicroelectronics X-CUBE-AZRTOS-H7 3.3.0
2025-07-26 09:20:18,833 [INFO] ThirdParty:1030 - CMSIS Pack Vendor :STMicroelectronics X-CUBE-NFC9 1.0.0
2025-07-26 09:20:18,833 [INFO] ThirdParty:1030 - CMSIS Pack Vendor :STMicroelectronics X-CUBE-BLE1 7.1.0
2025-07-26 09:20:18,833 [INFO] ThirdParty:1030 - CMSIS Pack Vendor :STMicroelectronics USB_DEVICE 3.0.0
2025-07-26 09:20:18,835 [INFO] ThirdParty:1030 - CMSIS Pack Vendor :STMicroelectronics X-CUBE-EEPRMA1 5.2.0
2025-07-26 09:20:18,835 [INFO] ThirdParty:1030 - CMSIS Pack Vendor :STMicroelectronics X-CUBE-BLEMGR 4.1.0
2025-07-26 09:20:18,835 [INFO] ThirdParty:1030 - CMSIS Pack Vendor :STMicroelectronics X-CUBE-IPS 3.0.0
2025-07-26 09:20:18,835 [INFO] ThirdParty:1030 - CMSIS Pack Vendor :STMicroelectronics X-CUBE-AZRTOS-WB 2.0.0
2025-07-26 09:20:18,835 [INFO] ThirdParty:1030 - CMSIS Pack Vendor :STMicroelectronics X-CUBE-GNSS1 7.0.1
2025-07-26 09:20:18,835 [INFO] ThirdParty:1030 - CMSIS Pack Vendor :STMicroelectronics X-CUBE-TOUCHGFX 4.25.0
2025-07-26 09:20:18,835 [INFO] ThirdParty:1030 - CMSIS Pack Vendor :STMicroelectronics X-CUBE-AI 10.1.0
2025-07-26 09:20:18,835 [INFO] ThirdParty:1030 - CMSIS Pack Vendor :STMicroelectronics FP-SNS-STBOX1 2.0.0
2025-07-26 09:20:18,835 [INFO] ThirdParty:1030 - CMSIS Pack Vendor :STMicroelectronics X-CUBE-MEMS1 11.2.0
2025-07-26 09:20:18,835 [INFO] ThirdParty:1030 - CMSIS Pack Vendor :STMicroelectronics X-CUBE-AZRTOS-G0 1.1.0
2025-07-26 09:20:18,835 [INFO] ThirdParty:1030 - CMSIS Pack Vendor :STMicroelectronics X-CUBE-SAFEA1 1.2.2
2025-07-26 09:20:18,835 [INFO] ThirdParty:1030 - CMSIS Pack Vendor :STMicroelectronics X-CUBE-NFC4 3.0.0
2025-07-26 09:20:18,835 [INFO] ThirdParty:1030 - CMSIS Pack Vendor :STMicroelectronics X-CUBE-SUBG2 5.0.0
2025-07-26 09:20:18,835 [INFO] ThirdParty:1030 - CMSIS Pack Vendor :STMicroelectronics X-CUBE-AZRTOS-H7RS 1.1.0
2025-07-26 09:20:18,835 [INFO] ThirdParty:1030 - CMSIS Pack Vendor :STMicroelectronics STM32_WPAN 1.0.0
2025-07-26 09:20:18,835 [INFO] ThirdParty:1030 - CMSIS Pack Vendor :EmbeddedOffice I-CUBE-FS-RTOS 1.0.1
2025-07-26 09:20:18,835 [INFO] ThirdParty:1030 - CMSIS Pack Vendor :STMicroelectronics lwIP 2.0.3
2025-07-26 09:20:18,835 [INFO] ThirdParty:1030 - CMSIS Pack Vendor :Cesanta I-CUBE-Mongoose 7.13.0
2025-07-26 09:20:18,835 [INFO] ThirdParty:1030 - CMSIS Pack Vendor :STMicroelectronics USB_HOST 1.0.0
2025-07-26 09:20:18,835 [INFO] ThirdParty:1030 - CMSIS Pack Vendor :STMicroelectronics X-CUBE-AZRTOS-G4 2.0.0
2025-07-26 09:20:18,835 [INFO] ThirdParty:1030 - CMSIS Pack Vendor :STMicroelectronics X-CUBE-WB05N 2.0.0
2025-07-26 09:20:18,835 [INFO] ThirdParty:1030 - CMSIS Pack Vendor :STMicroelectronics PDM2PCM 3.1.0
2025-07-26 09:20:18,835 [INFO] ThirdParty:1030 - CMSIS Pack Vendor :STMicroelectronics X-CUBE-NFC7 2.0.0
2025-07-26 09:20:18,835 [INFO] ThirdParty:1030 - CMSIS Pack Vendor :STMicroelectronics X-CUBE-TCPP 4.2.0
2025-07-26 09:20:18,835 [INFO] ThirdParty:1030 - CMSIS Pack Vendor :RealThread X-CUBE-RT-Thread_Nano 4.1.1
2025-07-26 09:20:18,835 [INFO] ThirdParty:1030 - CMSIS Pack Vendor :STMicroelectronics FP-ATR-SIGFOX1 3.2.0
2025-07-26 09:20:18,835 [INFO] ThirdParty:1030 - CMSIS Pack Vendor :quantropi X-CUBE-qispace-sdk-base 1.9.3
2025-07-26 09:20:18,835 [INFO] ThirdParty:1030 - CMSIS Pack Vendor :STMicroelectronics X-CUBE-EEPRMA1 5.1.0
2025-07-26 09:20:18,835 [INFO] ThirdParty:1030 - CMSIS Pack Vendor :STMicroelectronics MBEDTLS 2.16.2
2025-07-26 09:20:18,835 [INFO] ThirdParty:1030 - CMSIS Pack Vendor :STMicroelectronics X-CUBE-IPS 3.1.0
2025-07-26 09:20:18,835 [INFO] ThirdParty:1030 - CMSIS Pack Vendor :STMicroelectronics X-CUBE-ALS 1.0.2
2025-07-26 09:20:18,836 [INFO] ThirdParty:1030 - CMSIS Pack Vendor :wolfSSL I-CUBE-wolfSSL 5.7.4
2025-07-26 09:20:18,836 [INFO] ThirdParty:1030 - CMSIS Pack Vendor :STMicroelectronics X-CUBE-TOUCHGFX 4.24.0
2025-07-26 09:20:18,836 [INFO] ThirdParty:1030 - CMSIS Pack Vendor :ITTIA_DB I-CUBE-ITTIADB 8.9.0
2025-07-26 09:20:18,836 [INFO] ThirdParty:1030 - CMSIS Pack Vendor :STMicroelectronics X-CUBE-TOUCHGFX 4.24.2
2025-07-26 09:20:18,836 [INFO] ThirdParty:1030 - CMSIS Pack Vendor :STMicroelectronics X-CUBE-TOUCHGFX 4.24.1
2025-07-26 09:20:18,836 [INFO] ThirdParty:1030 - CMSIS Pack Vendor :wolfSSL I-CUBE-wolfTPM 3.4.0
2025-07-26 09:20:18,836 [INFO] ThirdParty:1030 - CMSIS Pack Vendor :portGmbH I-Cube-SoM-uGOAL 1.1.0
2025-07-26 09:20:18,836 [INFO] ThirdParty:1030 - CMSIS Pack Vendor :STMicroelectronics X-CUBE-ST67W61 1.0.0
2025-07-26 09:20:18,836 [INFO] ThirdParty:1030 - CMSIS Pack Vendor :STMicroelectronics ThreadX 1.0.0
2025-07-26 09:20:18,836 [INFO] ThirdParty:1030 - CMSIS Pack Vendor :SEGGER I-CUBE-embOS 1.3.1
2025-07-26 09:20:18,836 [INFO] ThirdParty:1030 - CMSIS Pack Vendor :STMicroelectronics X-CUBE-ALGOBUILD 1.4.0
2025-07-26 09:20:18,836 [INFO] ThirdParty:1030 - CMSIS Pack Vendor :STMicroelectronics X-CUBE-MEMS1 11.3.0
2025-07-26 09:20:18,836 [INFO] ThirdParty:1030 - CMSIS Pack Vendor :STMicroelectronics X-CUBE-AZRTOS-H7RS 1.0.0
2025-07-26 09:20:18,836 [INFO] ThirdParty:1030 - CMSIS Pack Vendor :STMicroelectronics X-CUBE-TOF1 3.4.2
2025-07-26 09:20:18,836 [INFO] ThirdParty:1030 - CMSIS Pack Vendor :STMicroelectronics X-CUBE-TOF1 3.4.3
2025-07-26 09:20:18,836 [INFO] ThirdParty:1030 - CMSIS Pack Vendor :STMicroelectronics X-CUBE-AI 9.1.0
2025-07-26 09:20:18,836 [INFO] ThirdParty:1030 - CMSIS Pack Vendor :wolfSSL I-CUBE-wolfSSH 1.4.17
2025-07-26 09:20:18,836 [INFO] ThirdParty:841 - exiting critical section [change project]
2025-07-26 09:20:19,530 [INFO] PinOutPanel:1589 - setPackage(No Configuration,No Configuration)
2025-07-26 09:20:19,534 [INFO] PinOutPanel:1589 - setPackage(STM32F446RETx,LQFP64)
2025-07-26 09:20:20,437 [INFO] UtilMem:75 - Before build in PCC Used Memory: 592073920 Bytes (1073741824)
2025-07-26 09:20:21,868 [INFO] UtilMem:75 - After build in PCC Used Memory: 672440704 Bytes (1073741824)
2025-07-26 09:20:21,922 [INFO] IPUIPlugin:80 - create IPUIPlugin
2025-07-26 09:20:21,923 [INFO] IPUIPlugin:80 - create IPUIPlugin
2025-07-26 09:20:21,923 [INFO] IPUIPlugin:80 - create IPUIPlugin
2025-07-26 09:20:21,923 [INFO] IPUIPlugin:80 - create IPUIPlugin
2025-07-26 09:20:21,923 [INFO] IPUIPlugin:80 - create IPUIPlugin
2025-07-26 09:20:21,923 [INFO] IPUIPlugin:80 - create IPUIPlugin
2025-07-26 09:20:21,923 [INFO] IPUIPlugin:80 - create IPUIPlugin
2025-07-26 09:20:21,924 [INFO] IPUIPlugin:80 - create IPUIPlugin
2025-07-26 09:20:21,924 [INFO] IPUIPlugin:80 - create IPUIPlugin
2025-07-26 09:20:21,924 [INFO] IPUIPlugin:80 - create IPUIPlugin
2025-07-26 09:20:21,924 [INFO] IPUIPlugin:80 - create IPUIPlugin
2025-07-26 09:20:21,924 [INFO] IPUIPlugin:80 - create IPUIPlugin
2025-07-26 09:20:21,924 [INFO] IPUIPlugin:80 - create IPUIPlugin
2025-07-26 09:20:21,924 [INFO] IPUIPlugin:80 - create IPUIPlugin
2025-07-26 09:20:21,925 [INFO] IPUIPlugin:80 - create IPUIPlugin
2025-07-26 09:20:21,925 [INFO] IPUIPlugin:80 - create IPUIPlugin
2025-07-26 09:20:21,925 [INFO] IPUIPlugin:80 - create IPUIPlugin
2025-07-26 09:20:21,925 [INFO] IPUIPlugin:80 - create IPUIPlugin
2025-07-26 09:20:21,925 [INFO] IPUIPlugin:80 - create IPUIPlugin
2025-07-26 09:20:21,925 [INFO] IPUIPlugin:80 - create IPUIPlugin
2025-07-26 09:20:21,925 [INFO] IPUIPlugin:80 - create IPUIPlugin
2025-07-26 09:20:21,926 [INFO] IPUIPlugin:80 - create IPUIPlugin
2025-07-26 09:20:21,926 [INFO] IPUIPlugin:80 - create IPUIPlugin
2025-07-26 09:20:21,926 [INFO] IPUIPlugin:80 - create IPUIPlugin
2025-07-26 09:20:21,926 [INFO] IPUIPlugin:80 - create IPUIPlugin
2025-07-26 09:20:21,927 [INFO] IPUIPlugin:80 - create IPUIPlugin
2025-07-26 09:20:21,927 [INFO] IPUIPlugin:80 - create IPUIPlugin
2025-07-26 09:20:21,927 [INFO] IPUIPlugin:80 - create IPUIPlugin
2025-07-26 09:20:21,928 [INFO] IPUIPlugin:80 - create IPUIPlugin
2025-07-26 09:20:21,928 [INFO] IPUIPlugin:80 - create IPUIPlugin
2025-07-26 09:20:21,929 [INFO] IPUIPlugin:80 - create IPUIPlugin
2025-07-26 09:20:21,930 [INFO] IPUIPlugin:80 - create IPUIPlugin
2025-07-26 09:20:21,930 [INFO] IPUIPlugin:80 - create IPUIPlugin
2025-07-26 09:20:21,931 [INFO] IPUIPlugin:80 - create IPUIPlugin
2025-07-26 09:20:21,931 [INFO] IPUIPlugin:80 - create IPUIPlugin
2025-07-26 09:20:21,931 [INFO] IPUIPlugin:80 - create IPUIPlugin
2025-07-26 09:20:21,933 [INFO] IPUIPlugin:80 - create IPUIPlugin
2025-07-26 09:20:21,933 [INFO] IPUIPlugin:80 - create IPUIPlugin
2025-07-26 09:20:21,933 [INFO] IPUIPlugin:80 - create IPUIPlugin
2025-07-26 09:20:21,933 [INFO] IPUIPlugin:80 - create IPUIPlugin
2025-07-26 09:20:21,933 [INFO] IPUIPlugin:80 - create IPUIPlugin
2025-07-26 09:20:21,934 [INFO] IPUIPlugin:80 - create IPUIPlugin
2025-07-26 09:20:21,934 [INFO] IPUIPlugin:80 - create IPUIPlugin
2025-07-26 09:20:21,934 [INFO] IPUIPlugin:80 - create IPUIPlugin
2025-07-26 09:20:21,934 [INFO] IPUIPlugin:80 - create IPUIPlugin
2025-07-26 09:20:21,935 [INFO] IPUIPlugin:80 - create IPUIPlugin
2025-07-26 09:20:21,935 [INFO] IPUIPlugin:80 - create IPUIPlugin
2025-07-26 09:20:21,935 [INFO] IPUIPlugin:80 - create IPUIPlugin
2025-07-26 09:20:21,935 [INFO] IPUIPlugin:80 - create IPUIPlugin
2025-07-26 09:20:21,937 [INFO] IPUIPlugin:80 - create IPUIPlugin
2025-07-26 09:20:21,937 [INFO] IPUIPlugin:80 - create IPUIPlugin
2025-07-26 09:20:21,937 [INFO] IPUIPlugin:80 - create IPUIPlugin
2025-07-26 09:20:21,938 [INFO] IPUIPlugin:80 - create IPUIPlugin
2025-07-26 09:20:21,938 [INFO] IPUIPlugin:80 - create IPUIPlugin
2025-07-26 09:20:21,938 [INFO] IPUIPlugin:80 - create IPUIPlugin
2025-07-26 09:20:21,938 [INFO] IPUIPlugin:80 - create IPUIPlugin
2025-07-26 09:20:21,939 [INFO] IPUIPlugin:80 - create IPUIPlugin
2025-07-26 09:20:21,939 [INFO] IPUIPlugin:80 - create IPUIPlugin
2025-07-26 09:20:21,939 [INFO] IPUIPlugin:80 - create IPUIPlugin
2025-07-26 09:20:21,940 [INFO] IPUIPlugin:80 - create IPUIPlugin
2025-07-26 09:20:22,086 [INFO] ApiDbMcu:532 - Load IP Config File for PDM2PCM
2025-07-26 09:20:22,517 [INFO] CADModel:165 - CPN selected for project levelSTM32F446RET6
2025-07-26 09:20:22,517 [INFO] CADModel:114 - Register for checkConnection events
2025-07-26 09:20:22,598 [INFO] OpenFileManager:386 - Restore cursor
2025-07-26 09:28:31,845 [INFO] UtilMem:75 - End SaveConfig() Used Memory: 378172792 Bytes (723517440)
2025-07-26 09:28:35,359 [INFO] UtilMem:75 - End SaveConfig() Used Memory: 496084720 Bytes (723517440)
2025-07-26 09:28:36,421 [INFO] BlockDiagram:2775 - set Specific Code input for plugin: SPI
2025-07-26 09:28:36,421 [INFO] BlockDiagram:2775 - set Specific Code input for plugin: SPI
2025-07-26 09:28:36,422 [INFO] BlockDiagram:2775 - set Specific Code input for plugin: SPI
2025-07-26 09:28:36,422 [INFO] BlockDiagram:2775 - set Specific Code input for plugin: SYS
2025-07-26 09:28:36,422 [INFO] BlockDiagram:2775 - set Specific Code input for plugin: RCC
2025-07-26 09:28:36,422 [INFO] BlockDiagram:2775 - set Specific Code input for plugin: NVIC
2025-07-26 09:28:36,422 [INFO] BlockDiagram:2775 - set Specific Code input for plugin: USART
2025-07-26 09:28:36,422 [INFO] BlockDiagram:2775 - set Specific Code input for plugin: USART
2025-07-26 09:28:36,422 [INFO] BlockDiagram:2775 - set Specific Code input for plugin: GPIO
2025-07-26 09:28:36,424 [INFO] CodeGenerator:892 - code generatio: config db path: C:\ST\STM32CubeIDE_1.16.1\STM32CubeIDE\plugins\com.st.stm32cube.common.mx_6.15.0.202507011659\\db\
2025-07-26 09:28:36,736 [INFO] CodeEngine:265 - oldGeneratedFile, C:\Users\kjeya\Documents\MCU_INTEGRATION\STM32_DISPLAY_APP\MXTmpFiles\license.tmp_save
2025-07-26 09:28:37,414 [INFO] CodeEngine:289 - Generated code: C:\Users\kjeya\Documents\MCU_INTEGRATION\STM32_DISPLAY_APP\MXTmpFiles\license.tmp
2025-07-26 09:28:37,531 [INFO] CodeEngine:265 - oldGeneratedFile, C:\Users\kjeya\Documents\MCU_INTEGRATION\STM32_DISPLAY_APP\MXTmpFiles\gpio.tmp_save
2025-07-26 09:28:37,756 [INFO] CodeEngine:289 - Generated code: C:\Users\kjeya\Documents\MCU_INTEGRATION\STM32_DISPLAY_APP\MXTmpFiles\gpio.tmp
2025-07-26 09:28:38,125 [INFO] CodeEngine:265 - oldGeneratedFile, C:\Users\kjeya\Documents\MCU_INTEGRATION\STM32_DISPLAY_APP\Core\Src\stm32f4xx_it.c_save
2025-07-26 09:28:38,390 [INFO] CodeEngine:289 - Generated code: C:\Users\kjeya\Documents\MCU_INTEGRATION\STM32_DISPLAY_APP\Core\Src\stm32f4xx_it.c
2025-07-26 09:28:38,407 [INFO] CodeEngine:265 - oldGeneratedFile, C:\Users\kjeya\Documents\MCU_INTEGRATION\STM32_DISPLAY_APP\Core\Inc\stm32f4xx_it.h_save
2025-07-26 09:28:38,559 [INFO] CodeEngine:289 - Generated code: C:\Users\kjeya\Documents\MCU_INTEGRATION\STM32_DISPLAY_APP\Core\Inc\stm32f4xx_it.h
2025-07-26 09:28:38,593 [INFO] CodeEngine:265 - oldGeneratedFile, C:\Users\kjeya\Documents\MCU_INTEGRATION\STM32_DISPLAY_APP\Core\Src\stm32f4xx_hal_msp.c_save
2025-07-26 09:28:38,869 [INFO] CodeEngine:289 - Generated code: C:\Users\kjeya\Documents\MCU_INTEGRATION\STM32_DISPLAY_APP\Core\Src\stm32f4xx_hal_msp.c
2025-07-26 09:28:38,885 [INFO] CodeEngine:265 - oldGeneratedFile, C:\Users\kjeya\Documents\MCU_INTEGRATION\STM32_DISPLAY_APP\MXTmpFiles\system.tmp_save
2025-07-26 09:28:39,010 [INFO] CodeEngine:289 - Generated code: C:\Users\kjeya\Documents\MCU_INTEGRATION\STM32_DISPLAY_APP\MXTmpFiles\system.tmp
2025-07-26 09:28:39,031 [INFO] CodeEngine:265 - oldGeneratedFile, C:\Users\kjeya\Documents\MCU_INTEGRATION\STM32_DISPLAY_APP\Core\Src\stm32f4xx_hal_timebase_tim.c_save
2025-07-26 09:28:39,186 [INFO] CodeEngine:289 - Generated code: C:\Users\kjeya\Documents\MCU_INTEGRATION\STM32_DISPLAY_APP\Core\Src\stm32f4xx_hal_timebase_tim.c
2025-07-26 09:28:39,217 [INFO] CodeEngine:321 - oldGeneratedFile, C:\Users\kjeya\Documents\MCU_INTEGRATION\STM32_DISPLAY_APP\Core\Inc\stm32f4xx_hal_conf.h_save
2025-07-26 09:28:39,339 [INFO] CodeEngine:345 - Generated code: C:\Users\kjeya\Documents\MCU_INTEGRATION\STM32_DISPLAY_APP\Core\Inc\stm32f4xx_hal_conf.h
2025-07-26 09:28:39,390 [WARN] IPConfigManager:3238 - Warning: the RefConfig PLL2P_FOR_MCO is not available in your config.xml file
2025-07-26 09:28:39,401 [INFO] ApiDbMcu:532 - Load IP Config File for SPI1
2025-07-26 09:28:39,405 [INFO] ApiDbMcu:532 - Load IP Config File for SPI2
2025-07-26 09:28:39,408 [INFO] ApiDbMcu:532 - Load IP Config File for SPI3
2025-07-26 09:28:39,417 [INFO] ApiDbMcu:532 - Load IP Config File for USART2
2025-07-26 09:28:39,422 [INFO] ApiDbMcu:532 - Load IP Config File for USART3
2025-07-26 09:28:39,427 [INFO] ApiDbMcu:532 - Load IP Config File for RCC
2025-07-26 09:28:39,453 [INFO] CodeEngine:265 - oldGeneratedFile, C:\Users\kjeya\Documents\MCU_INTEGRATION\STM32_DISPLAY_APP\Core\Inc\main.h_save
2025-07-26 09:28:39,637 [INFO] CodeEngine:289 - Generated code: C:\Users\kjeya\Documents\MCU_INTEGRATION\STM32_DISPLAY_APP\Core\Inc\main.h
2025-07-26 09:28:39,651 [INFO] CodeEngine:265 - oldGeneratedFile, C:\Users\kjeya\Documents\MCU_INTEGRATION\STM32_DISPLAY_APP\Core\Src\main.c_save
2025-07-26 09:28:39,960 [INFO] CodeEngine:289 - Generated code: C:\Users\kjeya\Documents\MCU_INTEGRATION\STM32_DISPLAY_APP\Core\Src\main.c
2025-07-26 09:28:40,526 [INFO] ProjectBuilder:3606 - Time for Copy HAL[1] : 274mS.
2025-07-26 09:28:40,540 [INFO] ProjectBuilder:5216 - Project Generator version: 4.7.0-B52
2025-07-26 09:28:40,689 [INFO] ConfigFileManager:1595 - The Die is : DIE421
2025-07-26 09:28:40,703 [INFO] ApiDbMcu:532 - Load IP Config File for FATFS
2025-07-26 09:28:40,708 [INFO] ApiDbMcu:532 - Load IP Config File for FREERTOS
2025-07-26 09:28:40,711 [INFO] ApiDbMcu:532 - Load IP Config File for LIBJPEG
2025-07-26 09:28:40,721 [INFO] ApiDbMcu:532 - Load IP Config File for MBEDTLS
2025-07-26 09:28:40,730 [INFO] ApiDbMcu:532 - Load IP Config File for USB_DEVICE
2025-07-26 09:28:40,735 [INFO] ApiDbMcu:532 - Load IP Config File for USB_HOST
2025-07-26 09:28:41,226 [INFO] LogOutputStream:77 - [STDOUT_REDIRECT] 
2025-07-26 09:28:43,105 [INFO] ProjectBuilder:5496 - Time for Generating toolchain IDE Files: 2564mS.
2025-07-26 09:28:43,107 [INFO] ProjectBuilder:3463 - Time for Copy CMSIS : 1mS.
2025-07-26 09:28:43,116 [INFO] ProjectBuilder:3463 - Time for Copy CMSIS : 0mS.
2025-07-26 09:44:15,112 [INFO] Gpio:278 - dependency for GPIO [SPI1, SPI2, SPI3, USART2, USART3]
2025-07-26 09:46:20,775 [INFO] UtilMem:75 - End SaveConfig() Used Memory: 459953392 Bytes (723517440)
2025-07-26 09:46:24,538 [INFO] UtilMem:75 - End SaveConfig() Used Memory: 569531632 Bytes (723517440)
2025-07-26 09:46:25,485 [INFO] BlockDiagram:2775 - set Specific Code input for plugin: SPI
2025-07-26 09:46:25,485 [INFO] BlockDiagram:2775 - set Specific Code input for plugin: SPI
2025-07-26 09:46:25,486 [INFO] BlockDiagram:2775 - set Specific Code input for plugin: SPI
2025-07-26 09:46:25,486 [INFO] BlockDiagram:2775 - set Specific Code input for plugin: SYS
2025-07-26 09:46:25,486 [INFO] BlockDiagram:2775 - set Specific Code input for plugin: RCC
2025-07-26 09:46:25,486 [INFO] BlockDiagram:2775 - set Specific Code input for plugin: NVIC
2025-07-26 09:46:25,486 [INFO] BlockDiagram:2775 - set Specific Code input for plugin: USART
2025-07-26 09:46:25,486 [INFO] BlockDiagram:2775 - set Specific Code input for plugin: USART
2025-07-26 09:46:25,487 [INFO] BlockDiagram:2775 - set Specific Code input for plugin: GPIO
2025-07-26 09:46:25,489 [INFO] CodeGenerator:892 - code generatio: config db path: C:\ST\STM32CubeIDE_1.16.1\STM32CubeIDE\plugins\com.st.stm32cube.common.mx_6.15.0.202507011659\\db\
2025-07-26 09:46:25,634 [INFO] CodeEngine:265 - oldGeneratedFile, C:\Users\kjeya\Documents\MCU_INTEGRATION\STM32_DISPLAY_APP\MXTmpFiles\license.tmp_save
2025-07-26 09:46:25,980 [INFO] CodeEngine:289 - Generated code: C:\Users\kjeya\Documents\MCU_INTEGRATION\STM32_DISPLAY_APP\MXTmpFiles\license.tmp
2025-07-26 09:46:26,092 [INFO] CodeEngine:265 - oldGeneratedFile, C:\Users\kjeya\Documents\MCU_INTEGRATION\STM32_DISPLAY_APP\MXTmpFiles\gpio.tmp_save
2025-07-26 09:46:26,277 [INFO] CodeEngine:289 - Generated code: C:\Users\kjeya\Documents\MCU_INTEGRATION\STM32_DISPLAY_APP\MXTmpFiles\gpio.tmp
2025-07-26 09:46:26,688 [INFO] CodeEngine:265 - oldGeneratedFile, C:\Users\kjeya\Documents\MCU_INTEGRATION\STM32_DISPLAY_APP\Core\Src\stm32f4xx_it.c_save
2025-07-26 09:46:27,078 [INFO] CodeEngine:289 - Generated code: C:\Users\kjeya\Documents\MCU_INTEGRATION\STM32_DISPLAY_APP\Core\Src\stm32f4xx_it.c
2025-07-26 09:46:27,091 [INFO] CodeEngine:265 - oldGeneratedFile, C:\Users\kjeya\Documents\MCU_INTEGRATION\STM32_DISPLAY_APP\Core\Inc\stm32f4xx_it.h_save
2025-07-26 09:46:27,196 [INFO] CodeEngine:289 - Generated code: C:\Users\kjeya\Documents\MCU_INTEGRATION\STM32_DISPLAY_APP\Core\Inc\stm32f4xx_it.h
2025-07-26 09:46:27,223 [INFO] CodeEngine:265 - oldGeneratedFile, C:\Users\kjeya\Documents\MCU_INTEGRATION\STM32_DISPLAY_APP\Core\Src\stm32f4xx_hal_msp.c_save
2025-07-26 09:46:27,420 [INFO] CodeEngine:289 - Generated code: C:\Users\kjeya\Documents\MCU_INTEGRATION\STM32_DISPLAY_APP\Core\Src\stm32f4xx_hal_msp.c
2025-07-26 09:46:27,428 [INFO] CodeEngine:265 - oldGeneratedFile, C:\Users\kjeya\Documents\MCU_INTEGRATION\STM32_DISPLAY_APP\MXTmpFiles\system.tmp_save
2025-07-26 09:46:27,517 [INFO] CodeEngine:289 - Generated code: C:\Users\kjeya\Documents\MCU_INTEGRATION\STM32_DISPLAY_APP\MXTmpFiles\system.tmp
2025-07-26 09:46:27,527 [INFO] CodeEngine:265 - oldGeneratedFile, C:\Users\kjeya\Documents\MCU_INTEGRATION\STM32_DISPLAY_APP\Core\Src\stm32f4xx_hal_timebase_tim.c_save
2025-07-26 09:46:27,633 [INFO] CodeEngine:289 - Generated code: C:\Users\kjeya\Documents\MCU_INTEGRATION\STM32_DISPLAY_APP\Core\Src\stm32f4xx_hal_timebase_tim.c
2025-07-26 09:46:27,651 [INFO] CodeEngine:321 - oldGeneratedFile, C:\Users\kjeya\Documents\MCU_INTEGRATION\STM32_DISPLAY_APP\Core\Inc\stm32f4xx_hal_conf.h_save
2025-07-26 09:46:27,762 [INFO] CodeEngine:345 - Generated code: C:\Users\kjeya\Documents\MCU_INTEGRATION\STM32_DISPLAY_APP\Core\Inc\stm32f4xx_hal_conf.h
2025-07-26 09:46:27,804 [WARN] IPConfigManager:3238 - Warning: the RefConfig PLL2P_FOR_MCO is not available in your config.xml file
2025-07-26 09:46:27,826 [INFO] CodeEngine:265 - oldGeneratedFile, C:\Users\kjeya\Documents\MCU_INTEGRATION\STM32_DISPLAY_APP\Core\Inc\main.h_save
2025-07-26 09:46:28,024 [INFO] CodeEngine:289 - Generated code: C:\Users\kjeya\Documents\MCU_INTEGRATION\STM32_DISPLAY_APP\Core\Inc\main.h
2025-07-26 09:46:28,042 [INFO] CodeEngine:265 - oldGeneratedFile, C:\Users\kjeya\Documents\MCU_INTEGRATION\STM32_DISPLAY_APP\Core\Src\main.c_save
2025-07-26 09:46:28,373 [INFO] CodeEngine:289 - Generated code: C:\Users\kjeya\Documents\MCU_INTEGRATION\STM32_DISPLAY_APP\Core\Src\main.c
2025-07-26 09:46:28,902 [INFO] ProjectBuilder:3606 - Time for Copy HAL[1] : 257mS.
2025-07-26 09:46:28,909 [INFO] ProjectBuilder:5216 - Project Generator version: 4.7.0-B52
2025-07-26 09:46:29,071 [INFO] ConfigFileManager:1595 - The Die is : DIE421
2025-07-26 09:46:31,274 [INFO] ProjectBuilder:5496 - Time for Generating toolchain IDE Files: 2366mS.
2025-07-26 09:46:31,275 [INFO] ProjectBuilder:3463 - Time for Copy CMSIS : 0mS.
2025-07-26 09:46:31,283 [INFO] ProjectBuilder:3463 - Time for Copy CMSIS : 0mS.
2025-07-26 09:48:15,166 [INFO] UtilMem:75 - End SaveConfig() Used Memory: 377888640 Bytes (723517440)
2025-07-26 09:48:18,034 [INFO] UtilMem:75 - End SaveConfig() Used Memory: 510535552 Bytes (723517440)
2025-07-26 09:48:18,434 [INFO] BlockDiagram:2775 - set Specific Code input for plugin: SPI
2025-07-26 09:48:18,434 [INFO] BlockDiagram:2775 - set Specific Code input for plugin: SPI
2025-07-26 09:48:18,434 [INFO] BlockDiagram:2775 - set Specific Code input for plugin: SPI
2025-07-26 09:48:18,434 [INFO] BlockDiagram:2775 - set Specific Code input for plugin: SYS
2025-07-26 09:48:18,434 [INFO] BlockDiagram:2775 - set Specific Code input for plugin: RCC
2025-07-26 09:48:18,434 [INFO] BlockDiagram:2775 - set Specific Code input for plugin: NVIC
2025-07-26 09:48:18,434 [INFO] BlockDiagram:2775 - set Specific Code input for plugin: USART
2025-07-26 09:48:18,435 [INFO] BlockDiagram:2775 - set Specific Code input for plugin: USART
2025-07-26 09:48:18,435 [INFO] BlockDiagram:2775 - set Specific Code input for plugin: GPIO
2025-07-26 09:48:18,437 [INFO] CodeGenerator:892 - code generatio: config db path: C:\ST\STM32CubeIDE_1.16.1\STM32CubeIDE\plugins\com.st.stm32cube.common.mx_6.15.0.202507011659\\db\
2025-07-26 09:48:18,572 [INFO] CodeEngine:265 - oldGeneratedFile, C:\Users\kjeya\Documents\MCU_INTEGRATION\STM32_DISPLAY_APP\MXTmpFiles\license.tmp_save
2025-07-26 09:48:18,663 [INFO] CodeEngine:289 - Generated code: C:\Users\kjeya\Documents\MCU_INTEGRATION\STM32_DISPLAY_APP\MXTmpFiles\license.tmp
2025-07-26 09:48:18,717 [INFO] CodeEngine:265 - oldGeneratedFile, C:\Users\kjeya\Documents\MCU_INTEGRATION\STM32_DISPLAY_APP\MXTmpFiles\gpio.tmp_save
2025-07-26 09:48:18,827 [INFO] CodeEngine:289 - Generated code: C:\Users\kjeya\Documents\MCU_INTEGRATION\STM32_DISPLAY_APP\MXTmpFiles\gpio.tmp
2025-07-26 09:48:19,116 [INFO] CodeEngine:265 - oldGeneratedFile, C:\Users\kjeya\Documents\MCU_INTEGRATION\STM32_DISPLAY_APP\Core\Src\stm32f4xx_it.c_save
2025-07-26 09:48:19,248 [INFO] CodeEngine:289 - Generated code: C:\Users\kjeya\Documents\MCU_INTEGRATION\STM32_DISPLAY_APP\Core\Src\stm32f4xx_it.c
2025-07-26 09:48:19,259 [INFO] CodeEngine:265 - oldGeneratedFile, C:\Users\kjeya\Documents\MCU_INTEGRATION\STM32_DISPLAY_APP\Core\Inc\stm32f4xx_it.h_save
2025-07-26 09:48:19,356 [INFO] CodeEngine:289 - Generated code: C:\Users\kjeya\Documents\MCU_INTEGRATION\STM32_DISPLAY_APP\Core\Inc\stm32f4xx_it.h
2025-07-26 09:48:19,382 [INFO] CodeEngine:265 - oldGeneratedFile, C:\Users\kjeya\Documents\MCU_INTEGRATION\STM32_DISPLAY_APP\Core\Src\stm32f4xx_hal_msp.c_save
2025-07-26 09:48:19,518 [INFO] CodeEngine:289 - Generated code: C:\Users\kjeya\Documents\MCU_INTEGRATION\STM32_DISPLAY_APP\Core\Src\stm32f4xx_hal_msp.c
2025-07-26 09:48:19,526 [INFO] CodeEngine:265 - oldGeneratedFile, C:\Users\kjeya\Documents\MCU_INTEGRATION\STM32_DISPLAY_APP\MXTmpFiles\system.tmp_save
2025-07-26 09:48:19,595 [INFO] CodeEngine:289 - Generated code: C:\Users\kjeya\Documents\MCU_INTEGRATION\STM32_DISPLAY_APP\MXTmpFiles\system.tmp
2025-07-26 09:48:19,603 [INFO] CodeEngine:265 - oldGeneratedFile, C:\Users\kjeya\Documents\MCU_INTEGRATION\STM32_DISPLAY_APP\Core\Src\stm32f4xx_hal_timebase_tim.c_save
2025-07-26 09:48:19,673 [INFO] CodeEngine:289 - Generated code: C:\Users\kjeya\Documents\MCU_INTEGRATION\STM32_DISPLAY_APP\Core\Src\stm32f4xx_hal_timebase_tim.c
2025-07-26 09:48:19,688 [INFO] CodeEngine:321 - oldGeneratedFile, C:\Users\kjeya\Documents\MCU_INTEGRATION\STM32_DISPLAY_APP\Core\Inc\stm32f4xx_hal_conf.h_save
2025-07-26 09:48:19,753 [INFO] CodeEngine:345 - Generated code: C:\Users\kjeya\Documents\MCU_INTEGRATION\STM32_DISPLAY_APP\Core\Inc\stm32f4xx_hal_conf.h
2025-07-26 09:48:19,772 [WARN] IPConfigManager:3238 - Warning: the RefConfig PLL2P_FOR_MCO is not available in your config.xml file
2025-07-26 09:48:19,790 [INFO] CodeEngine:265 - oldGeneratedFile, C:\Users\kjeya\Documents\MCU_INTEGRATION\STM32_DISPLAY_APP\Core\Inc\main.h_save
2025-07-26 09:48:19,865 [INFO] CodeEngine:289 - Generated code: C:\Users\kjeya\Documents\MCU_INTEGRATION\STM32_DISPLAY_APP\Core\Inc\main.h
2025-07-26 09:48:19,873 [INFO] CodeEngine:265 - oldGeneratedFile, C:\Users\kjeya\Documents\MCU_INTEGRATION\STM32_DISPLAY_APP\Core\Src\main.c_save
2025-07-26 09:48:19,999 [INFO] CodeEngine:289 - Generated code: C:\Users\kjeya\Documents\MCU_INTEGRATION\STM32_DISPLAY_APP\Core\Src\main.c
2025-07-26 09:48:20,355 [INFO] ProjectBuilder:3606 - Time for Copy HAL[1] : 187mS.
2025-07-26 09:48:20,362 [INFO] ProjectBuilder:5216 - Project Generator version: 4.7.0-B52
2025-07-26 09:48:20,461 [INFO] ConfigFileManager:1595 - The Die is : DIE421
2025-07-26 09:48:22,024 [INFO] ProjectBuilder:5496 - Time for Generating toolchain IDE Files: 1663mS.
2025-07-26 09:48:22,030 [INFO] ProjectBuilder:3463 - Time for Copy CMSIS : 4mS.
2025-07-26 09:48:22,038 [INFO] ProjectBuilder:3463 - Time for Copy CMSIS : 0mS.
2025-07-26 10:05:02,008 [INFO] UtilMem:75 - End SaveConfig() Used Memory: 678783488 Bytes (723517440)
2025-07-26 10:05:06,712 [INFO] UtilMem:75 - End SaveConfig() Used Memory: 419783088 Bytes (723517440)
2025-07-26 10:05:07,359 [INFO] BlockDiagram:2775 - set Specific Code input for plugin: SPI
2025-07-26 10:05:07,360 [INFO] BlockDiagram:2775 - set Specific Code input for plugin: SPI
2025-07-26 10:05:07,360 [INFO] BlockDiagram:2775 - set Specific Code input for plugin: SPI
2025-07-26 10:05:07,360 [INFO] BlockDiagram:2775 - set Specific Code input for plugin: SYS
2025-07-26 10:05:07,360 [INFO] BlockDiagram:2775 - set Specific Code input for plugin: RCC
2025-07-26 10:05:07,361 [INFO] BlockDiagram:2775 - set Specific Code input for plugin: NVIC
2025-07-26 10:05:07,361 [INFO] BlockDiagram:2775 - set Specific Code input for plugin: USART
2025-07-26 10:05:07,361 [INFO] BlockDiagram:2775 - set Specific Code input for plugin: USART
2025-07-26 10:05:07,362 [INFO] BlockDiagram:2775 - set Specific Code input for plugin: GPIO
2025-07-26 10:05:07,368 [INFO] CodeGenerator:892 - code generatio: config db path: C:\ST\STM32CubeIDE_1.16.1\STM32CubeIDE\plugins\com.st.stm32cube.common.mx_6.15.0.202507011659\\db\
2025-07-26 10:05:07,520 [INFO] CodeEngine:265 - oldGeneratedFile, C:\Users\kjeya\Documents\MCU_INTEGRATION\STM32_DISPLAY_APP\MXTmpFiles\license.tmp_save
2025-07-26 10:05:07,889 [INFO] CodeEngine:289 - Generated code: C:\Users\kjeya\Documents\MCU_INTEGRATION\STM32_DISPLAY_APP\MXTmpFiles\license.tmp
2025-07-26 10:05:07,986 [INFO] CodeEngine:265 - oldGeneratedFile, C:\Users\kjeya\Documents\MCU_INTEGRATION\STM32_DISPLAY_APP\MXTmpFiles\gpio.tmp_save
2025-07-26 10:05:08,201 [INFO] CodeEngine:289 - Generated code: C:\Users\kjeya\Documents\MCU_INTEGRATION\STM32_DISPLAY_APP\MXTmpFiles\gpio.tmp
2025-07-26 10:05:08,643 [INFO] CodeEngine:265 - oldGeneratedFile, C:\Users\kjeya\Documents\MCU_INTEGRATION\STM32_DISPLAY_APP\Core\Src\stm32f4xx_it.c_save
2025-07-26 10:05:09,013 [INFO] CodeEngine:289 - Generated code: C:\Users\kjeya\Documents\MCU_INTEGRATION\STM32_DISPLAY_APP\Core\Src\stm32f4xx_it.c
2025-07-26 10:05:09,025 [INFO] CodeEngine:265 - oldGeneratedFile, C:\Users\kjeya\Documents\MCU_INTEGRATION\STM32_DISPLAY_APP\Core\Inc\stm32f4xx_it.h_save
2025-07-26 10:05:09,169 [INFO] CodeEngine:289 - Generated code: C:\Users\kjeya\Documents\MCU_INTEGRATION\STM32_DISPLAY_APP\Core\Inc\stm32f4xx_it.h
2025-07-26 10:05:09,200 [INFO] CodeEngine:265 - oldGeneratedFile, C:\Users\kjeya\Documents\MCU_INTEGRATION\STM32_DISPLAY_APP\Core\Src\stm32f4xx_hal_msp.c_save
2025-07-26 10:05:09,460 [INFO] CodeEngine:289 - Generated code: C:\Users\kjeya\Documents\MCU_INTEGRATION\STM32_DISPLAY_APP\Core\Src\stm32f4xx_hal_msp.c
2025-07-26 10:05:09,472 [INFO] CodeEngine:265 - oldGeneratedFile, C:\Users\kjeya\Documents\MCU_INTEGRATION\STM32_DISPLAY_APP\MXTmpFiles\system.tmp_save
2025-07-26 10:05:09,603 [INFO] CodeEngine:289 - Generated code: C:\Users\kjeya\Documents\MCU_INTEGRATION\STM32_DISPLAY_APP\MXTmpFiles\system.tmp
2025-07-26 10:05:09,611 [INFO] CodeEngine:265 - oldGeneratedFile, C:\Users\kjeya\Documents\MCU_INTEGRATION\STM32_DISPLAY_APP\Core\Src\stm32f4xx_hal_timebase_tim.c_save
2025-07-26 10:05:09,752 [INFO] CodeEngine:289 - Generated code: C:\Users\kjeya\Documents\MCU_INTEGRATION\STM32_DISPLAY_APP\Core\Src\stm32f4xx_hal_timebase_tim.c
2025-07-26 10:05:09,773 [INFO] CodeEngine:321 - oldGeneratedFile, C:\Users\kjeya\Documents\MCU_INTEGRATION\STM32_DISPLAY_APP\Core\Inc\stm32f4xx_hal_conf.h_save
2025-07-26 10:05:09,922 [INFO] CodeEngine:345 - Generated code: C:\Users\kjeya\Documents\MCU_INTEGRATION\STM32_DISPLAY_APP\Core\Inc\stm32f4xx_hal_conf.h
2025-07-26 10:05:09,957 [WARN] IPConfigManager:3238 - Warning: the RefConfig PLL2P_FOR_MCO is not available in your config.xml file
2025-07-26 10:05:09,976 [INFO] CodeEngine:265 - oldGeneratedFile, C:\Users\kjeya\Documents\MCU_INTEGRATION\STM32_DISPLAY_APP\Core\Inc\main.h_save
2025-07-26 10:05:10,165 [INFO] CodeEngine:289 - Generated code: C:\Users\kjeya\Documents\MCU_INTEGRATION\STM32_DISPLAY_APP\Core\Inc\main.h
2025-07-26 10:05:10,175 [INFO] CodeEngine:265 - oldGeneratedFile, C:\Users\kjeya\Documents\MCU_INTEGRATION\STM32_DISPLAY_APP\Core\Src\main.c_save
2025-07-26 10:05:10,398 [INFO] CodeEngine:289 - Generated code: C:\Users\kjeya\Documents\MCU_INTEGRATION\STM32_DISPLAY_APP\Core\Src\main.c
2025-07-26 10:05:11,121 [INFO] ProjectBuilder:3606 - Time for Copy HAL[1] : 310mS.
2025-07-26 10:05:11,130 [INFO] ProjectBuilder:5216 - Project Generator version: 4.7.0-B52
2025-07-26 10:05:11,292 [INFO] ConfigFileManager:1595 - The Die is : DIE421
2025-07-26 10:05:12,922 [INFO] ProjectBuilder:5496 - Time for Generating toolchain IDE Files: 1792mS.
2025-07-26 10:05:12,923 [INFO] ProjectBuilder:3463 - Time for Copy CMSIS : 1mS.
2025-07-26 10:05:12,931 [INFO] ProjectBuilder:3463 - Time for Copy CMSIS : 0mS.
2025-07-26 10:40:20,905 [INFO] WebApp:194 - Connection lost
2025-07-26 10:40:21,371 [INFO] WebApp:191 - Connection restablished
2025-07-26 10:40:22,547 [INFO] WebApp:194 - Connection lost
2025-07-26 10:40:22,762 [INFO] WebApp:191 - Connection restablished
2025-07-26 12:42:38,697 [INFO] Mcu:1682 - InternalPropertyChange: try BijectiveRequest:Asynchronous
2025-07-26 12:42:39,763 [INFO] NvicIntPanel:101 - NVIC parent = com.st.microxplorer.plugins.ip.nvic.MultiNvicIntPanel[,0,0,0x0,invalid,layout=javax.swing.BoxLayout,alignmentX=0.0,alignmentY=0.0,border=,flags=9,maximumSize=,minimumSize=,preferredSize=]
2025-07-26 12:45:04,923 [INFO] UtilMem:75 - End SaveConfig() Used Memory: 662045640 Bytes (723517440)
2025-07-26 12:45:12,650 [INFO] UtilMem:75 - End SaveConfig() Used Memory: 368680360 Bytes (723517440)
2025-07-26 12:45:13,115 [INFO] BlockDiagram:2775 - set Specific Code input for plugin: SPI
2025-07-26 12:45:13,117 [INFO] BlockDiagram:2775 - set Specific Code input for plugin: SPI
2025-07-26 12:45:13,117 [INFO] BlockDiagram:2775 - set Specific Code input for plugin: SPI
2025-07-26 12:45:13,117 [INFO] BlockDiagram:2775 - set Specific Code input for plugin: SYS
2025-07-26 12:45:13,118 [INFO] BlockDiagram:2775 - set Specific Code input for plugin: RCC
2025-07-26 12:45:13,118 [INFO] BlockDiagram:2775 - set Specific Code input for plugin: NVIC
2025-07-26 12:45:13,119 [INFO] BlockDiagram:2775 - set Specific Code input for plugin: USART
2025-07-26 12:45:13,119 [INFO] BlockDiagram:2775 - set Specific Code input for plugin: USART
2025-07-26 12:45:13,120 [INFO] BlockDiagram:2775 - set Specific Code input for plugin: UART
2025-07-26 12:45:13,124 [INFO] BlockDiagram:2775 - set Specific Code input for plugin: GPIO
2025-07-26 12:45:13,129 [INFO] CodeGenerator:892 - code generatio: config db path: C:\ST\STM32CubeIDE_1.16.1\STM32CubeIDE\plugins\com.st.stm32cube.common.mx_6.15.0.202507011659\\db\
2025-07-26 12:45:13,321 [INFO] CodeEngine:265 - oldGeneratedFile, C:\Users\kjeya\Documents\MCU_INTEGRATION\STM32_DISPLAY_APP\MXTmpFiles\license.tmp_save
2025-07-26 12:45:13,792 [INFO] CodeEngine:289 - Generated code: C:\Users\kjeya\Documents\MCU_INTEGRATION\STM32_DISPLAY_APP\MXTmpFiles\license.tmp
2025-07-26 12:45:13,908 [INFO] CodeEngine:265 - oldGeneratedFile, C:\Users\kjeya\Documents\MCU_INTEGRATION\STM32_DISPLAY_APP\MXTmpFiles\gpio.tmp_save
2025-07-26 12:45:14,163 [INFO] CodeEngine:289 - Generated code: C:\Users\kjeya\Documents\MCU_INTEGRATION\STM32_DISPLAY_APP\MXTmpFiles\gpio.tmp
2025-07-26 12:45:14,750 [INFO] CodeEngine:265 - oldGeneratedFile, C:\Users\kjeya\Documents\MCU_INTEGRATION\STM32_DISPLAY_APP\Core\Src\stm32f4xx_it.c_save
2025-07-26 12:45:15,263 [INFO] CodeEngine:289 - Generated code: C:\Users\kjeya\Documents\MCU_INTEGRATION\STM32_DISPLAY_APP\Core\Src\stm32f4xx_it.c
2025-07-26 12:45:15,277 [INFO] CodeEngine:265 - oldGeneratedFile, C:\Users\kjeya\Documents\MCU_INTEGRATION\STM32_DISPLAY_APP\Core\Inc\stm32f4xx_it.h_save
2025-07-26 12:45:15,450 [INFO] CodeEngine:289 - Generated code: C:\Users\kjeya\Documents\MCU_INTEGRATION\STM32_DISPLAY_APP\Core\Inc\stm32f4xx_it.h
2025-07-26 12:45:15,494 [INFO] CodeEngine:265 - oldGeneratedFile, C:\Users\kjeya\Documents\MCU_INTEGRATION\STM32_DISPLAY_APP\Core\Src\stm32f4xx_hal_msp.c_save
2025-07-26 12:45:15,834 [INFO] CodeEngine:289 - Generated code: C:\Users\kjeya\Documents\MCU_INTEGRATION\STM32_DISPLAY_APP\Core\Src\stm32f4xx_hal_msp.c
2025-07-26 12:45:15,846 [INFO] CodeEngine:265 - oldGeneratedFile, C:\Users\kjeya\Documents\MCU_INTEGRATION\STM32_DISPLAY_APP\MXTmpFiles\system.tmp_save
2025-07-26 12:45:15,991 [INFO] CodeEngine:289 - Generated code: C:\Users\kjeya\Documents\MCU_INTEGRATION\STM32_DISPLAY_APP\MXTmpFiles\system.tmp
2025-07-26 12:45:16,004 [INFO] CodeEngine:265 - oldGeneratedFile, C:\Users\kjeya\Documents\MCU_INTEGRATION\STM32_DISPLAY_APP\Core\Src\stm32f4xx_hal_timebase_tim.c_save
2025-07-26 12:45:16,150 [INFO] CodeEngine:289 - Generated code: C:\Users\kjeya\Documents\MCU_INTEGRATION\STM32_DISPLAY_APP\Core\Src\stm32f4xx_hal_timebase_tim.c
2025-07-26 12:45:16,180 [INFO] CodeEngine:321 - oldGeneratedFile, C:\Users\kjeya\Documents\MCU_INTEGRATION\STM32_DISPLAY_APP\Core\Inc\stm32f4xx_hal_conf.h_save
2025-07-26 12:45:16,323 [INFO] CodeEngine:345 - Generated code: C:\Users\kjeya\Documents\MCU_INTEGRATION\STM32_DISPLAY_APP\Core\Inc\stm32f4xx_hal_conf.h
2025-07-26 12:45:16,361 [WARN] IPConfigManager:3238 - Warning: the RefConfig PLL2P_FOR_MCO is not available in your config.xml file
2025-07-26 12:45:16,373 [INFO] ApiDbMcu:532 - Load IP Config File for UART4
2025-07-26 12:45:16,399 [INFO] CodeEngine:265 - oldGeneratedFile, C:\Users\kjeya\Documents\MCU_INTEGRATION\STM32_DISPLAY_APP\Core\Inc\main.h_save
2025-07-26 12:45:16,591 [INFO] CodeEngine:289 - Generated code: C:\Users\kjeya\Documents\MCU_INTEGRATION\STM32_DISPLAY_APP\Core\Inc\main.h
2025-07-26 12:45:16,612 [INFO] CodeEngine:265 - oldGeneratedFile, C:\Users\kjeya\Documents\MCU_INTEGRATION\STM32_DISPLAY_APP\Core\Src\main.c_save
2025-07-26 12:45:16,817 [INFO] CodeEngine:289 - Generated code: C:\Users\kjeya\Documents\MCU_INTEGRATION\STM32_DISPLAY_APP\Core\Src\main.c
2025-07-26 12:45:17,786 [INFO] ProjectBuilder:3606 - Time for Copy HAL[1] : 456mS.
2025-07-26 12:45:17,794 [INFO] ProjectBuilder:5216 - Project Generator version: 4.7.0-B52
2025-07-26 12:45:17,968 [INFO] ConfigFileManager:1595 - The Die is : DIE421
2025-07-26 12:45:19,913 [INFO] ProjectBuilder:5496 - Time for Generating toolchain IDE Files: 2119mS.
2025-07-26 12:45:19,915 [INFO] ProjectBuilder:3463 - Time for Copy CMSIS : 1mS.
2025-07-26 12:45:19,925 [INFO] ProjectBuilder:3463 - Time for Copy CMSIS : 0mS.
2025-07-26 12:45:56,189 [INFO] NvicIntPanel:101 - NVIC parent = com.st.microxplorer.plugins.ip.nvic.MultiNvicIntPanel[,0,0,0x0,invalid,layout=javax.swing.BoxLayout,alignmentX=0.0,alignmentY=0.0,border=,flags=9,maximumSize=,minimumSize=,preferredSize=]
2025-07-26 12:46:05,764 [INFO] UtilMem:75 - End SaveConfig() Used Memory: 390857016 Bytes (723517440)
2025-07-26 12:46:08,452 [INFO] UtilMem:75 - End SaveConfig() Used Memory: 495714616 Bytes (723517440)
2025-07-26 12:46:08,744 [INFO] BlockDiagram:2775 - set Specific Code input for plugin: SPI
2025-07-26 12:46:08,745 [INFO] BlockDiagram:2775 - set Specific Code input for plugin: SPI
2025-07-26 12:46:08,745 [INFO] BlockDiagram:2775 - set Specific Code input for plugin: SPI
2025-07-26 12:46:08,745 [INFO] BlockDiagram:2775 - set Specific Code input for plugin: SYS
2025-07-26 12:46:08,745 [INFO] BlockDiagram:2775 - set Specific Code input for plugin: RCC
2025-07-26 12:46:08,745 [INFO] BlockDiagram:2775 - set Specific Code input for plugin: NVIC
2025-07-26 12:46:08,745 [INFO] BlockDiagram:2775 - set Specific Code input for plugin: USART
2025-07-26 12:46:08,745 [INFO] BlockDiagram:2775 - set Specific Code input for plugin: USART
2025-07-26 12:46:08,745 [INFO] BlockDiagram:2775 - set Specific Code input for plugin: UART
2025-07-26 12:46:08,745 [INFO] BlockDiagram:2775 - set Specific Code input for plugin: GPIO
2025-07-26 12:46:08,747 [INFO] CodeGenerator:892 - code generatio: config db path: C:\ST\STM32CubeIDE_1.16.1\STM32CubeIDE\plugins\com.st.stm32cube.common.mx_6.15.0.202507011659\\db\
2025-07-26 12:46:08,847 [INFO] CodeEngine:265 - oldGeneratedFile, C:\Users\kjeya\Documents\MCU_INTEGRATION\STM32_DISPLAY_APP\MXTmpFiles\license.tmp_save
2025-07-26 12:46:08,910 [INFO] CodeEngine:289 - Generated code: C:\Users\kjeya\Documents\MCU_INTEGRATION\STM32_DISPLAY_APP\MXTmpFiles\license.tmp
2025-07-26 12:46:08,948 [INFO] CodeEngine:265 - oldGeneratedFile, C:\Users\kjeya\Documents\MCU_INTEGRATION\STM32_DISPLAY_APP\MXTmpFiles\gpio.tmp_save
2025-07-26 12:46:09,048 [INFO] CodeEngine:289 - Generated code: C:\Users\kjeya\Documents\MCU_INTEGRATION\STM32_DISPLAY_APP\MXTmpFiles\gpio.tmp
2025-07-26 12:46:09,438 [INFO] CodeEngine:265 - oldGeneratedFile, C:\Users\kjeya\Documents\MCU_INTEGRATION\STM32_DISPLAY_APP\Core\Src\stm32f4xx_it.c_save
2025-07-26 12:46:09,598 [INFO] CodeEngine:289 - Generated code: C:\Users\kjeya\Documents\MCU_INTEGRATION\STM32_DISPLAY_APP\Core\Src\stm32f4xx_it.c
2025-07-26 12:46:09,614 [INFO] CodeEngine:265 - oldGeneratedFile, C:\Users\kjeya\Documents\MCU_INTEGRATION\STM32_DISPLAY_APP\Core\Inc\stm32f4xx_it.h_save
2025-07-26 12:46:09,736 [INFO] CodeEngine:289 - Generated code: C:\Users\kjeya\Documents\MCU_INTEGRATION\STM32_DISPLAY_APP\Core\Inc\stm32f4xx_it.h
2025-07-26 12:46:09,769 [INFO] CodeEngine:265 - oldGeneratedFile, C:\Users\kjeya\Documents\MCU_INTEGRATION\STM32_DISPLAY_APP\Core\Src\stm32f4xx_hal_msp.c_save
2025-07-26 12:46:09,917 [INFO] CodeEngine:289 - Generated code: C:\Users\kjeya\Documents\MCU_INTEGRATION\STM32_DISPLAY_APP\Core\Src\stm32f4xx_hal_msp.c
2025-07-26 12:46:09,926 [INFO] CodeEngine:265 - oldGeneratedFile, C:\Users\kjeya\Documents\MCU_INTEGRATION\STM32_DISPLAY_APP\MXTmpFiles\system.tmp_save
2025-07-26 12:46:10,005 [INFO] CodeEngine:289 - Generated code: C:\Users\kjeya\Documents\MCU_INTEGRATION\STM32_DISPLAY_APP\MXTmpFiles\system.tmp
2025-07-26 12:46:10,012 [INFO] CodeEngine:265 - oldGeneratedFile, C:\Users\kjeya\Documents\MCU_INTEGRATION\STM32_DISPLAY_APP\Core\Src\stm32f4xx_hal_timebase_tim.c_save
2025-07-26 12:46:10,111 [INFO] CodeEngine:289 - Generated code: C:\Users\kjeya\Documents\MCU_INTEGRATION\STM32_DISPLAY_APP\Core\Src\stm32f4xx_hal_timebase_tim.c
2025-07-26 12:46:10,130 [INFO] CodeEngine:321 - oldGeneratedFile, C:\Users\kjeya\Documents\MCU_INTEGRATION\STM32_DISPLAY_APP\Core\Inc\stm32f4xx_hal_conf.h_save
2025-07-26 12:46:10,213 [INFO] CodeEngine:345 - Generated code: C:\Users\kjeya\Documents\MCU_INTEGRATION\STM32_DISPLAY_APP\Core\Inc\stm32f4xx_hal_conf.h
2025-07-26 12:46:10,248 [WARN] IPConfigManager:3238 - Warning: the RefConfig PLL2P_FOR_MCO is not available in your config.xml file
2025-07-26 12:46:10,278 [INFO] CodeEngine:265 - oldGeneratedFile, C:\Users\kjeya\Documents\MCU_INTEGRATION\STM32_DISPLAY_APP\Core\Inc\main.h_save
2025-07-26 12:46:10,447 [INFO] CodeEngine:289 - Generated code: C:\Users\kjeya\Documents\MCU_INTEGRATION\STM32_DISPLAY_APP\Core\Inc\main.h
2025-07-26 12:46:10,465 [INFO] CodeEngine:265 - oldGeneratedFile, C:\Users\kjeya\Documents\MCU_INTEGRATION\STM32_DISPLAY_APP\Core\Src\main.c_save
2025-07-26 12:46:10,755 [INFO] CodeEngine:289 - Generated code: C:\Users\kjeya\Documents\MCU_INTEGRATION\STM32_DISPLAY_APP\Core\Src\main.c
2025-07-26 12:46:11,396 [INFO] ProjectBuilder:3606 - Time for Copy HAL[1] : 218mS.
2025-07-26 12:46:11,400 [INFO] ProjectBuilder:5216 - Project Generator version: 4.7.0-B52
2025-07-26 12:46:11,506 [INFO] ConfigFileManager:1595 - The Die is : DIE421
2025-07-26 12:46:13,044 [INFO] ProjectBuilder:5496 - Time for Generating toolchain IDE Files: 1644mS.
2025-07-26 12:46:13,046 [INFO] ProjectBuilder:3463 - Time for Copy CMSIS : 0mS.
2025-07-26 12:46:13,051 [INFO] ProjectBuilder:3463 - Time for Copy CMSIS : 0mS.
2025-07-26 13:11:52,068 [INFO] UtilMem:75 - End SaveConfig() Used Memory: 285094440 Bytes (723517440)
2025-07-26 13:11:56,450 [INFO] UtilMem:75 - End SaveConfig() Used Memory: 398340648 Bytes (723517440)
2025-07-26 13:11:57,506 [INFO] BlockDiagram:2775 - set Specific Code input for plugin: SPI
2025-07-26 13:11:57,508 [INFO] BlockDiagram:2775 - set Specific Code input for plugin: SPI
2025-07-26 13:11:57,509 [INFO] BlockDiagram:2775 - set Specific Code input for plugin: SPI
2025-07-26 13:11:57,509 [INFO] BlockDiagram:2775 - set Specific Code input for plugin: SYS
2025-07-26 13:11:57,509 [INFO] BlockDiagram:2775 - set Specific Code input for plugin: RCC
2025-07-26 13:11:57,510 [INFO] BlockDiagram:2775 - set Specific Code input for plugin: NVIC
2025-07-26 13:11:57,510 [INFO] BlockDiagram:2775 - set Specific Code input for plugin: USART
2025-07-26 13:11:57,510 [INFO] BlockDiagram:2775 - set Specific Code input for plugin: USART
2025-07-26 13:11:57,511 [INFO] BlockDiagram:2775 - set Specific Code input for plugin: UART
2025-07-26 13:11:57,512 [INFO] BlockDiagram:2775 - set Specific Code input for plugin: GPIO
2025-07-26 13:11:57,514 [INFO] CodeGenerator:892 - code generatio: config db path: C:\ST\STM32CubeIDE_1.16.1\STM32CubeIDE\plugins\com.st.stm32cube.common.mx_6.15.0.202507011659\\db\
2025-07-26 13:11:57,699 [INFO] CodeEngine:265 - oldGeneratedFile, C:\Users\kjeya\Documents\MCU_INTEGRATION\STM32_DISPLAY_APP\MXTmpFiles\license.tmp_save
2025-07-26 13:11:58,169 [INFO] CodeEngine:289 - Generated code: C:\Users\kjeya\Documents\MCU_INTEGRATION\STM32_DISPLAY_APP\MXTmpFiles\license.tmp
2025-07-26 13:11:58,290 [INFO] CodeEngine:265 - oldGeneratedFile, C:\Users\kjeya\Documents\MCU_INTEGRATION\STM32_DISPLAY_APP\MXTmpFiles\gpio.tmp_save
2025-07-26 13:11:58,539 [INFO] CodeEngine:289 - Generated code: C:\Users\kjeya\Documents\MCU_INTEGRATION\STM32_DISPLAY_APP\MXTmpFiles\gpio.tmp
2025-07-26 13:11:59,130 [INFO] CodeEngine:265 - oldGeneratedFile, C:\Users\kjeya\Documents\MCU_INTEGRATION\STM32_DISPLAY_APP\Core\Src\stm32f4xx_it.c_save
2025-07-26 13:11:59,629 [INFO] CodeEngine:289 - Generated code: C:\Users\kjeya\Documents\MCU_INTEGRATION\STM32_DISPLAY_APP\Core\Src\stm32f4xx_it.c
2025-07-26 13:11:59,642 [INFO] CodeEngine:265 - oldGeneratedFile, C:\Users\kjeya\Documents\MCU_INTEGRATION\STM32_DISPLAY_APP\Core\Inc\stm32f4xx_it.h_save
2025-07-26 13:11:59,804 [INFO] CodeEngine:289 - Generated code: C:\Users\kjeya\Documents\MCU_INTEGRATION\STM32_DISPLAY_APP\Core\Inc\stm32f4xx_it.h
2025-07-26 13:11:59,843 [INFO] CodeEngine:265 - oldGeneratedFile, C:\Users\kjeya\Documents\MCU_INTEGRATION\STM32_DISPLAY_APP\Core\Src\stm32f4xx_hal_msp.c_save
2025-07-26 13:12:00,157 [INFO] CodeEngine:289 - Generated code: C:\Users\kjeya\Documents\MCU_INTEGRATION\STM32_DISPLAY_APP\Core\Src\stm32f4xx_hal_msp.c
2025-07-26 13:12:00,166 [INFO] CodeEngine:265 - oldGeneratedFile, C:\Users\kjeya\Documents\MCU_INTEGRATION\STM32_DISPLAY_APP\MXTmpFiles\system.tmp_save
2025-07-26 13:12:00,320 [INFO] CodeEngine:289 - Generated code: C:\Users\kjeya\Documents\MCU_INTEGRATION\STM32_DISPLAY_APP\MXTmpFiles\system.tmp
2025-07-26 13:12:00,329 [INFO] CodeEngine:265 - oldGeneratedFile, C:\Users\kjeya\Documents\MCU_INTEGRATION\STM32_DISPLAY_APP\Core\Src\stm32f4xx_hal_timebase_tim.c_save
2025-07-26 13:12:00,498 [INFO] CodeEngine:289 - Generated code: C:\Users\kjeya\Documents\MCU_INTEGRATION\STM32_DISPLAY_APP\Core\Src\stm32f4xx_hal_timebase_tim.c
2025-07-26 13:12:00,523 [INFO] CodeEngine:321 - oldGeneratedFile, C:\Users\kjeya\Documents\MCU_INTEGRATION\STM32_DISPLAY_APP\Core\Inc\stm32f4xx_hal_conf.h_save
2025-07-26 13:12:00,704 [INFO] CodeEngine:345 - Generated code: C:\Users\kjeya\Documents\MCU_INTEGRATION\STM32_DISPLAY_APP\Core\Inc\stm32f4xx_hal_conf.h
2025-07-26 13:12:00,773 [WARN] IPConfigManager:3238 - Warning: the RefConfig PLL2P_FOR_MCO is not available in your config.xml file
2025-07-26 13:12:00,795 [INFO] CodeEngine:265 - oldGeneratedFile, C:\Users\kjeya\Documents\MCU_INTEGRATION\STM32_DISPLAY_APP\Core\Inc\main.h_save
2025-07-26 13:12:01,023 [INFO] CodeEngine:289 - Generated code: C:\Users\kjeya\Documents\MCU_INTEGRATION\STM32_DISPLAY_APP\Core\Inc\main.h
2025-07-26 13:12:01,040 [INFO] CodeEngine:265 - oldGeneratedFile, C:\Users\kjeya\Documents\MCU_INTEGRATION\STM32_DISPLAY_APP\Core\Src\main.c_save
2025-07-26 13:12:01,272 [INFO] CodeEngine:289 - Generated code: C:\Users\kjeya\Documents\MCU_INTEGRATION\STM32_DISPLAY_APP\Core\Src\main.c
2025-07-26 13:12:02,113 [INFO] ProjectBuilder:3606 - Time for Copy HAL[1] : 309mS.
2025-07-26 13:12:02,126 [INFO] ProjectBuilder:5216 - Project Generator version: 4.7.0-B52
2025-07-26 13:12:02,325 [INFO] ConfigFileManager:1595 - The Die is : DIE421
2025-07-26 13:12:04,189 [INFO] ProjectBuilder:5496 - Time for Generating toolchain IDE Files: 2062mS.
2025-07-26 13:12:04,190 [INFO] ProjectBuilder:3463 - Time for Copy CMSIS : 1mS.
2025-07-26 13:12:04,195 [INFO] ProjectBuilder:3463 - Time for Copy CMSIS : 0mS.
2025-07-26 13:13:12,844 [INFO] UtilMem:75 - End SaveConfig() Used Memory: 385028480 Bytes (723517440)
2025-07-26 13:13:15,312 [INFO] UtilMem:75 - End SaveConfig() Used Memory: 491460992 Bytes (723517440)
2025-07-26 13:13:15,653 [INFO] BlockDiagram:2775 - set Specific Code input for plugin: SPI
2025-07-26 13:13:15,653 [INFO] BlockDiagram:2775 - set Specific Code input for plugin: SPI
2025-07-26 13:13:15,653 [INFO] BlockDiagram:2775 - set Specific Code input for plugin: SPI
2025-07-26 13:13:15,653 [INFO] BlockDiagram:2775 - set Specific Code input for plugin: SYS
2025-07-26 13:13:15,654 [INFO] BlockDiagram:2775 - set Specific Code input for plugin: RCC
2025-07-26 13:13:15,654 [INFO] BlockDiagram:2775 - set Specific Code input for plugin: NVIC
2025-07-26 13:13:15,654 [INFO] BlockDiagram:2775 - set Specific Code input for plugin: USART
2025-07-26 13:13:15,654 [INFO] BlockDiagram:2775 - set Specific Code input for plugin: USART
2025-07-26 13:13:15,654 [INFO] BlockDiagram:2775 - set Specific Code input for plugin: UART
2025-07-26 13:13:15,655 [INFO] BlockDiagram:2775 - set Specific Code input for plugin: GPIO
2025-07-26 13:13:15,657 [INFO] CodeGenerator:892 - code generatio: config db path: C:\ST\STM32CubeIDE_1.16.1\STM32CubeIDE\plugins\com.st.stm32cube.common.mx_6.15.0.202507011659\\db\
2025-07-26 13:13:15,785 [INFO] CodeEngine:265 - oldGeneratedFile, C:\Users\kjeya\Documents\MCU_INTEGRATION\STM32_DISPLAY_APP\MXTmpFiles\license.tmp_save
2025-07-26 13:13:15,858 [INFO] CodeEngine:289 - Generated code: C:\Users\kjeya\Documents\MCU_INTEGRATION\STM32_DISPLAY_APP\MXTmpFiles\license.tmp
2025-07-26 13:13:15,905 [INFO] CodeEngine:265 - oldGeneratedFile, C:\Users\kjeya\Documents\MCU_INTEGRATION\STM32_DISPLAY_APP\MXTmpFiles\gpio.tmp_save
2025-07-26 13:13:16,004 [INFO] CodeEngine:289 - Generated code: C:\Users\kjeya\Documents\MCU_INTEGRATION\STM32_DISPLAY_APP\MXTmpFiles\gpio.tmp
2025-07-26 13:13:16,382 [INFO] CodeEngine:265 - oldGeneratedFile, C:\Users\kjeya\Documents\MCU_INTEGRATION\STM32_DISPLAY_APP\Core\Src\stm32f4xx_it.c_save
2025-07-26 13:13:16,539 [INFO] CodeEngine:289 - Generated code: C:\Users\kjeya\Documents\MCU_INTEGRATION\STM32_DISPLAY_APP\Core\Src\stm32f4xx_it.c
2025-07-26 13:13:16,554 [INFO] CodeEngine:265 - oldGeneratedFile, C:\Users\kjeya\Documents\MCU_INTEGRATION\STM32_DISPLAY_APP\Core\Inc\stm32f4xx_it.h_save
2025-07-26 13:13:16,671 [INFO] CodeEngine:289 - Generated code: C:\Users\kjeya\Documents\MCU_INTEGRATION\STM32_DISPLAY_APP\Core\Inc\stm32f4xx_it.h
2025-07-26 13:13:16,706 [INFO] CodeEngine:265 - oldGeneratedFile, C:\Users\kjeya\Documents\MCU_INTEGRATION\STM32_DISPLAY_APP\Core\Src\stm32f4xx_hal_msp.c_save
2025-07-26 13:13:16,851 [INFO] CodeEngine:289 - Generated code: C:\Users\kjeya\Documents\MCU_INTEGRATION\STM32_DISPLAY_APP\Core\Src\stm32f4xx_hal_msp.c
2025-07-26 13:13:16,859 [INFO] CodeEngine:265 - oldGeneratedFile, C:\Users\kjeya\Documents\MCU_INTEGRATION\STM32_DISPLAY_APP\MXTmpFiles\system.tmp_save
2025-07-26 13:13:16,926 [INFO] CodeEngine:289 - Generated code: C:\Users\kjeya\Documents\MCU_INTEGRATION\STM32_DISPLAY_APP\MXTmpFiles\system.tmp
2025-07-26 13:13:16,935 [INFO] CodeEngine:265 - oldGeneratedFile, C:\Users\kjeya\Documents\MCU_INTEGRATION\STM32_DISPLAY_APP\Core\Src\stm32f4xx_hal_timebase_tim.c_save
2025-07-26 13:13:17,002 [INFO] CodeEngine:289 - Generated code: C:\Users\kjeya\Documents\MCU_INTEGRATION\STM32_DISPLAY_APP\Core\Src\stm32f4xx_hal_timebase_tim.c
2025-07-26 13:13:17,017 [INFO] CodeEngine:321 - oldGeneratedFile, C:\Users\kjeya\Documents\MCU_INTEGRATION\STM32_DISPLAY_APP\Core\Inc\stm32f4xx_hal_conf.h_save
2025-07-26 13:13:17,087 [INFO] CodeEngine:345 - Generated code: C:\Users\kjeya\Documents\MCU_INTEGRATION\STM32_DISPLAY_APP\Core\Inc\stm32f4xx_hal_conf.h
2025-07-26 13:13:17,106 [WARN] IPConfigManager:3238 - Warning: the RefConfig PLL2P_FOR_MCO is not available in your config.xml file
2025-07-26 13:13:17,130 [INFO] CodeEngine:265 - oldGeneratedFile, C:\Users\kjeya\Documents\MCU_INTEGRATION\STM32_DISPLAY_APP\Core\Inc\main.h_save
2025-07-26 13:13:17,204 [INFO] CodeEngine:289 - Generated code: C:\Users\kjeya\Documents\MCU_INTEGRATION\STM32_DISPLAY_APP\Core\Inc\main.h
2025-07-26 13:13:17,213 [INFO] CodeEngine:265 - oldGeneratedFile, C:\Users\kjeya\Documents\MCU_INTEGRATION\STM32_DISPLAY_APP\Core\Src\main.c_save
2025-07-26 13:13:17,337 [INFO] CodeEngine:289 - Generated code: C:\Users\kjeya\Documents\MCU_INTEGRATION\STM32_DISPLAY_APP\Core\Src\main.c
2025-07-26 13:13:17,734 [INFO] ProjectBuilder:3606 - Time for Copy HAL[1] : 200mS.
2025-07-26 13:13:17,738 [INFO] ProjectBuilder:5216 - Project Generator version: 4.7.0-B52
2025-07-26 13:13:17,845 [INFO] ConfigFileManager:1595 - The Die is : DIE421
2025-07-26 13:13:19,174 [INFO] ProjectBuilder:5496 - Time for Generating toolchain IDE Files: 1435mS.
2025-07-26 13:13:19,175 [INFO] ProjectBuilder:3463 - Time for Copy CMSIS : 1mS.
2025-07-26 13:13:19,185 [INFO] ProjectBuilder:3463 - Time for Copy CMSIS : 0mS.
2025-07-26 18:18:54,081 [ERROR] LogOutputStream:75 - [STDERR_REDIRECT] 
