2025-07-29 09:23:39,300 [INFO] Activator:176 - 


2025-07-29 09:23:39,307 [INFO] Activator:177 - !SESSION log4j initialized
2025-07-29 09:23:45,786 [INFO] LogOutputStream:77 - [STDOUT_REDIRECT] 
2025-07-29 09:23:48,061 [INFO] ApplicationProperties:184 - Using Application install path: C:\ST\STM32CubeIDE_1.16.1\STM32CubeIDE\plugins\com.st.stm32cube.common.mx_6.15.0.202507011659
2025-07-29 09:23:48,086 [INFO] DbMcusXml:78 - Set database path to: C:\ST\STM32CubeIDE_1.16.1\STM32CubeIDE\plugins\com.st.stm32cube.common.mx_6.15.0.202507011659\\db\/mcu/
2025-07-29 09:23:48,086 [INFO] ApiDb:274 - Set plugin database path to: C:\ST\STM32CubeIDE_1.16.1\STM32CubeIDE\plugins\com.st.stm32cube.common.mx_6.15.0.202507011659\\db\/plugins/boardmanager/
2025-07-29 09:23:48,088 [WARN] ApiDb:259 - Overriding images path with different value:  => C:\ST\STM32CubeIDE_1.16.1\STM32CubeIDE\plugins\com.st.stm32cube.common.mx_6.15.0.202507011659\\db\/plugins/mcufinder/images/
2025-07-29 09:23:48,099 [INFO] ApiDb:250 - Set database path to: C:\Users\kjeya\.stmcufinder\plugins\mcufinder//mcu/
2025-07-29 09:23:48,100 [INFO] DbMcusAds:125 - Set database path to: C:\Users\kjeya\.stmcufinder\plugins\mcufinder//mcu/
2025-07-29 09:23:48,104 [INFO] CrossReferenceDbSqlite:203 - Set database path to: C:\Users\kjeya\.stmcufinder\plugins\mcufinder//mcu/cs/
2025-07-29 09:23:48,244 [INFO] RulesReader:64 - Compatibility file has been processed (317 Rules)
2025-07-29 09:23:48,363 [INFO] DbMcusXml:78 - Set database path to: C:\ST\STM32CubeIDE_1.16.1\STM32CubeIDE\plugins\com.st.stm32cube.common.mx_6.15.0.202507011659\\db\/mcu/
2025-07-29 09:23:48,363 [INFO] ApiDb:274 - Set plugin database path to: C:\ST\STM32CubeIDE_1.16.1\STM32CubeIDE\plugins\com.st.stm32cube.common.mx_6.15.0.202507011659\\db\/plugins/boardmanager/
2025-07-29 09:23:48,364 [INFO] ApiDb:261 - Set plugin images path to: C:\ST\STM32CubeIDE_1.16.1\STM32CubeIDE\plugins\com.st.stm32cube.common.mx_6.15.0.202507011659\\db\/plugins/mcufinder/images/
2025-07-29 09:23:48,364 [WARN] DbFile:41 - Overriding database path with different value: C:\Users\kjeya\.stmcufinder\plugins\mcufinder/ => C:\Users\kjeya\.stmcufinder\plugins\mcufinder
2025-07-29 09:23:48,364 [INFO] ApiDb:250 - Set database path to: C:\Users\kjeya\.stmcufinder\plugins\mcufinder//mcu/
2025-07-29 09:23:48,364 [WARN] DbFile:41 - Overriding database path with different value: C:\Users\kjeya\.stmcufinder\plugins\mcufinder/ => C:\Users\kjeya\.stmcufinder\plugins\mcufinder
2025-07-29 09:23:48,364 [INFO] DbMcusAds:125 - Set database path to: C:\Users\kjeya\.stmcufinder\plugins\mcufinder//mcu/
2025-07-29 09:23:48,364 [WARN] DbFile:41 - Overriding database path with different value: C:\Users\kjeya\.stmcufinder\plugins\mcufinder/ => C:\Users\kjeya\.stmcufinder\plugins\mcufinder
2025-07-29 09:23:48,365 [WARN] DbFile:41 - Overriding database path with different value: C:\Users\kjeya\.stmcufinder\plugins\mcufinder/ => C:\Users\kjeya\.stmcufinder\plugins\mcufinder
2025-07-29 09:23:48,365 [INFO] CrossReferenceDbSqlite:203 - Set database path to: C:\Users\kjeya\.stmcufinder\plugins\mcufinder//mcu/cs/
2025-07-29 09:23:48,508 [INFO] MainPanel:274 - HeapMemory: 268435456
2025-07-29 09:23:48,684 [INFO] DbMcusXml:78 - Set database path to: C:\ST\STM32CubeIDE_1.16.1\STM32CubeIDE\plugins\com.st.stm32cube.common.mx_6.15.0.202507011659\\db\/mcu/
2025-07-29 09:23:48,684 [INFO] ApiDb:274 - Set plugin database path to: C:\ST\STM32CubeIDE_1.16.1\STM32CubeIDE\plugins\com.st.stm32cube.common.mx_6.15.0.202507011659\\db\/plugins/boardmanager/
2025-07-29 09:23:48,684 [INFO] ApiDb:261 - Set plugin images path to: C:\ST\STM32CubeIDE_1.16.1\STM32CubeIDE\plugins\com.st.stm32cube.common.mx_6.15.0.202507011659\\db\/plugins/mcufinder/images/
2025-07-29 09:23:48,684 [WARN] DbFile:41 - Overriding database path with different value: C:\Users\kjeya\.stmcufinder\plugins\mcufinder/ => C:\Users\kjeya\.stmcufinder\plugins\mcufinder
2025-07-29 09:23:48,684 [INFO] ApiDb:250 - Set database path to: C:\Users\kjeya\.stmcufinder\plugins\mcufinder//mcu/
2025-07-29 09:23:48,684 [WARN] DbFile:41 - Overriding database path with different value: C:\Users\kjeya\.stmcufinder\plugins\mcufinder/ => C:\Users\kjeya\.stmcufinder\plugins\mcufinder
2025-07-29 09:23:48,685 [INFO] DbMcusAds:125 - Set database path to: C:\Users\kjeya\.stmcufinder\plugins\mcufinder//mcu/
2025-07-29 09:23:48,685 [WARN] DbFile:41 - Overriding database path with different value: C:\Users\kjeya\.stmcufinder\plugins\mcufinder/ => C:\Users\kjeya\.stmcufinder\plugins\mcufinder
2025-07-29 09:23:48,685 [WARN] DbFile:41 - Overriding database path with different value: C:\Users\kjeya\.stmcufinder\plugins\mcufinder/ => C:\Users\kjeya\.stmcufinder\plugins\mcufinder
2025-07-29 09:23:48,685 [INFO] CrossReferenceDbSqlite:203 - Set database path to: C:\Users\kjeya\.stmcufinder\plugins\mcufinder//mcu/cs/
2025-07-29 09:23:48,705 [INFO] ApplicationProperties:184 - Using Application install path: C:\ST\STM32CubeIDE_1.16.1\STM32CubeIDE\plugins\com.st.stm32cube.common.mx_6.15.0.202507011659
2025-07-29 09:23:48,707 [INFO] PluginManage:196 - Search for loadable plugins [exclusion list=, ]
2025-07-29 09:23:48,708 [INFO] PluginManage:310 - Check plugin analytics
2025-07-29 09:23:49,000 [INFO] AnalyticsPlugin:253 - Accepted Software Licenses: STM32CubeMX.6.11.1,STM32CubeMX.6.13.0
2025-07-29 09:23:49,000 [INFO] AnalyticsPlugin:255 - Accepted CMSIS Pack Licenses: STMicroelectronics.X-CUBE-TOUCHGFX.4.24.0,WES.I-CUBE-Cesium.1.3.0,STMicroelectronics.X-CUBE-TOUCHGFX.4.24.2
2025-07-29 09:23:49,001 [INFO] AnalyticsPlugin:257 - Accepted Firmware Licenses: FW.F4.1.28.0,FW.L4.1.18.0,FW.WL.1.3.0,FW.H7.1.11.0,FW.H7.1.12.0
2025-07-29 09:23:49,008 [INFO] PluginManage:359 - Loaded plugin analytics (category:tool,tabindex:-1)
2025-07-29 09:23:49,008 [INFO] PluginManage:310 - Check plugin cadmodel
2025-07-29 09:23:49,020 [INFO] CADModel:105 - Init CAD model plugin
2025-07-29 09:23:49,020 [INFO] PluginManage:359 - Loaded plugin cadmodel (category:power,tabindex:5)
2025-07-29 09:23:49,021 [INFO] PluginManage:310 - Check plugin clock
2025-07-29 09:23:49,045 [INFO] PluginManage:359 - Loaded plugin clock (category:base,tabindex:2)
2025-07-29 09:23:49,046 [INFO] PluginManage:310 - Check plugin ddr
2025-07-29 09:23:49,050 [INFO] PluginManage:359 - Loaded plugin ddr (category:tool,tabindex:6)
2025-07-29 09:23:49,050 [INFO] PluginManage:310 - Check plugin filemanager
2025-07-29 09:23:49,278 [INFO] PluginManage:359 - Loaded plugin filemanager (category:base,tabindex:10)
2025-07-29 09:23:49,278 [INFO] PluginManage:310 - Check plugin ipmanager
2025-07-29 09:23:49,286 [INFO] PluginManage:359 - Loaded plugin ipmanager (category:base,tabindex:5)
2025-07-29 09:23:49,287 [INFO] PluginManage:310 - Check plugin lpbam
2025-07-29 09:23:49,296 [INFO] PluginManage:359 - Loaded plugin lpbam (category:base,tabindex:0)
2025-07-29 09:23:49,296 [INFO] PluginManage:310 - Check plugin memorymap
2025-07-29 09:23:49,313 [INFO] PluginManage:359 - Loaded plugin memorymap (category:base,tabindex:4)
2025-07-29 09:23:49,313 [INFO] PluginManage:310 - Check plugin pinoutandconfiguration
2025-07-29 09:23:49,325 [INFO] PluginManage:359 - Loaded plugin pinoutandconfiguration (category:base,tabindex:1)
2025-07-29 09:23:49,325 [INFO] PluginManage:310 - Check plugin pinoutconfig
2025-07-29 09:23:49,488 [WARN] SupportedApi:132 - Cannot load RTOS API schema: s4s-elt-must-match.1: The content of 'definitions' must match (annotation?, (simpleType | complexType)?, (unique | key | keyref)*)). A problem was found starting at: attribute.
2025-07-29 09:23:49,724 [INFO] PluginManage:359 - Loaded plugin pinoutconfig (category:base,tabindex:0)
2025-07-29 09:23:49,724 [INFO] PluginManage:310 - Check plugin power
2025-07-29 09:23:49,742 [INFO] PluginManage:359 - Loaded plugin power (category:power,tabindex:4)
2025-07-29 09:23:49,743 [INFO] PluginManage:310 - Check plugin projectmanager
2025-07-29 09:23:49,767 [INFO] PluginManage:359 - Loaded plugin projectmanager (category:projectmanager,tabindex:4)
2025-07-29 09:23:49,767 [INFO] PluginManage:310 - Check plugin rif
2025-07-29 09:23:49,781 [INFO] PluginManage:359 - Loaded plugin rif (category:base,tabindex:3)
2025-07-29 09:23:49,782 [INFO] PluginManage:310 - Check plugin thirdparty
2025-07-29 09:23:49,980 [INFO] PluginManage:359 - Loaded plugin thirdparty (category:base,tabindex:-1)
2025-07-29 09:23:49,980 [WARN] IntegrityCheckThread:84 - waiting for thirdparty lock release [integrity check]
2025-07-29 09:23:49,980 [INFO] PluginManage:310 - Check plugin tools
2025-07-29 09:23:49,980 [INFO] IntegrityCheckThread:86 - entering critical section [integrity check]
2025-07-29 09:23:49,982 [INFO] ThirdPartyUpdaterWithRetryManager:70 - Updater plugin not ready yet. [1/15]
2025-07-29 09:23:49,985 [INFO] PluginManage:359 - Loaded plugin tools (category:base,tabindex:7)
2025-07-29 09:23:49,985 [INFO] PluginManage:310 - Check plugin tutovideos
2025-07-29 09:23:50,221 [INFO] PluginManage:359 - Loaded plugin tutovideos (category:base,tabindex:-1)
2025-07-29 09:23:50,221 [INFO] PluginManage:310 - Check plugin updater
2025-07-29 09:23:50,248 [INFO] PluginManage:359 - Loaded plugin updater (category:base,tabindex:12)
2025-07-29 09:23:50,248 [INFO] PluginManage:310 - Check plugin userauth
2025-07-29 09:23:50,254 [INFO] UserAuth:118 - Init User Auth plugin
2025-07-29 09:23:50,255 [INFO] PluginManage:359 - Loaded plugin userauth (category:base,tabindex:14)
2025-07-29 09:23:50,255 [INFO] PluginManage:283 - PluginManage : Loaded plugins [18]
2025-07-29 09:23:50,512 [INFO] PinOutPanel:1589 - setPackage(No Configuration,No Configuration)
2025-07-29 09:23:50,610 [INFO] CADModel:165 - CPN selected for project level
2025-07-29 09:23:50,611 [INFO] CADModel:114 - Register for checkConnection events
2025-07-29 09:23:50,635 [INFO] IPUIPlugin:80 - create IPUIPlugin
2025-07-29 09:23:50,635 [INFO] PluginManager:220 - loadIPPluginJar : add adc
2025-07-29 09:23:50,639 [INFO] IPUIPlugin:80 - create IPUIPlugin
2025-07-29 09:23:50,639 [INFO] PluginManager:220 - loadIPPluginJar : add aes
2025-07-29 09:23:50,642 [INFO] IPUIPlugin:80 - create IPUIPlugin
2025-07-29 09:23:50,642 [INFO] PluginManager:220 - loadIPPluginJar : add can
2025-07-29 09:23:50,644 [INFO] IPUIPlugin:80 - create IPUIPlugin
2025-07-29 09:23:50,645 [INFO] PluginManager:220 - loadIPPluginJar : add comp
2025-07-29 09:23:50,648 [INFO] IPUIPlugin:80 - create IPUIPlugin
2025-07-29 09:23:50,648 [INFO] PluginManager:220 - loadIPPluginJar : add cryp
2025-07-29 09:23:50,651 [INFO] IPUIPlugin:80 - create IPUIPlugin
2025-07-29 09:23:50,652 [INFO] PluginManager:220 - loadIPPluginJar : add ddr_ctrl_phy
2025-07-29 09:23:50,654 [INFO] IPUIPlugin:80 - create IPUIPlugin
2025-07-29 09:23:50,654 [INFO] PluginManager:220 - loadIPPluginJar : add dfsdm
2025-07-29 09:23:50,660 [INFO] IPUIPlugin:80 - create IPUIPlugin
2025-07-29 09:23:50,661 [INFO] PluginManager:220 - loadIPPluginJar : add dma
2025-07-29 09:23:50,664 [INFO] IPUIPlugin:80 - create IPUIPlugin
2025-07-29 09:23:50,665 [INFO] PluginManager:220 - loadIPPluginJar : add dma3
2025-07-29 09:23:50,670 [INFO] IPUIPlugin:80 - create IPUIPlugin
2025-07-29 09:23:50,670 [INFO] PluginManager:220 - loadIPPluginJar : add extmemmanager
2025-07-29 09:23:50,672 [INFO] IPUIPlugin:80 - create IPUIPlugin
2025-07-29 09:23:50,673 [INFO] PluginManager:220 - loadIPPluginJar : add fatfs
2025-07-29 09:23:50,677 [INFO] IPUIPlugin:80 - create IPUIPlugin
2025-07-29 09:23:50,678 [INFO] PluginManager:220 - loadIPPluginJar : add fmc
2025-07-29 09:23:50,687 [INFO] IPUIPlugin:80 - create IPUIPlugin
2025-07-29 09:23:50,687 [INFO] PluginManager:220 - loadIPPluginJar : add freertos
2025-07-29 09:23:50,689 [INFO] IPUIPlugin:80 - create IPUIPlugin
2025-07-29 09:23:50,690 [INFO] PluginManager:220 - loadIPPluginJar : add genericplugin
2025-07-29 09:23:50,693 [INFO] IPUIPlugin:80 - create IPUIPlugin
2025-07-29 09:23:50,693 [INFO] PluginManager:220 - loadIPPluginJar : add gfxmmu
2025-07-29 09:23:50,696 [INFO] IPUIPlugin:80 - create IPUIPlugin
2025-07-29 09:23:50,697 [INFO] PluginManager:220 - loadIPPluginJar : add gic
2025-07-29 09:23:50,702 [INFO] IPUIPlugin:80 - create IPUIPlugin
2025-07-29 09:23:50,702 [INFO] PluginManager:220 - loadIPPluginJar : add gpio
2025-07-29 09:23:50,704 [INFO] IPUIPlugin:80 - create IPUIPlugin
2025-07-29 09:23:50,704 [INFO] PluginManager:220 - loadIPPluginJar : add gtzc
2025-07-29 09:23:50,707 [INFO] IPUIPlugin:80 - create IPUIPlugin
2025-07-29 09:23:50,708 [INFO] PluginManager:220 - loadIPPluginJar : add hash
2025-07-29 09:23:50,711 [INFO] IPUIPlugin:80 - create IPUIPlugin
2025-07-29 09:23:50,711 [INFO] PluginManager:220 - loadIPPluginJar : add i2c
2025-07-29 09:23:50,714 [INFO] IPUIPlugin:80 - create IPUIPlugin
2025-07-29 09:23:50,714 [INFO] PluginManager:220 - loadIPPluginJar : add i2s
2025-07-29 09:23:50,717 [INFO] IPUIPlugin:80 - create IPUIPlugin
2025-07-29 09:23:50,717 [INFO] PluginManager:220 - loadIPPluginJar : add i3c
2025-07-29 09:23:50,721 [INFO] IPUIPlugin:80 - create IPUIPlugin
2025-07-29 09:23:50,721 [INFO] PluginManager:220 - loadIPPluginJar : add ipddr
2025-07-29 09:23:50,731 [INFO] IPUIPlugin:80 - create IPUIPlugin
2025-07-29 09:23:50,731 [INFO] PluginManager:220 - loadIPPluginJar : add linkedlist
2025-07-29 09:23:50,736 [INFO] IPUIPlugin:80 - create IPUIPlugin
2025-07-29 09:23:50,736 [INFO] PluginManager:220 - loadIPPluginJar : add lorawan
2025-07-29 09:23:50,738 [INFO] IPUIPlugin:80 - create IPUIPlugin
2025-07-29 09:23:50,739 [INFO] PluginManager:220 - loadIPPluginJar : add ltdc
2025-07-29 09:23:50,746 [INFO] IPUIPlugin:80 - create IPUIPlugin
2025-07-29 09:23:50,746 [INFO] PluginManager:220 - loadIPPluginJar : add mdma
2025-07-29 09:23:50,752 [INFO] IPUIPlugin:80 - create IPUIPlugin
2025-07-29 09:23:50,752 [INFO] PluginManager:220 - loadIPPluginJar : add nvic
2025-07-29 09:23:50,756 [INFO] IPUIPlugin:80 - create IPUIPlugin
2025-07-29 09:23:50,756 [INFO] PluginManager:220 - loadIPPluginJar : add opamp
2025-07-29 09:23:50,760 [INFO] IPUIPlugin:80 - create IPUIPlugin
2025-07-29 09:23:50,760 [INFO] PluginManager:220 - loadIPPluginJar : add openamp
2025-07-29 09:23:50,764 [INFO] IPUIPlugin:80 - create IPUIPlugin
2025-07-29 09:23:50,764 [INFO] PluginManager:220 - loadIPPluginJar : add pdm2pcm
2025-07-29 09:23:50,773 [INFO] IPUIPlugin:80 - create IPUIPlugin
2025-07-29 09:23:50,777 [INFO] PluginManager:220 - loadIPPluginJar : add plateformsettings
2025-07-29 09:23:50,779 [INFO] IPUIPlugin:80 - create IPUIPlugin
2025-07-29 09:23:50,779 [INFO] PluginManager:220 - loadIPPluginJar : add quadspi
2025-07-29 09:23:50,782 [INFO] IPUIPlugin:80 - create IPUIPlugin
2025-07-29 09:23:50,783 [INFO] PluginManager:220 - loadIPPluginJar : add radio
2025-07-29 09:23:50,787 [INFO] IPUIPlugin:80 - create IPUIPlugin
2025-07-29 09:23:50,787 [INFO] PluginManager:220 - loadIPPluginJar : add resmgrutility
2025-07-29 09:23:50,791 [INFO] IPUIPlugin:80 - create IPUIPlugin
2025-07-29 09:23:50,791 [INFO] PluginManager:220 - loadIPPluginJar : add sai
2025-07-29 09:23:50,794 [INFO] IPUIPlugin:80 - create IPUIPlugin
2025-07-29 09:23:50,794 [INFO] PluginManager:220 - loadIPPluginJar : add spi
2025-07-29 09:23:50,801 [INFO] IPUIPlugin:80 - create IPUIPlugin
2025-07-29 09:23:50,801 [INFO] PluginManager:220 - loadIPPluginJar : add stm32_wpan
2025-07-29 09:23:50,803 [INFO] IPUIPlugin:80 - create IPUIPlugin
2025-07-29 09:23:50,803 [INFO] PluginManager:220 - loadIPPluginJar : add tim
2025-07-29 09:23:50,807 [INFO] IPUIPlugin:80 - create IPUIPlugin
2025-07-29 09:23:50,808 [INFO] PluginManager:220 - loadIPPluginJar : add touchsensing
2025-07-29 09:23:50,810 [INFO] IPUIPlugin:80 - create IPUIPlugin
2025-07-29 09:23:50,810 [INFO] PluginManager:220 - loadIPPluginJar : add tracer_emb
2025-07-29 09:23:50,812 [INFO] IPUIPlugin:80 - create IPUIPlugin
2025-07-29 09:23:50,812 [INFO] PluginManager:220 - loadIPPluginJar : add ts
2025-07-29 09:23:50,814 [INFO] IPUIPlugin:80 - create IPUIPlugin
2025-07-29 09:23:50,814 [INFO] PluginManager:220 - loadIPPluginJar : add tsc
2025-07-29 09:23:50,816 [INFO] IPUIPlugin:80 - create IPUIPlugin
2025-07-29 09:23:50,817 [INFO] PluginManager:220 - loadIPPluginJar : add ucpd
2025-07-29 09:23:50,820 [INFO] IPUIPlugin:80 - create IPUIPlugin
2025-07-29 09:23:50,820 [INFO] PluginManager:220 - loadIPPluginJar : add usart
2025-07-29 09:23:50,825 [INFO] IPUIPlugin:80 - create IPUIPlugin
2025-07-29 09:23:50,825 [INFO] PluginManager:220 - loadIPPluginJar : add usbx
2025-07-29 09:23:50,964 [FATAL] Updater:351 - Updater called before beeing initialized
2025-07-29 09:23:51,003 [INFO] RulesReader:64 - Compatibility file has been processed (317 Rules)
2025-07-29 09:23:51,016 [INFO] RulesReader:64 - Compatibility file has been processed (317 Rules)
2025-07-29 09:23:51,029 [INFO] CADModel:165 - CPN selected for project level
2025-07-29 09:23:51,029 [INFO] CADModel:114 - Register for checkConnection events
2025-07-29 09:23:51,029 [FATAL] Updater:351 - Updater called before beeing initialized
2025-07-29 09:23:51,029 [ERROR] CADModel:125 - Updater not yet initialized, retry later 
2025-07-29 09:23:51,234 [FATAL] Updater:351 - Updater called before beeing initialized
2025-07-29 09:23:51,238 [INFO] CADModel:165 - CPN selected for project level
2025-07-29 09:23:51,238 [INFO] CADModel:114 - Register for checkConnection events
2025-07-29 09:23:51,238 [FATAL] Updater:351 - Updater called before beeing initialized
2025-07-29 09:23:51,238 [ERROR] CADModel:125 - Updater not yet initialized, retry later 
2025-07-29 09:23:51,244 [FATAL] Updater:351 - Updater called before beeing initialized
2025-07-29 09:23:51,397 [FATAL] Updater:351 - Updater called before beeing initialized
2025-07-29 09:23:51,402 [INFO] DbMcusAds:53 - JSON generation date=Tue Jul 08 13:44:23 IST 2025 (1751962463562)
2025-07-29 09:23:51,402 [FATAL] Updater:351 - Updater called before beeing initialized
2025-07-29 09:23:51,447 [WARN] DetailPanel:346 - Failed to get advertising image, set to default
2025-07-29 09:23:51,535 [FATAL] Updater:351 - Updater called before beeing initialized
2025-07-29 09:23:51,537 [FATAL] Updater:351 - Updater called before beeing initialized
2025-07-29 09:23:51,537 [FATAL] Updater:351 - Updater called before beeing initialized
2025-07-29 09:23:51,537 [WARN] DetailPanel:346 - Failed to get advertising image, set to default
2025-07-29 09:23:51,538 [FATAL] Updater:351 - Updater called before beeing initialized
2025-07-29 09:23:51,592 [ERROR] Updater:1198 - MainUpdater not yet initialized. External WinMGr cannot be set.
2025-07-29 09:23:51,594 [INFO] Updater:1134 - Updater Version found : 6.15.0
2025-07-29 09:23:51,614 [INFO] ApplicationProperties:184 - Using Application install path: C:\ST\STM32CubeIDE_1.16.1\STM32CubeIDE\plugins\com.st.stm32cube.common.mx_6.15.0.202507011659
2025-07-29 09:23:52,983 [INFO] ThirdPartyUpdaterWithRetryManager:70 - Updater plugin not ready yet. [2/15]
2025-07-29 09:23:53,204 [ERROR] LogOutputStream:75 - [STDERR_REDIRECT] Jul 29, 2025 9:23:53 AM java.util.prefs.WindowsPreferences <init>
2025-07-29 09:23:53,207 [ERROR] LogOutputStream:75 - [STDERR_REDIRECT] WARNING: Could not open/create prefs root node Software\JavaSoft\Prefs at root 0xffffffff80000002. Windows RegCreateKeyEx(...) returned error code 5.
2025-07-29 09:23:53,208 [ERROR] LogOutputStream:75 - [STDERR_REDIRECT] 
2025-07-29 09:23:53,389 [INFO] MainUpdater:525 - Copy updater definitions from MX database
2025-07-29 09:23:53,684 [INFO] MainUpdater:2872 - connection check result : 10
2025-07-29 09:23:53,684 [INFO] MainUpdater:3604 - Updater definition file requires update
2025-07-29 09:23:53,685 [INFO] MainUpdater:289 - Updater Check For Update Now.
2025-07-29 09:23:53,685 [INFO] MicroXplorer:498 - Change Database Version : DB.6.0.150
2025-07-29 09:23:53,690 [INFO] McuFinderGlobals:63 - Set McuFinder mode to 2 (CubeIDE integrated)
2025-07-29 09:23:53,691 [INFO] UserAuth:487 - Internet connection configuration mode: 1
2025-07-29 09:23:53,714 [INFO] JxBrowserEngine:152 - Initiate JxBrowser Engine with user profile folder
2025-07-29 09:23:53,771 [INFO] ServerAccessManage:452 - Complete download http(s) 200
2025-07-29 09:23:53,772 [INFO] ServerAccessManage:509 - Download File updaters.zip
2025-07-29 09:23:53,905 [INFO] FileExtend:248 - Unzip File : updaters.zip
2025-07-29 09:23:53,905 [INFO] FileExtend:263 - Standard Zip Deflate
2025-07-29 09:23:54,548 [INFO] ServerAccessManage:452 - Complete download http(s) 200
2025-07-29 09:23:54,548 [INFO] ServerAccessManage:509 - Download File PacksControlFlags.xml
2025-07-29 09:23:54,658 [INFO] ServerAccessManage:452 - Complete download http(s) 200
2025-07-29 09:23:54,659 [INFO] ServerAccessManage:509 - Download File cubemx.pidx
2025-07-29 09:23:54,849 [INFO] LoadServerUpdatesThread:375 - End of LoadServerUpdate Thread
2025-07-29 09:23:55,248 [INFO] CheckServerUpdateThread:120 - End of CheckServer Thread
2025-07-29 09:23:55,754 [INFO] WebApp:169 - Instantiating new browser for Auth
2025-07-29 09:23:56,525 [WARN] PackLoader:240 - Cannot read IP mode file for STMicroelectronics.FP-SNS-MOTENVWB1.1.4.0
2025-07-29 09:23:56,545 [WARN] PackLoader:240 - Cannot read IP mode file for STMicroelectronics.FP-ATR-ASTRA1.2.0.2
2025-07-29 09:23:56,553 [WARN] PackLoader:240 - Cannot read IP mode file for STMicroelectronics.FP-ATR-ASTRA1.2.0.1
2025-07-29 09:23:56,574 [WARN] PackLoader:240 - Cannot read IP mode file for STMicroelectronics.X-CUBE-SMBUS.2.1.0
2025-07-29 09:23:56,593 [WARN] PackLoader:240 - Cannot read IP mode file for STMicroelectronics.X-CUBE-WB05N.1.1.0
2025-07-29 09:23:56,610 [WARN] PackLoader:240 - Cannot read IP mode file for STMicroelectronics.X-CUBE-ST60.1.0.0
2025-07-29 09:23:56,675 [WARN] PackLoader:240 - Cannot read IP mode file for STMicroelectronics.X-CUBE-AZRTOS-F7.1.1.0
2025-07-29 09:23:56,694 [WARN] PackLoader:240 - Cannot read IP mode file for STMicroelectronics.FP-SNS-FLIGHT1.5.0.2
2025-07-29 09:23:56,747 [WARN] PackLoader:240 - Cannot read IP mode file for Infineon.AIROC-Wi-Fi-Bluetooth-STM32.1.7.0
2025-07-29 09:23:56,795 [WARN] PackLoader:240 - Cannot read IP mode file for STMicroelectronics.X-CUBE-AZRTOS-H7.3.4.0
2025-07-29 09:23:56,815 [WARN] PackLoader:240 - Cannot read IP mode file for STMicroelectronics.X-CUBE-DISPLAY.3.0.0
2025-07-29 09:23:56,834 [WARN] PackLoader:240 - Cannot read IP mode file for STMicroelectronics.X-CUBE-BLE1.7.0.0
2025-07-29 09:23:56,845 [WARN] PackLoader:240 - Cannot read IP mode file for STMicroelectronics.X-CUBE-NFC10.1.0.0
2025-07-29 09:23:56,864 [WARN] PackLoader:240 - Cannot read IP mode file for STMicroelectronics.X-CUBE-BLEMGR.4.0.0
2025-07-29 09:23:56,881 [WARN] PackLoader:240 - Cannot read IP mode file for emotas.I-CUBE-CANOPEN.1.3.0
2025-07-29 09:23:56,887 [WARN] PackLoader:240 - Cannot read IP mode file for STMicroelectronics.X-CUBE-AI.10.0.0
2025-07-29 09:23:56,895 [WARN] PackLoader:240 - Cannot read IP mode file for STMicroelectronics.FP-SNS-SMARTAG2.1.2.0
2025-07-29 09:23:56,901 [WARN] PackLoader:240 - Cannot read IP mode file for STMicroelectronics.FP-SNS-FLIGHT1.5.1.0
2025-07-29 09:23:56,983 [WARN] PackLoader:240 - Cannot read IP mode file for STMicroelectronics.X-CUBE-MEMS1.11.1.0
2025-07-29 09:23:57,337 [INFO] LogOutputStream:77 - [STDOUT_REDIRECT] 1 : Invalid condition id : UX_CORESTACK_Condition cause : null
2025-07-29 09:23:57,339 [INFO] LogOutputStream:77 - [STDOUT_REDIRECT] 1 : Invalid condition id : UX_CORESTACK_Condition cause : null
2025-07-29 09:23:57,341 [INFO] LogOutputStream:77 - [STDOUT_REDIRECT] 1 : Invalid condition id : UX_CORESTACK_Condition cause : null
2025-07-29 09:23:57,343 [INFO] LogOutputStream:77 - [STDOUT_REDIRECT] 1 : Invalid condition id : UX_CORESTACK_Condition cause : null
2025-07-29 09:23:57,345 [INFO] LogOutputStream:77 - [STDOUT_REDIRECT] 1 : Invalid condition id : UX_CORESTACK_Condition cause : null
2025-07-29 09:23:57,352 [WARN] PackLoader:240 - Cannot read IP mode file for STMicroelectronics.X-CUBE-AZRTOS-WL.2.0.0
2025-07-29 09:23:57,364 [WARN] PackLoader:240 - Cannot read IP mode file for STMicroelectronics.FP-SNS-MOTENV1.5.0.0
2025-07-29 09:23:57,376 [WARN] PackLoader:240 - Cannot read IP mode file for wolfSSL.I-CUBE-wolfMQTT.1.19.0
2025-07-29 09:23:57,395 [WARN] PackLoader:240 - Cannot read IP mode file for WES.I-CUBE-Cesium.1.3.0
2025-07-29 09:23:57,483 [INFO] WebApp:463 - Apply proxy settings
2025-07-29 09:23:57,485 [INFO] WebApp:548 - Chromium requires no authentication
2025-07-29 09:23:57,521 [INFO] WebApp:491 - Direct internet connection detected
2025-07-29 09:23:57,549 [WARN] PackLoader:240 - Cannot read IP mode file for STMicroelectronics.X-CUBE-BLE2.3.3.0
2025-07-29 09:23:57,564 [WARN] PackLoader:240 - Cannot read IP mode file for STMicroelectronics.X-CUBE-NFC9.1.0.0
2025-07-29 09:23:57,576 [WARN] PackLoader:240 - Cannot read IP mode file for STMicroelectronics.X-CUBE-BLE1.7.1.0
2025-07-29 09:23:57,590 [WARN] PackLoader:240 - Cannot read IP mode file for STMicroelectronics.X-CUBE-EEPRMA1.5.2.0
2025-07-29 09:23:57,599 [WARN] PackLoader:240 - Cannot read IP mode file for STMicroelectronics.X-CUBE-AI.10.1.0
2025-07-29 09:23:57,603 [INFO] WebApp:900 - Register for checkConnection events
2025-07-29 09:23:57,603 [INFO] WebApp:463 - Apply proxy settings
2025-07-29 09:23:57,604 [INFO] WebApp:548 - Chromium requires no authentication
2025-07-29 09:23:57,608 [INFO] WebApp:491 - Direct internet connection detected
2025-07-29 09:23:57,692 [WARN] PackLoader:240 - Cannot read IP mode file for STMicroelectronics.X-CUBE-MEMS1.11.2.0
2025-07-29 09:23:57,859 [INFO] WebApp:191 - Connection restablished
2025-07-29 09:23:57,911 [WARN] PackLoader:240 - Cannot read IP mode file for STMicroelectronics.X-CUBE-AZRTOS-G0.1.1.0
2025-07-29 09:23:57,929 [WARN] PackLoader:240 - Cannot read IP mode file for STMicroelectronics.X-CUBE-SAFEA1.1.2.2
2025-07-29 09:23:57,943 [WARN] PackLoader:240 - Cannot read IP mode file for STMicroelectronics.X-CUBE-NFC4.3.0.0
2025-07-29 09:23:57,964 [WARN] PackLoader:240 - Cannot read IP mode file for EmbeddedOffice.I-CUBE-FS-RTOS.1.0.1
2025-07-29 09:23:57,974 [WARN] PackLoader:240 - Cannot read IP mode file for STMicroelectronics.X-CUBE-WB05N.2.0.0
2025-07-29 09:23:57,988 [WARN] PackLoader:240 - Cannot read IP mode file for STMicroelectronics.X-CUBE-TCPP.4.2.0
2025-07-29 09:23:58,001 [WARN] PackLoader:240 - Cannot read IP mode file for RealThread.X-CUBE-RT-Thread_Nano.4.1.1
2025-07-29 09:23:58,010 [WARN] PackLoader:240 - Cannot read IP mode file for STMicroelectronics.FP-ATR-SIGFOX1.3.2.0
2025-07-29 09:23:58,020 [WARN] ConditionMgr:438 - getConditionDescription Invalid condition id : Cortex-A Device cause : null
2025-07-29 09:23:58,034 [WARN] ConditionMgr:1044 - genDependencies : Invalid condition id : Cortex-A Device cause : null
2025-07-29 09:23:58,034 [WARN] ConditionMgr:1044 - genDependencies : Invalid condition id : Cortex-A Device cause : null
2025-07-29 09:23:58,034 [WARN] ConditionMgr:1044 - genDependencies : Invalid condition id : Cortex-A Device cause : null
2025-07-29 09:23:58,046 [WARN] PackLoader:240 - Cannot read IP mode file for STMicroelectronics.X-CUBE-EEPRMA1.5.1.0
2025-07-29 09:23:58,056 [WARN] PackLoader:240 - Cannot read IP mode file for wolfSSL.I-CUBE-wolfSSL.5.7.4
2025-07-29 09:23:58,069 [WARN] PackLoader:240 - Cannot read IP mode file for ITTIA_DB.I-CUBE-ITTIADB.8.9.0
2025-07-29 09:23:58,080 [WARN] PackLoader:240 - Cannot read IP mode file for STMicroelectronics.X-CUBE-ST67W61.1.0.0
2025-07-29 09:23:58,159 [WARN] PackLoader:240 - Cannot read IP mode file for SEGGER.I-CUBE-embOS.1.3.1
2025-07-29 09:23:58,245 [WARN] PackLoader:240 - Cannot read IP mode file for STMicroelectronics.X-CUBE-ALGOBUILD.1.4.0
2025-07-29 09:23:58,337 [WARN] PackLoader:240 - Cannot read IP mode file for STMicroelectronics.X-CUBE-MEMS1.11.3.0
2025-07-29 09:23:58,347 [INFO] WebApp:225 - Starting web application
2025-07-29 09:23:58,347 [INFO] WebApp:593 - Web application path used C:\ST\STM32CubeIDE_1.16.1\STM32CubeIDE\plugins\com.st.stm32cube.common.mx_6.15.0.202507011659\db\plugins\mcufinder\reactClient1\index.html
2025-07-29 09:23:58,605 [WARN] PackLoader:240 - Cannot read IP mode file for STMicroelectronics.X-CUBE-AI.9.1.0
2025-07-29 09:23:58,617 [WARN] PackLoader:240 - Cannot read IP mode file for STMicroelectronics.X-CUBE-PM33A1.1.0.0
2025-07-29 09:23:58,648 [WARN] PackLoader:240 - Cannot read IP mode file for STMicroelectronics.X-CUBE-AZRTOS-F4.1.1.0
2025-07-29 09:23:58,661 [WARN] PackLoader:240 - Cannot read IP mode file for Avnet-IotConnect.X-CUBE-IoTC-DA16k-PMOD.1.0.0
2025-07-29 09:23:58,669 [WARN] PackLoader:240 - Cannot read IP mode file for STMicroelectronics.X-CUBE-ISPU.2.1.0
2025-07-29 09:23:58,682 [WARN] PackLoader:240 - Cannot read IP mode file for STMicroelectronics.X-CUBE-NFC12.1.0.0
2025-07-29 09:23:58,712 [WARN] PackLoader:240 - Cannot read IP mode file for STMicroelectronics.X-CUBE-AZRTOS-L5.2.0.0
2025-07-29 09:23:58,732 [WARN] PackLoader:240 - Cannot read IP mode file for STMicroelectronics.X-CUBE-NFC6.3.1.0
2025-07-29 09:23:58,746 [WARN] PackLoader:240 - Cannot read IP mode file for STMicroelectronics.X-CUBE-DPower.1.2.0
2025-07-29 09:23:58,758 [WARN] PackLoader:240 - Cannot read IP mode file for STMicroelectronics.X-CUBE-FREERTOS.1.3.1
2025-07-29 09:23:58,765 [WARN] PackLoader:240 - Cannot read IP mode file for STMicroelectronics.X-CUBE-FREERTOS.1.3.0
2025-07-29 09:23:58,774 [WARN] PackLoader:240 - Cannot read IP mode file for STMicroelectronics.X-CUBE-NFC7.1.0.1
2025-07-29 09:23:58,787 [WARN] PackLoader:240 - Cannot read IP mode file for STMicroelectronics.FP-SNS-STAIOTCFT.1.0.0
2025-07-29 09:23:58,795 [WARN] PackLoader:240 - Cannot read IP mode file for STMicroelectronics.X-CUBE-DPower.1.3.0
2025-07-29 09:23:58,828 [WARN] ConditionMgr:438 - getConditionDescription Invalid condition id : LAN8742 Phy interface Condition cause : null
2025-07-29 09:23:58,830 [WARN] PackLoader:240 - Cannot read IP mode file for STMicroelectronics.X-CUBE-AZRTOS-L4.2.0.0
2025-07-29 09:23:58,832 [WARN] ConditionMgr:1044 - genDependencies : Invalid condition id : LAN8742 Phy interface Condition cause : null
2025-07-29 09:23:58,832 [WARN] ConditionMgr:1044 - genDependencies : Invalid condition id : LAN8742 Phy interface Condition cause : null
2025-07-29 09:23:58,834 [WARN] ConditionMgr:1044 - genDependencies : Invalid condition id : LAN8742 Phy interface Condition cause : null
2025-07-29 09:23:58,846 [WARN] PackLoader:240 - Cannot read IP mode file for STMicroelectronics.X-CUBE-SFXS2LP1.4.0.0
2025-07-29 09:23:58,881 [WARN] PackLoader:240 - Cannot read IP mode file for STMicroelectronics.X-CUBE-AZRTOS-H7.3.3.0
2025-07-29 09:23:58,904 [WARN] PackLoader:240 - Cannot read IP mode file for STMicroelectronics.X-CUBE-BLEMGR.4.1.0
2025-07-29 09:23:58,927 [WARN] PackLoader:240 - Cannot read IP mode file for STMicroelectronics.X-CUBE-IPS.3.0.0
2025-07-29 09:23:58,958 [WARN] ConditionMgr:438 - getConditionDescription Invalid condition id : UX DEVICE CLASS RTOS Condition cause : null
2025-07-29 09:23:58,959 [WARN] ConditionMgr:438 - getConditionDescription Invalid condition id : UX DEVICE CLASS RTOS Condition cause : null
2025-07-29 09:23:58,964 [WARN] PackLoader:240 - Cannot read IP mode file for STMicroelectronics.X-CUBE-AZRTOS-WB.2.0.0
2025-07-29 09:23:58,965 [WARN] ConditionMgr:1044 - genDependencies : Invalid condition id : UX DEVICE CLASS RTOS Condition cause : null
2025-07-29 09:23:58,965 [WARN] ConditionMgr:1044 - genDependencies : Invalid condition id : UX DEVICE CLASS RTOS Condition cause : null
2025-07-29 09:23:58,966 [WARN] ConditionMgr:1044 - genDependencies : Invalid condition id : UX DEVICE CLASS RTOS Condition cause : null
2025-07-29 09:23:58,967 [WARN] ConditionMgr:1044 - genDependencies : Invalid condition id : UX DEVICE CLASS RTOS Condition cause : null
2025-07-29 09:23:58,968 [WARN] ConditionMgr:1044 - genDependencies : Invalid condition id : UX DEVICE CLASS RTOS Condition cause : null
2025-07-29 09:23:58,977 [WARN] PackLoader:240 - Cannot read IP mode file for STMicroelectronics.X-CUBE-GNSS1.7.0.1
2025-07-29 09:23:58,987 [WARN] PackLoader:240 - Cannot read IP mode file for STMicroelectronics.X-CUBE-TOUCHGFX.4.25.0
2025-07-29 09:23:58,998 [WARN] PackLoader:240 - Cannot read IP mode file for STMicroelectronics.FP-SNS-STBOX1.2.0.0
2025-07-29 09:23:59,017 [WARN] PackLoader:240 - Cannot read IP mode file for STMicroelectronics.X-CUBE-SUBG2.5.0.0
2025-07-29 09:23:59,056 [WARN] PackLoader:240 - Cannot read IP mode file for STMicroelectronics.X-CUBE-AZRTOS-H7RS.1.1.0
2025-07-29 09:23:59,069 [WARN] PackLoader:240 - Cannot read IP mode file for Cesanta.I-CUBE-Mongoose.7.13.0
2025-07-29 09:23:59,094 [WARN] PackLoader:240 - Cannot read IP mode file for STMicroelectronics.X-CUBE-AZRTOS-G4.2.0.0
2025-07-29 09:23:59,105 [WARN] PackLoader:240 - Cannot read IP mode file for STMicroelectronics.X-CUBE-NFC7.2.0.0
2025-07-29 09:23:59,123 [WARN] PackLoader:240 - Cannot read IP mode file for STMicroelectronics.X-CUBE-IPS.3.1.0
2025-07-29 09:23:59,140 [WARN] PackLoader:240 - Cannot read IP mode file for STMicroelectronics.X-CUBE-ALS.1.0.2
2025-07-29 09:23:59,150 [WARN] PackLoader:240 - Cannot read IP mode file for STMicroelectronics.X-CUBE-TOUCHGFX.4.24.0
2025-07-29 09:23:59,271 [WARN] PackLoader:240 - Cannot read IP mode file for STMicroelectronics.X-CUBE-TOUCHGFX.4.24.2
2025-07-29 09:23:59,348 [WARN] PackLoader:240 - Cannot read IP mode file for STMicroelectronics.X-CUBE-TOUCHGFX.4.24.1
2025-07-29 09:23:59,358 [WARN] PackLoader:240 - Cannot read IP mode file for wolfSSL.I-CUBE-wolfTPM.3.4.0
2025-07-29 09:23:59,368 [INFO] UserAuth:487 - Internet connection configuration mode: 1
2025-07-29 09:23:59,375 [WARN] PackLoader:240 - Cannot read IP mode file for portGmbH.I-Cube-SoM-uGOAL.1.1.0
2025-07-29 09:23:59,407 [WARN] PackLoader:240 - Cannot read IP mode file for STMicroelectronics.X-CUBE-AZRTOS-H7RS.1.0.0
2025-07-29 09:23:59,436 [WARN] PackLoader:240 - Cannot read IP mode file for STMicroelectronics.X-CUBE-TOF1.3.4.2
2025-07-29 09:23:59,468 [WARN] PackLoader:240 - Cannot read IP mode file for STMicroelectronics.X-CUBE-TOF1.3.4.3
2025-07-29 09:23:59,495 [WARN] PackLoader:240 - Cannot read IP mode file for wolfSSL.I-CUBE-wolfSSH.1.4.17
2025-07-29 09:23:59,496 [INFO] ThirdParty:978 - Integrity check success = true
2025-07-29 09:23:59,496 [INFO] IntegrityCheckThread:100 - exiting critical section [integrity check]
2025-07-29 09:23:59,496 [INFO] IntegrityCheckThread:103 - End integrity checks thread
2025-07-29 09:49:53,865 [INFO] WebApp:194 - Connection lost
2025-07-29 09:49:54,831 [INFO] WebApp:191 - Connection restablished
2025-07-29 09:49:55,470 [INFO] WebApp:194 - Connection lost
2025-07-29 09:49:55,963 [INFO] WebApp:191 - Connection restablished
2025-07-29 10:12:29,200 [INFO] WebApp:194 - Connection lost
2025-07-29 10:32:44,025 [INFO] WebApp:191 - Connection restablished
2025-07-29 10:32:45,606 [INFO] WebApp:194 - Connection lost
2025-07-29 10:32:45,837 [INFO] WebApp:191 - Connection restablished
2025-07-29 10:32:48,578 [INFO] WebApp:194 - Connection lost
2025-07-29 10:32:48,757 [INFO] WebApp:191 - Connection restablished
2025-07-29 10:32:51,725 [INFO] WebApp:194 - Connection lost
2025-07-29 10:32:51,933 [INFO] WebApp:191 - Connection restablished
2025-07-29 10:33:14,771 [INFO] WebApp:194 - Connection lost
2025-07-29 10:39:34,548 [INFO] WebApp:191 - Connection restablished
2025-07-29 12:06:20,001 [INFO] McuFinderGlobals:63 - Set McuFinder mode to 2 (CubeIDE integrated)
2025-07-29 12:06:20,054 [INFO] MainUpdater:2872 - connection check result : 10
2025-07-29 12:06:20,056 [INFO] MainUpdater:2872 - connection check result : 10
2025-07-29 12:06:20,477 [INFO] MicroXplorer:468 - Change Database Path : 
2025-07-29 12:06:20,479 [INFO] MicroXplorer:498 - Change Database Version : DB.6.0.150
2025-07-29 12:06:20,522 [WARN] ThirdParty:871 - waiting for thirdparty lock release [close project]
2025-07-29 12:06:20,523 [INFO] ThirdParty:873 - entering critical section [close project]
2025-07-29 12:06:20,546 [INFO] ThirdParty:883 - exiting critical section [close project]
2025-07-29 12:06:20,574 [INFO] PinOutPanel:1589 - setPackage(No Configuration,No Configuration)
2025-07-29 12:06:20,626 [INFO] UtilMem:75 - Begin LoadConfig() Used Memory: 380075784 Bytes (517996544)
2025-07-29 12:06:26,851 [INFO] ServerAccessManage:452 - Complete download http(s) 200
2025-07-29 12:06:26,856 [INFO] ServerAccessManage:509 - Download File stm32cube_db_v60141.zip
2025-07-29 12:07:07,031 [INFO] FileExtend:248 - Unzip File : stm32cube_db_v60141.zip
2025-07-29 12:07:07,036 [INFO] FileExtend:263 - Standard Zip Deflate
2025-07-29 12:07:38,087 [INFO] LoadServerPackagesThread:196 - End of LoadServerPackages Thread
2025-07-29 12:07:38,644 [INFO] CheckServerUpdateThread:120 - End of CheckServer Thread
2025-07-29 12:07:38,977 [INFO] MicroXplorer:468 - Change Database Path : C:/Users/kjeya/.stm32cubemx/databases/DB.6.0.141/db/
2025-07-29 12:07:38,977 [INFO] MicroXplorer:498 - Change Database Version : DB.6.0.141
2025-07-29 12:07:38,979 [INFO] OpenFileManager:355 - Change cursor
2025-07-29 12:07:39,128 [INFO] Mcu:2029 - Initializing MCU STM32F103C(8-B)Tx STM32F103C8Tx STM32F103C8T6
2025-07-29 12:07:41,061 [INFO] Context:786 - Trying to add GPIOservice into a context  which must be forbidden
2025-07-29 12:07:41,594 [INFO] ImportTextPane:234 - (OptionalMessage_ERROR) Pin12 (VP_RIF_VS_RIF1) cannot be retrieved for this MCU
2025-07-29 12:07:41,777 [INFO] RtosManager:558 - Registered RTOS mode: class=CMSIS, group=RTOS, mode=CMSIS_V1, owner=FREERTOS
2025-07-29 12:07:41,777 [INFO] RtosManager:558 - Registered RTOS mode: class=CMSIS, group=RTOS2, mode=CMSIS_V2, owner=FREERTOS
2025-07-29 12:07:41,777 [INFO] RtosManager:558 - Registered RTOS mode: class=RTOS, group=Core, mode=CMSIS_V1, owner=FREERTOS
2025-07-29 12:07:41,777 [INFO] RtosManager:558 - Registered RTOS mode: class=RTOS, group=Core, mode=CMSIS_V2, owner=FREERTOS
2025-07-29 12:07:41,778 [WARN] ModelIntegratedComponent:184 - Missing modes for component STMicroelectronics:FreeRTOS:0.0.1:STMicroelectronics:RTOS:FreeRTOS:Core:::10.2.0:
2025-07-29 12:07:41,805 [WARN] ModelIntegratedComponent:63 - No mode defined for component null
2025-07-29 12:07:41,805 [WARN] ModelIntegratedComponent:63 - No mode defined for component null
2025-07-29 12:07:41,806 [WARN] ModelIntegratedComponent:63 - No mode defined for component null
2025-07-29 12:07:41,806 [WARN] ModelIntegratedComponent:63 - No mode defined for component null
2025-07-29 12:07:41,806 [WARN] ModelIntegratedComponent:63 - No mode defined for component null
2025-07-29 12:07:41,807 [WARN] ModelIntegratedComponent:63 - No mode defined for component null
2025-07-29 12:07:41,807 [WARN] ModelIntegratedComponent:63 - No mode defined for component null
2025-07-29 12:07:41,807 [WARN] ModelIntegratedComponent:63 - No mode defined for component null
2025-07-29 12:07:41,808 [WARN] ModelIntegratedComponent:63 - No mode defined for component null
2025-07-29 12:07:41,808 [WARN] ModelIntegratedComponent:63 - No mode defined for component null
2025-07-29 12:07:41,808 [WARN] ModelIntegratedComponent:63 - No mode defined for component null
2025-07-29 12:07:41,808 [WARN] ModelIntegratedComponent:63 - No mode defined for component null
2025-07-29 12:07:41,808 [WARN] ModelIntegratedComponent:63 - No mode defined for component null
2025-07-29 12:07:41,808 [WARN] ModelIntegratedComponent:63 - No mode defined for component null
2025-07-29 12:07:41,809 [WARN] ModelIntegratedComponent:63 - No mode defined for component null
2025-07-29 12:07:41,809 [WARN] ModelIntegratedComponent:63 - No mode defined for component null
2025-07-29 12:07:41,809 [WARN] ModelIntegratedComponent:63 - No mode defined for component null
2025-07-29 12:07:41,809 [WARN] ModelIntegratedComponent:63 - No mode defined for component null
2025-07-29 12:07:41,810 [WARN] ModelIntegratedComponent:63 - No mode defined for component null
2025-07-29 12:07:41,810 [WARN] ModelIntegratedComponent:63 - No mode defined for component null
2025-07-29 12:07:41,810 [WARN] ModelIntegratedComponent:63 - No mode defined for component null
2025-07-29 12:07:41,810 [WARN] ModelIntegratedComponent:63 - No mode defined for component null
2025-07-29 12:07:41,810 [WARN] ModelIntegratedComponent:63 - No mode defined for component null
2025-07-29 12:07:41,810 [WARN] ModelIntegratedComponent:63 - No mode defined for component null
2025-07-29 12:07:41,810 [WARN] ModelIntegratedComponent:63 - No mode defined for component null
2025-07-29 12:07:41,811 [WARN] ModelIntegratedComponent:63 - No mode defined for component null
2025-07-29 12:07:41,811 [WARN] ModelIntegratedComponent:63 - No mode defined for component null
2025-07-29 12:07:41,811 [WARN] ModelIntegratedComponent:63 - No mode defined for component null
2025-07-29 12:07:41,811 [WARN] ModelIntegratedComponent:63 - No mode defined for component null
2025-07-29 12:07:41,811 [WARN] ModelIntegratedComponent:63 - No mode defined for component null
2025-07-29 12:07:41,812 [WARN] ModelIntegratedComponent:63 - No mode defined for component null
2025-07-29 12:07:41,812 [WARN] ModelIntegratedComponent:63 - No mode defined for component null
2025-07-29 12:07:41,812 [WARN] ModelIntegratedComponent:63 - No mode defined for component null
2025-07-29 12:07:41,812 [WARN] ModelIntegratedComponent:63 - No mode defined for component null
2025-07-29 12:07:41,813 [WARN] ModelIntegratedComponent:63 - No mode defined for component null
2025-07-29 12:07:41,815 [WARN] ModelPack:524 - Component already loaded: STMicroelectronics:HAL Drivers:0.0.0:STMicroelectronics:Device:STMicro_Driver:XSPI:HAL::0.0.1:HAL_XSPI
2025-07-29 12:07:42,291 [INFO] ThirdPartyModel:298 - Start build external matchings
2025-07-29 12:07:43,715 [INFO] ThirdPartyModel:316 - End build external matchings
2025-07-29 12:07:43,776 [INFO] ImportTextPane:234 - (OptionalMessage_ERROR) IP (DMA) : Parameter (Instance) has Id (SPI1_RX) currently not set
2025-07-29 12:07:43,776 [INFO] ImportTextPane:234 - (OptionalMessage_ERROR) IP (DMA) : Parameter (Direction) has Id (SPI1_RX) currently not set
2025-07-29 12:07:43,777 [INFO] ImportTextPane:234 - (OptionalMessage_ERROR) IP (DMA) : Parameter (PeriphInc) has Id (SPI1_RX) currently not set
2025-07-29 12:07:43,777 [INFO] ImportTextPane:234 - (OptionalMessage_ERROR) IP (DMA) : Parameter (MemInc) has Id (SPI1_RX) currently not set
2025-07-29 12:07:43,777 [INFO] ImportTextPane:234 - (OptionalMessage_ERROR) IP (DMA) : Parameter (PeriphDataAlignment) has Id (SPI1_RX) currently not set
2025-07-29 12:07:43,778 [INFO] ImportTextPane:234 - (OptionalMessage_ERROR) IP (DMA) : Parameter (MemDataAlignment) has Id (SPI1_RX) currently not set
2025-07-29 12:07:43,778 [INFO] ImportTextPane:234 - (OptionalMessage_ERROR) IP (DMA) : Parameter (Mode) has Id (SPI1_RX) currently not set
2025-07-29 12:07:43,778 [INFO] ImportTextPane:234 - (OptionalMessage_ERROR) IP (DMA) : Parameter (Priority) has Id (SPI1_RX) currently not set
2025-07-29 12:07:43,778 [INFO] ImportTextPane:234 - (OptionalMessage_ERROR) IP (DMA) : Parameter (Instance) has Id (SPI1_TX) currently not set
2025-07-29 12:07:43,780 [INFO] ImportTextPane:234 - (OptionalMessage_ERROR) IP (DMA) : Parameter (Direction) has Id (SPI1_TX) currently not set
2025-07-29 12:07:43,780 [INFO] ImportTextPane:234 - (OptionalMessage_ERROR) IP (DMA) : Parameter (PeriphInc) has Id (SPI1_TX) currently not set
2025-07-29 12:07:43,781 [INFO] ImportTextPane:234 - (OptionalMessage_ERROR) IP (DMA) : Parameter (MemInc) has Id (SPI1_TX) currently not set
2025-07-29 12:07:43,781 [INFO] ImportTextPane:234 - (OptionalMessage_ERROR) IP (DMA) : Parameter (PeriphDataAlignment) has Id (SPI1_TX) currently not set
2025-07-29 12:07:43,781 [INFO] ImportTextPane:234 - (OptionalMessage_ERROR) IP (DMA) : Parameter (MemDataAlignment) has Id (SPI1_TX) currently not set
2025-07-29 12:07:43,782 [INFO] ImportTextPane:234 - (OptionalMessage_ERROR) IP (DMA) : Parameter (Mode) has Id (SPI1_TX) currently not set
2025-07-29 12:07:43,782 [INFO] ImportTextPane:234 - (OptionalMessage_ERROR) IP (DMA) : Parameter (Priority) has Id (SPI1_TX) currently not set
2025-07-29 12:07:43,798 [INFO] ImportTextPane:234 - (OptionalMessage_ERROR) IP (RCC) : Parameter (ADCFreqValue) has invalid value (36000000)
2025-07-29 12:07:43,799 [INFO] ImportTextPane:234 - (OptionalMessage_ERROR) IP (RCC) : Invalid parameter (FamilyName)
2025-07-29 12:07:43,799 [INFO] ImportTextPane:234 - (OptionalMessage_ERROR) IP (RCC) : Parameter (MCOFreq_Value) has invalid value (72000000)
2025-07-29 12:07:43,800 [INFO] ImportTextPane:234 - (OptionalMessage_ERROR) IP (RCC) : Parameter (USBFreq_Value) has invalid value (72000000)
2025-07-29 12:07:44,492 [INFO] ApiDb:581 - Connected to CubeFinder SQLite database (C:\Users\kjeya\.stmcufinder\plugins\mcufinder\mcu\cube-finder-db.db)
2025-07-29 12:07:44,651 [INFO] ApiDb:668 - CubeFinder database Data Model version=2.1
2025-07-29 12:07:44,652 [INFO] ApiDb:669 - CubeFinder database Configuration version=3.0.39
2025-07-29 12:07:44,656 [INFO] ApiDb:670 - CubeFinder database generation date=2025-07-21 (1753107327)
2025-07-29 12:07:44,656 [INFO] ApiDb:671 - CubeFinder database FW Pack versions=[FP-ATR-ASTRA1_V2.0.0, FP-SNS-FLIGHT1_V5.1.0, FP-SNS-MOTENV1_V5.0.0, FP-SNS-MOTENVWB1_V1.4.0, FP-SNS-SMARTAG2_V1.2.0, FP-SNS-STBOX1_V2.0.0, STM32Cube_FW_C0_V1.4.0, STM32Cube_FW_F4_V1.28.2, STM32Cube_FW_F7_V1.17.3, STM32Cube_FW_G0_V1.6.2, STM32Cube_FW_G4_V1.6.1, STM32Cube_FW_H5_V1.5.0, STM32Cube_FW_H7RS_V1.2.0, STM32Cube_FW_H7_V1.12.1, STM32Cube_FW_L0_V1.12.2, STM32Cube_FW_L4_V1.18.1, STM32Cube_FW_L5_V1.5.1, STM32Cube_FW_N6_V1.2.0, STM32Cube_FW_U0_V1.3.0, STM32Cube_FW_U3_V1.2.0, STM32Cube_FW_U5_V1.8.0, STM32Cube_FW_WB0_V1.3.0, STM32Cube_FW_WBA_V1.7.0, STM32Cube_FW_WB_V1.23.0, STM32Cube_FW_WL3_V1.2.0, STM32Cube_FW_WL_V1.3.1, X-CUBE-ALGOBUILD_V1.4.0, X-CUBE-ALS_V1.0.2, X-CUBE-AZRTOS-F4_V1.1.0, X-CUBE-AZRTOS-F7_V1.1.0, X-CUBE-AZRTOS-G0_V1.1.0, X-CUBE-AZRTOS-G4_V2.0.0, X-CUBE-AZRTOS-H7RS_V1.1.0, X-CUBE-AZRTOS-H7_V3.3.0, X-CUBE-AZRTOS-L4_V2.0.0, X-CUBE-AZRTOS-L5_V2.0.0, X-CUBE-AZRTOS-WB_V2.0.0, X-CUBE-AZRTOS-WL_V2.0.0, X-CUBE-BLE1_V7.1.0, X-CUBE-BLE2_V3.3.0, X-CUBE-BLEMGR_V4.0.0, X-CUBE-EEPRMA1_V5.1.0, X-CUBE-FREERTOS_V1.3.1, X-CUBE-GNSS1_V6.0.0, X-CUBE-MEMS1_V11.3.0, X-CUBE-NFC4_V3.0.0, X-CUBE-NFC7_V2.0.0, X-CUBE-SFXS2LP1_V4.0.0, X-CUBE-SUBG2_V5.0.0, X-CUBE-TOF1_V3.4.3]
2025-07-29 12:07:44,873 [INFO] DbBoardsSqlite:226 - include board P-NUCLEO-WB55-NUCLEO as a kit item of type 'Nucleo-64'
2025-07-29 12:07:44,873 [INFO] DbBoardsSqlite:226 - include board P-NUCLEO-WB55-USBDONGLE as a kit item of type 'Nucleo USB Dongle'
2025-07-29 12:07:44,875 [INFO] DbBoardsSqlite:226 - include board STEVAL-IDP005V1 as a kit item of type 'Evaluation Board'
2025-07-29 12:07:44,876 [INFO] DbBoardsSqlite:226 - include board STEVAL-IDP005V2 as a kit item of type 'Evaluation Board'
2025-07-29 12:07:49,247 [INFO] ApiDb:240 - Found 880 in-development CPN: [B-G473E-ZEST1S, B-WB1M-WPAN1, B-WBA5M-WPAN, B-WL5M-SUBG1, NUCLEO-C031C6, NUCLEO-C051C8, NUCLEO-C071RB, NUCLEO-C092RC, NUCLEO-H503RB, NUCLEO-H533RE, NUCLEO-H563ZI, NUCLEO-H7S3L8, NUCLEO-N657X0-Q, NUCLEO-U031R8, NUCLEO-U083RC, NUCLEO-U385RG-Q, NUCLEO-U545RE-Q, NUCLEO-U5A5ZJ-Q, NUCLEO-WB05KZ, NUCLEO-WB07CC, NUCLEO-WB09KE, NUCLEO-WBA52CG, NUCLEO-WBA55CG, NUCLEO-WL33CC1, NUCLEO-WL33CC2, STEVAL-PROTEUS1, STEVAL-SMARTAG2, STEVAL-STWINBX1, STM320518-EVAL, STM32C0116-DK, STM32C011D6Y3TR, STM32C011D6Y6TR, STM32C011F4P3, STM32C011F4P6, STM32C011F4U3, STM32C011F4U6TR, STM32C011F6P3, STM32C011F6P6, STM32C011F6U3, STM32C011F6U6TR, STM32C011J4M3, STM32C011J4M6, STM32C011J6M3, STM32C011J6M6, STM32C0316-DK, STM32C031C4T3, STM32C031C4T6, STM32C031C4U3, STM32C031C4U6, STM32C031C6T3, STM32C031C6T6, STM32C031C6U3, STM32C031C6U6, STM32C031F4P3, STM32C031F4P6, STM32C031F6P3, STM32C031F6P6, STM32C031G4U3, STM32C031G4U6, STM32C031G6U3, STM32C031G6U6, STM32C031K4T3, STM32C031K4T6, STM32C031K4U3, STM32C031K4U6, STM32C031K6T3, STM32C031K6T6, STM32C031K6U3, STM32C031K6U6, STM32C051C6T6, STM32C051C6U6, STM32C051C8T6, STM32C051C8U6, STM32C051D8Y6TR, STM32C051F6P6, STM32C051F8P6, STM32C051G6U6, STM32C051G8U6, STM32C051K6T6, STM32C051K6U6, STM32C051K8T6, STM32C071C8T6, STM32C071C8T6N, STM32C071C8U6, STM32C071C8U6N, STM32C071CBT6, STM32C071CBT6N, STM32C071CBU6, STM32C071CBU6N, STM32C071F8P6, STM32C071F8P6N, STM32C071FBP6, STM32C071FBP6N, STM32C071FBY6TR, STM32C071G8U6, STM32C071G8U6N, STM32C071GBU6, STM32C071GBU6N, STM32C071K8T6, STM32C071K8T6N, STM32C071K8U6, STM32C071K8U6N, STM32C071KBT6, STM32C071KBT6N, STM32C071KBU6, STM32C071KBU6N, STM32C071R8T6, STM32C071R8T6N, STM32C071RBI6N, STM32C071RBT6, STM32C071RBT6N, STM32C091CBT6, STM32C091CBU6, STM32C091CCT6, STM32C091CCU6, STM32C091ECY6TR, STM32C091FBP6, STM32C091FCP6, STM32C091GBU6, STM32C091GCU6, STM32C091KBT6, STM32C091KBU6, STM32C091KCT6, STM32C091KCU6, STM32C091RBT6, STM32C091RCI6, STM32C091RCT6, STM32C092CBT6, STM32C092CBU6, STM32C092CCT6, STM32C092CCU6, STM32C092ECY6TR, STM32C092FBP6, STM32C092FCP6, STM32C092GBU6, STM32C092GCU6, STM32C092KBT6, STM32C092KBU6, STM32C092KCT6, STM32C092KCU6, STM32C092RBT6, STM32C092RCI6, STM32C092RCT6, STM32G071K8TXN, STM32G071K8UXN, STM32G081GBU6N, STM32G081KBT6N, STM32G081KBUXN, STM32G0B1CCT6N, STM32G0B1KCT6, STM32G0B1NEY6TR, STM32G0B1RCT6N, STM32G0C1CCT6, STM32G0C1CCT6N, STM32G0C1CCU6N, STM32G0C1CET6N, STM32G0C1CEU6N, STM32G0C1KCT6, STM32G0C1NEY6TR, STM32G0C1RCI6N, STM32G0C1RCT6N, STM32G0C1REI6N, STM32G0C1RET6N, STM32G0C1VCI6, STM32G0C1VEI6, STM32G411C6T3, STM32G411C6T6, STM32G411C6U3, STM32G411C6U6, STM32G411C8T3, STM32G411C8T6, STM32G411C8U3, STM32G411C8U6, STM32G411CBT3, STM32G411CBT6, STM32G411CBU3, STM32G411CBU6, STM32G411K6T3, STM32G411K6T6, STM32G411K6U3, STM32G411K6U6, STM32G411K8T3, STM32G411K8T6, STM32G411K8U3, STM32G411K8U6, STM32G411KBT3, STM32G411KBT6, STM32G411KBU3, STM32G411KBU6, STM32G411M6T3, STM32G411M6T6, STM32G411M8T3, STM32G411M8T6, STM32G411MBT3, STM32G411MBT6, STM32G411R6T3, STM32G411R6T6, STM32G411R8T3, STM32G411R8T6, STM32G411RBT3, STM32G411RBT6, STM32G414CBT3, STM32G414CBT6, STM32G414CBU3, STM32G414CBU6, STM32G414CCT3, STM32G414CCT6, STM32G414CCU3, STM32G414CCU6, STM32G414MBT3, STM32G414MBT6, STM32G414MCT3, STM32G414MCT6, STM32G414RBT3, STM32G414RBT6, STM32G414RCT3, STM32G414RCT6, STM32G414VBT3, STM32G414VBT6, STM32G414VCT3, STM32G414VCT6, STM32G431CBT3Z, STM32G431RBT3Z, STM32G471CCT6, STM32G471CCU6, STM32G471CET3, STM32G471CET6, STM32G471CEU3, STM32G471CEU6, STM32G471MCT6, STM32G471MET3, STM32G471MET6, STM32G471MEY6TR, STM32G471QCT6, STM32G471QET3, STM32G471RCT6, STM32G471RET3, STM32G471RET6, STM32G471VCH6, STM32G471VCI6, STM32G471VCT6, STM32G471VEH3, STM32G471VEH6, STM32G471VEI3, STM32G471VEI6, STM32G471VET3, STM32G471VET6, STM32G473QET3Z, STM32G473RET3Z, STM32G474CCT6, STM32G491RET3Z, STM32H503CBT6, STM32H503CBU6, STM32H503EBY6TR, STM32H503KBU6, STM32H503RBT6, STM32H523CCT6, STM32H523CCU6, STM32H523CET6, STM32H523CEU6, STM32H523HEY6TR, STM32H523RCT6, STM32H523RET6, STM32H523VCI6, STM32H523VCT6, STM32H523VEI6, STM32H523VET6, STM32H523ZCJ6, STM32H523ZCT6, STM32H523ZEJ6, STM32H523ZET6, STM32H533CET6, STM32H533CEU6, STM32H533HEY6TR, STM32H533RET6, STM32H533VEI6, STM32H533VET6, STM32H533ZEJ6, STM32H533ZET6, STM32H562AGI6, STM32H562AII6, STM32H562IGK6, STM32H562IGT6, STM32H562IIK6, STM32H562IIT6, STM32H562RGT6, STM32H562RGV6, STM32H562RIT6, STM32H562RIV6, STM32H562VGT6, STM32H562VIT6, STM32H562ZGT6, STM32H562ZIT6, STM32H563AGI6, STM32H563AII3Q, STM32H563AII6, STM32H563IGK6, STM32H563IGT6, STM32H563IIK3Q, STM32H563IIK6, STM32H563IIT3Q, STM32H563IIT6, STM32H563MIY3QTR, STM32H563RGT6, STM32H563RGV6, STM32H563RIT6, STM32H563RIV6, STM32H563VGT6, STM32H563VIT3Q, STM32H563VIT6, STM32H563ZGT6, STM32H563ZIT3Q, STM32H563ZIT6, STM32H573AII3Q, STM32H573AII6, STM32H573I-DK, STM32H573IIK3Q, STM32H573IIK6, STM32H573IIT3Q, STM32H573IIT6, STM32H573MIY3QTR, STM32H573RIT6, STM32H573RIV6, STM32H573VIT3Q, STM32H573VIT6, STM32H573ZIT3Q, STM32H573ZIT6, STM32H7R3A8I6, STM32H7R3I8K6, STM32H7R3I8T6, STM32H7R3L8H6, STM32H7R3L8H6H, STM32H7R3R8V6, STM32H7R3V8H6, STM32H7R3V8T6, STM32H7R3V8Y6TR, STM32H7R3Z8J6, STM32H7R3Z8T6, STM32H7R7A8I6, STM32H7R7I8K6, STM32H7R7I8T6, STM32H7R7L8H6, STM32H7R7L8H6H, STM32H7R7Z8J6, STM32H7S3A8I6, STM32H7S3I8K6, STM32H7S3I8T6, STM32H7S3L8H6, STM32H7S3L8H6H, STM32H7S3R8V6, STM32H7S3V8H6, STM32H7S3V8T6, STM32H7S3V8Y6TR, STM32H7S3Z8J6, STM32H7S3Z8T6, STM32H7S78-DK, STM32H7S7A8I6, STM32H7S7I8K6, STM32H7S7I8T6, STM32H7S7L8H6, STM32H7S7L8H6H, STM32H7S7Z8J6, STM32L4R5QGI6STR, STM32MP131AAE3, STM32MP131AAF3, STM32MP131AAG3, STM32MP131CAE3, STM32MP131CAF3, STM32MP131CAG3, STM32MP131DAE7, STM32MP131DAF7, STM32MP131DAG7, STM32MP131FAE7, STM32MP131FAF7, STM32MP131FAG7, STM32MP133AAE3, STM32MP133AAF3, STM32MP133AAG3, STM32MP133CAE3, STM32MP133CAF3, STM32MP133CAG3, STM32MP133DAE7, STM32MP133DAF7, STM32MP133DAG7, STM32MP133FAE7, STM32MP133FAF7, STM32MP133FAG7, STM32MP135AAE3, STM32MP135AAF3, STM32MP135AAG3, STM32MP135CAE3, STM32MP135CAF3, STM32MP135CAG3, STM32MP135DAE7, STM32MP135DAF7, STM32MP135DAG7, STM32MP135F-DK, STM32MP135FAE7, STM32MP135FAF7, STM32MP135FAF7T, STM32MP135FAF7U, STM32MP135FAG7, STM32MP211AAL3, STM32MP211AAM3, STM32MP211AAN3, STM32MP211AAO3, STM32MP211CAL3, STM32MP211CAM3, STM32MP211CAN3, STM32MP211CAO3, STM32MP211DAL3, STM32MP211DAM3, STM32MP211DAN3, STM32MP211DAO3, STM32MP211FAL3, STM32MP211FAM3, STM32MP211FAN3, STM32MP211FAO3, STM32MP213AAL3, STM32MP213AAM3, STM32MP213AAN3, STM32MP213AAO3, STM32MP213CAL3, STM32MP213CAM3, STM32MP213CAN3, STM32MP213CAO3, STM32MP213DAL3, STM32MP213DAM3, STM32MP213DAN3, STM32MP213DAO3, STM32MP213FAL3, STM32MP213FAM3, STM32MP213FAN3, STM32MP213FAO3, STM32MP215AAL3, STM32MP215AAM3, STM32MP215AAN3, STM32MP215AAO3, STM32MP215CAL3, STM32MP215CAM3, STM32MP215CAN3, STM32MP215CAO3, STM32MP215DAL3, STM32MP215DAM3, STM32MP215DAN3, STM32MP215DAO3, STM32MP215F-DK, STM32MP215FAL3, STM32MP215FAM3, STM32MP215FAN3, STM32MP215FAO3, STM32MP231AAJ3, STM32MP231AAK3, STM32MP231AAL3, STM32MP231CAJ3, STM32MP231CAK3, STM32MP231CAL3, STM32MP231DAJ3, STM32MP231DAK3, STM32MP231DAL3, STM32MP231FAJ3, STM32MP231FAK3, STM32MP231FAL3, STM32MP233AAJ3, STM32MP233AAK3, STM32MP233AAL3, STM32MP233CAJ3, STM32MP233CAK3, STM32MP233CAL3, STM32MP233DAJ3, STM32MP233DAK3, STM32MP233DAL3, STM32MP233FAJ3, STM32MP233FAK3, STM32MP233FAL3, STM32MP235AAJ3, STM32MP235AAK3, STM32MP235AAL3, STM32MP235CAJ3, STM32MP235CAK3, STM32MP235CAL3, STM32MP235DAJ3, STM32MP235DAK3, STM32MP235DAL3, STM32MP235FAJ3, STM32MP235FAK3, STM32MP235FAL3, STM32MP251AAI3, STM32MP251AAK3, STM32MP251AAL3, STM32MP251CAI3, STM32MP251CAK3, STM32MP251CAL3, STM32MP251DAI3, STM32MP251DAK3, STM32MP251DAL3, STM32MP251FAI3, STM32MP251FAK3, STM32MP251FAL3, STM32MP253AAI3, STM32MP253AAK3, STM32MP253AAL3, STM32MP253CAI3, STM32MP253CAK3, STM32MP253CAL3, STM32MP253DAI3, STM32MP253DAK3, STM32MP253DAL3, STM32MP253FAI3, STM32MP253FAK3, STM32MP253FAL3, STM32MP255AAI3, STM32MP255AAK3, STM32MP255AAL3, STM32MP255CAI3, STM32MP255CAK3, STM32MP255CAL3, STM32MP255DAI3, STM32MP255DAK3, STM32MP255DAL3, STM32MP255FAI3, STM32MP255FAK3, STM32MP255FAL3, STM32MP257AAI3, STM32MP257AAK3, STM32MP257AAL3, STM32MP257CAI3, STM32MP257CAK3, STM32MP257CAL3, STM32MP257DAI3, STM32MP257DAK3, STM32MP257DAL3, STM32MP257F-DK, STM32MP257F-EV1, STM32MP257FAI3, STM32MP257FAK3, STM32MP257FAL3, STM32N645A0H3Q, STM32N645B0H3Q, STM32N645I0H3Q, STM32N645L0H3Q, STM32N645X0H3Q, STM32N645Z0H3Q, STM32N647A0H3Q, STM32N647B0H3Q, STM32N647I0H3Q, STM32N647L0H3Q, STM32N647X0H3Q, STM32N647Z0H3Q, STM32N655A0H3Q, STM32N655B0H3Q, STM32N655I0H3Q, STM32N655L0H3Q, STM32N655X0H3Q, STM32N655Z0H3Q, STM32N6570-DK, STM32N657A0H3Q, STM32N657B0H3Q, STM32N657I0H3Q, STM32N657L0H3Q, STM32N657X0H3Q, STM32N657Z0H3Q, STM32U031C6T6, STM32U031C6U6, STM32U031C8T6, STM32U031C8U6, STM32U031F4P6, STM32U031F6P6, STM32U031F8P6, STM32U031G6Y6TR, STM32U031G8Y6TR, STM32U031K4U6, STM32U031K6U6, STM32U031K8U6, STM32U031R6I6, STM32U031R6T6, STM32U031R8I6, STM32U031R8T6, STM32U073C8T6, STM32U073C8U6, STM32U073CBT6, STM32U073CBU6, STM32U073CCT6, STM32U073CCU6, STM32U073H8Y6TR, STM32U073HBY6TR, STM32U073HCY6TR, STM32U073K8U6, STM32U073KBU6, STM32U073KCU6, STM32U073M8I6, STM32U073M8T6, STM32U073MBI6, STM32U073MBT6, STM32U073MCI6, STM32U073MCT6, STM32U073R8I6, STM32U073R8T6, STM32U073RBI6, STM32U073RBT6, STM32U073RCI6, STM32U073RCT6, STM32U083C-DK, STM32U083CCT6, STM32U083CCU6, STM32U083HCY6TR, STM32U083KCU6, STM32U083MCI6, STM32U083MCT6, STM32U083RCI6, STM32U083RCT6, STM32U375CET6, STM32U375CET6Q, STM32U375CEU6, STM32U375CEU6Q, STM32U375CEY6QTR, STM32U375CGT6, STM32U375CGT6Q, STM32U375CGU6, STM32U375CGU6Q, STM32U375CGY6QTR, STM32U375KEU6, STM32U375KGU6, STM32U375REI6, STM32U375REI6Q, STM32U375RET6, STM32U375RET6Q, STM32U375REY6GTR, STM32U375REY6QTR, STM32U375RGI6, STM32U375RGI6Q, STM32U375RGT6, STM32U375RGT6Q, STM32U375RGY6GTR, STM32U375RGY6QTR, STM32U375VEI6, STM32U375VEI6Q, STM32U375VET6, STM32U375VET6Q, STM32U375VGI6, STM32U375VGI6Q, STM32U375VGT6, STM32U375VGT6Q, STM32U385CGT6, STM32U385CGT6Q, STM32U385CGU6, STM32U385CGU6Q, STM32U385CGY6QTR, STM32U385KGU6, STM32U385RGI6, STM32U385RGI6Q, STM32U385RGT6, STM32U385RGT6Q, STM32U385RGY6GTR, STM32U385RGY6QTR, STM32U385VGI6, STM32U385VGI6Q, STM32U385VGT6, STM32U385VGT6Q, STM32U535CBT6, STM32U535CBT6Q, STM32U535CBU6, STM32U535CBU6Q, STM32U535CCT6, STM32U535CCT6Q, STM32U535CCU6, STM32U535CCU6Q, STM32U535CET6, STM32U535CET6Q, STM32U535CEU6, STM32U535CEU6Q, STM32U535JEY6QTR, STM32U535NCY6QTR, STM32U535NEY6QTR, STM32U535RBI6, STM32U535RBI6Q, STM32U535RBT6, STM32U535RBT6Q, STM32U535RCI6, STM32U535RCI6Q, STM32U535RCT6, STM32U535RCT6Q, STM32U535REI6, STM32U535REI6Q, STM32U535RET6, STM32U535RET6Q, STM32U535VCI6, STM32U535VCI6Q, STM32U535VCT6, STM32U535VCT6Q, STM32U535VEI6, STM32U535VEI6Q, STM32U535VET6, STM32U535VET6Q, STM32U545CET6, STM32U545CET6Q, STM32U545CEU6, STM32U545CEU6Q, STM32U545JEY6QTR, STM32U545NEY6QTR, STM32U545REI6, STM32U545REI6Q, STM32U545RET6, STM32U545RET6Q, STM32U545VEI6, STM32U545VEI6Q, STM32U545VET6, STM32U545VET6Q, STM32U595AIH6, STM32U595AIH6Q, STM32U595AJH6, STM32U595AJH6Q, STM32U595QII6, STM32U595QII6Q, STM32U595QJI6, STM32U595QJI6Q, STM32U595RIT6, STM32U595RIT6Q, STM32U595RJT6, STM32U595RJT6Q, STM32U595VIT6, STM32U595VIT6Q, STM32U595VJT6, STM32U595VJT6Q, STM32U595ZIT6, STM32U595ZIT6Q, STM32U595ZIY6QTR, STM32U595ZJT6, STM32U595ZJT6Q, STM32U595ZJY6QTR, STM32U599BJY6QTR, STM32U599NIH6Q, STM32U599NJH6Q, STM32U599VIT6Q, STM32U599VJT6, STM32U599VJT6Q, STM32U599ZIT6Q, STM32U599ZIY6QTR, STM32U599ZJT6Q, STM32U599ZJY6QTR, STM32U5A5AJH6, STM32U5A5AJH6Q, STM32U5A5QII3Q , STM32U5A5QJI6, STM32U5A5QJI6Q, STM32U5A5RJT6, STM32U5A5RJT6Q, STM32U5A5VJT6, STM32U5A5VJT6Q, STM32U5A5ZJT6, STM32U5A5ZJT6Q, STM32U5A5ZJY6QTR, STM32U5A9BJY6QTR, STM32U5A9J-DK, STM32U5A9NJH6Q, STM32U5A9VJT6Q, STM32U5A9ZJT6Q, STM32U5A9ZJY6QTR, STM32U5F7VIT6, STM32U5F7VIT6Q, STM32U5F7VJT6, STM32U5F7VJT6Q, STM32U5F9BJY6QTR, STM32U5F9NJH6Q, STM32U5F9VIT6Q, STM32U5F9VJT6Q, STM32U5F9ZIJ6QTR, STM32U5F9ZIT6Q, STM32U5F9ZJJ6QTR, STM32U5F9ZJT6Q, STM32U5G7VJT6, STM32U5G7VJT6Q, STM32U5G9BJY6QTR, STM32U5G9J-DK1, STM32U5G9J-DK2, STM32U5G9NJH6Q, STM32U5G9VJT6Q, STM32U5G9ZJJ6QTR, STM32U5G9ZJT6Q, STM32WB05KZV6TR, STM32WB05KZV7TR, STM32WB05TZF6TR, STM32WB05TZF7TR, STM32WB06CCF6TR, STM32WB06CCF7TR, STM32WB06CCV6TR, STM32WB06CCV7TR, STM32WB06KCV6TR, STM32WB06KCV7TR, STM32WB07CCF6TR, STM32WB07CCF7TR, STM32WB07CCV6TR, STM32WB07CCV7TR, STM32WB07KCV6TR, STM32WB07KCV7TR, STM32WB09KEV6TR, STM32WB09KEV7TR, STM32WB09TEF6TR, STM32WB09TEF7TR, STM32WB1MMCH6, STM32WBA50KGU6, STM32WBA50KGU6TR, STM32WBA52CEU6, STM32WBA52CEU6TR, STM32WBA52CEU7, STM32WBA52CEU7TR, STM32WBA52CGU6, STM32WBA52CGU6TR, STM32WBA52CGU6U, STM32WBA52CGU7, STM32WBA52CGU7TR, STM32WBA52KEU6, STM32WBA52KEU6TR, STM32WBA52KGU6, STM32WBA52KGU6TR, STM32WBA54CEU6, STM32WBA54CEU6TR, STM32WBA54CEU7, STM32WBA54CEU7TR, STM32WBA54CGU6, STM32WBA54CGU6TR, STM32WBA54CGU7, STM32WBA54CGU7TR, STM32WBA54KEU6, STM32WBA54KEU6TR, STM32WBA54KEU7, STM32WBA54KEU7TR, STM32WBA54KGU6, STM32WBA54KGU6TR, STM32WBA54KGU7, STM32WBA54KGU7TR, STM32WBA55CEU6, STM32WBA55CEU6TR, STM32WBA55CEU7, STM32WBA55CEU7TR, STM32WBA55CGU6, STM32WBA55CGU6TR, STM32WBA55CGU6U, STM32WBA55CGU7, STM32WBA55CGU7TR, STM32WBA55G-DK1, STM32WBA55HEF6, STM32WBA55HEF7, STM32WBA55HGF6, STM32WBA55HGF7, STM32WBA55UEI6, STM32WBA55UEI6TR, STM32WBA55UEI7, STM32WBA55UEI7TR, STM32WBA55UGI6, STM32WBA55UGI6TR, STM32WBA55UGI7, STM32WBA55UGI7TR, STM32WBA5MMGH6TR, STM32WBA62MGF6, STM32WBA62MIF6, STM32WBA65MGF7, STM32WBA65MIF6, STM32WBA65MIF7, STM32WL30K8V6, STM32WL30KBV6, STM32WL31C8V6, STM32WL31CBV6, STM32WL31K8V6, STM32WL31KBV6, STM32WL33C8V6, STM32WL33C8V6X, STM32WL33CBV6, STM32WL33CBV6X, STM32WL33CCV6, STM32WL33CCV6A, STM32WL33CCV6X, STM32WL33K8V7, STM32WL33K8V7X, STM32WL33KBV7 , STM32WL33KBV7X, STM32WL33KCV7, STM32WL33KCV7X, STM32WL5MOCH6, STM32WL5MOCH6TR]
2025-07-29 12:07:50,118 [INFO] BoardInfo:889 - No configuration file found for board P-NUCLEO-WB55
2025-07-29 12:07:50,121 [INFO] DbBoards:161 - Kit is not supported: P-NUCLEO-WB55
2025-07-29 12:07:50,135 [INFO] BoardInfo:889 - No configuration file found for board STEVAL-BFA001V1B
2025-07-29 12:07:50,138 [INFO] DbBoards:161 - Kit is not supported: STEVAL-BFA001V1B
2025-07-29 12:07:50,140 [INFO] BoardInfo:889 - No configuration file found for board STEVAL-BFA001V2B
2025-07-29 12:07:50,143 [INFO] DbBoards:161 - Kit is not supported: STEVAL-BFA001V2B
2025-07-29 12:07:50,812 [INFO] DbBoards:168 - Found 212 boards, 209 are supported
2025-07-29 12:07:50,812 [INFO] DbBoards:169 - Found 212 boards, 43 of them is supported for  Bsp
2025-07-29 12:07:50,824 [INFO] ApiDb:668 - CubeFinder database Data Model version=2.1
2025-07-29 12:07:50,824 [INFO] ApiDb:669 - CubeFinder database Configuration version=3.0.39
2025-07-29 12:07:50,824 [INFO] ApiDb:670 - CubeFinder database generation date=2025-07-21 (1753107327)
2025-07-29 12:07:50,824 [INFO] ApiDb:671 - CubeFinder database FW Pack versions=[FP-ATR-ASTRA1_V2.0.0, FP-SNS-FLIGHT1_V5.1.0, FP-SNS-MOTENV1_V5.0.0, FP-SNS-MOTENVWB1_V1.4.0, FP-SNS-SMARTAG2_V1.2.0, FP-SNS-STBOX1_V2.0.0, STM32Cube_FW_C0_V1.4.0, STM32Cube_FW_F4_V1.28.2, STM32Cube_FW_F7_V1.17.3, STM32Cube_FW_G0_V1.6.2, STM32Cube_FW_G4_V1.6.1, STM32Cube_FW_H5_V1.5.0, STM32Cube_FW_H7RS_V1.2.0, STM32Cube_FW_H7_V1.12.1, STM32Cube_FW_L0_V1.12.2, STM32Cube_FW_L4_V1.18.1, STM32Cube_FW_L5_V1.5.1, STM32Cube_FW_N6_V1.2.0, STM32Cube_FW_U0_V1.3.0, STM32Cube_FW_U3_V1.2.0, STM32Cube_FW_U5_V1.8.0, STM32Cube_FW_WB0_V1.3.0, STM32Cube_FW_WBA_V1.7.0, STM32Cube_FW_WB_V1.23.0, STM32Cube_FW_WL3_V1.2.0, STM32Cube_FW_WL_V1.3.1, X-CUBE-ALGOBUILD_V1.4.0, X-CUBE-ALS_V1.0.2, X-CUBE-AZRTOS-F4_V1.1.0, X-CUBE-AZRTOS-F7_V1.1.0, X-CUBE-AZRTOS-G0_V1.1.0, X-CUBE-AZRTOS-G4_V2.0.0, X-CUBE-AZRTOS-H7RS_V1.1.0, X-CUBE-AZRTOS-H7_V3.3.0, X-CUBE-AZRTOS-L4_V2.0.0, X-CUBE-AZRTOS-L5_V2.0.0, X-CUBE-AZRTOS-WB_V2.0.0, X-CUBE-AZRTOS-WL_V2.0.0, X-CUBE-BLE1_V7.1.0, X-CUBE-BLE2_V3.3.0, X-CUBE-BLEMGR_V4.0.0, X-CUBE-EEPRMA1_V5.1.0, X-CUBE-FREERTOS_V1.3.1, X-CUBE-GNSS1_V6.0.0, X-CUBE-MEMS1_V11.3.0, X-CUBE-NFC4_V3.0.0, X-CUBE-NFC7_V2.0.0, X-CUBE-SFXS2LP1_V4.0.0, X-CUBE-SUBG2_V5.0.0, X-CUBE-TOF1_V3.4.3]
2025-07-29 12:07:55,872 [INFO] ApiDb:240 - Found 880 in-development CPN: [B-G473E-ZEST1S, B-WB1M-WPAN1, B-WBA5M-WPAN, B-WL5M-SUBG1, NUCLEO-C031C6, NUCLEO-C051C8, NUCLEO-C071RB, NUCLEO-C092RC, NUCLEO-H503RB, NUCLEO-H533RE, NUCLEO-H563ZI, NUCLEO-H7S3L8, NUCLEO-N657X0-Q, NUCLEO-U031R8, NUCLEO-U083RC, NUCLEO-U385RG-Q, NUCLEO-U545RE-Q, NUCLEO-U5A5ZJ-Q, NUCLEO-WB05KZ, NUCLEO-WB07CC, NUCLEO-WB09KE, NUCLEO-WBA52CG, NUCLEO-WBA55CG, NUCLEO-WL33CC1, NUCLEO-WL33CC2, STEVAL-PROTEUS1, STEVAL-SMARTAG2, STEVAL-STWINBX1, STM320518-EVAL, STM32C0116-DK, STM32C011D6Y3TR, STM32C011D6Y6TR, STM32C011F4P3, STM32C011F4P6, STM32C011F4U3, STM32C011F4U6TR, STM32C011F6P3, STM32C011F6P6, STM32C011F6U3, STM32C011F6U6TR, STM32C011J4M3, STM32C011J4M6, STM32C011J6M3, STM32C011J6M6, STM32C0316-DK, STM32C031C4T3, STM32C031C4T6, STM32C031C4U3, STM32C031C4U6, STM32C031C6T3, STM32C031C6T6, STM32C031C6U3, STM32C031C6U6, STM32C031F4P3, STM32C031F4P6, STM32C031F6P3, STM32C031F6P6, STM32C031G4U3, STM32C031G4U6, STM32C031G6U3, STM32C031G6U6, STM32C031K4T3, STM32C031K4T6, STM32C031K4U3, STM32C031K4U6, STM32C031K6T3, STM32C031K6T6, STM32C031K6U3, STM32C031K6U6, STM32C051C6T6, STM32C051C6U6, STM32C051C8T6, STM32C051C8U6, STM32C051D8Y6TR, STM32C051F6P6, STM32C051F8P6, STM32C051G6U6, STM32C051G8U6, STM32C051K6T6, STM32C051K6U6, STM32C051K8T6, STM32C071C8T6, STM32C071C8T6N, STM32C071C8U6, STM32C071C8U6N, STM32C071CBT6, STM32C071CBT6N, STM32C071CBU6, STM32C071CBU6N, STM32C071F8P6, STM32C071F8P6N, STM32C071FBP6, STM32C071FBP6N, STM32C071FBY6TR, STM32C071G8U6, STM32C071G8U6N, STM32C071GBU6, STM32C071GBU6N, STM32C071K8T6, STM32C071K8T6N, STM32C071K8U6, STM32C071K8U6N, STM32C071KBT6, STM32C071KBT6N, STM32C071KBU6, STM32C071KBU6N, STM32C071R8T6, STM32C071R8T6N, STM32C071RBI6N, STM32C071RBT6, STM32C071RBT6N, STM32C091CBT6, STM32C091CBU6, STM32C091CCT6, STM32C091CCU6, STM32C091ECY6TR, STM32C091FBP6, STM32C091FCP6, STM32C091GBU6, STM32C091GCU6, STM32C091KBT6, STM32C091KBU6, STM32C091KCT6, STM32C091KCU6, STM32C091RBT6, STM32C091RCI6, STM32C091RCT6, STM32C092CBT6, STM32C092CBU6, STM32C092CCT6, STM32C092CCU6, STM32C092ECY6TR, STM32C092FBP6, STM32C092FCP6, STM32C092GBU6, STM32C092GCU6, STM32C092KBT6, STM32C092KBU6, STM32C092KCT6, STM32C092KCU6, STM32C092RBT6, STM32C092RCI6, STM32C092RCT6, STM32G071K8TXN, STM32G071K8UXN, STM32G081GBU6N, STM32G081KBT6N, STM32G081KBUXN, STM32G0B1CCT6N, STM32G0B1KCT6, STM32G0B1NEY6TR, STM32G0B1RCT6N, STM32G0C1CCT6, STM32G0C1CCT6N, STM32G0C1CCU6N, STM32G0C1CET6N, STM32G0C1CEU6N, STM32G0C1KCT6, STM32G0C1NEY6TR, STM32G0C1RCI6N, STM32G0C1RCT6N, STM32G0C1REI6N, STM32G0C1RET6N, STM32G0C1VCI6, STM32G0C1VEI6, STM32G411C6T3, STM32G411C6T6, STM32G411C6U3, STM32G411C6U6, STM32G411C8T3, STM32G411C8T6, STM32G411C8U3, STM32G411C8U6, STM32G411CBT3, STM32G411CBT6, STM32G411CBU3, STM32G411CBU6, STM32G411K6T3, STM32G411K6T6, STM32G411K6U3, STM32G411K6U6, STM32G411K8T3, STM32G411K8T6, STM32G411K8U3, STM32G411K8U6, STM32G411KBT3, STM32G411KBT6, STM32G411KBU3, STM32G411KBU6, STM32G411M6T3, STM32G411M6T6, STM32G411M8T3, STM32G411M8T6, STM32G411MBT3, STM32G411MBT6, STM32G411R6T3, STM32G411R6T6, STM32G411R8T3, STM32G411R8T6, STM32G411RBT3, STM32G411RBT6, STM32G414CBT3, STM32G414CBT6, STM32G414CBU3, STM32G414CBU6, STM32G414CCT3, STM32G414CCT6, STM32G414CCU3, STM32G414CCU6, STM32G414MBT3, STM32G414MBT6, STM32G414MCT3, STM32G414MCT6, STM32G414RBT3, STM32G414RBT6, STM32G414RCT3, STM32G414RCT6, STM32G414VBT3, STM32G414VBT6, STM32G414VCT3, STM32G414VCT6, STM32G431CBT3Z, STM32G431RBT3Z, STM32G471CCT6, STM32G471CCU6, STM32G471CET3, STM32G471CET6, STM32G471CEU3, STM32G471CEU6, STM32G471MCT6, STM32G471MET3, STM32G471MET6, STM32G471MEY6TR, STM32G471QCT6, STM32G471QET3, STM32G471RCT6, STM32G471RET3, STM32G471RET6, STM32G471VCH6, STM32G471VCI6, STM32G471VCT6, STM32G471VEH3, STM32G471VEH6, STM32G471VEI3, STM32G471VEI6, STM32G471VET3, STM32G471VET6, STM32G473QET3Z, STM32G473RET3Z, STM32G474CCT6, STM32G491RET3Z, STM32H503CBT6, STM32H503CBU6, STM32H503EBY6TR, STM32H503KBU6, STM32H503RBT6, STM32H523CCT6, STM32H523CCU6, STM32H523CET6, STM32H523CEU6, STM32H523HEY6TR, STM32H523RCT6, STM32H523RET6, STM32H523VCI6, STM32H523VCT6, STM32H523VEI6, STM32H523VET6, STM32H523ZCJ6, STM32H523ZCT6, STM32H523ZEJ6, STM32H523ZET6, STM32H533CET6, STM32H533CEU6, STM32H533HEY6TR, STM32H533RET6, STM32H533VEI6, STM32H533VET6, STM32H533ZEJ6, STM32H533ZET6, STM32H562AGI6, STM32H562AII6, STM32H562IGK6, STM32H562IGT6, STM32H562IIK6, STM32H562IIT6, STM32H562RGT6, STM32H562RGV6, STM32H562RIT6, STM32H562RIV6, STM32H562VGT6, STM32H562VIT6, STM32H562ZGT6, STM32H562ZIT6, STM32H563AGI6, STM32H563AII3Q, STM32H563AII6, STM32H563IGK6, STM32H563IGT6, STM32H563IIK3Q, STM32H563IIK6, STM32H563IIT3Q, STM32H563IIT6, STM32H563MIY3QTR, STM32H563RGT6, STM32H563RGV6, STM32H563RIT6, STM32H563RIV6, STM32H563VGT6, STM32H563VIT3Q, STM32H563VIT6, STM32H563ZGT6, STM32H563ZIT3Q, STM32H563ZIT6, STM32H573AII3Q, STM32H573AII6, STM32H573I-DK, STM32H573IIK3Q, STM32H573IIK6, STM32H573IIT3Q, STM32H573IIT6, STM32H573MIY3QTR, STM32H573RIT6, STM32H573RIV6, STM32H573VIT3Q, STM32H573VIT6, STM32H573ZIT3Q, STM32H573ZIT6, STM32H7R3A8I6, STM32H7R3I8K6, STM32H7R3I8T6, STM32H7R3L8H6, STM32H7R3L8H6H, STM32H7R3R8V6, STM32H7R3V8H6, STM32H7R3V8T6, STM32H7R3V8Y6TR, STM32H7R3Z8J6, STM32H7R3Z8T6, STM32H7R7A8I6, STM32H7R7I8K6, STM32H7R7I8T6, STM32H7R7L8H6, STM32H7R7L8H6H, STM32H7R7Z8J6, STM32H7S3A8I6, STM32H7S3I8K6, STM32H7S3I8T6, STM32H7S3L8H6, STM32H7S3L8H6H, STM32H7S3R8V6, STM32H7S3V8H6, STM32H7S3V8T6, STM32H7S3V8Y6TR, STM32H7S3Z8J6, STM32H7S3Z8T6, STM32H7S78-DK, STM32H7S7A8I6, STM32H7S7I8K6, STM32H7S7I8T6, STM32H7S7L8H6, STM32H7S7L8H6H, STM32H7S7Z8J6, STM32L4R5QGI6STR, STM32MP131AAE3, STM32MP131AAF3, STM32MP131AAG3, STM32MP131CAE3, STM32MP131CAF3, STM32MP131CAG3, STM32MP131DAE7, STM32MP131DAF7, STM32MP131DAG7, STM32MP131FAE7, STM32MP131FAF7, STM32MP131FAG7, STM32MP133AAE3, STM32MP133AAF3, STM32MP133AAG3, STM32MP133CAE3, STM32MP133CAF3, STM32MP133CAG3, STM32MP133DAE7, STM32MP133DAF7, STM32MP133DAG7, STM32MP133FAE7, STM32MP133FAF7, STM32MP133FAG7, STM32MP135AAE3, STM32MP135AAF3, STM32MP135AAG3, STM32MP135CAE3, STM32MP135CAF3, STM32MP135CAG3, STM32MP135DAE7, STM32MP135DAF7, STM32MP135DAG7, STM32MP135F-DK, STM32MP135FAE7, STM32MP135FAF7, STM32MP135FAF7T, STM32MP135FAF7U, STM32MP135FAG7, STM32MP211AAL3, STM32MP211AAM3, STM32MP211AAN3, STM32MP211AAO3, STM32MP211CAL3, STM32MP211CAM3, STM32MP211CAN3, STM32MP211CAO3, STM32MP211DAL3, STM32MP211DAM3, STM32MP211DAN3, STM32MP211DAO3, STM32MP211FAL3, STM32MP211FAM3, STM32MP211FAN3, STM32MP211FAO3, STM32MP213AAL3, STM32MP213AAM3, STM32MP213AAN3, STM32MP213AAO3, STM32MP213CAL3, STM32MP213CAM3, STM32MP213CAN3, STM32MP213CAO3, STM32MP213DAL3, STM32MP213DAM3, STM32MP213DAN3, STM32MP213DAO3, STM32MP213FAL3, STM32MP213FAM3, STM32MP213FAN3, STM32MP213FAO3, STM32MP215AAL3, STM32MP215AAM3, STM32MP215AAN3, STM32MP215AAO3, STM32MP215CAL3, STM32MP215CAM3, STM32MP215CAN3, STM32MP215CAO3, STM32MP215DAL3, STM32MP215DAM3, STM32MP215DAN3, STM32MP215DAO3, STM32MP215F-DK, STM32MP215FAL3, STM32MP215FAM3, STM32MP215FAN3, STM32MP215FAO3, STM32MP231AAJ3, STM32MP231AAK3, STM32MP231AAL3, STM32MP231CAJ3, STM32MP231CAK3, STM32MP231CAL3, STM32MP231DAJ3, STM32MP231DAK3, STM32MP231DAL3, STM32MP231FAJ3, STM32MP231FAK3, STM32MP231FAL3, STM32MP233AAJ3, STM32MP233AAK3, STM32MP233AAL3, STM32MP233CAJ3, STM32MP233CAK3, STM32MP233CAL3, STM32MP233DAJ3, STM32MP233DAK3, STM32MP233DAL3, STM32MP233FAJ3, STM32MP233FAK3, STM32MP233FAL3, STM32MP235AAJ3, STM32MP235AAK3, STM32MP235AAL3, STM32MP235CAJ3, STM32MP235CAK3, STM32MP235CAL3, STM32MP235DAJ3, STM32MP235DAK3, STM32MP235DAL3, STM32MP235FAJ3, STM32MP235FAK3, STM32MP235FAL3, STM32MP251AAI3, STM32MP251AAK3, STM32MP251AAL3, STM32MP251CAI3, STM32MP251CAK3, STM32MP251CAL3, STM32MP251DAI3, STM32MP251DAK3, STM32MP251DAL3, STM32MP251FAI3, STM32MP251FAK3, STM32MP251FAL3, STM32MP253AAI3, STM32MP253AAK3, STM32MP253AAL3, STM32MP253CAI3, STM32MP253CAK3, STM32MP253CAL3, STM32MP253DAI3, STM32MP253DAK3, STM32MP253DAL3, STM32MP253FAI3, STM32MP253FAK3, STM32MP253FAL3, STM32MP255AAI3, STM32MP255AAK3, STM32MP255AAL3, STM32MP255CAI3, STM32MP255CAK3, STM32MP255CAL3, STM32MP255DAI3, STM32MP255DAK3, STM32MP255DAL3, STM32MP255FAI3, STM32MP255FAK3, STM32MP255FAL3, STM32MP257AAI3, STM32MP257AAK3, STM32MP257AAL3, STM32MP257CAI3, STM32MP257CAK3, STM32MP257CAL3, STM32MP257DAI3, STM32MP257DAK3, STM32MP257DAL3, STM32MP257F-DK, STM32MP257F-EV1, STM32MP257FAI3, STM32MP257FAK3, STM32MP257FAL3, STM32N645A0H3Q, STM32N645B0H3Q, STM32N645I0H3Q, STM32N645L0H3Q, STM32N645X0H3Q, STM32N645Z0H3Q, STM32N647A0H3Q, STM32N647B0H3Q, STM32N647I0H3Q, STM32N647L0H3Q, STM32N647X0H3Q, STM32N647Z0H3Q, STM32N655A0H3Q, STM32N655B0H3Q, STM32N655I0H3Q, STM32N655L0H3Q, STM32N655X0H3Q, STM32N655Z0H3Q, STM32N6570-DK, STM32N657A0H3Q, STM32N657B0H3Q, STM32N657I0H3Q, STM32N657L0H3Q, STM32N657X0H3Q, STM32N657Z0H3Q, STM32U031C6T6, STM32U031C6U6, STM32U031C8T6, STM32U031C8U6, STM32U031F4P6, STM32U031F6P6, STM32U031F8P6, STM32U031G6Y6TR, STM32U031G8Y6TR, STM32U031K4U6, STM32U031K6U6, STM32U031K8U6, STM32U031R6I6, STM32U031R6T6, STM32U031R8I6, STM32U031R8T6, STM32U073C8T6, STM32U073C8U6, STM32U073CBT6, STM32U073CBU6, STM32U073CCT6, STM32U073CCU6, STM32U073H8Y6TR, STM32U073HBY6TR, STM32U073HCY6TR, STM32U073K8U6, STM32U073KBU6, STM32U073KCU6, STM32U073M8I6, STM32U073M8T6, STM32U073MBI6, STM32U073MBT6, STM32U073MCI6, STM32U073MCT6, STM32U073R8I6, STM32U073R8T6, STM32U073RBI6, STM32U073RBT6, STM32U073RCI6, STM32U073RCT6, STM32U083C-DK, STM32U083CCT6, STM32U083CCU6, STM32U083HCY6TR, STM32U083KCU6, STM32U083MCI6, STM32U083MCT6, STM32U083RCI6, STM32U083RCT6, STM32U375CET6, STM32U375CET6Q, STM32U375CEU6, STM32U375CEU6Q, STM32U375CEY6QTR, STM32U375CGT6, STM32U375CGT6Q, STM32U375CGU6, STM32U375CGU6Q, STM32U375CGY6QTR, STM32U375KEU6, STM32U375KGU6, STM32U375REI6, STM32U375REI6Q, STM32U375RET6, STM32U375RET6Q, STM32U375REY6GTR, STM32U375REY6QTR, STM32U375RGI6, STM32U375RGI6Q, STM32U375RGT6, STM32U375RGT6Q, STM32U375RGY6GTR, STM32U375RGY6QTR, STM32U375VEI6, STM32U375VEI6Q, STM32U375VET6, STM32U375VET6Q, STM32U375VGI6, STM32U375VGI6Q, STM32U375VGT6, STM32U375VGT6Q, STM32U385CGT6, STM32U385CGT6Q, STM32U385CGU6, STM32U385CGU6Q, STM32U385CGY6QTR, STM32U385KGU6, STM32U385RGI6, STM32U385RGI6Q, STM32U385RGT6, STM32U385RGT6Q, STM32U385RGY6GTR, STM32U385RGY6QTR, STM32U385VGI6, STM32U385VGI6Q, STM32U385VGT6, STM32U385VGT6Q, STM32U535CBT6, STM32U535CBT6Q, STM32U535CBU6, STM32U535CBU6Q, STM32U535CCT6, STM32U535CCT6Q, STM32U535CCU6, STM32U535CCU6Q, STM32U535CET6, STM32U535CET6Q, STM32U535CEU6, STM32U535CEU6Q, STM32U535JEY6QTR, STM32U535NCY6QTR, STM32U535NEY6QTR, STM32U535RBI6, STM32U535RBI6Q, STM32U535RBT6, STM32U535RBT6Q, STM32U535RCI6, STM32U535RCI6Q, STM32U535RCT6, STM32U535RCT6Q, STM32U535REI6, STM32U535REI6Q, STM32U535RET6, STM32U535RET6Q, STM32U535VCI6, STM32U535VCI6Q, STM32U535VCT6, STM32U535VCT6Q, STM32U535VEI6, STM32U535VEI6Q, STM32U535VET6, STM32U535VET6Q, STM32U545CET6, STM32U545CET6Q, STM32U545CEU6, STM32U545CEU6Q, STM32U545JEY6QTR, STM32U545NEY6QTR, STM32U545REI6, STM32U545REI6Q, STM32U545RET6, STM32U545RET6Q, STM32U545VEI6, STM32U545VEI6Q, STM32U545VET6, STM32U545VET6Q, STM32U595AIH6, STM32U595AIH6Q, STM32U595AJH6, STM32U595AJH6Q, STM32U595QII6, STM32U595QII6Q, STM32U595QJI6, STM32U595QJI6Q, STM32U595RIT6, STM32U595RIT6Q, STM32U595RJT6, STM32U595RJT6Q, STM32U595VIT6, STM32U595VIT6Q, STM32U595VJT6, STM32U595VJT6Q, STM32U595ZIT6, STM32U595ZIT6Q, STM32U595ZIY6QTR, STM32U595ZJT6, STM32U595ZJT6Q, STM32U595ZJY6QTR, STM32U599BJY6QTR, STM32U599NIH6Q, STM32U599NJH6Q, STM32U599VIT6Q, STM32U599VJT6, STM32U599VJT6Q, STM32U599ZIT6Q, STM32U599ZIY6QTR, STM32U599ZJT6Q, STM32U599ZJY6QTR, STM32U5A5AJH6, STM32U5A5AJH6Q, STM32U5A5QII3Q , STM32U5A5QJI6, STM32U5A5QJI6Q, STM32U5A5RJT6, STM32U5A5RJT6Q, STM32U5A5VJT6, STM32U5A5VJT6Q, STM32U5A5ZJT6, STM32U5A5ZJT6Q, STM32U5A5ZJY6QTR, STM32U5A9BJY6QTR, STM32U5A9J-DK, STM32U5A9NJH6Q, STM32U5A9VJT6Q, STM32U5A9ZJT6Q, STM32U5A9ZJY6QTR, STM32U5F7VIT6, STM32U5F7VIT6Q, STM32U5F7VJT6, STM32U5F7VJT6Q, STM32U5F9BJY6QTR, STM32U5F9NJH6Q, STM32U5F9VIT6Q, STM32U5F9VJT6Q, STM32U5F9ZIJ6QTR, STM32U5F9ZIT6Q, STM32U5F9ZJJ6QTR, STM32U5F9ZJT6Q, STM32U5G7VJT6, STM32U5G7VJT6Q, STM32U5G9BJY6QTR, STM32U5G9J-DK1, STM32U5G9J-DK2, STM32U5G9NJH6Q, STM32U5G9VJT6Q, STM32U5G9ZJJ6QTR, STM32U5G9ZJT6Q, STM32WB05KZV6TR, STM32WB05KZV7TR, STM32WB05TZF6TR, STM32WB05TZF7TR, STM32WB06CCF6TR, STM32WB06CCF7TR, STM32WB06CCV6TR, STM32WB06CCV7TR, STM32WB06KCV6TR, STM32WB06KCV7TR, STM32WB07CCF6TR, STM32WB07CCF7TR, STM32WB07CCV6TR, STM32WB07CCV7TR, STM32WB07KCV6TR, STM32WB07KCV7TR, STM32WB09KEV6TR, STM32WB09KEV7TR, STM32WB09TEF6TR, STM32WB09TEF7TR, STM32WB1MMCH6, STM32WBA50KGU6, STM32WBA50KGU6TR, STM32WBA52CEU6, STM32WBA52CEU6TR, STM32WBA52CEU7, STM32WBA52CEU7TR, STM32WBA52CGU6, STM32WBA52CGU6TR, STM32WBA52CGU6U, STM32WBA52CGU7, STM32WBA52CGU7TR, STM32WBA52KEU6, STM32WBA52KEU6TR, STM32WBA52KGU6, STM32WBA52KGU6TR, STM32WBA54CEU6, STM32WBA54CEU6TR, STM32WBA54CEU7, STM32WBA54CEU7TR, STM32WBA54CGU6, STM32WBA54CGU6TR, STM32WBA54CGU7, STM32WBA54CGU7TR, STM32WBA54KEU6, STM32WBA54KEU6TR, STM32WBA54KEU7, STM32WBA54KEU7TR, STM32WBA54KGU6, STM32WBA54KGU6TR, STM32WBA54KGU7, STM32WBA54KGU7TR, STM32WBA55CEU6, STM32WBA55CEU6TR, STM32WBA55CEU7, STM32WBA55CEU7TR, STM32WBA55CGU6, STM32WBA55CGU6TR, STM32WBA55CGU6U, STM32WBA55CGU7, STM32WBA55CGU7TR, STM32WBA55G-DK1, STM32WBA55HEF6, STM32WBA55HEF7, STM32WBA55HGF6, STM32WBA55HGF7, STM32WBA55UEI6, STM32WBA55UEI6TR, STM32WBA55UEI7, STM32WBA55UEI7TR, STM32WBA55UGI6, STM32WBA55UGI6TR, STM32WBA55UGI7, STM32WBA55UGI7TR, STM32WBA5MMGH6TR, STM32WBA62MGF6, STM32WBA62MIF6, STM32WBA65MGF7, STM32WBA65MIF6, STM32WBA65MIF7, STM32WL30K8V6, STM32WL30KBV6, STM32WL31C8V6, STM32WL31CBV6, STM32WL31K8V6, STM32WL31KBV6, STM32WL33C8V6, STM32WL33C8V6X, STM32WL33CBV6, STM32WL33CBV6X, STM32WL33CCV6, STM32WL33CCV6A, STM32WL33CCV6X, STM32WL33K8V7, STM32WL33K8V7X, STM32WL33KBV7 , STM32WL33KBV7X, STM32WL33KCV7, STM32WL33KCV7X, STM32WL5MOCH6, STM32WL5MOCH6TR]
2025-07-29 12:07:55,880 [INFO] DbMcus:218 - Found 4801 MCUs, 4801 are supported
2025-07-29 12:07:55,882 [INFO] ApiDb:423 - Load user favorites file C:\Users\kjeya/.stm32cubeide/favorites.mcus.txt: 0 item(s)
2025-07-29 12:07:55,883 [INFO] ApiDb:427 - User favorites MCUs=[]
2025-07-29 12:07:55,883 [INFO] DbMcus:224 - Set 0 / 0 favorites MCUs
2025-07-29 12:07:57,530 [INFO] ApiDb:423 - Load user favorites file C:\Users\kjeya/.stm32cubeide/favorites.boards.txt: 0 item(s)
2025-07-29 12:07:57,531 [INFO] ApiDb:427 - User favorites Boards=[]
2025-07-29 12:07:57,531 [INFO] DbBoards:198 - Set 0 / 0 favorites Boards
2025-07-29 12:07:57,643 [INFO] UtilMem:75 - End LoadConfig() Used Memory: 366814544 Bytes (1073741824)
2025-07-29 12:08:12,190 [WARN] ThirdParty:833 - waiting for thirdparty lock release [change project]
2025-07-29 12:08:12,190 [INFO] ThirdParty:835 - entering critical section [change project]
2025-07-29 12:08:12,192 [INFO] ThirdParty:1030 - CMSIS Pack Vendor :STMicroelectronics X-CUBE-PM33A1 1.0.0
2025-07-29 12:08:12,192 [INFO] ThirdParty:1030 - CMSIS Pack Vendor :STMicroelectronics USBPD 4.1
2025-07-29 12:08:12,192 [INFO] ThirdParty:1030 - CMSIS Pack Vendor :STMicroelectronics USB_HOST 2.0.0
2025-07-29 12:08:12,192 [INFO] ThirdParty:1030 - CMSIS Pack Vendor :STMicroelectronics FP-SNS-MOTENVWB1 1.4.0
2025-07-29 12:08:12,193 [INFO] ThirdParty:1030 - CMSIS Pack Vendor :STMicroelectronics X-CUBE-AZRTOS-F4 1.1.0
2025-07-29 12:08:12,193 [INFO] ThirdParty:1030 - CMSIS Pack Vendor :STMicroelectronics LIBJPEG 8.0.0
2025-07-29 12:08:12,193 [INFO] ThirdParty:1030 - CMSIS Pack Vendor :STMicroelectronics FP-ATR-ASTRA1 2.0.2
2025-07-29 12:08:12,193 [INFO] ThirdParty:1030 - CMSIS Pack Vendor :STMicroelectronics FP-ATR-ASTRA1 2.0.1
2025-07-29 12:08:12,194 [INFO] ThirdParty:1030 - CMSIS Pack Vendor :Avnet-IotConnect X-CUBE-IoTC-DA16k-PMOD 1.0.0
2025-07-29 12:08:12,194 [INFO] ThirdParty:1030 - CMSIS Pack Vendor :STMicroelectronics X-CUBE-SMBUS 2.1.0
2025-07-29 12:08:12,194 [INFO] ThirdParty:1030 - CMSIS Pack Vendor :STMicroelectronics X-CUBE-WB05N 1.1.0
2025-07-29 12:08:12,194 [INFO] ThirdParty:1030 - CMSIS Pack Vendor :STMicroelectronics X-CUBE-ISPU 2.1.0
2025-07-29 12:08:12,194 [INFO] ThirdParty:1030 - CMSIS Pack Vendor :STMicroelectronics X-CUBE-ST60 1.0.0
2025-07-29 12:08:12,194 [INFO] ThirdParty:1030 - CMSIS Pack Vendor :STMicroelectronics X-CUBE-NFC12 1.0.0
2025-07-29 12:08:12,195 [INFO] ThirdParty:1030 - CMSIS Pack Vendor :STMicroelectronics X-CUBE-AZRTOS-F7 1.1.0
2025-07-29 12:08:12,195 [INFO] ThirdParty:1030 - CMSIS Pack Vendor :STMicroelectronics X-CUBE-AZRTOS-L5 2.0.0
2025-07-29 12:08:12,195 [INFO] ThirdParty:1030 - CMSIS Pack Vendor :STMicroelectronics USB_DEVICE 2.0.0
2025-07-29 12:08:12,195 [INFO] ThirdParty:1030 - CMSIS Pack Vendor :STMicroelectronics X-CUBE-NFC6 3.1.0
2025-07-29 12:08:12,195 [INFO] ThirdParty:1030 - CMSIS Pack Vendor :STMicroelectronics FreeRTOS 0.0.1
2025-07-29 12:08:12,195 [INFO] ThirdParty:1030 - CMSIS Pack Vendor :STMicroelectronics X-CUBE-DPower 1.2.0
2025-07-29 12:08:12,196 [INFO] ThirdParty:1030 - CMSIS Pack Vendor :STMicroelectronics FP-SNS-FLIGHT1 5.0.2
2025-07-29 12:08:12,196 [INFO] ThirdParty:1030 - CMSIS Pack Vendor :Infineon AIROC-Wi-Fi-Bluetooth-STM32 1.7.0
2025-07-29 12:08:12,196 [INFO] ThirdParty:1030 - CMSIS Pack Vendor :STMicroelectronics PDM2PCM 3.3.0
2025-07-29 12:08:12,197 [INFO] ThirdParty:1030 - CMSIS Pack Vendor :STMicroelectronics X-CUBE-AZRTOS-H7 3.4.0
2025-07-29 12:08:12,197 [INFO] ThirdParty:1030 - CMSIS Pack Vendor :STMicroelectronics X-CUBE-DISPLAY 3.0.0
2025-07-29 12:08:12,197 [INFO] ThirdParty:1030 - CMSIS Pack Vendor :STMicroelectronics X-CUBE-BLE1 7.0.0
2025-07-29 12:08:12,197 [INFO] ThirdParty:1030 - CMSIS Pack Vendor :STMicroelectronics X-CUBE-NFC10 1.0.0
2025-07-29 12:08:12,197 [INFO] ThirdParty:1030 - CMSIS Pack Vendor :STMicroelectronics X-CUBE-BLEMGR 4.0.0
2025-07-29 12:08:12,198 [INFO] ThirdParty:1030 - CMSIS Pack Vendor :STMicroelectronics X-CUBE-FREERTOS 1.3.1
2025-07-29 12:08:12,198 [INFO] ThirdParty:1030 - CMSIS Pack Vendor :STMicroelectronics HAL Drivers 0.0.0
2025-07-29 12:08:12,198 [INFO] ThirdParty:1030 - CMSIS Pack Vendor :emotas I-CUBE-CANOPEN 1.3.0
2025-07-29 12:08:12,198 [INFO] ThirdParty:1030 - CMSIS Pack Vendor :STMicroelectronics X-CUBE-FREERTOS 1.3.0
2025-07-29 12:08:12,198 [INFO] ThirdParty:1030 - CMSIS Pack Vendor :STMicroelectronics X-CUBE-NFC7 1.0.1
2025-07-29 12:08:12,198 [INFO] ThirdParty:1030 - CMSIS Pack Vendor :STMicroelectronics MBEDTLS 2.14.1
2025-07-29 12:08:12,198 [INFO] ThirdParty:1030 - CMSIS Pack Vendor :STMicroelectronics X-CUBE-AI 10.0.0
2025-07-29 12:08:12,200 [INFO] ThirdParty:1030 - CMSIS Pack Vendor :STMicroelectronics FP-SNS-STAIOTCFT 1.0.0
2025-07-29 12:08:12,200 [INFO] ThirdParty:1030 - CMSIS Pack Vendor :STMicroelectronics FP-SNS-SMARTAG2 1.2.0
2025-07-29 12:08:12,200 [INFO] ThirdParty:1030 - CMSIS Pack Vendor :STMicroelectronics FP-SNS-FLIGHT1 5.1.0
2025-07-29 12:08:12,200 [INFO] ThirdParty:1030 - CMSIS Pack Vendor :STMicroelectronics X-CUBE-MEMS1 11.1.0
2025-07-29 12:08:12,201 [INFO] ThirdParty:1030 - CMSIS Pack Vendor :STMicroelectronics X-CUBE-AZRTOS-WL 2.0.0
2025-07-29 12:08:12,201 [INFO] ThirdParty:1030 - CMSIS Pack Vendor :STMicroelectronics X-CUBE-DPower 1.3.0
2025-07-29 12:08:12,201 [INFO] ThirdParty:1030 - CMSIS Pack Vendor :STMicroelectronics FP-SNS-MOTENV1 5.0.0
2025-07-29 12:08:12,201 [INFO] ThirdParty:1030 - CMSIS Pack Vendor :STMicroelectronics USB_DEVICE 1.0.0
2025-07-29 12:08:12,201 [INFO] ThirdParty:1030 - CMSIS Pack Vendor :wolfSSL I-CUBE-wolfMQTT 1.19.0
2025-07-29 12:08:12,201 [INFO] ThirdParty:1030 - CMSIS Pack Vendor :STMicroelectronics X-CUBE-AZRTOS-L4 2.0.0
2025-07-29 12:08:12,201 [INFO] ThirdParty:1030 - CMSIS Pack Vendor :STMicroelectronics ThreadX 0.0.2
2025-07-29 12:08:12,202 [INFO] ThirdParty:1030 - CMSIS Pack Vendor :WES I-CUBE-Cesium 1.3.0
2025-07-29 12:08:12,202 [INFO] ThirdParty:1030 - CMSIS Pack Vendor :STMicroelectronics lwIP 2.1.2
2025-07-29 12:08:12,202 [INFO] ThirdParty:1030 - CMSIS Pack Vendor :STMicroelectronics X-CUBE-SFXS2LP1 4.0.0
2025-07-29 12:08:12,202 [INFO] ThirdParty:1030 - CMSIS Pack Vendor :STMicroelectronics X-CUBE-BLE2 3.3.0
2025-07-29 12:08:12,202 [INFO] ThirdParty:1030 - CMSIS Pack Vendor :STMicroelectronics PDM2PCM 3.2.0
2025-07-29 12:08:12,204 [INFO] ThirdParty:1030 - CMSIS Pack Vendor :STMicroelectronics X-CUBE-AZRTOS-H7 3.3.0
2025-07-29 12:08:12,204 [INFO] ThirdParty:1030 - CMSIS Pack Vendor :STMicroelectronics X-CUBE-NFC9 1.0.0
2025-07-29 12:08:12,204 [INFO] ThirdParty:1030 - CMSIS Pack Vendor :STMicroelectronics X-CUBE-BLE1 7.1.0
2025-07-29 12:08:12,204 [INFO] ThirdParty:1030 - CMSIS Pack Vendor :STMicroelectronics USB_DEVICE 3.0.0
2025-07-29 12:08:12,205 [INFO] ThirdParty:1030 - CMSIS Pack Vendor :STMicroelectronics X-CUBE-EEPRMA1 5.2.0
2025-07-29 12:08:12,205 [INFO] ThirdParty:1030 - CMSIS Pack Vendor :STMicroelectronics X-CUBE-BLEMGR 4.1.0
2025-07-29 12:08:12,205 [INFO] ThirdParty:1030 - CMSIS Pack Vendor :STMicroelectronics X-CUBE-IPS 3.0.0
2025-07-29 12:08:12,205 [INFO] ThirdParty:1030 - CMSIS Pack Vendor :STMicroelectronics X-CUBE-AZRTOS-WB 2.0.0
2025-07-29 12:08:12,205 [INFO] ThirdParty:1030 - CMSIS Pack Vendor :STMicroelectronics X-CUBE-GNSS1 7.0.1
2025-07-29 12:08:12,205 [INFO] ThirdParty:1030 - CMSIS Pack Vendor :STMicroelectronics X-CUBE-TOUCHGFX 4.25.0
2025-07-29 12:08:12,205 [INFO] ThirdParty:1030 - CMSIS Pack Vendor :STMicroelectronics X-CUBE-AI 10.1.0
2025-07-29 12:08:12,205 [INFO] ThirdParty:1030 - CMSIS Pack Vendor :STMicroelectronics FP-SNS-STBOX1 2.0.0
2025-07-29 12:08:12,206 [INFO] ThirdParty:1030 - CMSIS Pack Vendor :STMicroelectronics X-CUBE-MEMS1 11.2.0
2025-07-29 12:08:12,206 [INFO] ThirdParty:1030 - CMSIS Pack Vendor :STMicroelectronics X-CUBE-AZRTOS-G0 1.1.0
2025-07-29 12:08:12,206 [INFO] ThirdParty:1030 - CMSIS Pack Vendor :STMicroelectronics X-CUBE-SAFEA1 1.2.2
2025-07-29 12:08:12,206 [INFO] ThirdParty:1030 - CMSIS Pack Vendor :STMicroelectronics X-CUBE-NFC4 3.0.0
2025-07-29 12:08:12,206 [INFO] ThirdParty:1030 - CMSIS Pack Vendor :STMicroelectronics X-CUBE-SUBG2 5.0.0
2025-07-29 12:08:12,206 [INFO] ThirdParty:1030 - CMSIS Pack Vendor :STMicroelectronics X-CUBE-AZRTOS-H7RS 1.1.0
2025-07-29 12:08:12,632 [INFO] ThirdParty:1030 - CMSIS Pack Vendor :STMicroelectronics STM32_WPAN 1.0.0
2025-07-29 12:08:12,632 [INFO] ThirdParty:1030 - CMSIS Pack Vendor :EmbeddedOffice I-CUBE-FS-RTOS 1.0.1
2025-07-29 12:08:12,632 [INFO] ThirdParty:1030 - CMSIS Pack Vendor :STMicroelectronics lwIP 2.0.3
2025-07-29 12:08:12,633 [INFO] ThirdParty:1030 - CMSIS Pack Vendor :Cesanta I-CUBE-Mongoose 7.13.0
2025-07-29 12:08:12,633 [INFO] ThirdParty:1030 - CMSIS Pack Vendor :STMicroelectronics USB_HOST 1.0.0
2025-07-29 12:08:12,633 [INFO] ThirdParty:1030 - CMSIS Pack Vendor :STMicroelectronics X-CUBE-AZRTOS-G4 2.0.0
2025-07-29 12:08:12,634 [INFO] ThirdParty:1030 - CMSIS Pack Vendor :STMicroelectronics X-CUBE-WB05N 2.0.0
2025-07-29 12:08:12,634 [INFO] ThirdParty:1030 - CMSIS Pack Vendor :STMicroelectronics PDM2PCM 3.1.0
2025-07-29 12:08:12,634 [INFO] ThirdParty:1030 - CMSIS Pack Vendor :STMicroelectronics X-CUBE-NFC7 2.0.0
2025-07-29 12:08:12,634 [INFO] ThirdParty:1030 - CMSIS Pack Vendor :STMicroelectronics X-CUBE-TCPP 4.2.0
2025-07-29 12:08:12,634 [INFO] ThirdParty:1030 - CMSIS Pack Vendor :RealThread X-CUBE-RT-Thread_Nano 4.1.1
2025-07-29 12:08:12,634 [INFO] ThirdParty:1030 - CMSIS Pack Vendor :STMicroelectronics FP-ATR-SIGFOX1 3.2.0
2025-07-29 12:08:12,636 [INFO] ThirdParty:1030 - CMSIS Pack Vendor :quantropi X-CUBE-qispace-sdk-base 1.9.3
2025-07-29 12:08:12,636 [INFO] ThirdParty:1030 - CMSIS Pack Vendor :STMicroelectronics X-CUBE-EEPRMA1 5.1.0
2025-07-29 12:08:12,636 [INFO] ThirdParty:1030 - CMSIS Pack Vendor :STMicroelectronics MBEDTLS 2.16.2
2025-07-29 12:08:12,636 [INFO] ThirdParty:1030 - CMSIS Pack Vendor :STMicroelectronics X-CUBE-IPS 3.1.0
2025-07-29 12:08:12,636 [INFO] ThirdParty:1030 - CMSIS Pack Vendor :STMicroelectronics X-CUBE-ALS 1.0.2
2025-07-29 12:08:12,636 [INFO] ThirdParty:1030 - CMSIS Pack Vendor :wolfSSL I-CUBE-wolfSSL 5.7.4
2025-07-29 12:08:12,636 [INFO] ThirdParty:1030 - CMSIS Pack Vendor :STMicroelectronics X-CUBE-TOUCHGFX 4.24.0
2025-07-29 12:08:12,637 [INFO] ThirdParty:1030 - CMSIS Pack Vendor :ITTIA_DB I-CUBE-ITTIADB 8.9.0
2025-07-29 12:08:12,637 [INFO] ThirdParty:1030 - CMSIS Pack Vendor :STMicroelectronics X-CUBE-TOUCHGFX 4.24.2
2025-07-29 12:08:12,637 [INFO] ThirdParty:1030 - CMSIS Pack Vendor :STMicroelectronics X-CUBE-TOUCHGFX 4.24.1
2025-07-29 12:08:12,637 [INFO] ThirdParty:1030 - CMSIS Pack Vendor :wolfSSL I-CUBE-wolfTPM 3.4.0
2025-07-29 12:08:12,637 [INFO] ThirdParty:1030 - CMSIS Pack Vendor :portGmbH I-Cube-SoM-uGOAL 1.1.0
2025-07-29 12:08:12,637 [INFO] ThirdParty:1030 - CMSIS Pack Vendor :STMicroelectronics X-CUBE-ST67W61 1.0.0
2025-07-29 12:08:12,637 [INFO] ThirdParty:1030 - CMSIS Pack Vendor :STMicroelectronics ThreadX 1.0.0
2025-07-29 12:08:12,638 [INFO] ThirdParty:1030 - CMSIS Pack Vendor :SEGGER I-CUBE-embOS 1.3.1
2025-07-29 12:08:12,638 [INFO] ThirdParty:1030 - CMSIS Pack Vendor :STMicroelectronics X-CUBE-ALGOBUILD 1.4.0
2025-07-29 12:08:12,638 [INFO] ThirdParty:1030 - CMSIS Pack Vendor :STMicroelectronics X-CUBE-MEMS1 11.3.0
2025-07-29 12:08:12,638 [INFO] ThirdParty:1030 - CMSIS Pack Vendor :STMicroelectronics X-CUBE-AZRTOS-H7RS 1.0.0
2025-07-29 12:08:12,638 [INFO] ThirdParty:1030 - CMSIS Pack Vendor :STMicroelectronics X-CUBE-TOF1 3.4.2
2025-07-29 12:08:12,638 [INFO] ThirdParty:1030 - CMSIS Pack Vendor :STMicroelectronics X-CUBE-TOF1 3.4.3
2025-07-29 12:08:12,638 [INFO] ThirdParty:1030 - CMSIS Pack Vendor :STMicroelectronics X-CUBE-AI 9.1.0
2025-07-29 12:08:12,638 [INFO] ThirdParty:1030 - CMSIS Pack Vendor :wolfSSL I-CUBE-wolfSSH 1.4.17
2025-07-29 12:08:12,639 [INFO] ThirdParty:841 - exiting critical section [change project]
2025-07-29 12:08:17,558 [INFO] PinOutPanel:1589 - setPackage(No Configuration,No Configuration)
2025-07-29 12:08:17,563 [INFO] PinOutPanel:1589 - setPackage(STM32F103C8Tx,LQFP48)
2025-07-29 12:08:18,725 [INFO] UtilMem:75 - Before build in PCC Used Memory: 370817384 Bytes (1073741824)
2025-07-29 12:08:20,576 [INFO] UtilMem:75 - After build in PCC Used Memory: 451737968 Bytes (1073741824)
2025-07-29 12:08:20,817 [INFO] ApiDbMcu:532 - Load IP Config File for FATFS
2025-07-29 12:08:20,884 [INFO] IPUIPlugin:80 - create IPUIPlugin
2025-07-29 12:08:20,884 [INFO] IPUIPlugin:80 - create IPUIPlugin
2025-07-29 12:08:20,885 [INFO] IPUIPlugin:80 - create IPUIPlugin
2025-07-29 12:08:20,885 [INFO] IPUIPlugin:80 - create IPUIPlugin
2025-07-29 12:08:20,886 [INFO] IPUIPlugin:80 - create IPUIPlugin
2025-07-29 12:08:20,886 [INFO] IPUIPlugin:80 - create IPUIPlugin
2025-07-29 12:08:20,886 [INFO] IPUIPlugin:80 - create IPUIPlugin
2025-07-29 12:08:20,888 [INFO] IPUIPlugin:80 - create IPUIPlugin
2025-07-29 12:08:20,888 [INFO] IPUIPlugin:80 - create IPUIPlugin
2025-07-29 12:08:20,888 [INFO] IPUIPlugin:80 - create IPUIPlugin
2025-07-29 12:08:20,889 [INFO] IPUIPlugin:80 - create IPUIPlugin
2025-07-29 12:08:20,890 [INFO] IPUIPlugin:80 - create IPUIPlugin
2025-07-29 12:08:20,890 [INFO] IPUIPlugin:80 - create IPUIPlugin
2025-07-29 12:08:20,890 [INFO] IPUIPlugin:80 - create IPUIPlugin
2025-07-29 12:08:20,891 [INFO] IPUIPlugin:80 - create IPUIPlugin
2025-07-29 12:08:20,891 [INFO] IPUIPlugin:80 - create IPUIPlugin
2025-07-29 12:08:20,892 [INFO] IPUIPlugin:80 - create IPUIPlugin
2025-07-29 12:08:20,892 [INFO] IPUIPlugin:80 - create IPUIPlugin
2025-07-29 12:08:20,893 [INFO] IPUIPlugin:80 - create IPUIPlugin
2025-07-29 12:08:20,893 [INFO] IPUIPlugin:80 - create IPUIPlugin
2025-07-29 12:08:20,893 [INFO] IPUIPlugin:80 - create IPUIPlugin
2025-07-29 12:08:20,896 [INFO] IPUIPlugin:80 - create IPUIPlugin
2025-07-29 12:08:20,896 [INFO] IPUIPlugin:80 - create IPUIPlugin
2025-07-29 12:08:20,896 [INFO] IPUIPlugin:80 - create IPUIPlugin
2025-07-29 12:08:20,897 [INFO] IPUIPlugin:80 - create IPUIPlugin
2025-07-29 12:08:20,897 [INFO] IPUIPlugin:80 - create IPUIPlugin
2025-07-29 12:08:20,897 [INFO] IPUIPlugin:80 - create IPUIPlugin
2025-07-29 12:08:21,642 [INFO] CADModel:165 - CPN selected for project levelSTM32F103C8T6
2025-07-29 12:08:21,642 [INFO] CADModel:114 - Register for checkConnection events
2025-07-29 12:08:21,740 [INFO] OpenFileManager:386 - Restore cursor
2025-07-29 12:37:04,131 [INFO] MainUpdater:2872 - connection check result : 10
2025-07-29 12:37:04,135 [INFO] MainUpdater:2872 - connection check result : 10
2025-07-29 12:37:04,238 [INFO] MicroXplorer:468 - Change Database Path : 
2025-07-29 12:37:04,239 [INFO] MicroXplorer:498 - Change Database Version : DB.6.0.150
2025-07-29 12:37:04,354 [ERROR] ProjectManagerView:395 - 
java.lang.NullPointerException: Cannot invoke "javax.swing.JTextField.getText()" because the return value of "java.util.List.get(int)" is null
	at com.st.microxplorer.plugins.projectmanager.gui.ProjectChoiceTab$9.caretUpdate(ProjectChoiceTab.java:2706) ~[filemanager.jar:?]
	at javax.swing.text.JTextComponent.fireCaretUpdate(JTextComponent.java:408) ~[?:?]
	at javax.swing.text.JTextComponent$MutableCaretEvent.fire(JTextComponent.java:4484) ~[?:?]
	at javax.swing.text.JTextComponent$MutableCaretEvent.stateChanged(JTextComponent.java:4506) ~[?:?]
	at javax.swing.text.DefaultCaret.fireStateChanged(DefaultCaret.java:857) ~[?:?]
	at javax.swing.text.DefaultCaret.changeCaretPosition(DefaultCaret.java:1343) ~[?:?]
	at javax.swing.text.DefaultCaret.handleSetDot(DefaultCaret.java:1242) ~[?:?]
	at javax.swing.text.DefaultCaret.setDot(DefaultCaret.java:1223) ~[?:?]
	at javax.swing.text.DefaultCaret$Handler.insertUpdate(DefaultCaret.java:1819) ~[?:?]
	at javax.swing.text.AbstractDocument.fireInsertUpdate(AbstractDocument.java:227) ~[?:?]
	at javax.swing.text.AbstractDocument.handleInsertString(AbstractDocument.java:781) ~[?:?]
	at javax.swing.text.AbstractDocument.insertString(AbstractDocument.java:740) ~[?:?]
	at javax.swing.text.PlainDocument.insertString(PlainDocument.java:131) ~[?:?]
	at javax.swing.text.AbstractDocument.replace(AbstractDocument.java:699) ~[?:?]
	at javax.swing.text.JTextComponent.setText(JTextComponent.java:1725) ~[?:?]
	at com.st.microxplorer.plugins.projectmanager.gui.ProjectChoiceTab.createHeapStackFields(ProjectChoiceTab.java:993) ~[filemanager.jar:?]
	at com.st.microxplorer.plugins.projectmanager.gui.ProjectChoiceTab.buildLinkSettingsPanel(ProjectChoiceTab.java:3813) ~[filemanager.jar:?]
	at com.st.microxplorer.plugins.projectmanager.gui.ProjectChoiceTab.defineWindowsFields(ProjectChoiceTab.java:1987) ~[filemanager.jar:?]
	at com.st.microxplorer.plugins.projectmanager.gui.ProjectChoiceTab.updateSettings(ProjectChoiceTab.java:558) ~[filemanager.jar:?]
	at com.st.microxplorer.plugins.projectmanager.gui.ProjectSettingsPanel.UpdateDialog(ProjectSettingsPanel.java:247) ~[filemanager.jar:?]
	at com.st.microxplorer.plugins.projectmanager.ProjectManagerView.propertyChange(ProjectManagerView.java:392) ~[filemanager.jar:?]
	at java.beans.PropertyChangeSupport.fire(PropertyChangeSupport.java:343) ~[?:?]
	at java.beans.PropertyChangeSupport.firePropertyChange(PropertyChangeSupport.java:335) ~[?:?]
	at java.beans.PropertyChangeSupport.firePropertyChange(PropertyChangeSupport.java:268) ~[?:?]
	at com.st.microxplorer.util.MXPropertyChangeSupport.firePropertyChange(MXPropertyChangeSupport.java:54) ~[STM32CubeMX.jar:?]
	at com.st.microxplorer.mxsystem.MxSystem.closeConfig(MxSystem.java:899) ~[STM32CubeMX.jar:?]
	at com.st.microxplorer.maingui.MainPanel.closeConfig(MainPanel.java:792) ~[STM32CubeMX.jar:?]
	at com.st.microxplorer.plugins.filemanager.engine.OpenFileManager.loadConfigurationFile(OpenFileManager.java:288) ~[filemanager.jar:?]
	at com.st.microxplorer.plugins.filemanager.engine.MainFileManager.userLoadConfig(MainFileManager.java:364) ~[filemanager.jar:?]
	at com.st.microxplorer.plugins.filemanager.engine.MainFileManager.userLoadConfig(MainFileManager.java:342) ~[filemanager.jar:?]
	at com.st.microxplorer.plugins.filemanager.FileManagerView.getSpecificTask(FileManagerView.java:264) ~[filemanager.jar:?]
	at com.st.stm32cube.common.mx.editor.CubeMxEditor.getMxTabbedPaneInstance(CubeMxEditor.java:1198) ~[com.st.stm32cube.common.mx_6.15.0.202507011659/:?]
	at com.st.stm32cube.common.mx.editor.CubeMxEditor$12$1.createSwingComponent(CubeMxEditor.java:1068) ~[com.st.stm32cube.common.mx_6.15.0.202507011659/:?]
	at com.st.stm32cube.common.mx.oss.core.awtswtbridge.EmbeddedSwingComposite.doComponentCreation(EmbeddedSwingComposite.java:492) ~[com.st.stm32cube.common.mx.oss_6.15.0.202507011659/:?]
	at com.st.stm32cube.common.mx.oss.core.awtswtbridge.EmbeddedSwingComposite$4.run(EmbeddedSwingComposite.java:291) ~[com.st.stm32cube.common.mx.oss_6.15.0.202507011659/:?]
	at com.st.stm32cube.common.mx.oss.core.awtswtbridge.AwtEnvironment$2.run(AwtEnvironment.java:166) ~[com.st.stm32cube.common.mx.oss_6.15.0.202507011659/:?]
	at java.awt.event.InvocationEvent.dispatch(InvocationEvent.java:318) ~[?:?]
	at java.awt.EventQueue.dispatchEventImpl(EventQueue.java:773) ~[?:?]
	at java.awt.EventQueue$4.run(EventQueue.java:720) ~[?:?]
	at java.awt.EventQueue$4.run(EventQueue.java:714) ~[?:?]
	at java.security.AccessController.doPrivileged(AccessController.java:400) ~[?:?]
	at java.security.ProtectionDomain$JavaSecurityAccessImpl.doIntersectionPrivilege(ProtectionDomain.java:87) ~[?:?]
	at java.awt.EventQueue.dispatchEvent(EventQueue.java:742) ~[?:?]
	at java.awt.EventDispatchThread.pumpOneEventForFilters(EventDispatchThread.java:203) ~[?:?]
	at java.awt.EventDispatchThread.pumpEventsForFilter(EventDispatchThread.java:124) ~[?:?]
	at java.awt.EventDispatchThread.pumpEventsForHierarchy(EventDispatchThread.java:113) ~[?:?]
	at java.awt.EventDispatchThread.pumpEvents(EventDispatchThread.java:109) ~[?:?]
	at java.awt.EventDispatchThread.pumpEvents(EventDispatchThread.java:101) ~[?:?]
	at java.awt.EventDispatchThread.run(EventDispatchThread.java:90) ~[?:?]
2025-07-29 12:37:04,385 [WARN] ThirdParty:871 - waiting for thirdparty lock release [close project]
2025-07-29 12:37:04,385 [INFO] ThirdParty:873 - entering critical section [close project]
2025-07-29 12:37:04,385 [INFO] ThirdParty:883 - exiting critical section [close project]
2025-07-29 12:37:04,395 [INFO] PinOutPanel:1589 - setPackage(No Configuration,No Configuration)
2025-07-29 12:37:04,429 [INFO] UtilMem:75 - Begin LoadConfig() Used Memory: 781575328 Bytes (1073741824)
2025-07-29 12:37:04,434 [INFO] MicroXplorer:468 - Change Database Path : 
2025-07-29 12:37:04,434 [INFO] MicroXplorer:498 - Change Database Version : DB.6.0.150
2025-07-29 12:37:04,435 [INFO] OpenFileManager:355 - Change cursor
2025-07-29 12:37:04,491 [INFO] Mcu:2029 - Initializing MCU STM32F446R(C-E)Tx STM32F446RETx STM32F446RET6
2025-07-29 12:37:07,242 [INFO] Context:786 - Trying to add GPIOservice into a context  which must be forbidden
2025-07-29 12:37:08,139 [INFO] ImportTextPane:234 - (OptionalMessage_ERROR) Pin29 (VP_RIF_VS_RIF1) cannot be retrieved for this MCU
2025-07-29 12:37:08,225 [INFO] RtosManager:558 - Registered RTOS mode: class=CMSIS, group=RTOS, mode=CMSIS_V1, owner=FREERTOS
2025-07-29 12:37:08,225 [INFO] RtosManager:558 - Registered RTOS mode: class=CMSIS, group=RTOS2, mode=CMSIS_V2, owner=FREERTOS
2025-07-29 12:37:08,225 [INFO] RtosManager:558 - Registered RTOS mode: class=RTOS, group=Core, mode=CMSIS_V1, owner=FREERTOS
2025-07-29 12:37:08,226 [INFO] RtosManager:558 - Registered RTOS mode: class=RTOS, group=Core, mode=CMSIS_V2, owner=FREERTOS
2025-07-29 12:37:08,226 [WARN] ModelIntegratedComponent:184 - Missing modes for component STMicroelectronics:FreeRTOS:0.0.1:STMicroelectronics:RTOS:FreeRTOS:Core:::10.2.0:
2025-07-29 12:37:08,265 [WARN] ModelIntegratedComponent:63 - No mode defined for component null
2025-07-29 12:37:08,265 [WARN] ModelIntegratedComponent:63 - No mode defined for component null
2025-07-29 12:37:08,265 [WARN] ModelIntegratedComponent:63 - No mode defined for component null
2025-07-29 12:37:08,265 [WARN] ModelIntegratedComponent:63 - No mode defined for component null
2025-07-29 12:37:08,265 [WARN] ModelIntegratedComponent:63 - No mode defined for component null
2025-07-29 12:37:08,265 [WARN] ModelIntegratedComponent:63 - No mode defined for component null
2025-07-29 12:37:08,266 [WARN] ModelIntegratedComponent:63 - No mode defined for component null
2025-07-29 12:37:08,266 [WARN] ModelIntegratedComponent:63 - No mode defined for component null
2025-07-29 12:37:08,266 [WARN] ModelIntegratedComponent:63 - No mode defined for component null
2025-07-29 12:37:08,266 [WARN] ModelIntegratedComponent:63 - No mode defined for component null
2025-07-29 12:37:08,266 [WARN] ModelIntegratedComponent:63 - No mode defined for component null
2025-07-29 12:37:08,266 [WARN] ModelIntegratedComponent:63 - No mode defined for component null
2025-07-29 12:37:08,267 [WARN] ModelIntegratedComponent:63 - No mode defined for component null
2025-07-29 12:37:08,267 [WARN] ModelIntegratedComponent:63 - No mode defined for component null
2025-07-29 12:37:08,267 [WARN] ModelIntegratedComponent:63 - No mode defined for component null
2025-07-29 12:37:08,267 [WARN] ModelIntegratedComponent:63 - No mode defined for component null
2025-07-29 12:37:08,267 [WARN] ModelIntegratedComponent:63 - No mode defined for component null
2025-07-29 12:37:08,267 [WARN] ModelIntegratedComponent:63 - No mode defined for component null
2025-07-29 12:37:08,267 [WARN] ModelIntegratedComponent:63 - No mode defined for component null
2025-07-29 12:37:08,267 [WARN] ModelIntegratedComponent:63 - No mode defined for component null
2025-07-29 12:37:08,268 [WARN] ModelIntegratedComponent:63 - No mode defined for component null
2025-07-29 12:37:08,268 [WARN] ModelIntegratedComponent:63 - No mode defined for component null
2025-07-29 12:37:08,268 [WARN] ModelIntegratedComponent:63 - No mode defined for component null
2025-07-29 12:37:08,268 [WARN] ModelIntegratedComponent:63 - No mode defined for component null
2025-07-29 12:37:08,268 [WARN] ModelIntegratedComponent:63 - No mode defined for component null
2025-07-29 12:37:08,268 [WARN] ModelIntegratedComponent:63 - No mode defined for component null
2025-07-29 12:37:08,268 [WARN] ModelIntegratedComponent:63 - No mode defined for component null
2025-07-29 12:37:08,268 [WARN] ModelIntegratedComponent:63 - No mode defined for component null
2025-07-29 12:37:08,268 [WARN] ModelIntegratedComponent:63 - No mode defined for component null
2025-07-29 12:37:08,268 [WARN] ModelIntegratedComponent:63 - No mode defined for component null
2025-07-29 12:37:08,269 [WARN] ModelIntegratedComponent:63 - No mode defined for component null
2025-07-29 12:37:08,269 [WARN] ModelIntegratedComponent:63 - No mode defined for component null
2025-07-29 12:37:08,269 [WARN] ModelIntegratedComponent:63 - No mode defined for component null
2025-07-29 12:37:08,269 [WARN] ModelIntegratedComponent:63 - No mode defined for component null
2025-07-29 12:37:08,269 [WARN] ModelIntegratedComponent:63 - No mode defined for component null
2025-07-29 12:37:08,269 [WARN] ModelPack:524 - Component already loaded: STMicroelectronics:HAL Drivers:0.0.0:STMicroelectronics:Device:STMicro_Driver:XSPI:HAL::0.0.1:HAL_XSPI
2025-07-29 12:37:08,788 [INFO] ThirdPartyModel:298 - Start build external matchings
2025-07-29 12:37:10,145 [INFO] ThirdPartyModel:316 - End build external matchings
2025-07-29 12:37:10,802 [INFO] UtilMem:75 - End LoadConfig() Used Memory: 479683984 Bytes (1073741824)
2025-07-29 12:37:11,153 [WARN] ThirdParty:833 - waiting for thirdparty lock release [change project]
2025-07-29 12:37:11,154 [INFO] ThirdParty:835 - entering critical section [change project]
2025-07-29 12:37:11,154 [INFO] ThirdParty:1030 - CMSIS Pack Vendor :STMicroelectronics X-CUBE-PM33A1 1.0.0
2025-07-29 12:37:11,154 [INFO] ThirdParty:1030 - CMSIS Pack Vendor :STMicroelectronics USBPD 4.1
2025-07-29 12:37:11,154 [INFO] ThirdParty:1030 - CMSIS Pack Vendor :STMicroelectronics USB_HOST 2.0.0
2025-07-29 12:37:11,154 [INFO] ThirdParty:1030 - CMSIS Pack Vendor :STMicroelectronics FP-SNS-MOTENVWB1 1.4.0
2025-07-29 12:37:11,154 [INFO] ThirdParty:1030 - CMSIS Pack Vendor :STMicroelectronics X-CUBE-AZRTOS-F4 1.1.0
2025-07-29 12:37:11,154 [INFO] ThirdParty:1030 - CMSIS Pack Vendor :STMicroelectronics LIBJPEG 8.0.0
2025-07-29 12:37:11,154 [INFO] ThirdParty:1030 - CMSIS Pack Vendor :STMicroelectronics FP-ATR-ASTRA1 2.0.2
2025-07-29 12:37:11,155 [INFO] ThirdParty:1030 - CMSIS Pack Vendor :STMicroelectronics FP-ATR-ASTRA1 2.0.1
2025-07-29 12:37:11,155 [INFO] ThirdParty:1030 - CMSIS Pack Vendor :Avnet-IotConnect X-CUBE-IoTC-DA16k-PMOD 1.0.0
2025-07-29 12:37:11,155 [INFO] ThirdParty:1030 - CMSIS Pack Vendor :STMicroelectronics X-CUBE-SMBUS 2.1.0
2025-07-29 12:37:11,155 [INFO] ThirdParty:1030 - CMSIS Pack Vendor :STMicroelectronics X-CUBE-WB05N 1.1.0
2025-07-29 12:37:11,155 [INFO] ThirdParty:1030 - CMSIS Pack Vendor :STMicroelectronics X-CUBE-ISPU 2.1.0
2025-07-29 12:37:11,155 [INFO] ThirdParty:1030 - CMSIS Pack Vendor :STMicroelectronics X-CUBE-ST60 1.0.0
2025-07-29 12:37:11,155 [INFO] ThirdParty:1030 - CMSIS Pack Vendor :STMicroelectronics X-CUBE-NFC12 1.0.0
2025-07-29 12:37:11,155 [INFO] ThirdParty:1030 - CMSIS Pack Vendor :STMicroelectronics X-CUBE-AZRTOS-F7 1.1.0
2025-07-29 12:37:11,155 [INFO] ThirdParty:1030 - CMSIS Pack Vendor :STMicroelectronics X-CUBE-AZRTOS-L5 2.0.0
2025-07-29 12:37:11,155 [INFO] ThirdParty:1030 - CMSIS Pack Vendor :STMicroelectronics USB_DEVICE 2.0.0
2025-07-29 12:37:11,155 [INFO] ThirdParty:1030 - CMSIS Pack Vendor :STMicroelectronics X-CUBE-NFC6 3.1.0
2025-07-29 12:37:11,155 [INFO] ThirdParty:1030 - CMSIS Pack Vendor :STMicroelectronics FreeRTOS 0.0.1
2025-07-29 12:37:11,155 [INFO] ThirdParty:1030 - CMSIS Pack Vendor :STMicroelectronics X-CUBE-DPower 1.2.0
2025-07-29 12:37:11,155 [INFO] ThirdParty:1030 - CMSIS Pack Vendor :STMicroelectronics FP-SNS-FLIGHT1 5.0.2
2025-07-29 12:37:11,155 [INFO] ThirdParty:1030 - CMSIS Pack Vendor :Infineon AIROC-Wi-Fi-Bluetooth-STM32 1.7.0
2025-07-29 12:37:11,155 [INFO] ThirdParty:1030 - CMSIS Pack Vendor :STMicroelectronics PDM2PCM 3.3.0
2025-07-29 12:37:11,155 [INFO] ThirdParty:1030 - CMSIS Pack Vendor :STMicroelectronics X-CUBE-AZRTOS-H7 3.4.0
2025-07-29 12:37:11,155 [INFO] ThirdParty:1030 - CMSIS Pack Vendor :STMicroelectronics X-CUBE-DISPLAY 3.0.0
2025-07-29 12:37:11,155 [INFO] ThirdParty:1030 - CMSIS Pack Vendor :STMicroelectronics X-CUBE-BLE1 7.0.0
2025-07-29 12:37:11,155 [INFO] ThirdParty:1030 - CMSIS Pack Vendor :STMicroelectronics X-CUBE-NFC10 1.0.0
2025-07-29 12:37:11,155 [INFO] ThirdParty:1030 - CMSIS Pack Vendor :STMicroelectronics X-CUBE-BLEMGR 4.0.0
2025-07-29 12:37:11,155 [INFO] ThirdParty:1030 - CMSIS Pack Vendor :STMicroelectronics X-CUBE-FREERTOS 1.3.1
2025-07-29 12:37:11,155 [INFO] ThirdParty:1030 - CMSIS Pack Vendor :STMicroelectronics HAL Drivers 0.0.0
2025-07-29 12:37:11,155 [INFO] ThirdParty:1030 - CMSIS Pack Vendor :emotas I-CUBE-CANOPEN 1.3.0
2025-07-29 12:37:11,155 [INFO] ThirdParty:1030 - CMSIS Pack Vendor :STMicroelectronics X-CUBE-FREERTOS 1.3.0
2025-07-29 12:37:11,155 [INFO] ThirdParty:1030 - CMSIS Pack Vendor :STMicroelectronics X-CUBE-NFC7 1.0.1
2025-07-29 12:37:11,156 [INFO] ThirdParty:1030 - CMSIS Pack Vendor :STMicroelectronics MBEDTLS 2.14.1
2025-07-29 12:37:11,156 [INFO] ThirdParty:1030 - CMSIS Pack Vendor :STMicroelectronics X-CUBE-AI 10.0.0
2025-07-29 12:37:11,156 [INFO] ThirdParty:1030 - CMSIS Pack Vendor :STMicroelectronics FP-SNS-STAIOTCFT 1.0.0
2025-07-29 12:37:11,156 [INFO] ThirdParty:1030 - CMSIS Pack Vendor :STMicroelectronics FP-SNS-SMARTAG2 1.2.0
2025-07-29 12:37:11,156 [INFO] ThirdParty:1030 - CMSIS Pack Vendor :STMicroelectronics FP-SNS-FLIGHT1 5.1.0
2025-07-29 12:37:11,156 [INFO] ThirdParty:1030 - CMSIS Pack Vendor :STMicroelectronics X-CUBE-MEMS1 11.1.0
2025-07-29 12:37:11,156 [INFO] ThirdParty:1030 - CMSIS Pack Vendor :STMicroelectronics X-CUBE-AZRTOS-WL 2.0.0
2025-07-29 12:37:11,156 [INFO] ThirdParty:1030 - CMSIS Pack Vendor :STMicroelectronics X-CUBE-DPower 1.3.0
2025-07-29 12:37:11,156 [INFO] ThirdParty:1030 - CMSIS Pack Vendor :STMicroelectronics FP-SNS-MOTENV1 5.0.0
2025-07-29 12:37:11,156 [INFO] ThirdParty:1030 - CMSIS Pack Vendor :STMicroelectronics USB_DEVICE 1.0.0
2025-07-29 12:37:11,156 [INFO] ThirdParty:1030 - CMSIS Pack Vendor :wolfSSL I-CUBE-wolfMQTT 1.19.0
2025-07-29 12:37:11,156 [INFO] ThirdParty:1030 - CMSIS Pack Vendor :STMicroelectronics X-CUBE-AZRTOS-L4 2.0.0
2025-07-29 12:37:11,156 [INFO] ThirdParty:1030 - CMSIS Pack Vendor :STMicroelectronics ThreadX 0.0.2
2025-07-29 12:37:11,156 [INFO] ThirdParty:1030 - CMSIS Pack Vendor :WES I-CUBE-Cesium 1.3.0
2025-07-29 12:37:11,156 [INFO] ThirdParty:1030 - CMSIS Pack Vendor :STMicroelectronics lwIP 2.1.2
2025-07-29 12:37:11,156 [INFO] ThirdParty:1030 - CMSIS Pack Vendor :STMicroelectronics X-CUBE-SFXS2LP1 4.0.0
2025-07-29 12:37:11,157 [INFO] ThirdParty:1030 - CMSIS Pack Vendor :STMicroelectronics X-CUBE-BLE2 3.3.0
2025-07-29 12:37:11,157 [INFO] ThirdParty:1030 - CMSIS Pack Vendor :STMicroelectronics PDM2PCM 3.2.0
2025-07-29 12:37:11,157 [INFO] ThirdParty:1030 - CMSIS Pack Vendor :STMicroelectronics X-CUBE-AZRTOS-H7 3.3.0
2025-07-29 12:37:11,157 [INFO] ThirdParty:1030 - CMSIS Pack Vendor :STMicroelectronics X-CUBE-NFC9 1.0.0
2025-07-29 12:37:11,157 [INFO] ThirdParty:1030 - CMSIS Pack Vendor :STMicroelectronics X-CUBE-BLE1 7.1.0
2025-07-29 12:37:11,157 [INFO] ThirdParty:1030 - CMSIS Pack Vendor :STMicroelectronics USB_DEVICE 3.0.0
2025-07-29 12:37:11,157 [INFO] ThirdParty:1030 - CMSIS Pack Vendor :STMicroelectronics X-CUBE-EEPRMA1 5.2.0
2025-07-29 12:37:11,157 [INFO] ThirdParty:1030 - CMSIS Pack Vendor :STMicroelectronics X-CUBE-BLEMGR 4.1.0
2025-07-29 12:37:11,157 [INFO] ThirdParty:1030 - CMSIS Pack Vendor :STMicroelectronics X-CUBE-IPS 3.0.0
2025-07-29 12:37:11,157 [INFO] ThirdParty:1030 - CMSIS Pack Vendor :STMicroelectronics X-CUBE-AZRTOS-WB 2.0.0
2025-07-29 12:37:11,157 [INFO] ThirdParty:1030 - CMSIS Pack Vendor :STMicroelectronics X-CUBE-GNSS1 7.0.1
2025-07-29 12:37:11,157 [INFO] ThirdParty:1030 - CMSIS Pack Vendor :STMicroelectronics X-CUBE-TOUCHGFX 4.25.0
2025-07-29 12:37:11,157 [INFO] ThirdParty:1030 - CMSIS Pack Vendor :STMicroelectronics X-CUBE-AI 10.1.0
2025-07-29 12:37:11,157 [INFO] ThirdParty:1030 - CMSIS Pack Vendor :STMicroelectronics FP-SNS-STBOX1 2.0.0
2025-07-29 12:37:11,157 [INFO] ThirdParty:1030 - CMSIS Pack Vendor :STMicroelectronics X-CUBE-MEMS1 11.2.0
2025-07-29 12:37:11,157 [INFO] ThirdParty:1030 - CMSIS Pack Vendor :STMicroelectronics X-CUBE-AZRTOS-G0 1.1.0
2025-07-29 12:37:11,157 [INFO] ThirdParty:1030 - CMSIS Pack Vendor :STMicroelectronics X-CUBE-SAFEA1 1.2.2
2025-07-29 12:37:11,157 [INFO] ThirdParty:1030 - CMSIS Pack Vendor :STMicroelectronics X-CUBE-NFC4 3.0.0
2025-07-29 12:37:11,158 [INFO] ThirdParty:1030 - CMSIS Pack Vendor :STMicroelectronics X-CUBE-SUBG2 5.0.0
2025-07-29 12:37:11,158 [INFO] ThirdParty:1030 - CMSIS Pack Vendor :STMicroelectronics X-CUBE-AZRTOS-H7RS 1.1.0
2025-07-29 12:37:11,158 [INFO] ThirdParty:1030 - CMSIS Pack Vendor :STMicroelectronics STM32_WPAN 1.0.0
2025-07-29 12:37:11,158 [INFO] ThirdParty:1030 - CMSIS Pack Vendor :EmbeddedOffice I-CUBE-FS-RTOS 1.0.1
2025-07-29 12:37:11,158 [INFO] ThirdParty:1030 - CMSIS Pack Vendor :STMicroelectronics lwIP 2.0.3
2025-07-29 12:37:11,158 [INFO] ThirdParty:1030 - CMSIS Pack Vendor :Cesanta I-CUBE-Mongoose 7.13.0
2025-07-29 12:37:11,158 [INFO] ThirdParty:1030 - CMSIS Pack Vendor :STMicroelectronics USB_HOST 1.0.0
2025-07-29 12:37:11,158 [INFO] ThirdParty:1030 - CMSIS Pack Vendor :STMicroelectronics X-CUBE-AZRTOS-G4 2.0.0
2025-07-29 12:37:11,158 [INFO] ThirdParty:1030 - CMSIS Pack Vendor :STMicroelectronics X-CUBE-WB05N 2.0.0
2025-07-29 12:37:11,158 [INFO] ThirdParty:1030 - CMSIS Pack Vendor :STMicroelectronics PDM2PCM 3.1.0
2025-07-29 12:37:11,158 [INFO] ThirdParty:1030 - CMSIS Pack Vendor :STMicroelectronics X-CUBE-NFC7 2.0.0
2025-07-29 12:37:11,158 [INFO] ThirdParty:1030 - CMSIS Pack Vendor :STMicroelectronics X-CUBE-TCPP 4.2.0
2025-07-29 12:37:11,158 [INFO] ThirdParty:1030 - CMSIS Pack Vendor :RealThread X-CUBE-RT-Thread_Nano 4.1.1
2025-07-29 12:37:11,158 [INFO] ThirdParty:1030 - CMSIS Pack Vendor :STMicroelectronics FP-ATR-SIGFOX1 3.2.0
2025-07-29 12:37:11,158 [INFO] ThirdParty:1030 - CMSIS Pack Vendor :quantropi X-CUBE-qispace-sdk-base 1.9.3
2025-07-29 12:37:11,158 [INFO] ThirdParty:1030 - CMSIS Pack Vendor :STMicroelectronics X-CUBE-EEPRMA1 5.1.0
2025-07-29 12:37:11,158 [INFO] ThirdParty:1030 - CMSIS Pack Vendor :STMicroelectronics MBEDTLS 2.16.2
2025-07-29 12:37:11,158 [INFO] ThirdParty:1030 - CMSIS Pack Vendor :STMicroelectronics X-CUBE-IPS 3.1.0
2025-07-29 12:37:11,158 [INFO] ThirdParty:1030 - CMSIS Pack Vendor :STMicroelectronics X-CUBE-ALS 1.0.2
2025-07-29 12:37:11,159 [INFO] ThirdParty:1030 - CMSIS Pack Vendor :wolfSSL I-CUBE-wolfSSL 5.7.4
2025-07-29 12:37:11,159 [INFO] ThirdParty:1030 - CMSIS Pack Vendor :STMicroelectronics X-CUBE-TOUCHGFX 4.24.0
2025-07-29 12:37:11,159 [INFO] ThirdParty:1030 - CMSIS Pack Vendor :ITTIA_DB I-CUBE-ITTIADB 8.9.0
2025-07-29 12:37:11,159 [INFO] ThirdParty:1030 - CMSIS Pack Vendor :STMicroelectronics X-CUBE-TOUCHGFX 4.24.2
2025-07-29 12:37:11,159 [INFO] ThirdParty:1030 - CMSIS Pack Vendor :STMicroelectronics X-CUBE-TOUCHGFX 4.24.1
2025-07-29 12:37:11,159 [INFO] ThirdParty:1030 - CMSIS Pack Vendor :wolfSSL I-CUBE-wolfTPM 3.4.0
2025-07-29 12:37:11,159 [INFO] ThirdParty:1030 - CMSIS Pack Vendor :portGmbH I-Cube-SoM-uGOAL 1.1.0
2025-07-29 12:37:11,159 [INFO] ThirdParty:1030 - CMSIS Pack Vendor :STMicroelectronics X-CUBE-ST67W61 1.0.0
2025-07-29 12:37:11,161 [INFO] ThirdParty:1030 - CMSIS Pack Vendor :STMicroelectronics ThreadX 1.0.0
2025-07-29 12:37:11,161 [INFO] ThirdParty:1030 - CMSIS Pack Vendor :SEGGER I-CUBE-embOS 1.3.1
2025-07-29 12:37:11,161 [INFO] ThirdParty:1030 - CMSIS Pack Vendor :STMicroelectronics X-CUBE-ALGOBUILD 1.4.0
2025-07-29 12:37:11,161 [INFO] ThirdParty:1030 - CMSIS Pack Vendor :STMicroelectronics X-CUBE-MEMS1 11.3.0
2025-07-29 12:37:11,161 [INFO] ThirdParty:1030 - CMSIS Pack Vendor :STMicroelectronics X-CUBE-AZRTOS-H7RS 1.0.0
2025-07-29 12:37:11,162 [INFO] ThirdParty:1030 - CMSIS Pack Vendor :STMicroelectronics X-CUBE-TOF1 3.4.2
2025-07-29 12:37:11,162 [INFO] ThirdParty:1030 - CMSIS Pack Vendor :STMicroelectronics X-CUBE-TOF1 3.4.3
2025-07-29 12:37:11,162 [INFO] ThirdParty:1030 - CMSIS Pack Vendor :STMicroelectronics X-CUBE-AI 9.1.0
2025-07-29 12:37:11,162 [INFO] ThirdParty:1030 - CMSIS Pack Vendor :wolfSSL I-CUBE-wolfSSH 1.4.17
2025-07-29 12:37:11,162 [INFO] ThirdParty:841 - exiting critical section [change project]
2025-07-29 12:37:11,852 [INFO] PinOutPanel:1589 - setPackage(No Configuration,No Configuration)
2025-07-29 12:37:11,862 [INFO] PinOutPanel:1589 - setPackage(STM32F446RETx,LQFP64)
2025-07-29 12:37:12,729 [INFO] UtilMem:75 - Before build in PCC Used Memory: 658986472 Bytes (1073741824)
2025-07-29 12:37:13,347 [INFO] UtilMem:75 - After build in PCC Used Memory: 710888936 Bytes (1073741824)
2025-07-29 12:37:13,410 [INFO] IPUIPlugin:80 - create IPUIPlugin
2025-07-29 12:37:13,411 [INFO] IPUIPlugin:80 - create IPUIPlugin
2025-07-29 12:37:13,411 [INFO] IPUIPlugin:80 - create IPUIPlugin
2025-07-29 12:37:13,411 [INFO] IPUIPlugin:80 - create IPUIPlugin
2025-07-29 12:37:13,412 [INFO] IPUIPlugin:80 - create IPUIPlugin
2025-07-29 12:37:13,412 [INFO] IPUIPlugin:80 - create IPUIPlugin
2025-07-29 12:37:13,412 [INFO] IPUIPlugin:80 - create IPUIPlugin
2025-07-29 12:37:13,412 [INFO] IPUIPlugin:80 - create IPUIPlugin
2025-07-29 12:37:13,412 [INFO] IPUIPlugin:80 - create IPUIPlugin
2025-07-29 12:37:13,412 [INFO] IPUIPlugin:80 - create IPUIPlugin
2025-07-29 12:37:13,412 [INFO] IPUIPlugin:80 - create IPUIPlugin
2025-07-29 12:37:13,413 [INFO] IPUIPlugin:80 - create IPUIPlugin
2025-07-29 12:37:13,413 [INFO] IPUIPlugin:80 - create IPUIPlugin
2025-07-29 12:37:13,414 [INFO] IPUIPlugin:80 - create IPUIPlugin
2025-07-29 12:37:13,414 [INFO] IPUIPlugin:80 - create IPUIPlugin
2025-07-29 12:37:13,414 [INFO] IPUIPlugin:80 - create IPUIPlugin
2025-07-29 12:37:13,414 [INFO] IPUIPlugin:80 - create IPUIPlugin
2025-07-29 12:37:13,415 [INFO] IPUIPlugin:80 - create IPUIPlugin
2025-07-29 12:37:13,415 [INFO] IPUIPlugin:80 - create IPUIPlugin
2025-07-29 12:37:13,415 [INFO] IPUIPlugin:80 - create IPUIPlugin
2025-07-29 12:37:13,416 [INFO] IPUIPlugin:80 - create IPUIPlugin
2025-07-29 12:37:13,416 [INFO] IPUIPlugin:80 - create IPUIPlugin
2025-07-29 12:37:13,416 [INFO] IPUIPlugin:80 - create IPUIPlugin
2025-07-29 12:37:13,417 [INFO] IPUIPlugin:80 - create IPUIPlugin
2025-07-29 12:37:13,418 [INFO] IPUIPlugin:80 - create IPUIPlugin
2025-07-29 12:37:13,418 [INFO] IPUIPlugin:80 - create IPUIPlugin
2025-07-29 12:37:13,419 [INFO] IPUIPlugin:80 - create IPUIPlugin
2025-07-29 12:37:13,419 [INFO] IPUIPlugin:80 - create IPUIPlugin
2025-07-29 12:37:13,420 [INFO] IPUIPlugin:80 - create IPUIPlugin
2025-07-29 12:37:13,420 [INFO] IPUIPlugin:80 - create IPUIPlugin
2025-07-29 12:37:13,420 [INFO] IPUIPlugin:80 - create IPUIPlugin
2025-07-29 12:37:13,420 [INFO] IPUIPlugin:80 - create IPUIPlugin
2025-07-29 12:37:13,421 [INFO] IPUIPlugin:80 - create IPUIPlugin
2025-07-29 12:37:13,421 [INFO] IPUIPlugin:80 - create IPUIPlugin
2025-07-29 12:37:13,421 [INFO] IPUIPlugin:80 - create IPUIPlugin
2025-07-29 12:37:13,422 [INFO] IPUIPlugin:80 - create IPUIPlugin
2025-07-29 12:37:13,422 [INFO] IPUIPlugin:80 - create IPUIPlugin
2025-07-29 12:37:13,422 [INFO] IPUIPlugin:80 - create IPUIPlugin
2025-07-29 12:37:13,422 [INFO] IPUIPlugin:80 - create IPUIPlugin
2025-07-29 12:37:13,422 [INFO] IPUIPlugin:80 - create IPUIPlugin
2025-07-29 12:37:13,422 [INFO] IPUIPlugin:80 - create IPUIPlugin
2025-07-29 12:37:13,424 [INFO] IPUIPlugin:80 - create IPUIPlugin
2025-07-29 12:37:13,424 [INFO] IPUIPlugin:80 - create IPUIPlugin
2025-07-29 12:37:13,424 [INFO] IPUIPlugin:80 - create IPUIPlugin
2025-07-29 12:37:13,425 [INFO] IPUIPlugin:80 - create IPUIPlugin
2025-07-29 12:37:13,426 [INFO] IPUIPlugin:80 - create IPUIPlugin
2025-07-29 12:37:13,426 [INFO] IPUIPlugin:80 - create IPUIPlugin
2025-07-29 12:37:13,427 [INFO] IPUIPlugin:80 - create IPUIPlugin
2025-07-29 12:37:13,427 [INFO] IPUIPlugin:80 - create IPUIPlugin
2025-07-29 12:37:13,428 [INFO] IPUIPlugin:80 - create IPUIPlugin
2025-07-29 12:37:13,428 [INFO] IPUIPlugin:80 - create IPUIPlugin
2025-07-29 12:37:13,429 [INFO] IPUIPlugin:80 - create IPUIPlugin
2025-07-29 12:37:13,429 [INFO] IPUIPlugin:80 - create IPUIPlugin
2025-07-29 12:37:13,430 [INFO] IPUIPlugin:80 - create IPUIPlugin
2025-07-29 12:37:13,431 [INFO] IPUIPlugin:80 - create IPUIPlugin
2025-07-29 12:37:13,432 [INFO] IPUIPlugin:80 - create IPUIPlugin
2025-07-29 12:37:13,432 [INFO] IPUIPlugin:80 - create IPUIPlugin
2025-07-29 12:37:13,433 [INFO] IPUIPlugin:80 - create IPUIPlugin
2025-07-29 12:37:13,434 [INFO] IPUIPlugin:80 - create IPUIPlugin
2025-07-29 12:37:13,435 [INFO] IPUIPlugin:80 - create IPUIPlugin
2025-07-29 12:37:13,464 [INFO] ApiDbMcu:532 - Load IP Config File for PDM2PCM
2025-07-29 12:37:13,685 [INFO] CADModel:165 - CPN selected for project levelSTM32F446RET6
2025-07-29 12:37:13,685 [INFO] CADModel:114 - Register for checkConnection events
2025-07-29 12:37:13,769 [INFO] OpenFileManager:386 - Restore cursor
2025-07-29 12:38:37,209 [INFO] NvicIntPanel:101 - NVIC parent = com.st.microxplorer.plugins.ip.nvic.MultiNvicIntPanel[,0,0,0x0,invalid,layout=javax.swing.BoxLayout,alignmentX=0.0,alignmentY=0.0,border=,flags=9,maximumSize=,minimumSize=,preferredSize=]
2025-07-29 12:38:37,369 [INFO] NvicIntPanel:101 - NVIC parent = com.st.microxplorer.plugins.ip.nvic.MultiNvicIntPanel[,0,0,0x0,invalid,layout=javax.swing.BoxLayout,alignmentX=0.0,alignmentY=0.0,border=,flags=9,maximumSize=,minimumSize=,preferredSize=]
2025-07-29 12:39:59,399 [INFO] NvicIntPanel:101 - NVIC parent = com.st.microxplorer.plugins.ip.nvic.MultiNvicIntPanel[,0,0,0x0,invalid,layout=javax.swing.BoxLayout,alignmentX=0.0,alignmentY=0.0,border=,flags=9,maximumSize=,minimumSize=,preferredSize=]
2025-07-29 12:39:59,567 [INFO] NvicIntPanel:101 - NVIC parent = com.st.microxplorer.plugins.ip.nvic.MultiNvicIntPanel[,0,0,0x0,invalid,layout=javax.swing.BoxLayout,alignmentX=0.0,alignmentY=0.0,border=,flags=9,maximumSize=,minimumSize=,preferredSize=]
2025-07-29 12:40:04,334 [INFO] NvicIntPanel:101 - NVIC parent = com.st.microxplorer.plugins.ip.nvic.MultiNvicIntPanel[,0,0,0x0,invalid,layout=javax.swing.BoxLayout,alignmentX=0.0,alignmentY=0.0,border=,flags=9,maximumSize=,minimumSize=,preferredSize=]
2025-07-29 12:40:04,466 [INFO] NvicIntPanel:101 - NVIC parent = com.st.microxplorer.plugins.ip.nvic.MultiNvicIntPanel[,0,0,0x0,invalid,layout=javax.swing.BoxLayout,alignmentX=0.0,alignmentY=0.0,border=,flags=9,maximumSize=,minimumSize=,preferredSize=]
2025-07-29 12:40:19,362 [INFO] ApiDbMcu:532 - Load IP Config File for FATFS
2025-07-29 12:41:26,048 [INFO] UtilMem:75 - End SaveConfig() Used Memory: 455998152 Bytes (835715072)
2025-07-29 12:41:30,154 [INFO] UtilMem:75 - End SaveConfig() Used Memory: 611673592 Bytes (835715072)
2025-07-29 12:41:31,242 [INFO] BlockDiagram:2775 - set Specific Code input for plugin: SPI
2025-07-29 12:41:31,243 [INFO] BlockDiagram:2775 - set Specific Code input for plugin: SPI
2025-07-29 12:41:31,243 [INFO] BlockDiagram:2775 - set Specific Code input for plugin: SPI
2025-07-29 12:41:31,244 [INFO] BlockDiagram:2775 - set Specific Code input for plugin: SYS
2025-07-29 12:41:31,244 [INFO] BlockDiagram:2775 - set Specific Code input for plugin: RCC
2025-07-29 12:41:31,244 [INFO] BlockDiagram:2775 - set Specific Code input for plugin: NVIC
2025-07-29 12:41:31,246 [INFO] BlockDiagram:2775 - set Specific Code input for plugin: USART
2025-07-29 12:41:31,246 [INFO] BlockDiagram:2775 - set Specific Code input for plugin: USART
2025-07-29 12:41:31,246 [INFO] BlockDiagram:2775 - set Specific Code input for plugin: UART
2025-07-29 12:41:31,247 [INFO] BlockDiagram:2775 - set Specific Code input for plugin: GPIO
2025-07-29 12:41:31,247 [INFO] BlockDiagram:2775 - set Specific Code input for plugin: FATFS
2025-07-29 12:41:31,254 [INFO] CodeGenerator:892 - code generatio: config db path: C:\ST\STM32CubeIDE_1.16.1\STM32CubeIDE\plugins\com.st.stm32cube.common.mx_6.15.0.202507011659\\db\
2025-07-29 12:41:31,658 [INFO] CodeEngine:265 - oldGeneratedFile, C:\Users\kjeya\Documents\MCU_INTEGRATION\STM32_DISPLAY_APP\MXTmpFiles\license.tmp_save
2025-07-29 12:41:32,671 [INFO] CodeEngine:289 - Generated code: C:\Users\kjeya\Documents\MCU_INTEGRATION\STM32_DISPLAY_APP\MXTmpFiles\license.tmp
2025-07-29 12:41:32,826 [INFO] CodeEngine:265 - oldGeneratedFile, C:\Users\kjeya\Documents\MCU_INTEGRATION\STM32_DISPLAY_APP\MXTmpFiles\gpio.tmp_save
2025-07-29 12:41:33,098 [INFO] CodeEngine:289 - Generated code: C:\Users\kjeya\Documents\MCU_INTEGRATION\STM32_DISPLAY_APP\MXTmpFiles\gpio.tmp
2025-07-29 12:41:33,704 [INFO] Middleware:1452 - No code input for Bsp Dependency
2025-07-29 12:41:33,717 [INFO] CodeEngine:265 - oldGeneratedFile, C:\Users\kjeya\Documents\MCU_INTEGRATION\STM32_DISPLAY_APP\MXTmpFiles\fatfs_HalInit.tmp_save
2025-07-29 12:41:33,884 [INFO] CodeEngine:289 - Generated code: C:\Users\kjeya\Documents\MCU_INTEGRATION\STM32_DISPLAY_APP\MXTmpFiles\fatfs_HalInit.tmp
2025-07-29 12:41:33,896 [INFO] CodeEngine:265 - oldGeneratedFile, C:\Users\kjeya\Documents\MCU_INTEGRATION\STM32_DISPLAY_APP\MXTmpFiles\fatfs_vars.tmp_save
2025-07-29 12:41:34,010 [INFO] CodeEngine:289 - Generated code: C:\Users\kjeya\Documents\MCU_INTEGRATION\STM32_DISPLAY_APP\MXTmpFiles\fatfs_vars.tmp
2025-07-29 12:41:34,024 [INFO] CodeEngine:265 - oldGeneratedFile, C:\Users\kjeya\Documents\MCU_INTEGRATION\STM32_DISPLAY_APP\MXTmpFiles\fatfs_ext_vars.tmp_save
2025-07-29 12:41:34,136 [INFO] CodeEngine:289 - Generated code: C:\Users\kjeya\Documents\MCU_INTEGRATION\STM32_DISPLAY_APP\MXTmpFiles\fatfs_ext_vars.tmp
2025-07-29 12:41:34,151 [INFO] CodeEngine:265 - oldGeneratedFile, C:\Users\kjeya\Documents\MCU_INTEGRATION\STM32_DISPLAY_APP\MXTmpFiles\fatfs_inc.tmp_save
2025-07-29 12:41:34,262 [INFO] CodeEngine:289 - Generated code: C:\Users\kjeya\Documents\MCU_INTEGRATION\STM32_DISPLAY_APP\MXTmpFiles\fatfs_inc.tmp
2025-07-29 12:41:34,289 [INFO] Middleware:1452 - No code input for Bsp Dependency
2025-07-29 12:41:34,304 [INFO] CodeEngine:265 - oldGeneratedFile, C:\Users\kjeya\Documents\MCU_INTEGRATION\STM32_DISPLAY_APP\MXTmpFiles\fatfs_HalInit.tmp_save
2025-07-29 12:41:34,422 [INFO] CodeEngine:289 - Generated code: C:\Users\kjeya\Documents\MCU_INTEGRATION\STM32_DISPLAY_APP\MXTmpFiles\fatfs_HalInit.tmp
2025-07-29 12:41:34,436 [INFO] CodeEngine:265 - oldGeneratedFile, C:\Users\kjeya\Documents\MCU_INTEGRATION\STM32_DISPLAY_APP\MXTmpFiles\fatfs_vars.tmp_save
2025-07-29 12:41:34,567 [INFO] CodeEngine:289 - Generated code: C:\Users\kjeya\Documents\MCU_INTEGRATION\STM32_DISPLAY_APP\MXTmpFiles\fatfs_vars.tmp
2025-07-29 12:41:34,580 [INFO] CodeEngine:265 - oldGeneratedFile, C:\Users\kjeya\Documents\MCU_INTEGRATION\STM32_DISPLAY_APP\MXTmpFiles\fatfs_ext_vars.tmp_save
2025-07-29 12:41:34,669 [INFO] CodeEngine:289 - Generated code: C:\Users\kjeya\Documents\MCU_INTEGRATION\STM32_DISPLAY_APP\MXTmpFiles\fatfs_ext_vars.tmp
2025-07-29 12:41:34,677 [INFO] CodeEngine:265 - oldGeneratedFile, C:\Users\kjeya\Documents\MCU_INTEGRATION\STM32_DISPLAY_APP\MXTmpFiles\fatfs_inc.tmp_save
2025-07-29 12:41:34,758 [INFO] CodeEngine:289 - Generated code: C:\Users\kjeya\Documents\MCU_INTEGRATION\STM32_DISPLAY_APP\MXTmpFiles\fatfs_inc.tmp
2025-07-29 12:41:34,766 [INFO] CodeEngine:265 - oldGeneratedFile, C:\Users\kjeya\Documents\MCU_INTEGRATION\STM32_DISPLAY_APP\FATFS\Target\ffconf.h_save
2025-07-29 12:41:34,865 [INFO] CodeEngine:289 - Generated code: C:\Users\kjeya\Documents\MCU_INTEGRATION\STM32_DISPLAY_APP\FATFS\Target\ffconf.h
2025-07-29 12:41:34,875 [INFO] CodeEngine:265 - oldGeneratedFile, C:\Users\kjeya\Documents\MCU_INTEGRATION\STM32_DISPLAY_APP\FATFS\Target\user_diskio.c_save
2025-07-29 12:41:34,973 [INFO] CodeEngine:289 - Generated code: C:\Users\kjeya\Documents\MCU_INTEGRATION\STM32_DISPLAY_APP\FATFS\Target\user_diskio.c
2025-07-29 12:41:34,982 [INFO] CodeEngine:265 - oldGeneratedFile, C:\Users\kjeya\Documents\MCU_INTEGRATION\STM32_DISPLAY_APP\FATFS\Target\user_diskio.h_save
2025-07-29 12:41:35,066 [INFO] CodeEngine:289 - Generated code: C:\Users\kjeya\Documents\MCU_INTEGRATION\STM32_DISPLAY_APP\FATFS\Target\user_diskio.h
2025-07-29 12:41:35,074 [INFO] CodeEngine:265 - oldGeneratedFile, C:\Users\kjeya\Documents\MCU_INTEGRATION\STM32_DISPLAY_APP\FATFS\App\fatfs.c_save
2025-07-29 12:41:35,151 [INFO] CodeEngine:289 - Generated code: C:\Users\kjeya\Documents\MCU_INTEGRATION\STM32_DISPLAY_APP\FATFS\App\fatfs.c
2025-07-29 12:41:35,159 [INFO] CodeEngine:265 - oldGeneratedFile, C:\Users\kjeya\Documents\MCU_INTEGRATION\STM32_DISPLAY_APP\FATFS\App\fatfs.h_save
2025-07-29 12:41:35,224 [INFO] CodeEngine:289 - Generated code: C:\Users\kjeya\Documents\MCU_INTEGRATION\STM32_DISPLAY_APP\FATFS\App\fatfs.h
2025-07-29 12:41:35,270 [INFO] CodeEngine:265 - oldGeneratedFile, C:\Users\kjeya\Documents\MCU_INTEGRATION\STM32_DISPLAY_APP\Core\Src\stm32f4xx_it.c_save
2025-07-29 12:41:35,558 [INFO] CodeEngine:289 - Generated code: C:\Users\kjeya\Documents\MCU_INTEGRATION\STM32_DISPLAY_APP\Core\Src\stm32f4xx_it.c
2025-07-29 12:41:35,573 [INFO] CodeEngine:265 - oldGeneratedFile, C:\Users\kjeya\Documents\MCU_INTEGRATION\STM32_DISPLAY_APP\Core\Inc\stm32f4xx_it.h_save
2025-07-29 12:41:35,653 [INFO] CodeEngine:289 - Generated code: C:\Users\kjeya\Documents\MCU_INTEGRATION\STM32_DISPLAY_APP\Core\Inc\stm32f4xx_it.h
2025-07-29 12:41:35,679 [INFO] CodeEngine:265 - oldGeneratedFile, C:\Users\kjeya\Documents\MCU_INTEGRATION\STM32_DISPLAY_APP\Core\Src\stm32f4xx_hal_msp.c_save
2025-07-29 12:41:35,897 [INFO] CodeEngine:289 - Generated code: C:\Users\kjeya\Documents\MCU_INTEGRATION\STM32_DISPLAY_APP\Core\Src\stm32f4xx_hal_msp.c
2025-07-29 12:41:35,907 [INFO] CodeEngine:265 - oldGeneratedFile, C:\Users\kjeya\Documents\MCU_INTEGRATION\STM32_DISPLAY_APP\MXTmpFiles\system.tmp_save
2025-07-29 12:41:36,077 [INFO] CodeEngine:289 - Generated code: C:\Users\kjeya\Documents\MCU_INTEGRATION\STM32_DISPLAY_APP\MXTmpFiles\system.tmp
2025-07-29 12:41:36,095 [INFO] CodeEngine:265 - oldGeneratedFile, C:\Users\kjeya\Documents\MCU_INTEGRATION\STM32_DISPLAY_APP\Core\Src\stm32f4xx_hal_timebase_tim.c_save
2025-07-29 12:41:36,219 [INFO] CodeEngine:289 - Generated code: C:\Users\kjeya\Documents\MCU_INTEGRATION\STM32_DISPLAY_APP\Core\Src\stm32f4xx_hal_timebase_tim.c
2025-07-29 12:41:36,249 [INFO] CodeEngine:321 - oldGeneratedFile, C:\Users\kjeya\Documents\MCU_INTEGRATION\STM32_DISPLAY_APP\Core\Inc\stm32f4xx_hal_conf.h_save
2025-07-29 12:41:36,400 [INFO] CodeEngine:345 - Generated code: C:\Users\kjeya\Documents\MCU_INTEGRATION\STM32_DISPLAY_APP\Core\Inc\stm32f4xx_hal_conf.h
2025-07-29 12:41:36,468 [WARN] IPConfigManager:3238 - Warning: the RefConfig PLL2P_FOR_MCO is not available in your config.xml file
2025-07-29 12:41:36,498 [INFO] ApiDbMcu:532 - Load IP Config File for SPI1
2025-07-29 12:41:36,503 [INFO] ApiDbMcu:532 - Load IP Config File for SPI2
2025-07-29 12:41:36,508 [INFO] ApiDbMcu:532 - Load IP Config File for SPI3
2025-07-29 12:41:36,516 [INFO] ApiDbMcu:532 - Load IP Config File for UART4
2025-07-29 12:41:36,523 [INFO] ApiDbMcu:532 - Load IP Config File for USART2
2025-07-29 12:41:36,529 [INFO] ApiDbMcu:532 - Load IP Config File for USART3
2025-07-29 12:41:36,537 [INFO] ApiDbMcu:532 - Load IP Config File for RCC
2025-07-29 12:41:36,571 [INFO] CodeEngine:265 - oldGeneratedFile, C:\Users\kjeya\Documents\MCU_INTEGRATION\STM32_DISPLAY_APP\Core\Inc\main.h_save
2025-07-29 12:41:36,737 [INFO] CodeEngine:289 - Generated code: C:\Users\kjeya\Documents\MCU_INTEGRATION\STM32_DISPLAY_APP\Core\Inc\main.h
2025-07-29 12:41:36,751 [INFO] CodeEngine:265 - oldGeneratedFile, C:\Users\kjeya\Documents\MCU_INTEGRATION\STM32_DISPLAY_APP\Core\Src\main.c_save
2025-07-29 12:41:37,054 [INFO] CodeEngine:289 - Generated code: C:\Users\kjeya\Documents\MCU_INTEGRATION\STM32_DISPLAY_APP\Core\Src\main.c
2025-07-29 12:41:37,785 [INFO] ProjectBuilder:3606 - Time for Copy HAL[1] : 403mS.
2025-07-29 12:41:37,803 [INFO] ProjectBuilder:5216 - Project Generator version: 4.7.0-B52
2025-07-29 12:41:37,985 [INFO] ConfigFileManager:1595 - The Die is : DIE421
2025-07-29 12:41:37,997 [INFO] ApiDbMcu:532 - Load IP Config File for FREERTOS
2025-07-29 12:41:38,002 [INFO] ApiDbMcu:532 - Load IP Config File for LIBJPEG
2025-07-29 12:41:38,012 [INFO] ApiDbMcu:532 - Load IP Config File for MBEDTLS
2025-07-29 12:41:38,022 [INFO] ApiDbMcu:532 - Load IP Config File for USB_DEVICE
2025-07-29 12:41:38,027 [INFO] ApiDbMcu:532 - Load IP Config File for USB_HOST
2025-07-29 12:41:38,676 [INFO] LogOutputStream:77 - [STDOUT_REDIRECT] 
2025-07-29 12:41:41,297 [INFO] ProjectBuilder:5496 - Time for Generating toolchain IDE Files: 3488mS.
2025-07-29 12:41:41,299 [INFO] ProjectBuilder:3463 - Time for Copy CMSIS : 1mS.
2025-07-29 12:41:41,319 [INFO] ProjectBuilder:3463 - Time for Copy CMSIS : 0mS.
2025-07-29 14:13:46,443 [INFO] WebApp:194 - Connection lost
2025-07-29 14:13:48,137 [INFO] WebApp:191 - Connection restablished
2025-07-29 14:13:48,760 [INFO] WebApp:194 - Connection lost
2025-07-29 14:13:49,010 [INFO] WebApp:191 - Connection restablished
2025-07-29 18:15:08,404 [ERROR] LogOutputStream:75 - [STDERR_REDIRECT] 
