2025-07-28 09:16:58,268 [INFO] Activator:176 - 


2025-07-28 09:16:58,274 [INFO] Activator:177 - !SESSION log4j initialized
2025-07-28 09:17:05,171 [INFO] LogOutputStream:77 - [STDOUT_REDIRECT] 
2025-07-28 09:17:07,258 [INFO] ApplicationProperties:184 - Using Application install path: C:\ST\STM32CubeIDE_1.16.1\STM32CubeIDE\plugins\com.st.stm32cube.common.mx_6.15.0.202507011659
2025-07-28 09:17:07,286 [INFO] DbMcusXml:78 - Set database path to: C:\ST\STM32CubeIDE_1.16.1\STM32CubeIDE\plugins\com.st.stm32cube.common.mx_6.15.0.202507011659\\db\/mcu/
2025-07-28 09:17:07,286 [INFO] ApiDb:274 - Set plugin database path to: C:\ST\STM32CubeIDE_1.16.1\STM32CubeIDE\plugins\com.st.stm32cube.common.mx_6.15.0.202507011659\\db\/plugins/boardmanager/
2025-07-28 09:17:07,287 [WARN] ApiDb:259 - Overriding images path with different value:  => C:\ST\STM32CubeIDE_1.16.1\STM32CubeIDE\plugins\com.st.stm32cube.common.mx_6.15.0.202507011659\\db\/plugins/mcufinder/images/
2025-07-28 09:17:07,299 [INFO] ApiDb:250 - Set database path to: C:\Users\kjeya\.stmcufinder\plugins\mcufinder//mcu/
2025-07-28 09:17:07,301 [INFO] DbMcusAds:125 - Set database path to: C:\Users\kjeya\.stmcufinder\plugins\mcufinder//mcu/
2025-07-28 09:17:07,304 [INFO] CrossReferenceDbSqlite:203 - Set database path to: C:\Users\kjeya\.stmcufinder\plugins\mcufinder//mcu/cs/
2025-07-28 09:17:07,471 [INFO] RulesReader:64 - Compatibility file has been processed (317 Rules)
2025-07-28 09:17:07,590 [INFO] DbMcusXml:78 - Set database path to: C:\ST\STM32CubeIDE_1.16.1\STM32CubeIDE\plugins\com.st.stm32cube.common.mx_6.15.0.202507011659\\db\/mcu/
2025-07-28 09:17:07,590 [INFO] ApiDb:274 - Set plugin database path to: C:\ST\STM32CubeIDE_1.16.1\STM32CubeIDE\plugins\com.st.stm32cube.common.mx_6.15.0.202507011659\\db\/plugins/boardmanager/
2025-07-28 09:17:07,590 [INFO] ApiDb:261 - Set plugin images path to: C:\ST\STM32CubeIDE_1.16.1\STM32CubeIDE\plugins\com.st.stm32cube.common.mx_6.15.0.202507011659\\db\/plugins/mcufinder/images/
2025-07-28 09:17:07,591 [WARN] DbFile:41 - Overriding database path with different value: C:\Users\kjeya\.stmcufinder\plugins\mcufinder/ => C:\Users\kjeya\.stmcufinder\plugins\mcufinder
2025-07-28 09:17:07,591 [INFO] ApiDb:250 - Set database path to: C:\Users\kjeya\.stmcufinder\plugins\mcufinder//mcu/
2025-07-28 09:17:07,591 [WARN] DbFile:41 - Overriding database path with different value: C:\Users\kjeya\.stmcufinder\plugins\mcufinder/ => C:\Users\kjeya\.stmcufinder\plugins\mcufinder
2025-07-28 09:17:07,591 [INFO] DbMcusAds:125 - Set database path to: C:\Users\kjeya\.stmcufinder\plugins\mcufinder//mcu/
2025-07-28 09:17:07,591 [WARN] DbFile:41 - Overriding database path with different value: C:\Users\kjeya\.stmcufinder\plugins\mcufinder/ => C:\Users\kjeya\.stmcufinder\plugins\mcufinder
2025-07-28 09:17:07,591 [WARN] DbFile:41 - Overriding database path with different value: C:\Users\kjeya\.stmcufinder\plugins\mcufinder/ => C:\Users\kjeya\.stmcufinder\plugins\mcufinder
2025-07-28 09:17:07,591 [INFO] CrossReferenceDbSqlite:203 - Set database path to: C:\Users\kjeya\.stmcufinder\plugins\mcufinder//mcu/cs/
2025-07-28 09:17:07,707 [INFO] MainPanel:274 - HeapMemory: 268435456
2025-07-28 09:17:07,887 [INFO] DbMcusXml:78 - Set database path to: C:\ST\STM32CubeIDE_1.16.1\STM32CubeIDE\plugins\com.st.stm32cube.common.mx_6.15.0.202507011659\\db\/mcu/
2025-07-28 09:17:07,887 [INFO] ApiDb:274 - Set plugin database path to: C:\ST\STM32CubeIDE_1.16.1\STM32CubeIDE\plugins\com.st.stm32cube.common.mx_6.15.0.202507011659\\db\/plugins/boardmanager/
2025-07-28 09:17:07,888 [INFO] ApiDb:261 - Set plugin images path to: C:\ST\STM32CubeIDE_1.16.1\STM32CubeIDE\plugins\com.st.stm32cube.common.mx_6.15.0.202507011659\\db\/plugins/mcufinder/images/
2025-07-28 09:17:07,888 [WARN] DbFile:41 - Overriding database path with different value: C:\Users\kjeya\.stmcufinder\plugins\mcufinder/ => C:\Users\kjeya\.stmcufinder\plugins\mcufinder
2025-07-28 09:17:07,888 [INFO] ApiDb:250 - Set database path to: C:\Users\kjeya\.stmcufinder\plugins\mcufinder//mcu/
2025-07-28 09:17:07,888 [WARN] DbFile:41 - Overriding database path with different value: C:\Users\kjeya\.stmcufinder\plugins\mcufinder/ => C:\Users\kjeya\.stmcufinder\plugins\mcufinder
2025-07-28 09:17:07,889 [INFO] DbMcusAds:125 - Set database path to: C:\Users\kjeya\.stmcufinder\plugins\mcufinder//mcu/
2025-07-28 09:17:07,889 [WARN] DbFile:41 - Overriding database path with different value: C:\Users\kjeya\.stmcufinder\plugins\mcufinder/ => C:\Users\kjeya\.stmcufinder\plugins\mcufinder
2025-07-28 09:17:07,889 [WARN] DbFile:41 - Overriding database path with different value: C:\Users\kjeya\.stmcufinder\plugins\mcufinder/ => C:\Users\kjeya\.stmcufinder\plugins\mcufinder
2025-07-28 09:17:07,889 [INFO] CrossReferenceDbSqlite:203 - Set database path to: C:\Users\kjeya\.stmcufinder\plugins\mcufinder//mcu/cs/
2025-07-28 09:17:07,913 [INFO] ApplicationProperties:184 - Using Application install path: C:\ST\STM32CubeIDE_1.16.1\STM32CubeIDE\plugins\com.st.stm32cube.common.mx_6.15.0.202507011659
2025-07-28 09:17:07,915 [INFO] PluginManage:196 - Search for loadable plugins [exclusion list=, ]
2025-07-28 09:17:07,917 [INFO] PluginManage:310 - Check plugin analytics
2025-07-28 09:17:08,179 [INFO] AnalyticsPlugin:253 - Accepted Software Licenses: STM32CubeMX.6.11.1,STM32CubeMX.6.13.0
2025-07-28 09:17:08,180 [INFO] AnalyticsPlugin:255 - Accepted CMSIS Pack Licenses: STMicroelectronics.X-CUBE-TOUCHGFX.4.24.0,WES.I-CUBE-Cesium.1.3.0,STMicroelectronics.X-CUBE-TOUCHGFX.4.24.2
2025-07-28 09:17:08,180 [INFO] AnalyticsPlugin:257 - Accepted Firmware Licenses: FW.F4.1.28.0,FW.L4.1.18.0,FW.WL.1.3.0,FW.H7.1.11.0,FW.H7.1.12.0
2025-07-28 09:17:08,186 [INFO] PluginManage:359 - Loaded plugin analytics (category:tool,tabindex:-1)
2025-07-28 09:17:08,187 [INFO] PluginManage:310 - Check plugin cadmodel
2025-07-28 09:17:08,197 [INFO] CADModel:105 - Init CAD model plugin
2025-07-28 09:17:08,197 [INFO] PluginManage:359 - Loaded plugin cadmodel (category:power,tabindex:5)
2025-07-28 09:17:08,198 [INFO] PluginManage:310 - Check plugin clock
2025-07-28 09:17:08,215 [INFO] PluginManage:359 - Loaded plugin clock (category:base,tabindex:2)
2025-07-28 09:17:08,218 [INFO] PluginManage:310 - Check plugin ddr
2025-07-28 09:17:08,224 [INFO] PluginManage:359 - Loaded plugin ddr (category:tool,tabindex:6)
2025-07-28 09:17:08,224 [INFO] PluginManage:310 - Check plugin filemanager
2025-07-28 09:17:08,393 [INFO] PluginManage:359 - Loaded plugin filemanager (category:base,tabindex:10)
2025-07-28 09:17:08,393 [INFO] PluginManage:310 - Check plugin ipmanager
2025-07-28 09:17:08,402 [INFO] PluginManage:359 - Loaded plugin ipmanager (category:base,tabindex:5)
2025-07-28 09:17:08,402 [INFO] PluginManage:310 - Check plugin lpbam
2025-07-28 09:17:08,411 [INFO] PluginManage:359 - Loaded plugin lpbam (category:base,tabindex:0)
2025-07-28 09:17:08,411 [INFO] PluginManage:310 - Check plugin memorymap
2025-07-28 09:17:08,426 [INFO] PluginManage:359 - Loaded plugin memorymap (category:base,tabindex:4)
2025-07-28 09:17:08,426 [INFO] PluginManage:310 - Check plugin pinoutandconfiguration
2025-07-28 09:17:08,436 [INFO] PluginManage:359 - Loaded plugin pinoutandconfiguration (category:base,tabindex:1)
2025-07-28 09:17:08,436 [INFO] PluginManage:310 - Check plugin pinoutconfig
2025-07-28 09:17:08,560 [WARN] SupportedApi:132 - Cannot load RTOS API schema: s4s-elt-must-match.1: The content of 'definitions' must match (annotation?, (simpleType | complexType)?, (unique | key | keyref)*)). A problem was found starting at: attribute.
2025-07-28 09:17:08,724 [INFO] PluginManage:359 - Loaded plugin pinoutconfig (category:base,tabindex:0)
2025-07-28 09:17:08,724 [INFO] PluginManage:310 - Check plugin power
2025-07-28 09:17:08,738 [INFO] PluginManage:359 - Loaded plugin power (category:power,tabindex:4)
2025-07-28 09:17:08,738 [INFO] PluginManage:310 - Check plugin projectmanager
2025-07-28 09:17:08,753 [INFO] PluginManage:359 - Loaded plugin projectmanager (category:projectmanager,tabindex:4)
2025-07-28 09:17:08,753 [INFO] PluginManage:310 - Check plugin rif
2025-07-28 09:17:08,765 [INFO] PluginManage:359 - Loaded plugin rif (category:base,tabindex:3)
2025-07-28 09:17:08,765 [INFO] PluginManage:310 - Check plugin thirdparty
2025-07-28 09:17:08,921 [INFO] PluginManage:359 - Loaded plugin thirdparty (category:base,tabindex:-1)
2025-07-28 09:17:08,921 [WARN] IntegrityCheckThread:84 - waiting for thirdparty lock release [integrity check]
2025-07-28 09:17:08,921 [INFO] PluginManage:310 - Check plugin tools
2025-07-28 09:17:08,921 [INFO] IntegrityCheckThread:86 - entering critical section [integrity check]
2025-07-28 09:17:08,922 [INFO] ThirdPartyUpdaterWithRetryManager:70 - Updater plugin not ready yet. [1/15]
2025-07-28 09:17:08,925 [INFO] PluginManage:359 - Loaded plugin tools (category:base,tabindex:7)
2025-07-28 09:17:08,926 [INFO] PluginManage:310 - Check plugin tutovideos
2025-07-28 09:17:09,164 [INFO] PluginManage:359 - Loaded plugin tutovideos (category:base,tabindex:-1)
2025-07-28 09:17:09,164 [INFO] PluginManage:310 - Check plugin updater
2025-07-28 09:17:09,190 [INFO] PluginManage:359 - Loaded plugin updater (category:base,tabindex:12)
2025-07-28 09:17:09,190 [INFO] PluginManage:310 - Check plugin userauth
2025-07-28 09:17:09,194 [INFO] UserAuth:118 - Init User Auth plugin
2025-07-28 09:17:09,196 [INFO] PluginManage:359 - Loaded plugin userauth (category:base,tabindex:14)
2025-07-28 09:17:09,196 [INFO] PluginManage:283 - PluginManage : Loaded plugins [18]
2025-07-28 09:17:09,451 [INFO] PinOutPanel:1589 - setPackage(No Configuration,No Configuration)
2025-07-28 09:17:09,554 [INFO] CADModel:165 - CPN selected for project level
2025-07-28 09:17:09,555 [INFO] CADModel:114 - Register for checkConnection events
2025-07-28 09:17:09,578 [INFO] IPUIPlugin:80 - create IPUIPlugin
2025-07-28 09:17:09,578 [INFO] PluginManager:220 - loadIPPluginJar : add adc
2025-07-28 09:17:09,582 [INFO] IPUIPlugin:80 - create IPUIPlugin
2025-07-28 09:17:09,582 [INFO] PluginManager:220 - loadIPPluginJar : add aes
2025-07-28 09:17:09,586 [INFO] IPUIPlugin:80 - create IPUIPlugin
2025-07-28 09:17:09,586 [INFO] PluginManager:220 - loadIPPluginJar : add can
2025-07-28 09:17:09,588 [INFO] IPUIPlugin:80 - create IPUIPlugin
2025-07-28 09:17:09,588 [INFO] PluginManager:220 - loadIPPluginJar : add comp
2025-07-28 09:17:09,592 [INFO] IPUIPlugin:80 - create IPUIPlugin
2025-07-28 09:17:09,592 [INFO] PluginManager:220 - loadIPPluginJar : add cryp
2025-07-28 09:17:09,597 [INFO] IPUIPlugin:80 - create IPUIPlugin
2025-07-28 09:17:09,597 [INFO] PluginManager:220 - loadIPPluginJar : add ddr_ctrl_phy
2025-07-28 09:17:09,600 [INFO] IPUIPlugin:80 - create IPUIPlugin
2025-07-28 09:17:09,600 [INFO] PluginManager:220 - loadIPPluginJar : add dfsdm
2025-07-28 09:17:09,607 [INFO] IPUIPlugin:80 - create IPUIPlugin
2025-07-28 09:17:09,608 [INFO] PluginManager:220 - loadIPPluginJar : add dma
2025-07-28 09:17:09,611 [INFO] IPUIPlugin:80 - create IPUIPlugin
2025-07-28 09:17:09,612 [INFO] PluginManager:220 - loadIPPluginJar : add dma3
2025-07-28 09:17:09,615 [INFO] IPUIPlugin:80 - create IPUIPlugin
2025-07-28 09:17:09,615 [INFO] PluginManager:220 - loadIPPluginJar : add extmemmanager
2025-07-28 09:17:09,617 [INFO] IPUIPlugin:80 - create IPUIPlugin
2025-07-28 09:17:09,617 [INFO] PluginManager:220 - loadIPPluginJar : add fatfs
2025-07-28 09:17:09,622 [INFO] IPUIPlugin:80 - create IPUIPlugin
2025-07-28 09:17:09,623 [INFO] PluginManager:220 - loadIPPluginJar : add fmc
2025-07-28 09:17:09,632 [INFO] IPUIPlugin:80 - create IPUIPlugin
2025-07-28 09:17:09,632 [INFO] PluginManager:220 - loadIPPluginJar : add freertos
2025-07-28 09:17:09,634 [INFO] IPUIPlugin:80 - create IPUIPlugin
2025-07-28 09:17:09,634 [INFO] PluginManager:220 - loadIPPluginJar : add genericplugin
2025-07-28 09:17:09,638 [INFO] IPUIPlugin:80 - create IPUIPlugin
2025-07-28 09:17:09,638 [INFO] PluginManager:220 - loadIPPluginJar : add gfxmmu
2025-07-28 09:17:09,644 [INFO] IPUIPlugin:80 - create IPUIPlugin
2025-07-28 09:17:09,644 [INFO] PluginManager:220 - loadIPPluginJar : add gic
2025-07-28 09:17:09,651 [INFO] IPUIPlugin:80 - create IPUIPlugin
2025-07-28 09:17:09,651 [INFO] PluginManager:220 - loadIPPluginJar : add gpio
2025-07-28 09:17:09,654 [INFO] IPUIPlugin:80 - create IPUIPlugin
2025-07-28 09:17:09,655 [INFO] PluginManager:220 - loadIPPluginJar : add gtzc
2025-07-28 09:17:09,659 [INFO] IPUIPlugin:80 - create IPUIPlugin
2025-07-28 09:17:09,660 [INFO] PluginManager:220 - loadIPPluginJar : add hash
2025-07-28 09:17:09,664 [INFO] IPUIPlugin:80 - create IPUIPlugin
2025-07-28 09:17:09,664 [INFO] PluginManager:220 - loadIPPluginJar : add i2c
2025-07-28 09:17:09,668 [INFO] IPUIPlugin:80 - create IPUIPlugin
2025-07-28 09:17:09,669 [INFO] PluginManager:220 - loadIPPluginJar : add i2s
2025-07-28 09:17:09,673 [INFO] IPUIPlugin:80 - create IPUIPlugin
2025-07-28 09:17:09,673 [INFO] PluginManager:220 - loadIPPluginJar : add i3c
2025-07-28 09:17:09,678 [INFO] IPUIPlugin:80 - create IPUIPlugin
2025-07-28 09:17:09,678 [INFO] PluginManager:220 - loadIPPluginJar : add ipddr
2025-07-28 09:17:09,688 [INFO] IPUIPlugin:80 - create IPUIPlugin
2025-07-28 09:17:09,688 [INFO] PluginManager:220 - loadIPPluginJar : add linkedlist
2025-07-28 09:17:09,692 [INFO] IPUIPlugin:80 - create IPUIPlugin
2025-07-28 09:17:09,692 [INFO] PluginManager:220 - loadIPPluginJar : add lorawan
2025-07-28 09:17:09,695 [INFO] IPUIPlugin:80 - create IPUIPlugin
2025-07-28 09:17:09,695 [INFO] PluginManager:220 - loadIPPluginJar : add ltdc
2025-07-28 09:17:09,703 [INFO] IPUIPlugin:80 - create IPUIPlugin
2025-07-28 09:17:09,703 [INFO] PluginManager:220 - loadIPPluginJar : add mdma
2025-07-28 09:17:09,709 [INFO] IPUIPlugin:80 - create IPUIPlugin
2025-07-28 09:17:09,709 [INFO] PluginManager:220 - loadIPPluginJar : add nvic
2025-07-28 09:17:09,713 [INFO] IPUIPlugin:80 - create IPUIPlugin
2025-07-28 09:17:09,713 [INFO] PluginManager:220 - loadIPPluginJar : add opamp
2025-07-28 09:17:09,718 [INFO] IPUIPlugin:80 - create IPUIPlugin
2025-07-28 09:17:09,719 [INFO] PluginManager:220 - loadIPPluginJar : add openamp
2025-07-28 09:17:09,723 [INFO] IPUIPlugin:80 - create IPUIPlugin
2025-07-28 09:17:09,723 [INFO] PluginManager:220 - loadIPPluginJar : add pdm2pcm
2025-07-28 09:17:09,731 [INFO] IPUIPlugin:80 - create IPUIPlugin
2025-07-28 09:17:09,735 [INFO] PluginManager:220 - loadIPPluginJar : add plateformsettings
2025-07-28 09:17:09,738 [INFO] IPUIPlugin:80 - create IPUIPlugin
2025-07-28 09:17:09,738 [INFO] PluginManager:220 - loadIPPluginJar : add quadspi
2025-07-28 09:17:09,741 [INFO] IPUIPlugin:80 - create IPUIPlugin
2025-07-28 09:17:09,742 [INFO] PluginManager:220 - loadIPPluginJar : add radio
2025-07-28 09:17:09,748 [INFO] IPUIPlugin:80 - create IPUIPlugin
2025-07-28 09:17:09,748 [INFO] PluginManager:220 - loadIPPluginJar : add resmgrutility
2025-07-28 09:17:09,753 [INFO] IPUIPlugin:80 - create IPUIPlugin
2025-07-28 09:17:09,753 [INFO] PluginManager:220 - loadIPPluginJar : add sai
2025-07-28 09:17:09,757 [INFO] IPUIPlugin:80 - create IPUIPlugin
2025-07-28 09:17:09,757 [INFO] PluginManager:220 - loadIPPluginJar : add spi
2025-07-28 09:17:09,766 [INFO] IPUIPlugin:80 - create IPUIPlugin
2025-07-28 09:17:09,766 [INFO] PluginManager:220 - loadIPPluginJar : add stm32_wpan
2025-07-28 09:17:09,768 [INFO] IPUIPlugin:80 - create IPUIPlugin
2025-07-28 09:17:09,769 [INFO] PluginManager:220 - loadIPPluginJar : add tim
2025-07-28 09:17:09,773 [INFO] IPUIPlugin:80 - create IPUIPlugin
2025-07-28 09:17:09,773 [INFO] PluginManager:220 - loadIPPluginJar : add touchsensing
2025-07-28 09:17:09,778 [INFO] IPUIPlugin:80 - create IPUIPlugin
2025-07-28 09:17:09,778 [INFO] PluginManager:220 - loadIPPluginJar : add tracer_emb
2025-07-28 09:17:09,781 [INFO] IPUIPlugin:80 - create IPUIPlugin
2025-07-28 09:17:09,781 [INFO] PluginManager:220 - loadIPPluginJar : add ts
2025-07-28 09:17:09,784 [INFO] IPUIPlugin:80 - create IPUIPlugin
2025-07-28 09:17:09,784 [INFO] PluginManager:220 - loadIPPluginJar : add tsc
2025-07-28 09:17:09,787 [INFO] IPUIPlugin:80 - create IPUIPlugin
2025-07-28 09:17:09,788 [INFO] PluginManager:220 - loadIPPluginJar : add ucpd
2025-07-28 09:17:09,792 [INFO] IPUIPlugin:80 - create IPUIPlugin
2025-07-28 09:17:09,792 [INFO] PluginManager:220 - loadIPPluginJar : add usart
2025-07-28 09:17:09,796 [INFO] IPUIPlugin:80 - create IPUIPlugin
2025-07-28 09:17:09,796 [INFO] PluginManager:220 - loadIPPluginJar : add usbx
2025-07-28 09:17:09,931 [FATAL] Updater:351 - Updater called before beeing initialized
2025-07-28 09:17:10,003 [INFO] RulesReader:64 - Compatibility file has been processed (317 Rules)
2025-07-28 09:17:10,019 [INFO] RulesReader:64 - Compatibility file has been processed (317 Rules)
2025-07-28 09:17:10,034 [INFO] CADModel:165 - CPN selected for project level
2025-07-28 09:17:10,034 [INFO] CADModel:114 - Register for checkConnection events
2025-07-28 09:17:10,034 [FATAL] Updater:351 - Updater called before beeing initialized
2025-07-28 09:17:10,035 [ERROR] CADModel:125 - Updater not yet initialized, retry later 
2025-07-28 09:17:10,207 [FATAL] Updater:351 - Updater called before beeing initialized
2025-07-28 09:17:10,210 [INFO] CADModel:165 - CPN selected for project level
2025-07-28 09:17:10,210 [INFO] CADModel:114 - Register for checkConnection events
2025-07-28 09:17:10,210 [FATAL] Updater:351 - Updater called before beeing initialized
2025-07-28 09:17:10,211 [ERROR] CADModel:125 - Updater not yet initialized, retry later 
2025-07-28 09:17:10,216 [FATAL] Updater:351 - Updater called before beeing initialized
2025-07-28 09:17:10,337 [FATAL] Updater:351 - Updater called before beeing initialized
2025-07-28 09:17:10,341 [INFO] DbMcusAds:53 - JSON generation date=Tue Jul 08 13:44:23 IST 2025 (1751962463562)
2025-07-28 09:17:10,342 [FATAL] Updater:351 - Updater called before beeing initialized
2025-07-28 09:17:10,389 [WARN] DetailPanel:346 - Failed to get advertising image, set to default
2025-07-28 09:17:10,486 [FATAL] Updater:351 - Updater called before beeing initialized
2025-07-28 09:17:10,488 [FATAL] Updater:351 - Updater called before beeing initialized
2025-07-28 09:17:10,489 [FATAL] Updater:351 - Updater called before beeing initialized
2025-07-28 09:17:10,489 [WARN] DetailPanel:346 - Failed to get advertising image, set to default
2025-07-28 09:17:10,490 [FATAL] Updater:351 - Updater called before beeing initialized
2025-07-28 09:17:10,542 [ERROR] Updater:1198 - MainUpdater not yet initialized. External WinMGr cannot be set.
2025-07-28 09:17:10,544 [INFO] Updater:1134 - Updater Version found : 6.15.0
2025-07-28 09:17:10,563 [INFO] ApplicationProperties:184 - Using Application install path: C:\ST\STM32CubeIDE_1.16.1\STM32CubeIDE\plugins\com.st.stm32cube.common.mx_6.15.0.202507011659
2025-07-28 09:17:11,922 [INFO] ThirdPartyUpdaterWithRetryManager:70 - Updater plugin not ready yet. [2/15]
2025-07-28 09:17:12,154 [ERROR] LogOutputStream:75 - [STDERR_REDIRECT] Jul 28, 2025 9:17:12 AM java.util.prefs.WindowsPreferences <init>
2025-07-28 09:17:12,157 [ERROR] LogOutputStream:75 - [STDERR_REDIRECT] WARNING: Could not open/create prefs root node Software\JavaSoft\Prefs at root 0xffffffff80000002. Windows RegCreateKeyEx(...) returned error code 5.
2025-07-28 09:17:12,157 [ERROR] LogOutputStream:75 - [STDERR_REDIRECT] 
2025-07-28 09:17:12,696 [INFO] MainUpdater:2872 - connection check result : 10
2025-07-28 09:17:12,697 [INFO] MainUpdater:289 - Updater Check For Update Now.
2025-07-28 09:17:12,697 [INFO] MicroXplorer:498 - Change Database Version : DB.6.0.150
2025-07-28 09:17:12,707 [INFO] McuFinderGlobals:63 - Set McuFinder mode to 2 (CubeIDE integrated)
2025-07-28 09:17:12,710 [INFO] UserAuth:487 - Internet connection configuration mode: 1
2025-07-28 09:17:12,746 [INFO] JxBrowserEngine:152 - Initiate JxBrowser Engine with user profile folder
2025-07-28 09:17:12,914 [INFO] CheckServerUpdateThread:120 - End of CheckServer Thread
2025-07-28 09:17:14,220 [INFO] WebApp:169 - Instantiating new browser for Auth
2025-07-28 09:17:15,466 [INFO] WebApp:463 - Apply proxy settings
2025-07-28 09:17:15,467 [INFO] WebApp:548 - Chromium requires no authentication
2025-07-28 09:17:15,485 [INFO] WebApp:491 - Direct internet connection detected
2025-07-28 09:17:15,531 [WARN] PackLoader:240 - Cannot read IP mode file for STMicroelectronics.FP-SNS-MOTENVWB1.1.4.0
2025-07-28 09:17:15,545 [INFO] WebApp:900 - Register for checkConnection events
2025-07-28 09:17:15,546 [INFO] WebApp:463 - Apply proxy settings
2025-07-28 09:17:15,546 [INFO] WebApp:548 - Chromium requires no authentication
2025-07-28 09:17:15,548 [INFO] WebApp:491 - Direct internet connection detected
2025-07-28 09:17:15,552 [WARN] PackLoader:240 - Cannot read IP mode file for STMicroelectronics.FP-ATR-ASTRA1.2.0.2
2025-07-28 09:17:15,560 [WARN] PackLoader:240 - Cannot read IP mode file for STMicroelectronics.FP-ATR-ASTRA1.2.0.1
2025-07-28 09:17:15,578 [WARN] PackLoader:240 - Cannot read IP mode file for STMicroelectronics.X-CUBE-SMBUS.2.1.0
2025-07-28 09:17:15,595 [WARN] PackLoader:240 - Cannot read IP mode file for STMicroelectronics.X-CUBE-WB05N.1.1.0
2025-07-28 09:17:15,607 [WARN] PackLoader:240 - Cannot read IP mode file for STMicroelectronics.X-CUBE-ST60.1.0.0
2025-07-28 09:17:15,662 [WARN] PackLoader:240 - Cannot read IP mode file for STMicroelectronics.X-CUBE-AZRTOS-F7.1.1.0
2025-07-28 09:17:15,677 [WARN] PackLoader:240 - Cannot read IP mode file for STMicroelectronics.FP-SNS-FLIGHT1.5.0.2
2025-07-28 09:17:15,727 [WARN] PackLoader:240 - Cannot read IP mode file for Infineon.AIROC-Wi-Fi-Bluetooth-STM32.1.7.0
2025-07-28 09:17:15,796 [INFO] WebApp:191 - Connection restablished
2025-07-28 09:17:15,804 [WARN] PackLoader:240 - Cannot read IP mode file for STMicroelectronics.X-CUBE-AZRTOS-H7.3.4.0
2025-07-28 09:17:15,829 [WARN] PackLoader:240 - Cannot read IP mode file for STMicroelectronics.X-CUBE-DISPLAY.3.0.0
2025-07-28 09:17:15,852 [WARN] PackLoader:240 - Cannot read IP mode file for STMicroelectronics.X-CUBE-BLE1.7.0.0
2025-07-28 09:17:15,866 [WARN] PackLoader:240 - Cannot read IP mode file for STMicroelectronics.X-CUBE-NFC10.1.0.0
2025-07-28 09:17:15,895 [WARN] PackLoader:240 - Cannot read IP mode file for STMicroelectronics.X-CUBE-BLEMGR.4.0.0
2025-07-28 09:17:15,919 [WARN] PackLoader:240 - Cannot read IP mode file for emotas.I-CUBE-CANOPEN.1.3.0
2025-07-28 09:17:15,932 [WARN] PackLoader:240 - Cannot read IP mode file for STMicroelectronics.X-CUBE-AI.10.0.0
2025-07-28 09:17:15,943 [WARN] PackLoader:240 - Cannot read IP mode file for STMicroelectronics.FP-SNS-SMARTAG2.1.2.0
2025-07-28 09:17:15,951 [WARN] PackLoader:240 - Cannot read IP mode file for STMicroelectronics.FP-SNS-FLIGHT1.5.1.0
2025-07-28 09:17:16,068 [WARN] PackLoader:240 - Cannot read IP mode file for STMicroelectronics.X-CUBE-MEMS1.11.1.0
2025-07-28 09:17:16,221 [INFO] WebApp:225 - Starting web application
2025-07-28 09:17:16,221 [INFO] WebApp:593 - Web application path used C:\ST\STM32CubeIDE_1.16.1\STM32CubeIDE\plugins\com.st.stm32cube.common.mx_6.15.0.202507011659\db\plugins\mcufinder\reactClient1\index.html
2025-07-28 09:17:16,382 [INFO] LogOutputStream:77 - [STDOUT_REDIRECT] 1 : Invalid condition id : UX_CORESTACK_Condition cause : null
2025-07-28 09:17:16,384 [INFO] LogOutputStream:77 - [STDOUT_REDIRECT] 1 : Invalid condition id : UX_CORESTACK_Condition cause : null
2025-07-28 09:17:16,392 [INFO] LogOutputStream:77 - [STDOUT_REDIRECT] 1 : Invalid condition id : UX_CORESTACK_Condition cause : null
2025-07-28 09:17:16,394 [INFO] LogOutputStream:77 - [STDOUT_REDIRECT] 1 : Invalid condition id : UX_CORESTACK_Condition cause : null
2025-07-28 09:17:16,398 [INFO] LogOutputStream:77 - [STDOUT_REDIRECT] 1 : Invalid condition id : UX_CORESTACK_Condition cause : null
2025-07-28 09:17:16,405 [WARN] PackLoader:240 - Cannot read IP mode file for STMicroelectronics.X-CUBE-AZRTOS-WL.2.0.0
2025-07-28 09:17:16,417 [WARN] PackLoader:240 - Cannot read IP mode file for STMicroelectronics.FP-SNS-MOTENV1.5.0.0
2025-07-28 09:17:16,430 [WARN] PackLoader:240 - Cannot read IP mode file for wolfSSL.I-CUBE-wolfMQTT.1.19.0
2025-07-28 09:17:16,456 [WARN] PackLoader:240 - Cannot read IP mode file for WES.I-CUBE-Cesium.1.3.0
2025-07-28 09:17:16,616 [WARN] PackLoader:240 - Cannot read IP mode file for STMicroelectronics.X-CUBE-BLE2.3.3.0
2025-07-28 09:17:16,629 [WARN] PackLoader:240 - Cannot read IP mode file for STMicroelectronics.X-CUBE-NFC9.1.0.0
2025-07-28 09:17:16,648 [WARN] PackLoader:240 - Cannot read IP mode file for STMicroelectronics.X-CUBE-BLE1.7.1.0
2025-07-28 09:17:16,663 [WARN] PackLoader:240 - Cannot read IP mode file for STMicroelectronics.X-CUBE-EEPRMA1.5.2.0
2025-07-28 09:17:16,674 [WARN] PackLoader:240 - Cannot read IP mode file for STMicroelectronics.X-CUBE-AI.10.1.0
2025-07-28 09:17:16,770 [WARN] PackLoader:240 - Cannot read IP mode file for STMicroelectronics.X-CUBE-MEMS1.11.2.0
2025-07-28 09:17:16,956 [INFO] UserAuth:487 - Internet connection configuration mode: 1
2025-07-28 09:17:17,126 [WARN] PackLoader:240 - Cannot read IP mode file for STMicroelectronics.X-CUBE-AZRTOS-G0.1.1.0
2025-07-28 09:17:17,147 [WARN] PackLoader:240 - Cannot read IP mode file for STMicroelectronics.X-CUBE-SAFEA1.1.2.2
2025-07-28 09:17:17,160 [WARN] PackLoader:240 - Cannot read IP mode file for STMicroelectronics.X-CUBE-NFC4.3.0.0
2025-07-28 09:17:17,176 [WARN] PackLoader:240 - Cannot read IP mode file for EmbeddedOffice.I-CUBE-FS-RTOS.1.0.1
2025-07-28 09:17:17,188 [WARN] PackLoader:240 - Cannot read IP mode file for STMicroelectronics.X-CUBE-WB05N.2.0.0
2025-07-28 09:17:17,200 [WARN] PackLoader:240 - Cannot read IP mode file for STMicroelectronics.X-CUBE-TCPP.4.2.0
2025-07-28 09:17:17,214 [WARN] PackLoader:240 - Cannot read IP mode file for RealThread.X-CUBE-RT-Thread_Nano.4.1.1
2025-07-28 09:17:17,225 [WARN] PackLoader:240 - Cannot read IP mode file for STMicroelectronics.FP-ATR-SIGFOX1.3.2.0
2025-07-28 09:17:17,236 [WARN] ConditionMgr:438 - getConditionDescription Invalid condition id : Cortex-A Device cause : null
2025-07-28 09:17:17,259 [WARN] ConditionMgr:1044 - genDependencies : Invalid condition id : Cortex-A Device cause : null
2025-07-28 09:17:17,260 [WARN] ConditionMgr:1044 - genDependencies : Invalid condition id : Cortex-A Device cause : null
2025-07-28 09:17:17,260 [WARN] ConditionMgr:1044 - genDependencies : Invalid condition id : Cortex-A Device cause : null
2025-07-28 09:17:17,274 [WARN] PackLoader:240 - Cannot read IP mode file for STMicroelectronics.X-CUBE-EEPRMA1.5.1.0
2025-07-28 09:17:17,287 [WARN] PackLoader:240 - Cannot read IP mode file for wolfSSL.I-CUBE-wolfSSL.5.7.4
2025-07-28 09:17:17,300 [WARN] PackLoader:240 - Cannot read IP mode file for ITTIA_DB.I-CUBE-ITTIADB.8.9.0
2025-07-28 09:17:17,312 [WARN] PackLoader:240 - Cannot read IP mode file for STMicroelectronics.X-CUBE-ST67W61.1.0.0
2025-07-28 09:17:17,367 [WARN] PackLoader:240 - Cannot read IP mode file for SEGGER.I-CUBE-embOS.1.3.1
2025-07-28 09:17:17,476 [WARN] PackLoader:240 - Cannot read IP mode file for STMicroelectronics.X-CUBE-ALGOBUILD.1.4.0
2025-07-28 09:17:17,566 [WARN] PackLoader:240 - Cannot read IP mode file for STMicroelectronics.X-CUBE-MEMS1.11.3.0
2025-07-28 09:17:17,835 [WARN] PackLoader:240 - Cannot read IP mode file for STMicroelectronics.X-CUBE-AI.9.1.0
2025-07-28 09:17:17,844 [WARN] PackLoader:240 - Cannot read IP mode file for STMicroelectronics.X-CUBE-PM33A1.1.0.0
2025-07-28 09:17:17,877 [WARN] PackLoader:240 - Cannot read IP mode file for STMicroelectronics.X-CUBE-AZRTOS-F4.1.1.0
2025-07-28 09:17:17,891 [WARN] PackLoader:240 - Cannot read IP mode file for Avnet-IotConnect.X-CUBE-IoTC-DA16k-PMOD.1.0.0
2025-07-28 09:17:17,899 [WARN] PackLoader:240 - Cannot read IP mode file for STMicroelectronics.X-CUBE-ISPU.2.1.0
2025-07-28 09:17:17,912 [WARN] PackLoader:240 - Cannot read IP mode file for STMicroelectronics.X-CUBE-NFC12.1.0.0
2025-07-28 09:17:17,942 [WARN] PackLoader:240 - Cannot read IP mode file for STMicroelectronics.X-CUBE-AZRTOS-L5.2.0.0
2025-07-28 09:17:17,957 [WARN] PackLoader:240 - Cannot read IP mode file for STMicroelectronics.X-CUBE-NFC6.3.1.0
2025-07-28 09:17:17,966 [WARN] PackLoader:240 - Cannot read IP mode file for STMicroelectronics.X-CUBE-DPower.1.2.0
2025-07-28 09:17:17,976 [WARN] PackLoader:240 - Cannot read IP mode file for STMicroelectronics.X-CUBE-FREERTOS.1.3.1
2025-07-28 09:17:17,983 [WARN] PackLoader:240 - Cannot read IP mode file for STMicroelectronics.X-CUBE-FREERTOS.1.3.0
2025-07-28 09:17:17,991 [WARN] PackLoader:240 - Cannot read IP mode file for STMicroelectronics.X-CUBE-NFC7.1.0.1
2025-07-28 09:17:18,000 [WARN] PackLoader:240 - Cannot read IP mode file for STMicroelectronics.FP-SNS-STAIOTCFT.1.0.0
2025-07-28 09:17:18,007 [WARN] PackLoader:240 - Cannot read IP mode file for STMicroelectronics.X-CUBE-DPower.1.3.0
2025-07-28 09:17:18,035 [WARN] ConditionMgr:438 - getConditionDescription Invalid condition id : LAN8742 Phy interface Condition cause : null
2025-07-28 09:17:18,036 [WARN] PackLoader:240 - Cannot read IP mode file for STMicroelectronics.X-CUBE-AZRTOS-L4.2.0.0
2025-07-28 09:17:18,038 [WARN] ConditionMgr:1044 - genDependencies : Invalid condition id : LAN8742 Phy interface Condition cause : null
2025-07-28 09:17:18,038 [WARN] ConditionMgr:1044 - genDependencies : Invalid condition id : LAN8742 Phy interface Condition cause : null
2025-07-28 09:17:18,039 [WARN] ConditionMgr:1044 - genDependencies : Invalid condition id : LAN8742 Phy interface Condition cause : null
2025-07-28 09:17:18,050 [WARN] PackLoader:240 - Cannot read IP mode file for STMicroelectronics.X-CUBE-SFXS2LP1.4.0.0
2025-07-28 09:17:18,077 [WARN] PackLoader:240 - Cannot read IP mode file for STMicroelectronics.X-CUBE-AZRTOS-H7.3.3.0
2025-07-28 09:17:18,098 [WARN] PackLoader:240 - Cannot read IP mode file for STMicroelectronics.X-CUBE-BLEMGR.4.1.0
2025-07-28 09:17:18,117 [WARN] PackLoader:240 - Cannot read IP mode file for STMicroelectronics.X-CUBE-IPS.3.0.0
2025-07-28 09:17:18,144 [WARN] ConditionMgr:438 - getConditionDescription Invalid condition id : UX DEVICE CLASS RTOS Condition cause : null
2025-07-28 09:17:18,144 [WARN] ConditionMgr:438 - getConditionDescription Invalid condition id : UX DEVICE CLASS RTOS Condition cause : null
2025-07-28 09:17:18,146 [WARN] PackLoader:240 - Cannot read IP mode file for STMicroelectronics.X-CUBE-AZRTOS-WB.2.0.0
2025-07-28 09:17:18,147 [WARN] ConditionMgr:1044 - genDependencies : Invalid condition id : UX DEVICE CLASS RTOS Condition cause : null
2025-07-28 09:17:18,148 [WARN] ConditionMgr:1044 - genDependencies : Invalid condition id : UX DEVICE CLASS RTOS Condition cause : null
2025-07-28 09:17:18,150 [WARN] ConditionMgr:1044 - genDependencies : Invalid condition id : UX DEVICE CLASS RTOS Condition cause : null
2025-07-28 09:17:18,150 [WARN] ConditionMgr:1044 - genDependencies : Invalid condition id : UX DEVICE CLASS RTOS Condition cause : null
2025-07-28 09:17:18,151 [WARN] ConditionMgr:1044 - genDependencies : Invalid condition id : UX DEVICE CLASS RTOS Condition cause : null
2025-07-28 09:17:18,158 [WARN] PackLoader:240 - Cannot read IP mode file for STMicroelectronics.X-CUBE-GNSS1.7.0.1
2025-07-28 09:17:18,165 [WARN] PackLoader:240 - Cannot read IP mode file for STMicroelectronics.X-CUBE-TOUCHGFX.4.25.0
2025-07-28 09:17:18,182 [WARN] PackLoader:240 - Cannot read IP mode file for STMicroelectronics.FP-SNS-STBOX1.2.0.0
2025-07-28 09:17:18,210 [WARN] PackLoader:240 - Cannot read IP mode file for STMicroelectronics.X-CUBE-SUBG2.5.0.0
2025-07-28 09:17:18,243 [WARN] PackLoader:240 - Cannot read IP mode file for STMicroelectronics.X-CUBE-AZRTOS-H7RS.1.1.0
2025-07-28 09:17:18,254 [WARN] PackLoader:240 - Cannot read IP mode file for Cesanta.I-CUBE-Mongoose.7.13.0
2025-07-28 09:17:18,282 [WARN] PackLoader:240 - Cannot read IP mode file for STMicroelectronics.X-CUBE-AZRTOS-G4.2.0.0
2025-07-28 09:17:18,293 [WARN] PackLoader:240 - Cannot read IP mode file for STMicroelectronics.X-CUBE-NFC7.2.0.0
2025-07-28 09:17:18,315 [WARN] PackLoader:240 - Cannot read IP mode file for STMicroelectronics.X-CUBE-IPS.3.1.0
2025-07-28 09:17:18,330 [WARN] PackLoader:240 - Cannot read IP mode file for STMicroelectronics.X-CUBE-ALS.1.0.2
2025-07-28 09:17:18,339 [WARN] PackLoader:240 - Cannot read IP mode file for STMicroelectronics.X-CUBE-TOUCHGFX.4.24.0
2025-07-28 09:17:18,481 [WARN] PackLoader:240 - Cannot read IP mode file for STMicroelectronics.X-CUBE-TOUCHGFX.4.24.2
2025-07-28 09:17:18,538 [WARN] PackLoader:240 - Cannot read IP mode file for STMicroelectronics.X-CUBE-TOUCHGFX.4.24.1
2025-07-28 09:17:18,543 [WARN] PackLoader:240 - Cannot read IP mode file for wolfSSL.I-CUBE-wolfTPM.3.4.0
2025-07-28 09:17:18,552 [WARN] PackLoader:240 - Cannot read IP mode file for portGmbH.I-Cube-SoM-uGOAL.1.1.0
2025-07-28 09:17:18,575 [WARN] PackLoader:240 - Cannot read IP mode file for STMicroelectronics.X-CUBE-AZRTOS-H7RS.1.0.0
2025-07-28 09:17:18,598 [WARN] PackLoader:240 - Cannot read IP mode file for STMicroelectronics.X-CUBE-TOF1.3.4.2
2025-07-28 09:17:18,619 [WARN] PackLoader:240 - Cannot read IP mode file for STMicroelectronics.X-CUBE-TOF1.3.4.3
2025-07-28 09:17:18,634 [WARN] PackLoader:240 - Cannot read IP mode file for wolfSSL.I-CUBE-wolfSSH.1.4.17
2025-07-28 09:17:18,635 [INFO] ThirdParty:978 - Integrity check success = true
2025-07-28 09:17:18,635 [INFO] IntegrityCheckThread:100 - exiting critical section [integrity check]
2025-07-28 09:17:18,635 [INFO] IntegrityCheckThread:103 - End integrity checks thread
2025-07-28 11:30:55,819 [INFO] WebApp:194 - Connection lost
2025-07-28 11:30:56,596 [INFO] WebApp:191 - Connection restablished
2025-07-28 11:30:57,883 [INFO] WebApp:194 - Connection lost
2025-07-28 11:30:58,108 [INFO] WebApp:191 - Connection restablished
2025-07-28 15:46:55,938 [INFO] McuFinderGlobals:63 - Set McuFinder mode to 2 (CubeIDE integrated)
2025-07-28 15:46:56,124 [INFO] MainUpdater:2872 - connection check result : 10
2025-07-28 15:46:56,126 [INFO] MainUpdater:2872 - connection check result : 10
2025-07-28 15:46:56,238 [INFO] MicroXplorer:468 - Change Database Path : 
2025-07-28 15:46:56,238 [INFO] MicroXplorer:498 - Change Database Version : DB.6.0.150
2025-07-28 15:46:56,257 [WARN] ThirdParty:871 - waiting for thirdparty lock release [close project]
2025-07-28 15:46:56,257 [INFO] ThirdParty:873 - entering critical section [close project]
2025-07-28 15:46:56,270 [INFO] ThirdParty:883 - exiting critical section [close project]
2025-07-28 15:46:56,280 [INFO] PinOutPanel:1589 - setPackage(No Configuration,No Configuration)
2025-07-28 15:46:56,287 [INFO] UtilMem:75 - Begin LoadConfig() Used Memory: 317109016 Bytes (476053504)
2025-07-28 15:46:56,292 [INFO] MicroXplorer:468 - Change Database Path : 
2025-07-28 15:46:56,293 [INFO] MicroXplorer:498 - Change Database Version : DB.6.0.150
2025-07-28 15:46:56,294 [INFO] OpenFileManager:355 - Change cursor
2025-07-28 15:46:56,409 [INFO] Mcu:2029 - Initializing MCU STM32F401R(D-E)Tx STM32F401RETx STM32F401RET6
2025-07-28 15:46:58,698 [INFO] Context:786 - Trying to add GPIOservice into a context  which must be forbidden
2025-07-28 15:46:59,334 [INFO] ImportTextPane:234 - (OptionalMessage_ERROR) Pin51 (VP_RIF_VS_RIF1) cannot be retrieved for this MCU
2025-07-28 15:46:59,480 [INFO] RtosManager:558 - Registered RTOS mode: class=CMSIS, group=RTOS, mode=CMSIS_V1, owner=FREERTOS
2025-07-28 15:46:59,480 [INFO] RtosManager:558 - Registered RTOS mode: class=CMSIS, group=RTOS2, mode=CMSIS_V2, owner=FREERTOS
2025-07-28 15:46:59,485 [INFO] RtosManager:558 - Registered RTOS mode: class=RTOS, group=Core, mode=CMSIS_V1, owner=FREERTOS
2025-07-28 15:46:59,485 [INFO] RtosManager:558 - Registered RTOS mode: class=RTOS, group=Core, mode=CMSIS_V2, owner=FREERTOS
2025-07-28 15:46:59,485 [WARN] ModelIntegratedComponent:184 - Missing modes for component STMicroelectronics:FreeRTOS:0.0.1:STMicroelectronics:RTOS:FreeRTOS:Core:::10.2.0:
2025-07-28 15:46:59,508 [WARN] ModelIntegratedComponent:63 - No mode defined for component null
2025-07-28 15:46:59,508 [WARN] ModelIntegratedComponent:63 - No mode defined for component null
2025-07-28 15:46:59,508 [WARN] ModelIntegratedComponent:63 - No mode defined for component null
2025-07-28 15:46:59,508 [WARN] ModelIntegratedComponent:63 - No mode defined for component null
2025-07-28 15:46:59,508 [WARN] ModelIntegratedComponent:63 - No mode defined for component null
2025-07-28 15:46:59,508 [WARN] ModelIntegratedComponent:63 - No mode defined for component null
2025-07-28 15:46:59,508 [WARN] ModelIntegratedComponent:63 - No mode defined for component null
2025-07-28 15:46:59,508 [WARN] ModelIntegratedComponent:63 - No mode defined for component null
2025-07-28 15:46:59,508 [WARN] ModelIntegratedComponent:63 - No mode defined for component null
2025-07-28 15:46:59,508 [WARN] ModelIntegratedComponent:63 - No mode defined for component null
2025-07-28 15:46:59,508 [WARN] ModelIntegratedComponent:63 - No mode defined for component null
2025-07-28 15:46:59,508 [WARN] ModelIntegratedComponent:63 - No mode defined for component null
2025-07-28 15:46:59,511 [WARN] ModelIntegratedComponent:63 - No mode defined for component null
2025-07-28 15:46:59,511 [WARN] ModelIntegratedComponent:63 - No mode defined for component null
2025-07-28 15:46:59,511 [WARN] ModelIntegratedComponent:63 - No mode defined for component null
2025-07-28 15:46:59,511 [WARN] ModelIntegratedComponent:63 - No mode defined for component null
2025-07-28 15:46:59,511 [WARN] ModelIntegratedComponent:63 - No mode defined for component null
2025-07-28 15:46:59,511 [WARN] ModelIntegratedComponent:63 - No mode defined for component null
2025-07-28 15:46:59,511 [WARN] ModelIntegratedComponent:63 - No mode defined for component null
2025-07-28 15:46:59,511 [WARN] ModelIntegratedComponent:63 - No mode defined for component null
2025-07-28 15:46:59,511 [WARN] ModelIntegratedComponent:63 - No mode defined for component null
2025-07-28 15:46:59,511 [WARN] ModelIntegratedComponent:63 - No mode defined for component null
2025-07-28 15:46:59,511 [WARN] ModelIntegratedComponent:63 - No mode defined for component null
2025-07-28 15:46:59,511 [WARN] ModelIntegratedComponent:63 - No mode defined for component null
2025-07-28 15:46:59,511 [WARN] ModelIntegratedComponent:63 - No mode defined for component null
2025-07-28 15:46:59,511 [WARN] ModelIntegratedComponent:63 - No mode defined for component null
2025-07-28 15:46:59,511 [WARN] ModelIntegratedComponent:63 - No mode defined for component null
2025-07-28 15:46:59,511 [WARN] ModelIntegratedComponent:63 - No mode defined for component null
2025-07-28 15:46:59,511 [WARN] ModelIntegratedComponent:63 - No mode defined for component null
2025-07-28 15:46:59,511 [WARN] ModelIntegratedComponent:63 - No mode defined for component null
2025-07-28 15:46:59,511 [WARN] ModelIntegratedComponent:63 - No mode defined for component null
2025-07-28 15:46:59,511 [WARN] ModelIntegratedComponent:63 - No mode defined for component null
2025-07-28 15:46:59,511 [WARN] ModelIntegratedComponent:63 - No mode defined for component null
2025-07-28 15:46:59,511 [WARN] ModelIntegratedComponent:63 - No mode defined for component null
2025-07-28 15:46:59,511 [WARN] ModelIntegratedComponent:63 - No mode defined for component null
2025-07-28 15:46:59,514 [WARN] ModelPack:524 - Component already loaded: STMicroelectronics:HAL Drivers:0.0.0:STMicroelectronics:Device:STMicro_Driver:XSPI:HAL::0.0.1:HAL_XSPI
2025-07-28 15:47:00,019 [INFO] ThirdPartyModel:298 - Start build external matchings
2025-07-28 15:47:01,144 [INFO] ThirdPartyModel:316 - End build external matchings
2025-07-28 15:47:01,183 [INFO] ImportTextPane:234 - (OptionalMessage_ERROR) IP (RCC) : Parameter (PLLCLKFreq_Value) has invalid value (96000000)
2025-07-28 15:47:01,185 [INFO] ImportTextPane:234 - (OptionalMessage_ERROR) IP (RCC) : Parameter (PLLSourceVirtual) has invalid value (RCC_PLLSOURCE_HSI)
2025-07-28 15:47:01,185 [INFO] ImportTextPane:234 - (OptionalMessage_ERROR) IP (RCC) : Parameter (RTCHSEDivFreq_Value) has invalid value (12500000)
2025-07-28 15:47:01,563 [INFO] ApiDb:581 - Connected to CubeFinder SQLite database (C:\Users\kjeya\.stmcufinder\plugins\mcufinder\mcu\cube-finder-db.db)
2025-07-28 15:47:01,694 [INFO] ApiDb:668 - CubeFinder database Data Model version=2.1
2025-07-28 15:47:01,694 [INFO] ApiDb:669 - CubeFinder database Configuration version=3.0.39
2025-07-28 15:47:01,695 [INFO] ApiDb:670 - CubeFinder database generation date=2025-06-24 (1750757100)
2025-07-28 15:47:01,696 [INFO] ApiDb:671 - CubeFinder database FW Pack versions=[FP-ATR-ASTRA1_V2.0.0, FP-SNS-FLIGHT1_V5.1.0, FP-SNS-MOTENV1_V5.0.0, FP-SNS-MOTENVWB1_V1.4.0, FP-SNS-SMARTAG2_V1.2.0, FP-SNS-STBOX1_V2.0.0, STM32Cube_FW_C0_V1.4.0, STM32Cube_FW_F4_V1.28.2, STM32Cube_FW_F7_V1.17.3, STM32Cube_FW_G0_V1.6.2, STM32Cube_FW_G4_V1.6.1, STM32Cube_FW_H5_V1.5.0, STM32Cube_FW_H7RS_V1.2.0, STM32Cube_FW_H7_V1.12.1, STM32Cube_FW_L0_V1.12.2, STM32Cube_FW_L4_V1.18.1, STM32Cube_FW_L5_V1.5.1, STM32Cube_FW_N6_V1.2.0, STM32Cube_FW_U0_V1.3.0, STM32Cube_FW_U3_V1.2.0, STM32Cube_FW_U5_V1.8.0, STM32Cube_FW_WB0_V1.3.0, STM32Cube_FW_WBA_V1.7.0, STM32Cube_FW_WB_V1.23.0, STM32Cube_FW_WL3_V1.2.0, STM32Cube_FW_WL_V1.3.1, X-CUBE-ALGOBUILD_V1.4.0, X-CUBE-ALS_V1.0.2, X-CUBE-AZRTOS-F4_V1.1.0, X-CUBE-AZRTOS-F7_V1.1.0, X-CUBE-AZRTOS-G0_V1.1.0, X-CUBE-AZRTOS-G4_V2.0.0, X-CUBE-AZRTOS-H7RS_V1.1.0, X-CUBE-AZRTOS-H7_V3.3.0, X-CUBE-AZRTOS-L4_V2.0.0, X-CUBE-AZRTOS-L5_V2.0.0, X-CUBE-AZRTOS-WB_V2.0.0, X-CUBE-AZRTOS-WL_V2.0.0, X-CUBE-BLE1_V7.1.0, X-CUBE-BLE2_V3.3.0, X-CUBE-BLEMGR_V4.0.0, X-CUBE-EEPRMA1_V5.1.0, X-CUBE-FREERTOS_V1.3.1, X-CUBE-GNSS1_V6.0.0, X-CUBE-MEMS1_V11.3.0, X-CUBE-NFC4_V3.0.0, X-CUBE-NFC7_V2.0.0, X-CUBE-SFXS2LP1_V4.0.0, X-CUBE-SUBG2_V5.0.0, X-CUBE-TOF1_V3.4.3]
2025-07-28 15:47:01,894 [INFO] DbBoardsSqlite:226 - include board P-NUCLEO-WB55-NUCLEO as a kit item of type 'Nucleo-64'
2025-07-28 15:47:01,895 [INFO] DbBoardsSqlite:226 - include board P-NUCLEO-WB55-USBDONGLE as a kit item of type 'Nucleo USB Dongle'
2025-07-28 15:47:01,896 [INFO] DbBoardsSqlite:226 - include board STEVAL-IDP005V1 as a kit item of type 'Evaluation Board'
2025-07-28 15:47:01,897 [INFO] DbBoardsSqlite:226 - include board STEVAL-IDP005V2 as a kit item of type 'Evaluation Board'
2025-07-28 15:47:02,459 [INFO] ApiDb:240 - Found 880 in-development CPN: [B-G473E-ZEST1S, B-WB1M-WPAN1, B-WBA5M-WPAN, B-WL5M-SUBG1, NUCLEO-C031C6, NUCLEO-C051C8, NUCLEO-C071RB, NUCLEO-C092RC, NUCLEO-H503RB, NUCLEO-H533RE, NUCLEO-H563ZI, NUCLEO-H7S3L8, NUCLEO-N657X0-Q, NUCLEO-U031R8, NUCLEO-U083RC, NUCLEO-U385RG-Q, NUCLEO-U545RE-Q, NUCLEO-U5A5ZJ-Q, NUCLEO-WB05KZ, NUCLEO-WB07CC, NUCLEO-WB09KE, NUCLEO-WBA52CG, NUCLEO-WBA55CG, NUCLEO-WL33CC1, NUCLEO-WL33CC2, STEVAL-PROTEUS1, STEVAL-SMARTAG2, STEVAL-STWINBX1, STM320518-EVAL, STM32C0116-DK, STM32C011D6Y3TR, STM32C011D6Y6TR, STM32C011F4P3, STM32C011F4P6, STM32C011F4U3, STM32C011F4U6TR, STM32C011F6P3, STM32C011F6P6, STM32C011F6U3, STM32C011F6U6TR, STM32C011J4M3, STM32C011J4M6, STM32C011J6M3, STM32C011J6M6, STM32C0316-DK, STM32C031C4T3, STM32C031C4T6, STM32C031C4U3, STM32C031C4U6, STM32C031C6T3, STM32C031C6T6, STM32C031C6U3, STM32C031C6U6, STM32C031F4P3, STM32C031F4P6, STM32C031F6P3, STM32C031F6P6, STM32C031G4U3, STM32C031G4U6, STM32C031G6U3, STM32C031G6U6, STM32C031K4T3, STM32C031K4T6, STM32C031K4U3, STM32C031K4U6, STM32C031K6T3, STM32C031K6T6, STM32C031K6U3, STM32C031K6U6, STM32C051C6T6, STM32C051C6U6, STM32C051C8T6, STM32C051C8U6, STM32C051D8Y6TR, STM32C051F6P6, STM32C051F8P6, STM32C051G6U6, STM32C051G8U6, STM32C051K6T6, STM32C051K6U6, STM32C051K8T6, STM32C071C8T6, STM32C071C8T6N, STM32C071C8U6, STM32C071C8U6N, STM32C071CBT6, STM32C071CBT6N, STM32C071CBU6, STM32C071CBU6N, STM32C071F8P6, STM32C071F8P6N, STM32C071FBP6, STM32C071FBP6N, STM32C071FBY6TR, STM32C071G8U6, STM32C071G8U6N, STM32C071GBU6, STM32C071GBU6N, STM32C071K8T6, STM32C071K8T6N, STM32C071K8U6, STM32C071K8U6N, STM32C071KBT6, STM32C071KBT6N, STM32C071KBU6, STM32C071KBU6N, STM32C071R8T6, STM32C071R8T6N, STM32C071RBI6N, STM32C071RBT6, STM32C071RBT6N, STM32C091CBT6, STM32C091CBU6, STM32C091CCT6, STM32C091CCU6, STM32C091ECY6TR, STM32C091FBP6, STM32C091FCP6, STM32C091GBU6, STM32C091GCU6, STM32C091KBT6, STM32C091KBU6, STM32C091KCT6, STM32C091KCU6, STM32C091RBT6, STM32C091RCI6, STM32C091RCT6, STM32C092CBT6, STM32C092CBU6, STM32C092CCT6, STM32C092CCU6, STM32C092ECY6TR, STM32C092FBP6, STM32C092FCP6, STM32C092GBU6, STM32C092GCU6, STM32C092KBT6, STM32C092KBU6, STM32C092KCT6, STM32C092KCU6, STM32C092RBT6, STM32C092RCI6, STM32C092RCT6, STM32G071K8TXN, STM32G071K8UXN, STM32G081GBU6N, STM32G081KBT6N, STM32G081KBUXN, STM32G0B1CCT6N, STM32G0B1KCT6, STM32G0B1NEY6TR, STM32G0B1RCT6N, STM32G0C1CCT6, STM32G0C1CCT6N, STM32G0C1CCU6N, STM32G0C1CET6N, STM32G0C1CEU6N, STM32G0C1KCT6, STM32G0C1NEY6TR, STM32G0C1RCI6N, STM32G0C1RCT6N, STM32G0C1REI6N, STM32G0C1RET6N, STM32G0C1VCI6, STM32G0C1VEI6, STM32G411C6T3, STM32G411C6T6, STM32G411C6U3, STM32G411C6U6, STM32G411C8T3, STM32G411C8T6, STM32G411C8U3, STM32G411C8U6, STM32G411CBT3, STM32G411CBT6, STM32G411CBU3, STM32G411CBU6, STM32G411K6T3, STM32G411K6T6, STM32G411K6U3, STM32G411K6U6, STM32G411K8T3, STM32G411K8T6, STM32G411K8U3, STM32G411K8U6, STM32G411KBT3, STM32G411KBT6, STM32G411KBU3, STM32G411KBU6, STM32G411M6T3, STM32G411M6T6, STM32G411M8T3, STM32G411M8T6, STM32G411MBT3, STM32G411MBT6, STM32G411R6T3, STM32G411R6T6, STM32G411R8T3, STM32G411R8T6, STM32G411RBT3, STM32G411RBT6, STM32G414CBT3, STM32G414CBT6, STM32G414CBU3, STM32G414CBU6, STM32G414CCT3, STM32G414CCT6, STM32G414CCU3, STM32G414CCU6, STM32G414MBT3, STM32G414MBT6, STM32G414MCT3, STM32G414MCT6, STM32G414RBT3, STM32G414RBT6, STM32G414RCT3, STM32G414RCT6, STM32G414VBT3, STM32G414VBT6, STM32G414VCT3, STM32G414VCT6, STM32G431CBT3Z, STM32G431RBT3Z, STM32G471CCT6, STM32G471CCU6, STM32G471CET3, STM32G471CET6, STM32G471CEU3, STM32G471CEU6, STM32G471MCT6, STM32G471MET3, STM32G471MET6, STM32G471MEY6TR, STM32G471QCT6, STM32G471QET3, STM32G471RCT6, STM32G471RET3, STM32G471RET6, STM32G471VCH6, STM32G471VCI6, STM32G471VCT6, STM32G471VEH3, STM32G471VEH6, STM32G471VEI3, STM32G471VEI6, STM32G471VET3, STM32G471VET6, STM32G473QET3Z, STM32G473RET3Z, STM32G474CCT6, STM32G491RET3Z, STM32H503CBT6, STM32H503CBU6, STM32H503EBY6TR, STM32H503KBU6, STM32H503RBT6, STM32H523CCT6, STM32H523CCU6, STM32H523CET6, STM32H523CEU6, STM32H523HEY6TR, STM32H523RCT6, STM32H523RET6, STM32H523VCI6, STM32H523VCT6, STM32H523VEI6, STM32H523VET6, STM32H523ZCJ6, STM32H523ZCT6, STM32H523ZEJ6, STM32H523ZET6, STM32H533CET6, STM32H533CEU6, STM32H533HEY6TR, STM32H533RET6, STM32H533VEI6, STM32H533VET6, STM32H533ZEJ6, STM32H533ZET6, STM32H562AGI6, STM32H562AII6, STM32H562IGK6, STM32H562IGT6, STM32H562IIK6, STM32H562IIT6, STM32H562RGT6, STM32H562RGV6, STM32H562RIT6, STM32H562RIV6, STM32H562VGT6, STM32H562VIT6, STM32H562ZGT6, STM32H562ZIT6, STM32H563AGI6, STM32H563AII3Q, STM32H563AII6, STM32H563IGK6, STM32H563IGT6, STM32H563IIK3Q, STM32H563IIK6, STM32H563IIT3Q, STM32H563IIT6, STM32H563MIY3QTR, STM32H563RGT6, STM32H563RGV6, STM32H563RIT6, STM32H563RIV6, STM32H563VGT6, STM32H563VIT3Q, STM32H563VIT6, STM32H563ZGT6, STM32H563ZIT3Q, STM32H563ZIT6, STM32H573AII3Q, STM32H573AII6, STM32H573I-DK, STM32H573IIK3Q, STM32H573IIK6, STM32H573IIT3Q, STM32H573IIT6, STM32H573MIY3QTR, STM32H573RIT6, STM32H573RIV6, STM32H573VIT3Q, STM32H573VIT6, STM32H573ZIT3Q, STM32H573ZIT6, STM32H7R3A8I6, STM32H7R3I8K6, STM32H7R3I8T6, STM32H7R3L8H6, STM32H7R3L8H6H, STM32H7R3R8V6, STM32H7R3V8H6, STM32H7R3V8T6, STM32H7R3V8Y6TR, STM32H7R3Z8J6, STM32H7R3Z8T6, STM32H7R7A8I6, STM32H7R7I8K6, STM32H7R7I8T6, STM32H7R7L8H6, STM32H7R7L8H6H, STM32H7R7Z8J6, STM32H7S3A8I6, STM32H7S3I8K6, STM32H7S3I8T6, STM32H7S3L8H6, STM32H7S3L8H6H, STM32H7S3R8V6, STM32H7S3V8H6, STM32H7S3V8T6, STM32H7S3V8Y6TR, STM32H7S3Z8J6, STM32H7S3Z8T6, STM32H7S78-DK, STM32H7S7A8I6, STM32H7S7I8K6, STM32H7S7I8T6, STM32H7S7L8H6, STM32H7S7L8H6H, STM32H7S7Z8J6, STM32L4R5QGI6STR, STM32MP131AAE3, STM32MP131AAF3, STM32MP131AAG3, STM32MP131CAE3, STM32MP131CAF3, STM32MP131CAG3, STM32MP131DAE7, STM32MP131DAF7, STM32MP131DAG7, STM32MP131FAE7, STM32MP131FAF7, STM32MP131FAG7, STM32MP133AAE3, STM32MP133AAF3, STM32MP133AAG3, STM32MP133CAE3, STM32MP133CAF3, STM32MP133CAG3, STM32MP133DAE7, STM32MP133DAF7, STM32MP133DAG7, STM32MP133FAE7, STM32MP133FAF7, STM32MP133FAG7, STM32MP135AAE3, STM32MP135AAF3, STM32MP135AAG3, STM32MP135CAE3, STM32MP135CAF3, STM32MP135CAG3, STM32MP135DAE7, STM32MP135DAF7, STM32MP135DAG7, STM32MP135F-DK, STM32MP135FAE7, STM32MP135FAF7, STM32MP135FAF7T, STM32MP135FAF7U, STM32MP135FAG7, STM32MP211AAL3, STM32MP211AAM3, STM32MP211AAN3, STM32MP211AAO3, STM32MP211CAL3, STM32MP211CAM3, STM32MP211CAN3, STM32MP211CAO3, STM32MP211DAL3, STM32MP211DAM3, STM32MP211DAN3, STM32MP211DAO3, STM32MP211FAL3, STM32MP211FAM3, STM32MP211FAN3, STM32MP211FAO3, STM32MP213AAL3, STM32MP213AAM3, STM32MP213AAN3, STM32MP213AAO3, STM32MP213CAL3, STM32MP213CAM3, STM32MP213CAN3, STM32MP213CAO3, STM32MP213DAL3, STM32MP213DAM3, STM32MP213DAN3, STM32MP213DAO3, STM32MP213FAL3, STM32MP213FAM3, STM32MP213FAN3, STM32MP213FAO3, STM32MP215AAL3, STM32MP215AAM3, STM32MP215AAN3, STM32MP215AAO3, STM32MP215CAL3, STM32MP215CAM3, STM32MP215CAN3, STM32MP215CAO3, STM32MP215DAL3, STM32MP215DAM3, STM32MP215DAN3, STM32MP215DAO3, STM32MP215F-DK, STM32MP215FAL3, STM32MP215FAM3, STM32MP215FAN3, STM32MP215FAO3, STM32MP231AAJ3, STM32MP231AAK3, STM32MP231AAL3, STM32MP231CAJ3, STM32MP231CAK3, STM32MP231CAL3, STM32MP231DAJ3, STM32MP231DAK3, STM32MP231DAL3, STM32MP231FAJ3, STM32MP231FAK3, STM32MP231FAL3, STM32MP233AAJ3, STM32MP233AAK3, STM32MP233AAL3, STM32MP233CAJ3, STM32MP233CAK3, STM32MP233CAL3, STM32MP233DAJ3, STM32MP233DAK3, STM32MP233DAL3, STM32MP233FAJ3, STM32MP233FAK3, STM32MP233FAL3, STM32MP235AAJ3, STM32MP235AAK3, STM32MP235AAL3, STM32MP235CAJ3, STM32MP235CAK3, STM32MP235CAL3, STM32MP235DAJ3, STM32MP235DAK3, STM32MP235DAL3, STM32MP235FAJ3, STM32MP235FAK3, STM32MP235FAL3, STM32MP251AAI3, STM32MP251AAK3, STM32MP251AAL3, STM32MP251CAI3, STM32MP251CAK3, STM32MP251CAL3, STM32MP251DAI3, STM32MP251DAK3, STM32MP251DAL3, STM32MP251FAI3, STM32MP251FAK3, STM32MP251FAL3, STM32MP253AAI3, STM32MP253AAK3, STM32MP253AAL3, STM32MP253CAI3, STM32MP253CAK3, STM32MP253CAL3, STM32MP253DAI3, STM32MP253DAK3, STM32MP253DAL3, STM32MP253FAI3, STM32MP253FAK3, STM32MP253FAL3, STM32MP255AAI3, STM32MP255AAK3, STM32MP255AAL3, STM32MP255CAI3, STM32MP255CAK3, STM32MP255CAL3, STM32MP255DAI3, STM32MP255DAK3, STM32MP255DAL3, STM32MP255FAI3, STM32MP255FAK3, STM32MP255FAL3, STM32MP257AAI3, STM32MP257AAK3, STM32MP257AAL3, STM32MP257CAI3, STM32MP257CAK3, STM32MP257CAL3, STM32MP257DAI3, STM32MP257DAK3, STM32MP257DAL3, STM32MP257F-DK, STM32MP257F-EV1, STM32MP257FAI3, STM32MP257FAK3, STM32MP257FAL3, STM32N645A0H3Q, STM32N645B0H3Q, STM32N645I0H3Q, STM32N645L0H3Q, STM32N645X0H3Q, STM32N645Z0H3Q, STM32N647A0H3Q, STM32N647B0H3Q, STM32N647I0H3Q, STM32N647L0H3Q, STM32N647X0H3Q, STM32N647Z0H3Q, STM32N655A0H3Q, STM32N655B0H3Q, STM32N655I0H3Q, STM32N655L0H3Q, STM32N655X0H3Q, STM32N655Z0H3Q, STM32N6570-DK, STM32N657A0H3Q, STM32N657B0H3Q, STM32N657I0H3Q, STM32N657L0H3Q, STM32N657X0H3Q, STM32N657Z0H3Q, STM32U031C6T6, STM32U031C6U6, STM32U031C8T6, STM32U031C8U6, STM32U031F4P6, STM32U031F6P6, STM32U031F8P6, STM32U031G6Y6TR, STM32U031G8Y6TR, STM32U031K4U6, STM32U031K6U6, STM32U031K8U6, STM32U031R6I6, STM32U031R6T6, STM32U031R8I6, STM32U031R8T6, STM32U073C8T6, STM32U073C8U6, STM32U073CBT6, STM32U073CBU6, STM32U073CCT6, STM32U073CCU6, STM32U073H8Y6TR, STM32U073HBY6TR, STM32U073HCY6TR, STM32U073K8U6, STM32U073KBU6, STM32U073KCU6, STM32U073M8I6, STM32U073M8T6, STM32U073MBI6, STM32U073MBT6, STM32U073MCI6, STM32U073MCT6, STM32U073R8I6, STM32U073R8T6, STM32U073RBI6, STM32U073RBT6, STM32U073RCI6, STM32U073RCT6, STM32U083C-DK, STM32U083CCT6, STM32U083CCU6, STM32U083HCY6TR, STM32U083KCU6, STM32U083MCI6, STM32U083MCT6, STM32U083RCI6, STM32U083RCT6, STM32U375CET6, STM32U375CET6Q, STM32U375CEU6, STM32U375CEU6Q, STM32U375CEY6QTR, STM32U375CGT6, STM32U375CGT6Q, STM32U375CGU6, STM32U375CGU6Q, STM32U375CGY6QTR, STM32U375KEU6, STM32U375KGU6, STM32U375REI6, STM32U375REI6Q, STM32U375RET6, STM32U375RET6Q, STM32U375REY6GTR, STM32U375REY6QTR, STM32U375RGI6, STM32U375RGI6Q, STM32U375RGT6, STM32U375RGT6Q, STM32U375RGY6GTR, STM32U375RGY6QTR, STM32U375VEI6, STM32U375VEI6Q, STM32U375VET6, STM32U375VET6Q, STM32U375VGI6, STM32U375VGI6Q, STM32U375VGT6, STM32U375VGT6Q, STM32U385CGT6, STM32U385CGT6Q, STM32U385CGU6, STM32U385CGU6Q, STM32U385CGY6QTR, STM32U385KGU6, STM32U385RGI6, STM32U385RGI6Q, STM32U385RGT6, STM32U385RGT6Q, STM32U385RGY6GTR, STM32U385RGY6QTR, STM32U385VGI6, STM32U385VGI6Q, STM32U385VGT6, STM32U385VGT6Q, STM32U535CBT6, STM32U535CBT6Q, STM32U535CBU6, STM32U535CBU6Q, STM32U535CCT6, STM32U535CCT6Q, STM32U535CCU6, STM32U535CCU6Q, STM32U535CET6, STM32U535CET6Q, STM32U535CEU6, STM32U535CEU6Q, STM32U535JEY6QTR, STM32U535NCY6QTR, STM32U535NEY6QTR, STM32U535RBI6, STM32U535RBI6Q, STM32U535RBT6, STM32U535RBT6Q, STM32U535RCI6, STM32U535RCI6Q, STM32U535RCT6, STM32U535RCT6Q, STM32U535REI6, STM32U535REI6Q, STM32U535RET6, STM32U535RET6Q, STM32U535VCI6, STM32U535VCI6Q, STM32U535VCT6, STM32U535VCT6Q, STM32U535VEI6, STM32U535VEI6Q, STM32U535VET6, STM32U535VET6Q, STM32U545CET6, STM32U545CET6Q, STM32U545CEU6, STM32U545CEU6Q, STM32U545JEY6QTR, STM32U545NEY6QTR, STM32U545REI6, STM32U545REI6Q, STM32U545RET6, STM32U545RET6Q, STM32U545VEI6, STM32U545VEI6Q, STM32U545VET6, STM32U545VET6Q, STM32U595AIH6, STM32U595AIH6Q, STM32U595AJH6, STM32U595AJH6Q, STM32U595QII6, STM32U595QII6Q, STM32U595QJI6, STM32U595QJI6Q, STM32U595RIT6, STM32U595RIT6Q, STM32U595RJT6, STM32U595RJT6Q, STM32U595VIT6, STM32U595VIT6Q, STM32U595VJT6, STM32U595VJT6Q, STM32U595ZIT6, STM32U595ZIT6Q, STM32U595ZIY6QTR, STM32U595ZJT6, STM32U595ZJT6Q, STM32U595ZJY6QTR, STM32U599BJY6QTR, STM32U599NIH6Q, STM32U599NJH6Q, STM32U599VIT6Q, STM32U599VJT6, STM32U599VJT6Q, STM32U599ZIT6Q, STM32U599ZIY6QTR, STM32U599ZJT6Q, STM32U599ZJY6QTR, STM32U5A5AJH6, STM32U5A5AJH6Q, STM32U5A5QII3Q , STM32U5A5QJI6, STM32U5A5QJI6Q, STM32U5A5RJT6, STM32U5A5RJT6Q, STM32U5A5VJT6, STM32U5A5VJT6Q, STM32U5A5ZJT6, STM32U5A5ZJT6Q, STM32U5A5ZJY6QTR, STM32U5A9BJY6QTR, STM32U5A9J-DK, STM32U5A9NJH6Q, STM32U5A9VJT6Q, STM32U5A9ZJT6Q, STM32U5A9ZJY6QTR, STM32U5F7VIT6, STM32U5F7VIT6Q, STM32U5F7VJT6, STM32U5F7VJT6Q, STM32U5F9BJY6QTR, STM32U5F9NJH6Q, STM32U5F9VIT6Q, STM32U5F9VJT6Q, STM32U5F9ZIJ6QTR, STM32U5F9ZIT6Q, STM32U5F9ZJJ6QTR, STM32U5F9ZJT6Q, STM32U5G7VJT6, STM32U5G7VJT6Q, STM32U5G9BJY6QTR, STM32U5G9J-DK1, STM32U5G9J-DK2, STM32U5G9NJH6Q, STM32U5G9VJT6Q, STM32U5G9ZJJ6QTR, STM32U5G9ZJT6Q, STM32WB05KZV6TR, STM32WB05KZV7TR, STM32WB05TZF6TR, STM32WB05TZF7TR, STM32WB06CCF6TR, STM32WB06CCF7TR, STM32WB06CCV6TR, STM32WB06CCV7TR, STM32WB06KCV6TR, STM32WB06KCV7TR, STM32WB07CCF6TR, STM32WB07CCF7TR, STM32WB07CCV6TR, STM32WB07CCV7TR, STM32WB07KCV6TR, STM32WB07KCV7TR, STM32WB09KEV6TR, STM32WB09KEV7TR, STM32WB09TEF6TR, STM32WB09TEF7TR, STM32WB1MMCH6, STM32WBA50KGU6, STM32WBA50KGU6TR, STM32WBA52CEU6, STM32WBA52CEU6TR, STM32WBA52CEU7, STM32WBA52CEU7TR, STM32WBA52CGU6, STM32WBA52CGU6TR, STM32WBA52CGU6U, STM32WBA52CGU7, STM32WBA52CGU7TR, STM32WBA52KEU6, STM32WBA52KEU6TR, STM32WBA52KGU6, STM32WBA52KGU6TR, STM32WBA54CEU6, STM32WBA54CEU6TR, STM32WBA54CEU7, STM32WBA54CEU7TR, STM32WBA54CGU6, STM32WBA54CGU6TR, STM32WBA54CGU7, STM32WBA54CGU7TR, STM32WBA54KEU6, STM32WBA54KEU6TR, STM32WBA54KEU7, STM32WBA54KEU7TR, STM32WBA54KGU6, STM32WBA54KGU6TR, STM32WBA54KGU7, STM32WBA54KGU7TR, STM32WBA55CEU6, STM32WBA55CEU6TR, STM32WBA55CEU7, STM32WBA55CEU7TR, STM32WBA55CGU6, STM32WBA55CGU6TR, STM32WBA55CGU6U, STM32WBA55CGU7, STM32WBA55CGU7TR, STM32WBA55G-DK1, STM32WBA55HEF6, STM32WBA55HEF7, STM32WBA55HGF6, STM32WBA55HGF7, STM32WBA55UEI6, STM32WBA55UEI6TR, STM32WBA55UEI7, STM32WBA55UEI7TR, STM32WBA55UGI6, STM32WBA55UGI6TR, STM32WBA55UGI7, STM32WBA55UGI7TR, STM32WBA5MMGH6TR, STM32WBA62MGF6, STM32WBA62MIF6, STM32WBA65MGF7, STM32WBA65MIF6, STM32WBA65MIF7, STM32WL30K8V6, STM32WL30KBV6, STM32WL31C8V6, STM32WL31CBV6, STM32WL31K8V6, STM32WL31KBV6, STM32WL33C8V6, STM32WL33C8V6X, STM32WL33CBV6, STM32WL33CBV6X, STM32WL33CCV6, STM32WL33CCV6A, STM32WL33CCV6X, STM32WL33K8V7, STM32WL33K8V7X, STM32WL33KBV7 , STM32WL33KBV7X, STM32WL33KCV7, STM32WL33KCV7X, STM32WL5MOCH6, STM32WL5MOCH6TR]
2025-07-28 15:47:02,774 [INFO] BoardInfo:889 - No configuration file found for board P-NUCLEO-WB55
2025-07-28 15:47:02,776 [INFO] DbBoards:161 - Kit is not supported: P-NUCLEO-WB55
2025-07-28 15:47:02,805 [INFO] BoardInfo:889 - No configuration file found for board STEVAL-BFA001V1B
2025-07-28 15:47:02,806 [INFO] DbBoards:161 - Kit is not supported: STEVAL-BFA001V1B
2025-07-28 15:47:02,809 [INFO] BoardInfo:889 - No configuration file found for board STEVAL-BFA001V2B
2025-07-28 15:47:02,810 [INFO] DbBoards:161 - Kit is not supported: STEVAL-BFA001V2B
2025-07-28 15:47:03,130 [INFO] DbBoards:168 - Found 212 boards, 209 are supported
2025-07-28 15:47:03,130 [INFO] DbBoards:169 - Found 212 boards, 43 of them is supported for  Bsp
2025-07-28 15:47:03,141 [INFO] ApiDb:668 - CubeFinder database Data Model version=2.1
2025-07-28 15:47:03,141 [INFO] ApiDb:669 - CubeFinder database Configuration version=3.0.39
2025-07-28 15:47:03,141 [INFO] ApiDb:670 - CubeFinder database generation date=2025-06-24 (1750757100)
2025-07-28 15:47:03,142 [INFO] ApiDb:671 - CubeFinder database FW Pack versions=[FP-ATR-ASTRA1_V2.0.0, FP-SNS-FLIGHT1_V5.1.0, FP-SNS-MOTENV1_V5.0.0, FP-SNS-MOTENVWB1_V1.4.0, FP-SNS-SMARTAG2_V1.2.0, FP-SNS-STBOX1_V2.0.0, STM32Cube_FW_C0_V1.4.0, STM32Cube_FW_F4_V1.28.2, STM32Cube_FW_F7_V1.17.3, STM32Cube_FW_G0_V1.6.2, STM32Cube_FW_G4_V1.6.1, STM32Cube_FW_H5_V1.5.0, STM32Cube_FW_H7RS_V1.2.0, STM32Cube_FW_H7_V1.12.1, STM32Cube_FW_L0_V1.12.2, STM32Cube_FW_L4_V1.18.1, STM32Cube_FW_L5_V1.5.1, STM32Cube_FW_N6_V1.2.0, STM32Cube_FW_U0_V1.3.0, STM32Cube_FW_U3_V1.2.0, STM32Cube_FW_U5_V1.8.0, STM32Cube_FW_WB0_V1.3.0, STM32Cube_FW_WBA_V1.7.0, STM32Cube_FW_WB_V1.23.0, STM32Cube_FW_WL3_V1.2.0, STM32Cube_FW_WL_V1.3.1, X-CUBE-ALGOBUILD_V1.4.0, X-CUBE-ALS_V1.0.2, X-CUBE-AZRTOS-F4_V1.1.0, X-CUBE-AZRTOS-F7_V1.1.0, X-CUBE-AZRTOS-G0_V1.1.0, X-CUBE-AZRTOS-G4_V2.0.0, X-CUBE-AZRTOS-H7RS_V1.1.0, X-CUBE-AZRTOS-H7_V3.3.0, X-CUBE-AZRTOS-L4_V2.0.0, X-CUBE-AZRTOS-L5_V2.0.0, X-CUBE-AZRTOS-WB_V2.0.0, X-CUBE-AZRTOS-WL_V2.0.0, X-CUBE-BLE1_V7.1.0, X-CUBE-BLE2_V3.3.0, X-CUBE-BLEMGR_V4.0.0, X-CUBE-EEPRMA1_V5.1.0, X-CUBE-FREERTOS_V1.3.1, X-CUBE-GNSS1_V6.0.0, X-CUBE-MEMS1_V11.3.0, X-CUBE-NFC4_V3.0.0, X-CUBE-NFC7_V2.0.0, X-CUBE-SFXS2LP1_V4.0.0, X-CUBE-SUBG2_V5.0.0, X-CUBE-TOF1_V3.4.3]
2025-07-28 15:47:05,468 [INFO] ApiDb:240 - Found 880 in-development CPN: [B-G473E-ZEST1S, B-WB1M-WPAN1, B-WBA5M-WPAN, B-WL5M-SUBG1, NUCLEO-C031C6, NUCLEO-C051C8, NUCLEO-C071RB, NUCLEO-C092RC, NUCLEO-H503RB, NUCLEO-H533RE, NUCLEO-H563ZI, NUCLEO-H7S3L8, NUCLEO-N657X0-Q, NUCLEO-U031R8, NUCLEO-U083RC, NUCLEO-U385RG-Q, NUCLEO-U545RE-Q, NUCLEO-U5A5ZJ-Q, NUCLEO-WB05KZ, NUCLEO-WB07CC, NUCLEO-WB09KE, NUCLEO-WBA52CG, NUCLEO-WBA55CG, NUCLEO-WL33CC1, NUCLEO-WL33CC2, STEVAL-PROTEUS1, STEVAL-SMARTAG2, STEVAL-STWINBX1, STM320518-EVAL, STM32C0116-DK, STM32C011D6Y3TR, STM32C011D6Y6TR, STM32C011F4P3, STM32C011F4P6, STM32C011F4U3, STM32C011F4U6TR, STM32C011F6P3, STM32C011F6P6, STM32C011F6U3, STM32C011F6U6TR, STM32C011J4M3, STM32C011J4M6, STM32C011J6M3, STM32C011J6M6, STM32C0316-DK, STM32C031C4T3, STM32C031C4T6, STM32C031C4U3, STM32C031C4U6, STM32C031C6T3, STM32C031C6T6, STM32C031C6U3, STM32C031C6U6, STM32C031F4P3, STM32C031F4P6, STM32C031F6P3, STM32C031F6P6, STM32C031G4U3, STM32C031G4U6, STM32C031G6U3, STM32C031G6U6, STM32C031K4T3, STM32C031K4T6, STM32C031K4U3, STM32C031K4U6, STM32C031K6T3, STM32C031K6T6, STM32C031K6U3, STM32C031K6U6, STM32C051C6T6, STM32C051C6U6, STM32C051C8T6, STM32C051C8U6, STM32C051D8Y6TR, STM32C051F6P6, STM32C051F8P6, STM32C051G6U6, STM32C051G8U6, STM32C051K6T6, STM32C051K6U6, STM32C051K8T6, STM32C071C8T6, STM32C071C8T6N, STM32C071C8U6, STM32C071C8U6N, STM32C071CBT6, STM32C071CBT6N, STM32C071CBU6, STM32C071CBU6N, STM32C071F8P6, STM32C071F8P6N, STM32C071FBP6, STM32C071FBP6N, STM32C071FBY6TR, STM32C071G8U6, STM32C071G8U6N, STM32C071GBU6, STM32C071GBU6N, STM32C071K8T6, STM32C071K8T6N, STM32C071K8U6, STM32C071K8U6N, STM32C071KBT6, STM32C071KBT6N, STM32C071KBU6, STM32C071KBU6N, STM32C071R8T6, STM32C071R8T6N, STM32C071RBI6N, STM32C071RBT6, STM32C071RBT6N, STM32C091CBT6, STM32C091CBU6, STM32C091CCT6, STM32C091CCU6, STM32C091ECY6TR, STM32C091FBP6, STM32C091FCP6, STM32C091GBU6, STM32C091GCU6, STM32C091KBT6, STM32C091KBU6, STM32C091KCT6, STM32C091KCU6, STM32C091RBT6, STM32C091RCI6, STM32C091RCT6, STM32C092CBT6, STM32C092CBU6, STM32C092CCT6, STM32C092CCU6, STM32C092ECY6TR, STM32C092FBP6, STM32C092FCP6, STM32C092GBU6, STM32C092GCU6, STM32C092KBT6, STM32C092KBU6, STM32C092KCT6, STM32C092KCU6, STM32C092RBT6, STM32C092RCI6, STM32C092RCT6, STM32G071K8TXN, STM32G071K8UXN, STM32G081GBU6N, STM32G081KBT6N, STM32G081KBUXN, STM32G0B1CCT6N, STM32G0B1KCT6, STM32G0B1NEY6TR, STM32G0B1RCT6N, STM32G0C1CCT6, STM32G0C1CCT6N, STM32G0C1CCU6N, STM32G0C1CET6N, STM32G0C1CEU6N, STM32G0C1KCT6, STM32G0C1NEY6TR, STM32G0C1RCI6N, STM32G0C1RCT6N, STM32G0C1REI6N, STM32G0C1RET6N, STM32G0C1VCI6, STM32G0C1VEI6, STM32G411C6T3, STM32G411C6T6, STM32G411C6U3, STM32G411C6U6, STM32G411C8T3, STM32G411C8T6, STM32G411C8U3, STM32G411C8U6, STM32G411CBT3, STM32G411CBT6, STM32G411CBU3, STM32G411CBU6, STM32G411K6T3, STM32G411K6T6, STM32G411K6U3, STM32G411K6U6, STM32G411K8T3, STM32G411K8T6, STM32G411K8U3, STM32G411K8U6, STM32G411KBT3, STM32G411KBT6, STM32G411KBU3, STM32G411KBU6, STM32G411M6T3, STM32G411M6T6, STM32G411M8T3, STM32G411M8T6, STM32G411MBT3, STM32G411MBT6, STM32G411R6T3, STM32G411R6T6, STM32G411R8T3, STM32G411R8T6, STM32G411RBT3, STM32G411RBT6, STM32G414CBT3, STM32G414CBT6, STM32G414CBU3, STM32G414CBU6, STM32G414CCT3, STM32G414CCT6, STM32G414CCU3, STM32G414CCU6, STM32G414MBT3, STM32G414MBT6, STM32G414MCT3, STM32G414MCT6, STM32G414RBT3, STM32G414RBT6, STM32G414RCT3, STM32G414RCT6, STM32G414VBT3, STM32G414VBT6, STM32G414VCT3, STM32G414VCT6, STM32G431CBT3Z, STM32G431RBT3Z, STM32G471CCT6, STM32G471CCU6, STM32G471CET3, STM32G471CET6, STM32G471CEU3, STM32G471CEU6, STM32G471MCT6, STM32G471MET3, STM32G471MET6, STM32G471MEY6TR, STM32G471QCT6, STM32G471QET3, STM32G471RCT6, STM32G471RET3, STM32G471RET6, STM32G471VCH6, STM32G471VCI6, STM32G471VCT6, STM32G471VEH3, STM32G471VEH6, STM32G471VEI3, STM32G471VEI6, STM32G471VET3, STM32G471VET6, STM32G473QET3Z, STM32G473RET3Z, STM32G474CCT6, STM32G491RET3Z, STM32H503CBT6, STM32H503CBU6, STM32H503EBY6TR, STM32H503KBU6, STM32H503RBT6, STM32H523CCT6, STM32H523CCU6, STM32H523CET6, STM32H523CEU6, STM32H523HEY6TR, STM32H523RCT6, STM32H523RET6, STM32H523VCI6, STM32H523VCT6, STM32H523VEI6, STM32H523VET6, STM32H523ZCJ6, STM32H523ZCT6, STM32H523ZEJ6, STM32H523ZET6, STM32H533CET6, STM32H533CEU6, STM32H533HEY6TR, STM32H533RET6, STM32H533VEI6, STM32H533VET6, STM32H533ZEJ6, STM32H533ZET6, STM32H562AGI6, STM32H562AII6, STM32H562IGK6, STM32H562IGT6, STM32H562IIK6, STM32H562IIT6, STM32H562RGT6, STM32H562RGV6, STM32H562RIT6, STM32H562RIV6, STM32H562VGT6, STM32H562VIT6, STM32H562ZGT6, STM32H562ZIT6, STM32H563AGI6, STM32H563AII3Q, STM32H563AII6, STM32H563IGK6, STM32H563IGT6, STM32H563IIK3Q, STM32H563IIK6, STM32H563IIT3Q, STM32H563IIT6, STM32H563MIY3QTR, STM32H563RGT6, STM32H563RGV6, STM32H563RIT6, STM32H563RIV6, STM32H563VGT6, STM32H563VIT3Q, STM32H563VIT6, STM32H563ZGT6, STM32H563ZIT3Q, STM32H563ZIT6, STM32H573AII3Q, STM32H573AII6, STM32H573I-DK, STM32H573IIK3Q, STM32H573IIK6, STM32H573IIT3Q, STM32H573IIT6, STM32H573MIY3QTR, STM32H573RIT6, STM32H573RIV6, STM32H573VIT3Q, STM32H573VIT6, STM32H573ZIT3Q, STM32H573ZIT6, STM32H7R3A8I6, STM32H7R3I8K6, STM32H7R3I8T6, STM32H7R3L8H6, STM32H7R3L8H6H, STM32H7R3R8V6, STM32H7R3V8H6, STM32H7R3V8T6, STM32H7R3V8Y6TR, STM32H7R3Z8J6, STM32H7R3Z8T6, STM32H7R7A8I6, STM32H7R7I8K6, STM32H7R7I8T6, STM32H7R7L8H6, STM32H7R7L8H6H, STM32H7R7Z8J6, STM32H7S3A8I6, STM32H7S3I8K6, STM32H7S3I8T6, STM32H7S3L8H6, STM32H7S3L8H6H, STM32H7S3R8V6, STM32H7S3V8H6, STM32H7S3V8T6, STM32H7S3V8Y6TR, STM32H7S3Z8J6, STM32H7S3Z8T6, STM32H7S78-DK, STM32H7S7A8I6, STM32H7S7I8K6, STM32H7S7I8T6, STM32H7S7L8H6, STM32H7S7L8H6H, STM32H7S7Z8J6, STM32L4R5QGI6STR, STM32MP131AAE3, STM32MP131AAF3, STM32MP131AAG3, STM32MP131CAE3, STM32MP131CAF3, STM32MP131CAG3, STM32MP131DAE7, STM32MP131DAF7, STM32MP131DAG7, STM32MP131FAE7, STM32MP131FAF7, STM32MP131FAG7, STM32MP133AAE3, STM32MP133AAF3, STM32MP133AAG3, STM32MP133CAE3, STM32MP133CAF3, STM32MP133CAG3, STM32MP133DAE7, STM32MP133DAF7, STM32MP133DAG7, STM32MP133FAE7, STM32MP133FAF7, STM32MP133FAG7, STM32MP135AAE3, STM32MP135AAF3, STM32MP135AAG3, STM32MP135CAE3, STM32MP135CAF3, STM32MP135CAG3, STM32MP135DAE7, STM32MP135DAF7, STM32MP135DAG7, STM32MP135F-DK, STM32MP135FAE7, STM32MP135FAF7, STM32MP135FAF7T, STM32MP135FAF7U, STM32MP135FAG7, STM32MP211AAL3, STM32MP211AAM3, STM32MP211AAN3, STM32MP211AAO3, STM32MP211CAL3, STM32MP211CAM3, STM32MP211CAN3, STM32MP211CAO3, STM32MP211DAL3, STM32MP211DAM3, STM32MP211DAN3, STM32MP211DAO3, STM32MP211FAL3, STM32MP211FAM3, STM32MP211FAN3, STM32MP211FAO3, STM32MP213AAL3, STM32MP213AAM3, STM32MP213AAN3, STM32MP213AAO3, STM32MP213CAL3, STM32MP213CAM3, STM32MP213CAN3, STM32MP213CAO3, STM32MP213DAL3, STM32MP213DAM3, STM32MP213DAN3, STM32MP213DAO3, STM32MP213FAL3, STM32MP213FAM3, STM32MP213FAN3, STM32MP213FAO3, STM32MP215AAL3, STM32MP215AAM3, STM32MP215AAN3, STM32MP215AAO3, STM32MP215CAL3, STM32MP215CAM3, STM32MP215CAN3, STM32MP215CAO3, STM32MP215DAL3, STM32MP215DAM3, STM32MP215DAN3, STM32MP215DAO3, STM32MP215F-DK, STM32MP215FAL3, STM32MP215FAM3, STM32MP215FAN3, STM32MP215FAO3, STM32MP231AAJ3, STM32MP231AAK3, STM32MP231AAL3, STM32MP231CAJ3, STM32MP231CAK3, STM32MP231CAL3, STM32MP231DAJ3, STM32MP231DAK3, STM32MP231DAL3, STM32MP231FAJ3, STM32MP231FAK3, STM32MP231FAL3, STM32MP233AAJ3, STM32MP233AAK3, STM32MP233AAL3, STM32MP233CAJ3, STM32MP233CAK3, STM32MP233CAL3, STM32MP233DAJ3, STM32MP233DAK3, STM32MP233DAL3, STM32MP233FAJ3, STM32MP233FAK3, STM32MP233FAL3, STM32MP235AAJ3, STM32MP235AAK3, STM32MP235AAL3, STM32MP235CAJ3, STM32MP235CAK3, STM32MP235CAL3, STM32MP235DAJ3, STM32MP235DAK3, STM32MP235DAL3, STM32MP235FAJ3, STM32MP235FAK3, STM32MP235FAL3, STM32MP251AAI3, STM32MP251AAK3, STM32MP251AAL3, STM32MP251CAI3, STM32MP251CAK3, STM32MP251CAL3, STM32MP251DAI3, STM32MP251DAK3, STM32MP251DAL3, STM32MP251FAI3, STM32MP251FAK3, STM32MP251FAL3, STM32MP253AAI3, STM32MP253AAK3, STM32MP253AAL3, STM32MP253CAI3, STM32MP253CAK3, STM32MP253CAL3, STM32MP253DAI3, STM32MP253DAK3, STM32MP253DAL3, STM32MP253FAI3, STM32MP253FAK3, STM32MP253FAL3, STM32MP255AAI3, STM32MP255AAK3, STM32MP255AAL3, STM32MP255CAI3, STM32MP255CAK3, STM32MP255CAL3, STM32MP255DAI3, STM32MP255DAK3, STM32MP255DAL3, STM32MP255FAI3, STM32MP255FAK3, STM32MP255FAL3, STM32MP257AAI3, STM32MP257AAK3, STM32MP257AAL3, STM32MP257CAI3, STM32MP257CAK3, STM32MP257CAL3, STM32MP257DAI3, STM32MP257DAK3, STM32MP257DAL3, STM32MP257F-DK, STM32MP257F-EV1, STM32MP257FAI3, STM32MP257FAK3, STM32MP257FAL3, STM32N645A0H3Q, STM32N645B0H3Q, STM32N645I0H3Q, STM32N645L0H3Q, STM32N645X0H3Q, STM32N645Z0H3Q, STM32N647A0H3Q, STM32N647B0H3Q, STM32N647I0H3Q, STM32N647L0H3Q, STM32N647X0H3Q, STM32N647Z0H3Q, STM32N655A0H3Q, STM32N655B0H3Q, STM32N655I0H3Q, STM32N655L0H3Q, STM32N655X0H3Q, STM32N655Z0H3Q, STM32N6570-DK, STM32N657A0H3Q, STM32N657B0H3Q, STM32N657I0H3Q, STM32N657L0H3Q, STM32N657X0H3Q, STM32N657Z0H3Q, STM32U031C6T6, STM32U031C6U6, STM32U031C8T6, STM32U031C8U6, STM32U031F4P6, STM32U031F6P6, STM32U031F8P6, STM32U031G6Y6TR, STM32U031G8Y6TR, STM32U031K4U6, STM32U031K6U6, STM32U031K8U6, STM32U031R6I6, STM32U031R6T6, STM32U031R8I6, STM32U031R8T6, STM32U073C8T6, STM32U073C8U6, STM32U073CBT6, STM32U073CBU6, STM32U073CCT6, STM32U073CCU6, STM32U073H8Y6TR, STM32U073HBY6TR, STM32U073HCY6TR, STM32U073K8U6, STM32U073KBU6, STM32U073KCU6, STM32U073M8I6, STM32U073M8T6, STM32U073MBI6, STM32U073MBT6, STM32U073MCI6, STM32U073MCT6, STM32U073R8I6, STM32U073R8T6, STM32U073RBI6, STM32U073RBT6, STM32U073RCI6, STM32U073RCT6, STM32U083C-DK, STM32U083CCT6, STM32U083CCU6, STM32U083HCY6TR, STM32U083KCU6, STM32U083MCI6, STM32U083MCT6, STM32U083RCI6, STM32U083RCT6, STM32U375CET6, STM32U375CET6Q, STM32U375CEU6, STM32U375CEU6Q, STM32U375CEY6QTR, STM32U375CGT6, STM32U375CGT6Q, STM32U375CGU6, STM32U375CGU6Q, STM32U375CGY6QTR, STM32U375KEU6, STM32U375KGU6, STM32U375REI6, STM32U375REI6Q, STM32U375RET6, STM32U375RET6Q, STM32U375REY6GTR, STM32U375REY6QTR, STM32U375RGI6, STM32U375RGI6Q, STM32U375RGT6, STM32U375RGT6Q, STM32U375RGY6GTR, STM32U375RGY6QTR, STM32U375VEI6, STM32U375VEI6Q, STM32U375VET6, STM32U375VET6Q, STM32U375VGI6, STM32U375VGI6Q, STM32U375VGT6, STM32U375VGT6Q, STM32U385CGT6, STM32U385CGT6Q, STM32U385CGU6, STM32U385CGU6Q, STM32U385CGY6QTR, STM32U385KGU6, STM32U385RGI6, STM32U385RGI6Q, STM32U385RGT6, STM32U385RGT6Q, STM32U385RGY6GTR, STM32U385RGY6QTR, STM32U385VGI6, STM32U385VGI6Q, STM32U385VGT6, STM32U385VGT6Q, STM32U535CBT6, STM32U535CBT6Q, STM32U535CBU6, STM32U535CBU6Q, STM32U535CCT6, STM32U535CCT6Q, STM32U535CCU6, STM32U535CCU6Q, STM32U535CET6, STM32U535CET6Q, STM32U535CEU6, STM32U535CEU6Q, STM32U535JEY6QTR, STM32U535NCY6QTR, STM32U535NEY6QTR, STM32U535RBI6, STM32U535RBI6Q, STM32U535RBT6, STM32U535RBT6Q, STM32U535RCI6, STM32U535RCI6Q, STM32U535RCT6, STM32U535RCT6Q, STM32U535REI6, STM32U535REI6Q, STM32U535RET6, STM32U535RET6Q, STM32U535VCI6, STM32U535VCI6Q, STM32U535VCT6, STM32U535VCT6Q, STM32U535VEI6, STM32U535VEI6Q, STM32U535VET6, STM32U535VET6Q, STM32U545CET6, STM32U545CET6Q, STM32U545CEU6, STM32U545CEU6Q, STM32U545JEY6QTR, STM32U545NEY6QTR, STM32U545REI6, STM32U545REI6Q, STM32U545RET6, STM32U545RET6Q, STM32U545VEI6, STM32U545VEI6Q, STM32U545VET6, STM32U545VET6Q, STM32U595AIH6, STM32U595AIH6Q, STM32U595AJH6, STM32U595AJH6Q, STM32U595QII6, STM32U595QII6Q, STM32U595QJI6, STM32U595QJI6Q, STM32U595RIT6, STM32U595RIT6Q, STM32U595RJT6, STM32U595RJT6Q, STM32U595VIT6, STM32U595VIT6Q, STM32U595VJT6, STM32U595VJT6Q, STM32U595ZIT6, STM32U595ZIT6Q, STM32U595ZIY6QTR, STM32U595ZJT6, STM32U595ZJT6Q, STM32U595ZJY6QTR, STM32U599BJY6QTR, STM32U599NIH6Q, STM32U599NJH6Q, STM32U599VIT6Q, STM32U599VJT6, STM32U599VJT6Q, STM32U599ZIT6Q, STM32U599ZIY6QTR, STM32U599ZJT6Q, STM32U599ZJY6QTR, STM32U5A5AJH6, STM32U5A5AJH6Q, STM32U5A5QII3Q , STM32U5A5QJI6, STM32U5A5QJI6Q, STM32U5A5RJT6, STM32U5A5RJT6Q, STM32U5A5VJT6, STM32U5A5VJT6Q, STM32U5A5ZJT6, STM32U5A5ZJT6Q, STM32U5A5ZJY6QTR, STM32U5A9BJY6QTR, STM32U5A9J-DK, STM32U5A9NJH6Q, STM32U5A9VJT6Q, STM32U5A9ZJT6Q, STM32U5A9ZJY6QTR, STM32U5F7VIT6, STM32U5F7VIT6Q, STM32U5F7VJT6, STM32U5F7VJT6Q, STM32U5F9BJY6QTR, STM32U5F9NJH6Q, STM32U5F9VIT6Q, STM32U5F9VJT6Q, STM32U5F9ZIJ6QTR, STM32U5F9ZIT6Q, STM32U5F9ZJJ6QTR, STM32U5F9ZJT6Q, STM32U5G7VJT6, STM32U5G7VJT6Q, STM32U5G9BJY6QTR, STM32U5G9J-DK1, STM32U5G9J-DK2, STM32U5G9NJH6Q, STM32U5G9VJT6Q, STM32U5G9ZJJ6QTR, STM32U5G9ZJT6Q, STM32WB05KZV6TR, STM32WB05KZV7TR, STM32WB05TZF6TR, STM32WB05TZF7TR, STM32WB06CCF6TR, STM32WB06CCF7TR, STM32WB06CCV6TR, STM32WB06CCV7TR, STM32WB06KCV6TR, STM32WB06KCV7TR, STM32WB07CCF6TR, STM32WB07CCF7TR, STM32WB07CCV6TR, STM32WB07CCV7TR, STM32WB07KCV6TR, STM32WB07KCV7TR, STM32WB09KEV6TR, STM32WB09KEV7TR, STM32WB09TEF6TR, STM32WB09TEF7TR, STM32WB1MMCH6, STM32WBA50KGU6, STM32WBA50KGU6TR, STM32WBA52CEU6, STM32WBA52CEU6TR, STM32WBA52CEU7, STM32WBA52CEU7TR, STM32WBA52CGU6, STM32WBA52CGU6TR, STM32WBA52CGU6U, STM32WBA52CGU7, STM32WBA52CGU7TR, STM32WBA52KEU6, STM32WBA52KEU6TR, STM32WBA52KGU6, STM32WBA52KGU6TR, STM32WBA54CEU6, STM32WBA54CEU6TR, STM32WBA54CEU7, STM32WBA54CEU7TR, STM32WBA54CGU6, STM32WBA54CGU6TR, STM32WBA54CGU7, STM32WBA54CGU7TR, STM32WBA54KEU6, STM32WBA54KEU6TR, STM32WBA54KEU7, STM32WBA54KEU7TR, STM32WBA54KGU6, STM32WBA54KGU6TR, STM32WBA54KGU7, STM32WBA54KGU7TR, STM32WBA55CEU6, STM32WBA55CEU6TR, STM32WBA55CEU7, STM32WBA55CEU7TR, STM32WBA55CGU6, STM32WBA55CGU6TR, STM32WBA55CGU6U, STM32WBA55CGU7, STM32WBA55CGU7TR, STM32WBA55G-DK1, STM32WBA55HEF6, STM32WBA55HEF7, STM32WBA55HGF6, STM32WBA55HGF7, STM32WBA55UEI6, STM32WBA55UEI6TR, STM32WBA55UEI7, STM32WBA55UEI7TR, STM32WBA55UGI6, STM32WBA55UGI6TR, STM32WBA55UGI7, STM32WBA55UGI7TR, STM32WBA5MMGH6TR, STM32WBA62MGF6, STM32WBA62MIF6, STM32WBA65MGF7, STM32WBA65MIF6, STM32WBA65MIF7, STM32WL30K8V6, STM32WL30KBV6, STM32WL31C8V6, STM32WL31CBV6, STM32WL31K8V6, STM32WL31KBV6, STM32WL33C8V6, STM32WL33C8V6X, STM32WL33CBV6, STM32WL33CBV6X, STM32WL33CCV6, STM32WL33CCV6A, STM32WL33CCV6X, STM32WL33K8V7, STM32WL33K8V7X, STM32WL33KBV7 , STM32WL33KBV7X, STM32WL33KCV7, STM32WL33KCV7X, STM32WL5MOCH6, STM32WL5MOCH6TR]
2025-07-28 15:47:05,473 [INFO] DbMcus:218 - Found 4801 MCUs, 4801 are supported
2025-07-28 15:47:05,475 [INFO] ApiDb:423 - Load user favorites file C:\Users\kjeya/.stm32cubeide/favorites.mcus.txt: 0 item(s)
2025-07-28 15:47:05,475 [INFO] ApiDb:427 - User favorites MCUs=[]
2025-07-28 15:47:05,475 [INFO] DbMcus:224 - Set 0 / 0 favorites MCUs
2025-07-28 15:47:06,219 [INFO] ApiDb:423 - Load user favorites file C:\Users\kjeya/.stm32cubeide/favorites.boards.txt: 0 item(s)
2025-07-28 15:47:06,223 [INFO] ApiDb:427 - User favorites Boards=[]
2025-07-28 15:47:06,223 [INFO] DbBoards:198 - Set 0 / 0 favorites Boards
2025-07-28 15:47:06,326 [INFO] UtilMem:75 - End LoadConfig() Used Memory: 211813840 Bytes (476053504)
2025-07-28 15:47:06,527 [WARN] ThirdParty:833 - waiting for thirdparty lock release [change project]
2025-07-28 15:47:06,527 [INFO] ThirdParty:835 - entering critical section [change project]
2025-07-28 15:47:06,527 [INFO] ThirdParty:1030 - CMSIS Pack Vendor :STMicroelectronics X-CUBE-PM33A1 1.0.0
2025-07-28 15:47:06,527 [INFO] ThirdParty:1030 - CMSIS Pack Vendor :STMicroelectronics USBPD 4.1
2025-07-28 15:47:06,527 [INFO] ThirdParty:1030 - CMSIS Pack Vendor :STMicroelectronics USB_HOST 2.0.0
2025-07-28 15:47:06,527 [INFO] ThirdParty:1030 - CMSIS Pack Vendor :STMicroelectronics FP-SNS-MOTENVWB1 1.4.0
2025-07-28 15:47:06,527 [INFO] ThirdParty:1030 - CMSIS Pack Vendor :STMicroelectronics X-CUBE-AZRTOS-F4 1.1.0
2025-07-28 15:47:06,527 [INFO] ThirdParty:1030 - CMSIS Pack Vendor :STMicroelectronics LIBJPEG 8.0.0
2025-07-28 15:47:06,527 [INFO] ThirdParty:1030 - CMSIS Pack Vendor :STMicroelectronics FP-ATR-ASTRA1 2.0.2
2025-07-28 15:47:06,527 [INFO] ThirdParty:1030 - CMSIS Pack Vendor :STMicroelectronics FP-ATR-ASTRA1 2.0.1
2025-07-28 15:47:06,527 [INFO] ThirdParty:1030 - CMSIS Pack Vendor :Avnet-IotConnect X-CUBE-IoTC-DA16k-PMOD 1.0.0
2025-07-28 15:47:06,527 [INFO] ThirdParty:1030 - CMSIS Pack Vendor :STMicroelectronics X-CUBE-SMBUS 2.1.0
2025-07-28 15:47:06,527 [INFO] ThirdParty:1030 - CMSIS Pack Vendor :STMicroelectronics X-CUBE-WB05N 1.1.0
2025-07-28 15:47:06,527 [INFO] ThirdParty:1030 - CMSIS Pack Vendor :STMicroelectronics X-CUBE-ISPU 2.1.0
2025-07-28 15:47:06,527 [INFO] ThirdParty:1030 - CMSIS Pack Vendor :STMicroelectronics X-CUBE-ST60 1.0.0
2025-07-28 15:47:06,527 [INFO] ThirdParty:1030 - CMSIS Pack Vendor :STMicroelectronics X-CUBE-NFC12 1.0.0
2025-07-28 15:47:06,527 [INFO] ThirdParty:1030 - CMSIS Pack Vendor :STMicroelectronics X-CUBE-AZRTOS-F7 1.1.0
2025-07-28 15:47:06,528 [INFO] ThirdParty:1030 - CMSIS Pack Vendor :STMicroelectronics X-CUBE-AZRTOS-L5 2.0.0
2025-07-28 15:47:06,528 [INFO] ThirdParty:1030 - CMSIS Pack Vendor :STMicroelectronics USB_DEVICE 2.0.0
2025-07-28 15:47:06,528 [INFO] ThirdParty:1030 - CMSIS Pack Vendor :STMicroelectronics X-CUBE-NFC6 3.1.0
2025-07-28 15:47:06,528 [INFO] ThirdParty:1030 - CMSIS Pack Vendor :STMicroelectronics FreeRTOS 0.0.1
2025-07-28 15:47:06,528 [INFO] ThirdParty:1030 - CMSIS Pack Vendor :STMicroelectronics X-CUBE-DPower 1.2.0
2025-07-28 15:47:06,528 [INFO] ThirdParty:1030 - CMSIS Pack Vendor :STMicroelectronics FP-SNS-FLIGHT1 5.0.2
2025-07-28 15:47:06,528 [INFO] ThirdParty:1030 - CMSIS Pack Vendor :Infineon AIROC-Wi-Fi-Bluetooth-STM32 1.7.0
2025-07-28 15:47:06,528 [INFO] ThirdParty:1030 - CMSIS Pack Vendor :STMicroelectronics PDM2PCM 3.3.0
2025-07-28 15:47:06,528 [INFO] ThirdParty:1030 - CMSIS Pack Vendor :STMicroelectronics X-CUBE-AZRTOS-H7 3.4.0
2025-07-28 15:47:06,528 [INFO] ThirdParty:1030 - CMSIS Pack Vendor :STMicroelectronics X-CUBE-DISPLAY 3.0.0
2025-07-28 15:47:06,528 [INFO] ThirdParty:1030 - CMSIS Pack Vendor :STMicroelectronics X-CUBE-BLE1 7.0.0
2025-07-28 15:47:06,528 [INFO] ThirdParty:1030 - CMSIS Pack Vendor :STMicroelectronics X-CUBE-NFC10 1.0.0
2025-07-28 15:47:06,528 [INFO] ThirdParty:1030 - CMSIS Pack Vendor :STMicroelectronics X-CUBE-BLEMGR 4.0.0
2025-07-28 15:47:06,528 [INFO] ThirdParty:1030 - CMSIS Pack Vendor :STMicroelectronics X-CUBE-FREERTOS 1.3.1
2025-07-28 15:47:06,528 [INFO] ThirdParty:1030 - CMSIS Pack Vendor :STMicroelectronics HAL Drivers 0.0.0
2025-07-28 15:47:06,528 [INFO] ThirdParty:1030 - CMSIS Pack Vendor :emotas I-CUBE-CANOPEN 1.3.0
2025-07-28 15:47:06,528 [INFO] ThirdParty:1030 - CMSIS Pack Vendor :STMicroelectronics X-CUBE-FREERTOS 1.3.0
2025-07-28 15:47:06,530 [INFO] ThirdParty:1030 - CMSIS Pack Vendor :STMicroelectronics X-CUBE-NFC7 1.0.1
2025-07-28 15:47:06,530 [INFO] ThirdParty:1030 - CMSIS Pack Vendor :STMicroelectronics MBEDTLS 2.14.1
2025-07-28 15:47:06,530 [INFO] ThirdParty:1030 - CMSIS Pack Vendor :STMicroelectronics X-CUBE-AI 10.0.0
2025-07-28 15:47:06,530 [INFO] ThirdParty:1030 - CMSIS Pack Vendor :STMicroelectronics FP-SNS-STAIOTCFT 1.0.0
2025-07-28 15:47:06,530 [INFO] ThirdParty:1030 - CMSIS Pack Vendor :STMicroelectronics FP-SNS-SMARTAG2 1.2.0
2025-07-28 15:47:06,530 [INFO] ThirdParty:1030 - CMSIS Pack Vendor :STMicroelectronics FP-SNS-FLIGHT1 5.1.0
2025-07-28 15:47:06,530 [INFO] ThirdParty:1030 - CMSIS Pack Vendor :STMicroelectronics X-CUBE-MEMS1 11.1.0
2025-07-28 15:47:06,530 [INFO] ThirdParty:1030 - CMSIS Pack Vendor :STMicroelectronics X-CUBE-AZRTOS-WL 2.0.0
2025-07-28 15:47:06,530 [INFO] ThirdParty:1030 - CMSIS Pack Vendor :STMicroelectronics X-CUBE-DPower 1.3.0
2025-07-28 15:47:06,530 [INFO] ThirdParty:1030 - CMSIS Pack Vendor :STMicroelectronics FP-SNS-MOTENV1 5.0.0
2025-07-28 15:47:06,530 [INFO] ThirdParty:1030 - CMSIS Pack Vendor :STMicroelectronics USB_DEVICE 1.0.0
2025-07-28 15:47:06,530 [INFO] ThirdParty:1030 - CMSIS Pack Vendor :wolfSSL I-CUBE-wolfMQTT 1.19.0
2025-07-28 15:47:06,530 [INFO] ThirdParty:1030 - CMSIS Pack Vendor :STMicroelectronics X-CUBE-AZRTOS-L4 2.0.0
2025-07-28 15:47:06,530 [INFO] ThirdParty:1030 - CMSIS Pack Vendor :STMicroelectronics ThreadX 0.0.2
2025-07-28 15:47:06,530 [INFO] ThirdParty:1030 - CMSIS Pack Vendor :WES I-CUBE-Cesium 1.3.0
2025-07-28 15:47:06,530 [INFO] ThirdParty:1030 - CMSIS Pack Vendor :STMicroelectronics lwIP 2.1.2
2025-07-28 15:47:06,530 [INFO] ThirdParty:1030 - CMSIS Pack Vendor :STMicroelectronics X-CUBE-SFXS2LP1 4.0.0
2025-07-28 15:47:06,531 [INFO] ThirdParty:1030 - CMSIS Pack Vendor :STMicroelectronics X-CUBE-BLE2 3.3.0
2025-07-28 15:47:06,531 [INFO] ThirdParty:1030 - CMSIS Pack Vendor :STMicroelectronics PDM2PCM 3.2.0
2025-07-28 15:47:06,531 [INFO] ThirdParty:1030 - CMSIS Pack Vendor :STMicroelectronics X-CUBE-AZRTOS-H7 3.3.0
2025-07-28 15:47:06,531 [INFO] ThirdParty:1030 - CMSIS Pack Vendor :STMicroelectronics X-CUBE-NFC9 1.0.0
2025-07-28 15:47:06,531 [INFO] ThirdParty:1030 - CMSIS Pack Vendor :STMicroelectronics X-CUBE-BLE1 7.1.0
2025-07-28 15:47:06,531 [INFO] ThirdParty:1030 - CMSIS Pack Vendor :STMicroelectronics USB_DEVICE 3.0.0
2025-07-28 15:47:06,531 [INFO] ThirdParty:1030 - CMSIS Pack Vendor :STMicroelectronics X-CUBE-EEPRMA1 5.2.0
2025-07-28 15:47:06,531 [INFO] ThirdParty:1030 - CMSIS Pack Vendor :STMicroelectronics X-CUBE-BLEMGR 4.1.0
2025-07-28 15:47:06,531 [INFO] ThirdParty:1030 - CMSIS Pack Vendor :STMicroelectronics X-CUBE-IPS 3.0.0
2025-07-28 15:47:06,531 [INFO] ThirdParty:1030 - CMSIS Pack Vendor :STMicroelectronics X-CUBE-AZRTOS-WB 2.0.0
2025-07-28 15:47:06,531 [INFO] ThirdParty:1030 - CMSIS Pack Vendor :STMicroelectronics X-CUBE-GNSS1 7.0.1
2025-07-28 15:47:06,531 [INFO] ThirdParty:1030 - CMSIS Pack Vendor :STMicroelectronics X-CUBE-TOUCHGFX 4.25.0
2025-07-28 15:47:06,531 [INFO] ThirdParty:1030 - CMSIS Pack Vendor :STMicroelectronics X-CUBE-AI 10.1.0
2025-07-28 15:47:06,531 [INFO] ThirdParty:1030 - CMSIS Pack Vendor :STMicroelectronics FP-SNS-STBOX1 2.0.0
2025-07-28 15:47:06,531 [INFO] ThirdParty:1030 - CMSIS Pack Vendor :STMicroelectronics X-CUBE-MEMS1 11.2.0
2025-07-28 15:47:06,531 [INFO] ThirdParty:1030 - CMSIS Pack Vendor :STMicroelectronics X-CUBE-AZRTOS-G0 1.1.0
2025-07-28 15:47:06,531 [INFO] ThirdParty:1030 - CMSIS Pack Vendor :STMicroelectronics X-CUBE-SAFEA1 1.2.2
2025-07-28 15:47:06,532 [INFO] ThirdParty:1030 - CMSIS Pack Vendor :STMicroelectronics X-CUBE-NFC4 3.0.0
2025-07-28 15:47:06,532 [INFO] ThirdParty:1030 - CMSIS Pack Vendor :STMicroelectronics X-CUBE-SUBG2 5.0.0
2025-07-28 15:47:06,532 [INFO] ThirdParty:1030 - CMSIS Pack Vendor :STMicroelectronics X-CUBE-AZRTOS-H7RS 1.1.0
2025-07-28 15:47:06,532 [INFO] ThirdParty:1030 - CMSIS Pack Vendor :STMicroelectronics STM32_WPAN 1.0.0
2025-07-28 15:47:06,532 [INFO] ThirdParty:1030 - CMSIS Pack Vendor :EmbeddedOffice I-CUBE-FS-RTOS 1.0.1
2025-07-28 15:47:06,532 [INFO] ThirdParty:1030 - CMSIS Pack Vendor :STMicroelectronics lwIP 2.0.3
2025-07-28 15:47:06,532 [INFO] ThirdParty:1030 - CMSIS Pack Vendor :Cesanta I-CUBE-Mongoose 7.13.0
2025-07-28 15:47:06,532 [INFO] ThirdParty:1030 - CMSIS Pack Vendor :STMicroelectronics USB_HOST 1.0.0
2025-07-28 15:47:06,532 [INFO] ThirdParty:1030 - CMSIS Pack Vendor :STMicroelectronics X-CUBE-AZRTOS-G4 2.0.0
2025-07-28 15:47:06,532 [INFO] ThirdParty:1030 - CMSIS Pack Vendor :STMicroelectronics X-CUBE-WB05N 2.0.0
2025-07-28 15:47:06,532 [INFO] ThirdParty:1030 - CMSIS Pack Vendor :STMicroelectronics PDM2PCM 3.1.0
2025-07-28 15:47:06,532 [INFO] ThirdParty:1030 - CMSIS Pack Vendor :STMicroelectronics X-CUBE-NFC7 2.0.0
2025-07-28 15:47:06,532 [INFO] ThirdParty:1030 - CMSIS Pack Vendor :STMicroelectronics X-CUBE-TCPP 4.2.0
2025-07-28 15:47:06,532 [INFO] ThirdParty:1030 - CMSIS Pack Vendor :RealThread X-CUBE-RT-Thread_Nano 4.1.1
2025-07-28 15:47:06,533 [INFO] ThirdParty:1030 - CMSIS Pack Vendor :STMicroelectronics FP-ATR-SIGFOX1 3.2.0
2025-07-28 15:47:06,533 [INFO] ThirdParty:1030 - CMSIS Pack Vendor :quantropi X-CUBE-qispace-sdk-base 1.9.3
2025-07-28 15:47:06,533 [INFO] ThirdParty:1030 - CMSIS Pack Vendor :STMicroelectronics X-CUBE-EEPRMA1 5.1.0
2025-07-28 15:47:06,533 [INFO] ThirdParty:1030 - CMSIS Pack Vendor :STMicroelectronics MBEDTLS 2.16.2
2025-07-28 15:47:06,533 [INFO] ThirdParty:1030 - CMSIS Pack Vendor :STMicroelectronics X-CUBE-IPS 3.1.0
2025-07-28 15:47:06,533 [INFO] ThirdParty:1030 - CMSIS Pack Vendor :STMicroelectronics X-CUBE-ALS 1.0.2
2025-07-28 15:47:06,534 [INFO] ThirdParty:1030 - CMSIS Pack Vendor :wolfSSL I-CUBE-wolfSSL 5.7.4
2025-07-28 15:47:06,534 [INFO] ThirdParty:1030 - CMSIS Pack Vendor :STMicroelectronics X-CUBE-TOUCHGFX 4.24.0
2025-07-28 15:47:06,534 [INFO] ThirdParty:1030 - CMSIS Pack Vendor :ITTIA_DB I-CUBE-ITTIADB 8.9.0
2025-07-28 15:47:06,535 [INFO] ThirdParty:1030 - CMSIS Pack Vendor :STMicroelectronics X-CUBE-TOUCHGFX 4.24.2
2025-07-28 15:47:06,536 [INFO] ThirdParty:1030 - CMSIS Pack Vendor :STMicroelectronics X-CUBE-TOUCHGFX 4.24.1
2025-07-28 15:47:06,536 [INFO] ThirdParty:1030 - CMSIS Pack Vendor :wolfSSL I-CUBE-wolfTPM 3.4.0
2025-07-28 15:47:06,536 [INFO] ThirdParty:1030 - CMSIS Pack Vendor :portGmbH I-Cube-SoM-uGOAL 1.1.0
2025-07-28 15:47:06,536 [INFO] ThirdParty:1030 - CMSIS Pack Vendor :STMicroelectronics X-CUBE-ST67W61 1.0.0
2025-07-28 15:47:06,536 [INFO] ThirdParty:1030 - CMSIS Pack Vendor :STMicroelectronics ThreadX 1.0.0
2025-07-28 15:47:06,536 [INFO] ThirdParty:1030 - CMSIS Pack Vendor :SEGGER I-CUBE-embOS 1.3.1
2025-07-28 15:47:06,537 [INFO] ThirdParty:1030 - CMSIS Pack Vendor :STMicroelectronics X-CUBE-ALGOBUILD 1.4.0
2025-07-28 15:47:06,537 [INFO] ThirdParty:1030 - CMSIS Pack Vendor :STMicroelectronics X-CUBE-MEMS1 11.3.0
2025-07-28 15:47:06,537 [INFO] ThirdParty:1030 - CMSIS Pack Vendor :STMicroelectronics X-CUBE-AZRTOS-H7RS 1.0.0
2025-07-28 15:47:06,537 [INFO] ThirdParty:1030 - CMSIS Pack Vendor :STMicroelectronics X-CUBE-TOF1 3.4.2
2025-07-28 15:47:06,537 [INFO] ThirdParty:1030 - CMSIS Pack Vendor :STMicroelectronics X-CUBE-TOF1 3.4.3
2025-07-28 15:47:06,537 [INFO] ThirdParty:1030 - CMSIS Pack Vendor :STMicroelectronics X-CUBE-AI 9.1.0
2025-07-28 15:47:06,537 [INFO] ThirdParty:1030 - CMSIS Pack Vendor :wolfSSL I-CUBE-wolfSSH 1.4.17
2025-07-28 15:47:06,537 [INFO] ThirdParty:841 - exiting critical section [change project]
2025-07-28 15:47:07,253 [INFO] PinOutPanel:1589 - setPackage(No Configuration,No Configuration)
2025-07-28 15:47:07,258 [INFO] PinOutPanel:1589 - setPackage(STM32F401RETx,LQFP64)
2025-07-28 15:47:08,176 [INFO] UtilMem:75 - Before build in PCC Used Memory: 355139704 Bytes (476053504)
2025-07-28 15:47:09,604 [INFO] UtilMem:75 - After build in PCC Used Memory: 220650016 Bytes (476053504)
2025-07-28 15:47:09,663 [INFO] IPUIPlugin:80 - create IPUIPlugin
2025-07-28 15:47:09,664 [INFO] IPUIPlugin:80 - create IPUIPlugin
2025-07-28 15:47:09,664 [INFO] IPUIPlugin:80 - create IPUIPlugin
2025-07-28 15:47:09,665 [INFO] IPUIPlugin:80 - create IPUIPlugin
2025-07-28 15:47:09,665 [INFO] IPUIPlugin:80 - create IPUIPlugin
2025-07-28 15:47:09,667 [INFO] IPUIPlugin:80 - create IPUIPlugin
2025-07-28 15:47:09,668 [INFO] IPUIPlugin:80 - create IPUIPlugin
2025-07-28 15:47:09,668 [INFO] IPUIPlugin:80 - create IPUIPlugin
2025-07-28 15:47:09,668 [INFO] IPUIPlugin:80 - create IPUIPlugin
2025-07-28 15:47:09,668 [INFO] IPUIPlugin:80 - create IPUIPlugin
2025-07-28 15:47:09,668 [INFO] IPUIPlugin:80 - create IPUIPlugin
2025-07-28 15:47:09,668 [INFO] IPUIPlugin:80 - create IPUIPlugin
2025-07-28 15:47:09,669 [INFO] IPUIPlugin:80 - create IPUIPlugin
2025-07-28 15:47:09,669 [INFO] IPUIPlugin:80 - create IPUIPlugin
2025-07-28 15:47:09,669 [INFO] IPUIPlugin:80 - create IPUIPlugin
2025-07-28 15:47:09,669 [INFO] IPUIPlugin:80 - create IPUIPlugin
2025-07-28 15:47:09,670 [INFO] IPUIPlugin:80 - create IPUIPlugin
2025-07-28 15:47:09,670 [INFO] IPUIPlugin:80 - create IPUIPlugin
2025-07-28 15:47:09,670 [INFO] IPUIPlugin:80 - create IPUIPlugin
2025-07-28 15:47:09,670 [INFO] IPUIPlugin:80 - create IPUIPlugin
2025-07-28 15:47:09,671 [INFO] IPUIPlugin:80 - create IPUIPlugin
2025-07-28 15:47:09,671 [INFO] IPUIPlugin:80 - create IPUIPlugin
2025-07-28 15:47:09,671 [INFO] IPUIPlugin:80 - create IPUIPlugin
2025-07-28 15:47:09,672 [INFO] IPUIPlugin:80 - create IPUIPlugin
2025-07-28 15:47:09,672 [INFO] IPUIPlugin:80 - create IPUIPlugin
2025-07-28 15:47:09,672 [INFO] IPUIPlugin:80 - create IPUIPlugin
2025-07-28 15:47:09,672 [INFO] IPUIPlugin:80 - create IPUIPlugin
2025-07-28 15:47:09,673 [INFO] IPUIPlugin:80 - create IPUIPlugin
2025-07-28 15:47:09,673 [INFO] IPUIPlugin:80 - create IPUIPlugin
2025-07-28 15:47:09,673 [INFO] IPUIPlugin:80 - create IPUIPlugin
2025-07-28 15:47:09,673 [INFO] IPUIPlugin:80 - create IPUIPlugin
2025-07-28 15:47:09,674 [INFO] IPUIPlugin:80 - create IPUIPlugin
2025-07-28 15:47:09,674 [INFO] IPUIPlugin:80 - create IPUIPlugin
2025-07-28 15:47:09,674 [INFO] IPUIPlugin:80 - create IPUIPlugin
2025-07-28 15:47:09,675 [INFO] IPUIPlugin:80 - create IPUIPlugin
2025-07-28 15:47:09,675 [INFO] IPUIPlugin:80 - create IPUIPlugin
2025-07-28 15:47:09,675 [INFO] IPUIPlugin:80 - create IPUIPlugin
2025-07-28 15:47:09,676 [INFO] IPUIPlugin:80 - create IPUIPlugin
2025-07-28 15:47:09,786 [INFO] ApiDbMcu:532 - Load IP Config File for PDM2PCM
2025-07-28 15:47:09,801 [WARN] IP:2250 - I2C_Coeff_DF not found: check if there is a RefParameter without a condition.
2025-07-28 15:47:09,801 [WARN] IP:2250 - Analog_Filter not found: check if there is a RefParameter without a condition.
2025-07-28 15:47:10,309 [INFO] CADModel:165 - CPN selected for project levelSTM32F401RET6
2025-07-28 15:47:10,309 [INFO] CADModel:114 - Register for checkConnection events
2025-07-28 15:47:10,374 [INFO] OpenFileManager:386 - Restore cursor
2025-07-28 15:47:10,739 [WARN] IP:2250 - I2C_Coeff_DF not found: check if there is a RefParameter without a condition.
2025-07-28 15:47:10,739 [WARN] IP:2250 - Analog_Filter not found: check if there is a RefParameter without a condition.
2025-07-28 15:47:10,745 [WARN] IP:2250 - I2C_Coeff_DF not found: check if there is a RefParameter without a condition.
2025-07-28 15:47:10,745 [WARN] IP:2250 - Analog_Filter not found: check if there is a RefParameter without a condition.
2025-07-28 18:03:22,209 [ERROR] LogOutputStream:75 - [STDERR_REDIRECT] 
2025-07-28 22:17:55,885 [INFO] Activator:176 - 


2025-07-28 22:17:55,888 [INFO] Activator:177 - !SESSION log4j initialized
2025-07-28 22:18:05,653 [INFO] LogOutputStream:77 - [STDOUT_REDIRECT] 
2025-07-28 22:18:08,270 [INFO] ApplicationProperties:184 - Using Application install path: C:\ST\STM32CubeIDE_1.16.1\STM32CubeIDE\plugins\com.st.stm32cube.common.mx_6.15.0.202507011659
2025-07-28 22:18:08,312 [INFO] DbMcusXml:78 - Set database path to: C:\ST\STM32CubeIDE_1.16.1\STM32CubeIDE\plugins\com.st.stm32cube.common.mx_6.15.0.202507011659\\db\/mcu/
2025-07-28 22:18:08,312 [INFO] ApiDb:274 - Set plugin database path to: C:\ST\STM32CubeIDE_1.16.1\STM32CubeIDE\plugins\com.st.stm32cube.common.mx_6.15.0.202507011659\\db\/plugins/boardmanager/
2025-07-28 22:18:08,313 [WARN] ApiDb:259 - Overriding images path with different value:  => C:\ST\STM32CubeIDE_1.16.1\STM32CubeIDE\plugins\com.st.stm32cube.common.mx_6.15.0.202507011659\\db\/plugins/mcufinder/images/
2025-07-28 22:18:08,338 [INFO] ApiDb:250 - Set database path to: C:\Users\kjeya\.stmcufinder\plugins\mcufinder//mcu/
2025-07-28 22:18:08,342 [INFO] DbMcusAds:125 - Set database path to: C:\Users\kjeya\.stmcufinder\plugins\mcufinder//mcu/
2025-07-28 22:18:08,348 [INFO] CrossReferenceDbSqlite:203 - Set database path to: C:\Users\kjeya\.stmcufinder\plugins\mcufinder//mcu/cs/
2025-07-28 22:18:08,592 [INFO] RulesReader:64 - Compatibility file has been processed (317 Rules)
2025-07-28 22:18:08,759 [INFO] DbMcusXml:78 - Set database path to: C:\ST\STM32CubeIDE_1.16.1\STM32CubeIDE\plugins\com.st.stm32cube.common.mx_6.15.0.202507011659\\db\/mcu/
2025-07-28 22:18:08,759 [INFO] ApiDb:274 - Set plugin database path to: C:\ST\STM32CubeIDE_1.16.1\STM32CubeIDE\plugins\com.st.stm32cube.common.mx_6.15.0.202507011659\\db\/plugins/boardmanager/
2025-07-28 22:18:08,759 [INFO] ApiDb:261 - Set plugin images path to: C:\ST\STM32CubeIDE_1.16.1\STM32CubeIDE\plugins\com.st.stm32cube.common.mx_6.15.0.202507011659\\db\/plugins/mcufinder/images/
2025-07-28 22:18:08,760 [WARN] DbFile:41 - Overriding database path with different value: C:\Users\kjeya\.stmcufinder\plugins\mcufinder/ => C:\Users\kjeya\.stmcufinder\plugins\mcufinder
2025-07-28 22:18:08,760 [INFO] ApiDb:250 - Set database path to: C:\Users\kjeya\.stmcufinder\plugins\mcufinder//mcu/
2025-07-28 22:18:08,760 [WARN] DbFile:41 - Overriding database path with different value: C:\Users\kjeya\.stmcufinder\plugins\mcufinder/ => C:\Users\kjeya\.stmcufinder\plugins\mcufinder
2025-07-28 22:18:08,760 [INFO] DbMcusAds:125 - Set database path to: C:\Users\kjeya\.stmcufinder\plugins\mcufinder//mcu/
2025-07-28 22:18:08,760 [WARN] DbFile:41 - Overriding database path with different value: C:\Users\kjeya\.stmcufinder\plugins\mcufinder/ => C:\Users\kjeya\.stmcufinder\plugins\mcufinder
2025-07-28 22:18:08,760 [WARN] DbFile:41 - Overriding database path with different value: C:\Users\kjeya\.stmcufinder\plugins\mcufinder/ => C:\Users\kjeya\.stmcufinder\plugins\mcufinder
2025-07-28 22:18:08,760 [INFO] CrossReferenceDbSqlite:203 - Set database path to: C:\Users\kjeya\.stmcufinder\plugins\mcufinder//mcu/cs/
2025-07-28 22:18:08,909 [INFO] MainPanel:274 - HeapMemory: 268435456
2025-07-28 22:18:09,133 [INFO] DbMcusXml:78 - Set database path to: C:\ST\STM32CubeIDE_1.16.1\STM32CubeIDE\plugins\com.st.stm32cube.common.mx_6.15.0.202507011659\\db\/mcu/
2025-07-28 22:18:09,133 [INFO] ApiDb:274 - Set plugin database path to: C:\ST\STM32CubeIDE_1.16.1\STM32CubeIDE\plugins\com.st.stm32cube.common.mx_6.15.0.202507011659\\db\/plugins/boardmanager/
2025-07-28 22:18:09,133 [INFO] ApiDb:261 - Set plugin images path to: C:\ST\STM32CubeIDE_1.16.1\STM32CubeIDE\plugins\com.st.stm32cube.common.mx_6.15.0.202507011659\\db\/plugins/mcufinder/images/
2025-07-28 22:18:09,133 [WARN] DbFile:41 - Overriding database path with different value: C:\Users\kjeya\.stmcufinder\plugins\mcufinder/ => C:\Users\kjeya\.stmcufinder\plugins\mcufinder
2025-07-28 22:18:09,134 [INFO] ApiDb:250 - Set database path to: C:\Users\kjeya\.stmcufinder\plugins\mcufinder//mcu/
2025-07-28 22:18:09,134 [WARN] DbFile:41 - Overriding database path with different value: C:\Users\kjeya\.stmcufinder\plugins\mcufinder/ => C:\Users\kjeya\.stmcufinder\plugins\mcufinder
2025-07-28 22:18:09,134 [INFO] DbMcusAds:125 - Set database path to: C:\Users\kjeya\.stmcufinder\plugins\mcufinder//mcu/
2025-07-28 22:18:09,134 [WARN] DbFile:41 - Overriding database path with different value: C:\Users\kjeya\.stmcufinder\plugins\mcufinder/ => C:\Users\kjeya\.stmcufinder\plugins\mcufinder
2025-07-28 22:18:09,134 [WARN] DbFile:41 - Overriding database path with different value: C:\Users\kjeya\.stmcufinder\plugins\mcufinder/ => C:\Users\kjeya\.stmcufinder\plugins\mcufinder
2025-07-28 22:18:09,134 [INFO] CrossReferenceDbSqlite:203 - Set database path to: C:\Users\kjeya\.stmcufinder\plugins\mcufinder//mcu/cs/
2025-07-28 22:18:09,165 [INFO] ApplicationProperties:184 - Using Application install path: C:\ST\STM32CubeIDE_1.16.1\STM32CubeIDE\plugins\com.st.stm32cube.common.mx_6.15.0.202507011659
2025-07-28 22:18:09,168 [INFO] PluginManage:196 - Search for loadable plugins [exclusion list=, ]
2025-07-28 22:18:09,171 [INFO] PluginManage:310 - Check plugin analytics
2025-07-28 22:18:09,584 [INFO] AnalyticsPlugin:253 - Accepted Software Licenses: STM32CubeMX.6.11.1,STM32CubeMX.6.13.0
2025-07-28 22:18:09,585 [INFO] AnalyticsPlugin:255 - Accepted CMSIS Pack Licenses: STMicroelectronics.X-CUBE-TOUCHGFX.4.24.0,WES.I-CUBE-Cesium.1.3.0,STMicroelectronics.X-CUBE-TOUCHGFX.4.24.2
2025-07-28 22:18:09,585 [INFO] AnalyticsPlugin:257 - Accepted Firmware Licenses: FW.F4.1.28.0,FW.L4.1.18.0,FW.WL.1.3.0,FW.H7.1.11.0,FW.H7.1.12.0
2025-07-28 22:18:09,595 [INFO] PluginManage:359 - Loaded plugin analytics (category:tool,tabindex:-1)
2025-07-28 22:18:09,595 [INFO] PluginManage:310 - Check plugin cadmodel
2025-07-28 22:18:09,608 [INFO] CADModel:105 - Init CAD model plugin
2025-07-28 22:18:09,608 [INFO] PluginManage:359 - Loaded plugin cadmodel (category:power,tabindex:5)
2025-07-28 22:18:09,609 [INFO] PluginManage:310 - Check plugin clock
2025-07-28 22:18:09,644 [INFO] PluginManage:359 - Loaded plugin clock (category:base,tabindex:2)
2025-07-28 22:18:09,644 [INFO] PluginManage:310 - Check plugin ddr
2025-07-28 22:18:09,650 [INFO] PluginManage:359 - Loaded plugin ddr (category:tool,tabindex:6)
2025-07-28 22:18:09,651 [INFO] PluginManage:310 - Check plugin filemanager
2025-07-28 22:18:09,933 [INFO] PluginManage:359 - Loaded plugin filemanager (category:base,tabindex:10)
2025-07-28 22:18:09,933 [INFO] PluginManage:310 - Check plugin ipmanager
2025-07-28 22:18:09,945 [INFO] PluginManage:359 - Loaded plugin ipmanager (category:base,tabindex:5)
2025-07-28 22:18:09,945 [INFO] PluginManage:310 - Check plugin lpbam
2025-07-28 22:18:09,960 [INFO] PluginManage:359 - Loaded plugin lpbam (category:base,tabindex:0)
2025-07-28 22:18:09,960 [INFO] PluginManage:310 - Check plugin memorymap
2025-07-28 22:18:09,983 [INFO] PluginManage:359 - Loaded plugin memorymap (category:base,tabindex:4)
2025-07-28 22:18:09,983 [INFO] PluginManage:310 - Check plugin pinoutandconfiguration
2025-07-28 22:18:10,005 [INFO] PluginManage:359 - Loaded plugin pinoutandconfiguration (category:base,tabindex:1)
2025-07-28 22:18:10,005 [INFO] PluginManage:310 - Check plugin pinoutconfig
2025-07-28 22:18:10,175 [WARN] SupportedApi:132 - Cannot load RTOS API schema: s4s-elt-must-match.1: The content of 'definitions' must match (annotation?, (simpleType | complexType)?, (unique | key | keyref)*)). A problem was found starting at: attribute.
2025-07-28 22:18:10,422 [INFO] PluginManage:359 - Loaded plugin pinoutconfig (category:base,tabindex:0)
2025-07-28 22:18:10,422 [INFO] PluginManage:310 - Check plugin power
2025-07-28 22:18:10,438 [INFO] PluginManage:359 - Loaded plugin power (category:power,tabindex:4)
2025-07-28 22:18:10,438 [INFO] PluginManage:310 - Check plugin projectmanager
2025-07-28 22:18:10,464 [INFO] PluginManage:359 - Loaded plugin projectmanager (category:projectmanager,tabindex:4)
2025-07-28 22:18:10,464 [INFO] PluginManage:310 - Check plugin rif
2025-07-28 22:18:10,479 [INFO] PluginManage:359 - Loaded plugin rif (category:base,tabindex:3)
2025-07-28 22:18:10,479 [INFO] PluginManage:310 - Check plugin thirdparty
2025-07-28 22:18:10,716 [WARN] IntegrityCheckThread:84 - waiting for thirdparty lock release [integrity check]
2025-07-28 22:18:10,717 [INFO] PluginManage:359 - Loaded plugin thirdparty (category:base,tabindex:-1)
2025-07-28 22:18:10,718 [INFO] PluginManage:310 - Check plugin tools
2025-07-28 22:18:10,718 [INFO] IntegrityCheckThread:86 - entering critical section [integrity check]
2025-07-28 22:18:10,719 [INFO] ThirdPartyUpdaterWithRetryManager:70 - Updater plugin not ready yet. [1/15]
2025-07-28 22:18:10,724 [INFO] PluginManage:359 - Loaded plugin tools (category:base,tabindex:7)
2025-07-28 22:18:10,725 [INFO] PluginManage:310 - Check plugin tutovideos
2025-07-28 22:18:11,070 [INFO] PluginManage:359 - Loaded plugin tutovideos (category:base,tabindex:-1)
2025-07-28 22:18:11,071 [INFO] PluginManage:310 - Check plugin updater
2025-07-28 22:18:11,110 [INFO] PluginManage:359 - Loaded plugin updater (category:base,tabindex:12)
2025-07-28 22:18:11,110 [INFO] PluginManage:310 - Check plugin userauth
2025-07-28 22:18:11,120 [INFO] UserAuth:118 - Init User Auth plugin
2025-07-28 22:18:11,122 [INFO] PluginManage:359 - Loaded plugin userauth (category:base,tabindex:14)
2025-07-28 22:18:11,123 [INFO] PluginManage:283 - PluginManage : Loaded plugins [18]
2025-07-28 22:18:11,479 [INFO] PinOutPanel:1589 - setPackage(No Configuration,No Configuration)
2025-07-28 22:18:11,637 [INFO] CADModel:165 - CPN selected for project level
2025-07-28 22:18:11,638 [INFO] CADModel:114 - Register for checkConnection events
2025-07-28 22:18:11,673 [INFO] IPUIPlugin:80 - create IPUIPlugin
2025-07-28 22:18:11,673 [INFO] PluginManager:220 - loadIPPluginJar : add adc
2025-07-28 22:18:11,678 [INFO] IPUIPlugin:80 - create IPUIPlugin
2025-07-28 22:18:11,678 [INFO] PluginManager:220 - loadIPPluginJar : add aes
2025-07-28 22:18:11,682 [INFO] IPUIPlugin:80 - create IPUIPlugin
2025-07-28 22:18:11,683 [INFO] PluginManager:220 - loadIPPluginJar : add can
2025-07-28 22:18:11,687 [INFO] IPUIPlugin:80 - create IPUIPlugin
2025-07-28 22:18:11,687 [INFO] PluginManager:220 - loadIPPluginJar : add comp
2025-07-28 22:18:11,693 [INFO] IPUIPlugin:80 - create IPUIPlugin
2025-07-28 22:18:11,693 [INFO] PluginManager:220 - loadIPPluginJar : add cryp
2025-07-28 22:18:11,698 [INFO] IPUIPlugin:80 - create IPUIPlugin
2025-07-28 22:18:11,698 [INFO] PluginManager:220 - loadIPPluginJar : add ddr_ctrl_phy
2025-07-28 22:18:11,704 [INFO] IPUIPlugin:80 - create IPUIPlugin
2025-07-28 22:18:11,704 [INFO] PluginManager:220 - loadIPPluginJar : add dfsdm
2025-07-28 22:18:11,716 [INFO] IPUIPlugin:80 - create IPUIPlugin
2025-07-28 22:18:11,717 [INFO] PluginManager:220 - loadIPPluginJar : add dma
2025-07-28 22:18:11,724 [INFO] IPUIPlugin:80 - create IPUIPlugin
2025-07-28 22:18:11,724 [INFO] PluginManager:220 - loadIPPluginJar : add dma3
2025-07-28 22:18:11,729 [INFO] IPUIPlugin:80 - create IPUIPlugin
2025-07-28 22:18:11,729 [INFO] PluginManager:220 - loadIPPluginJar : add extmemmanager
2025-07-28 22:18:11,732 [INFO] IPUIPlugin:80 - create IPUIPlugin
2025-07-28 22:18:11,733 [INFO] PluginManager:220 - loadIPPluginJar : add fatfs
2025-07-28 22:18:11,742 [INFO] IPUIPlugin:80 - create IPUIPlugin
2025-07-28 22:18:11,742 [INFO] PluginManager:220 - loadIPPluginJar : add fmc
2025-07-28 22:18:11,755 [INFO] IPUIPlugin:80 - create IPUIPlugin
2025-07-28 22:18:11,755 [INFO] PluginManager:220 - loadIPPluginJar : add freertos
2025-07-28 22:18:11,758 [INFO] IPUIPlugin:80 - create IPUIPlugin
2025-07-28 22:18:11,758 [INFO] PluginManager:220 - loadIPPluginJar : add genericplugin
2025-07-28 22:18:11,762 [INFO] IPUIPlugin:80 - create IPUIPlugin
2025-07-28 22:18:11,762 [INFO] PluginManager:220 - loadIPPluginJar : add gfxmmu
2025-07-28 22:18:11,770 [INFO] IPUIPlugin:80 - create IPUIPlugin
2025-07-28 22:18:11,771 [INFO] PluginManager:220 - loadIPPluginJar : add gic
2025-07-28 22:18:11,777 [INFO] IPUIPlugin:80 - create IPUIPlugin
2025-07-28 22:18:11,777 [INFO] PluginManager:220 - loadIPPluginJar : add gpio
2025-07-28 22:18:11,781 [INFO] IPUIPlugin:80 - create IPUIPlugin
2025-07-28 22:18:11,781 [INFO] PluginManager:220 - loadIPPluginJar : add gtzc
2025-07-28 22:18:11,787 [INFO] IPUIPlugin:80 - create IPUIPlugin
2025-07-28 22:18:11,788 [INFO] PluginManager:220 - loadIPPluginJar : add hash
2025-07-28 22:18:11,792 [INFO] IPUIPlugin:80 - create IPUIPlugin
2025-07-28 22:18:11,793 [INFO] PluginManager:220 - loadIPPluginJar : add i2c
2025-07-28 22:18:11,796 [INFO] IPUIPlugin:80 - create IPUIPlugin
2025-07-28 22:18:11,796 [INFO] PluginManager:220 - loadIPPluginJar : add i2s
2025-07-28 22:18:11,804 [INFO] IPUIPlugin:80 - create IPUIPlugin
2025-07-28 22:18:11,804 [INFO] PluginManager:220 - loadIPPluginJar : add i3c
2025-07-28 22:18:11,809 [INFO] IPUIPlugin:80 - create IPUIPlugin
2025-07-28 22:18:11,810 [INFO] PluginManager:220 - loadIPPluginJar : add ipddr
2025-07-28 22:18:11,824 [INFO] IPUIPlugin:80 - create IPUIPlugin
2025-07-28 22:18:11,824 [INFO] PluginManager:220 - loadIPPluginJar : add linkedlist
2025-07-28 22:18:11,828 [INFO] IPUIPlugin:80 - create IPUIPlugin
2025-07-28 22:18:11,828 [INFO] PluginManager:220 - loadIPPluginJar : add lorawan
2025-07-28 22:18:11,831 [INFO] IPUIPlugin:80 - create IPUIPlugin
2025-07-28 22:18:11,831 [INFO] PluginManager:220 - loadIPPluginJar : add ltdc
2025-07-28 22:18:11,843 [INFO] IPUIPlugin:80 - create IPUIPlugin
2025-07-28 22:18:11,844 [INFO] PluginManager:220 - loadIPPluginJar : add mdma
2025-07-28 22:18:11,849 [INFO] IPUIPlugin:80 - create IPUIPlugin
2025-07-28 22:18:11,849 [INFO] PluginManager:220 - loadIPPluginJar : add nvic
2025-07-28 22:18:11,856 [INFO] IPUIPlugin:80 - create IPUIPlugin
2025-07-28 22:18:11,856 [INFO] PluginManager:220 - loadIPPluginJar : add opamp
2025-07-28 22:18:11,863 [INFO] IPUIPlugin:80 - create IPUIPlugin
2025-07-28 22:18:11,863 [INFO] PluginManager:220 - loadIPPluginJar : add openamp
2025-07-28 22:18:11,872 [INFO] IPUIPlugin:80 - create IPUIPlugin
2025-07-28 22:18:11,872 [INFO] PluginManager:220 - loadIPPluginJar : add pdm2pcm
2025-07-28 22:18:11,883 [INFO] IPUIPlugin:80 - create IPUIPlugin
2025-07-28 22:18:11,890 [INFO] PluginManager:220 - loadIPPluginJar : add plateformsettings
2025-07-28 22:18:11,894 [INFO] IPUIPlugin:80 - create IPUIPlugin
2025-07-28 22:18:11,895 [INFO] PluginManager:220 - loadIPPluginJar : add quadspi
2025-07-28 22:18:11,899 [INFO] IPUIPlugin:80 - create IPUIPlugin
2025-07-28 22:18:11,900 [INFO] PluginManager:220 - loadIPPluginJar : add radio
2025-07-28 22:18:11,907 [INFO] IPUIPlugin:80 - create IPUIPlugin
2025-07-28 22:18:11,907 [INFO] PluginManager:220 - loadIPPluginJar : add resmgrutility
2025-07-28 22:18:11,913 [INFO] IPUIPlugin:80 - create IPUIPlugin
2025-07-28 22:18:11,913 [INFO] PluginManager:220 - loadIPPluginJar : add sai
2025-07-28 22:18:11,920 [INFO] IPUIPlugin:80 - create IPUIPlugin
2025-07-28 22:18:11,920 [INFO] PluginManager:220 - loadIPPluginJar : add spi
2025-07-28 22:18:11,931 [INFO] IPUIPlugin:80 - create IPUIPlugin
2025-07-28 22:18:11,931 [INFO] PluginManager:220 - loadIPPluginJar : add stm32_wpan
2025-07-28 22:18:11,936 [INFO] IPUIPlugin:80 - create IPUIPlugin
2025-07-28 22:18:11,936 [INFO] PluginManager:220 - loadIPPluginJar : add tim
2025-07-28 22:18:11,942 [INFO] IPUIPlugin:80 - create IPUIPlugin
2025-07-28 22:18:11,943 [INFO] PluginManager:220 - loadIPPluginJar : add touchsensing
2025-07-28 22:18:11,946 [INFO] IPUIPlugin:80 - create IPUIPlugin
2025-07-28 22:18:11,946 [INFO] PluginManager:220 - loadIPPluginJar : add tracer_emb
2025-07-28 22:18:11,954 [INFO] IPUIPlugin:80 - create IPUIPlugin
2025-07-28 22:18:11,954 [INFO] PluginManager:220 - loadIPPluginJar : add ts
2025-07-28 22:18:11,958 [INFO] IPUIPlugin:80 - create IPUIPlugin
2025-07-28 22:18:11,958 [INFO] PluginManager:220 - loadIPPluginJar : add tsc
2025-07-28 22:18:11,962 [INFO] IPUIPlugin:80 - create IPUIPlugin
2025-07-28 22:18:11,962 [INFO] PluginManager:220 - loadIPPluginJar : add ucpd
2025-07-28 22:18:11,968 [INFO] IPUIPlugin:80 - create IPUIPlugin
2025-07-28 22:18:11,968 [INFO] PluginManager:220 - loadIPPluginJar : add usart
2025-07-28 22:18:11,974 [INFO] IPUIPlugin:80 - create IPUIPlugin
2025-07-28 22:18:11,974 [INFO] PluginManager:220 - loadIPPluginJar : add usbx
2025-07-28 22:18:12,149 [FATAL] Updater:351 - Updater called before beeing initialized
2025-07-28 22:18:12,201 [INFO] RulesReader:64 - Compatibility file has been processed (317 Rules)
2025-07-28 22:18:12,229 [INFO] RulesReader:64 - Compatibility file has been processed (317 Rules)
2025-07-28 22:18:12,250 [INFO] CADModel:165 - CPN selected for project level
2025-07-28 22:18:12,251 [INFO] CADModel:114 - Register for checkConnection events
2025-07-28 22:18:12,251 [FATAL] Updater:351 - Updater called before beeing initialized
2025-07-28 22:18:12,252 [ERROR] CADModel:125 - Updater not yet initialized, retry later 
2025-07-28 22:18:12,522 [FATAL] Updater:351 - Updater called before beeing initialized
2025-07-28 22:18:12,525 [INFO] CADModel:165 - CPN selected for project level
2025-07-28 22:18:12,525 [INFO] CADModel:114 - Register for checkConnection events
2025-07-28 22:18:12,525 [FATAL] Updater:351 - Updater called before beeing initialized
2025-07-28 22:18:12,525 [ERROR] CADModel:125 - Updater not yet initialized, retry later 
2025-07-28 22:18:12,530 [FATAL] Updater:351 - Updater called before beeing initialized
2025-07-28 22:18:12,722 [FATAL] Updater:351 - Updater called before beeing initialized
2025-07-28 22:18:12,728 [INFO] DbMcusAds:53 - JSON generation date=Tue Jul 08 13:44:23 IST 2025 (1751962463562)
2025-07-28 22:18:12,728 [FATAL] Updater:351 - Updater called before beeing initialized
2025-07-28 22:18:12,792 [WARN] DetailPanel:346 - Failed to get advertising image, set to default
2025-07-28 22:18:12,958 [FATAL] Updater:351 - Updater called before beeing initialized
2025-07-28 22:18:12,961 [FATAL] Updater:351 - Updater called before beeing initialized
2025-07-28 22:18:12,962 [FATAL] Updater:351 - Updater called before beeing initialized
2025-07-28 22:18:12,962 [WARN] DetailPanel:346 - Failed to get advertising image, set to default
2025-07-28 22:18:12,964 [FATAL] Updater:351 - Updater called before beeing initialized
2025-07-28 22:18:13,099 [ERROR] Updater:1198 - MainUpdater not yet initialized. External WinMGr cannot be set.
2025-07-28 22:18:13,104 [INFO] Updater:1134 - Updater Version found : 6.15.0
2025-07-28 22:18:13,140 [INFO] ApplicationProperties:184 - Using Application install path: C:\ST\STM32CubeIDE_1.16.1\STM32CubeIDE\plugins\com.st.stm32cube.common.mx_6.15.0.202507011659
2025-07-28 22:18:13,721 [INFO] ThirdPartyUpdaterWithRetryManager:70 - Updater plugin not ready yet. [2/15]
2025-07-28 22:18:14,742 [ERROR] LogOutputStream:75 - [STDERR_REDIRECT] Jul 28, 2025 10:18:14 PM java.util.prefs.WindowsPreferences <init>
2025-07-28 22:18:14,747 [ERROR] LogOutputStream:75 - [STDERR_REDIRECT] WARNING: Could not open/create prefs root node Software\JavaSoft\Prefs at root 0xffffffff80000002. Windows RegCreateKeyEx(...) returned error code 5.
2025-07-28 22:18:14,747 [ERROR] LogOutputStream:75 - [STDERR_REDIRECT] 
2025-07-28 22:18:16,475 [INFO] MainUpdater:2872 - connection check result : 10
2025-07-28 22:18:16,476 [INFO] MainUpdater:289 - Updater Check For Update Now.
2025-07-28 22:18:16,477 [INFO] MicroXplorer:498 - Change Database Version : DB.6.0.150
2025-07-28 22:18:16,493 [INFO] McuFinderGlobals:63 - Set McuFinder mode to 2 (CubeIDE integrated)
2025-07-28 22:18:16,497 [INFO] UserAuth:487 - Internet connection configuration mode: 1
2025-07-28 22:18:16,543 [INFO] JxBrowserEngine:152 - Initiate JxBrowser Engine with user profile folder
2025-07-28 22:18:16,722 [WARN] MainUpdater:1193 - Updater busy. Cannot search thirdparties
2025-07-28 22:18:16,722 [INFO] ThirdPartyUpdaterWithRetryManager:96 - Updater plugin is busy. [1/15]
2025-07-28 22:18:16,788 [INFO] CheckServerUpdateThread:120 - End of CheckServer Thread
2025-07-28 22:18:18,379 [INFO] WebApp:169 - Instantiating new browser for Auth
2025-07-28 22:18:20,004 [INFO] WebApp:463 - Apply proxy settings
2025-07-28 22:18:20,005 [INFO] WebApp:548 - Chromium requires no authentication
2025-07-28 22:18:20,033 [INFO] WebApp:491 - Direct internet connection detected
2025-07-28 22:18:20,103 [INFO] WebApp:900 - Register for checkConnection events
2025-07-28 22:18:20,104 [INFO] WebApp:463 - Apply proxy settings
2025-07-28 22:18:20,104 [INFO] WebApp:548 - Chromium requires no authentication
2025-07-28 22:18:20,110 [INFO] WebApp:491 - Direct internet connection detected
2025-07-28 22:18:20,533 [WARN] PackLoader:240 - Cannot read IP mode file for STMicroelectronics.FP-SNS-MOTENVWB1.1.4.0
2025-07-28 22:18:20,554 [WARN] PackLoader:240 - Cannot read IP mode file for STMicroelectronics.FP-ATR-ASTRA1.2.0.2
2025-07-28 22:18:20,565 [WARN] PackLoader:240 - Cannot read IP mode file for STMicroelectronics.FP-ATR-ASTRA1.2.0.1
2025-07-28 22:18:20,593 [WARN] PackLoader:240 - Cannot read IP mode file for STMicroelectronics.X-CUBE-SMBUS.2.1.0
2025-07-28 22:18:20,614 [WARN] PackLoader:240 - Cannot read IP mode file for STMicroelectronics.X-CUBE-WB05N.1.1.0
2025-07-28 22:18:20,631 [WARN] PackLoader:240 - Cannot read IP mode file for STMicroelectronics.X-CUBE-ST60.1.0.0
2025-07-28 22:18:20,724 [WARN] PackLoader:240 - Cannot read IP mode file for STMicroelectronics.X-CUBE-AZRTOS-F7.1.1.0
2025-07-28 22:18:20,747 [WARN] PackLoader:240 - Cannot read IP mode file for STMicroelectronics.FP-SNS-FLIGHT1.5.0.2
2025-07-28 22:18:20,811 [WARN] PackLoader:240 - Cannot read IP mode file for Infineon.AIROC-Wi-Fi-Bluetooth-STM32.1.7.0
2025-07-28 22:18:20,889 [WARN] PackLoader:240 - Cannot read IP mode file for STMicroelectronics.X-CUBE-AZRTOS-H7.3.4.0
2025-07-28 22:18:20,915 [WARN] PackLoader:240 - Cannot read IP mode file for STMicroelectronics.X-CUBE-DISPLAY.3.0.0
2025-07-28 22:18:20,937 [WARN] PackLoader:240 - Cannot read IP mode file for STMicroelectronics.X-CUBE-BLE1.7.0.0
2025-07-28 22:18:20,947 [INFO] WebApp:225 - Starting web application
2025-07-28 22:18:20,949 [INFO] WebApp:593 - Web application path used C:\ST\STM32CubeIDE_1.16.1\STM32CubeIDE\plugins\com.st.stm32cube.common.mx_6.15.0.202507011659\db\plugins\mcufinder\reactClient1\index.html
2025-07-28 22:18:20,952 [WARN] PackLoader:240 - Cannot read IP mode file for STMicroelectronics.X-CUBE-NFC10.1.0.0
2025-07-28 22:18:20,979 [WARN] PackLoader:240 - Cannot read IP mode file for STMicroelectronics.X-CUBE-BLEMGR.4.0.0
2025-07-28 22:18:20,984 [INFO] WebApp:191 - Connection restablished
2025-07-28 22:18:20,998 [WARN] PackLoader:240 - Cannot read IP mode file for emotas.I-CUBE-CANOPEN.1.3.0
2025-07-28 22:18:21,009 [WARN] PackLoader:240 - Cannot read IP mode file for STMicroelectronics.X-CUBE-AI.10.0.0
2025-07-28 22:18:21,019 [WARN] PackLoader:240 - Cannot read IP mode file for STMicroelectronics.FP-SNS-SMARTAG2.1.2.0
2025-07-28 22:18:21,027 [WARN] PackLoader:240 - Cannot read IP mode file for STMicroelectronics.FP-SNS-FLIGHT1.5.1.0
2025-07-28 22:18:21,152 [WARN] PackLoader:240 - Cannot read IP mode file for STMicroelectronics.X-CUBE-MEMS1.11.1.0
2025-07-28 22:18:21,535 [INFO] LogOutputStream:77 - [STDOUT_REDIRECT] 1 : Invalid condition id : UX_CORESTACK_Condition cause : null
2025-07-28 22:18:21,536 [INFO] LogOutputStream:77 - [STDOUT_REDIRECT] 1 : Invalid condition id : UX_CORESTACK_Condition cause : null
2025-07-28 22:18:21,540 [INFO] LogOutputStream:77 - [STDOUT_REDIRECT] 1 : Invalid condition id : UX_CORESTACK_Condition cause : null
2025-07-28 22:18:21,546 [INFO] LogOutputStream:77 - [STDOUT_REDIRECT] 1 : Invalid condition id : UX_CORESTACK_Condition cause : null
2025-07-28 22:18:21,550 [INFO] LogOutputStream:77 - [STDOUT_REDIRECT] 1 : Invalid condition id : UX_CORESTACK_Condition cause : null
2025-07-28 22:18:21,556 [WARN] PackLoader:240 - Cannot read IP mode file for STMicroelectronics.X-CUBE-AZRTOS-WL.2.0.0
2025-07-28 22:18:21,568 [WARN] PackLoader:240 - Cannot read IP mode file for STMicroelectronics.FP-SNS-MOTENV1.5.0.0
2025-07-28 22:18:21,580 [WARN] PackLoader:240 - Cannot read IP mode file for wolfSSL.I-CUBE-wolfMQTT.1.19.0
2025-07-28 22:18:21,602 [WARN] PackLoader:240 - Cannot read IP mode file for WES.I-CUBE-Cesium.1.3.0
2025-07-28 22:18:21,861 [WARN] PackLoader:240 - Cannot read IP mode file for STMicroelectronics.X-CUBE-BLE2.3.3.0
2025-07-28 22:18:21,876 [WARN] PackLoader:240 - Cannot read IP mode file for STMicroelectronics.X-CUBE-NFC9.1.0.0
2025-07-28 22:18:21,890 [WARN] PackLoader:240 - Cannot read IP mode file for STMicroelectronics.X-CUBE-BLE1.7.1.0
2025-07-28 22:18:21,905 [WARN] PackLoader:240 - Cannot read IP mode file for STMicroelectronics.X-CUBE-EEPRMA1.5.2.0
2025-07-28 22:18:21,917 [WARN] PackLoader:240 - Cannot read IP mode file for STMicroelectronics.X-CUBE-AI.10.1.0
2025-07-28 22:18:22,027 [WARN] PackLoader:240 - Cannot read IP mode file for STMicroelectronics.X-CUBE-MEMS1.11.2.0
2025-07-28 22:18:22,271 [WARN] PackLoader:240 - Cannot read IP mode file for STMicroelectronics.X-CUBE-AZRTOS-G0.1.1.0
2025-07-28 22:18:22,294 [WARN] PackLoader:240 - Cannot read IP mode file for STMicroelectronics.X-CUBE-SAFEA1.1.2.2
2025-07-28 22:18:22,344 [WARN] PackLoader:240 - Cannot read IP mode file for STMicroelectronics.X-CUBE-NFC4.3.0.0
2025-07-28 22:18:22,361 [WARN] PackLoader:240 - Cannot read IP mode file for EmbeddedOffice.I-CUBE-FS-RTOS.1.0.1
2025-07-28 22:18:22,372 [WARN] PackLoader:240 - Cannot read IP mode file for STMicroelectronics.X-CUBE-WB05N.2.0.0
2025-07-28 22:18:22,385 [WARN] PackLoader:240 - Cannot read IP mode file for STMicroelectronics.X-CUBE-TCPP.4.2.0
2025-07-28 22:18:22,400 [WARN] PackLoader:240 - Cannot read IP mode file for RealThread.X-CUBE-RT-Thread_Nano.4.1.1
2025-07-28 22:18:22,409 [WARN] PackLoader:240 - Cannot read IP mode file for STMicroelectronics.FP-ATR-SIGFOX1.3.2.0
2025-07-28 22:18:22,418 [WARN] ConditionMgr:438 - getConditionDescription Invalid condition id : Cortex-A Device cause : null
2025-07-28 22:18:22,436 [WARN] ConditionMgr:1044 - genDependencies : Invalid condition id : Cortex-A Device cause : null
2025-07-28 22:18:22,436 [WARN] ConditionMgr:1044 - genDependencies : Invalid condition id : Cortex-A Device cause : null
2025-07-28 22:18:22,436 [WARN] ConditionMgr:1044 - genDependencies : Invalid condition id : Cortex-A Device cause : null
2025-07-28 22:18:22,447 [WARN] PackLoader:240 - Cannot read IP mode file for STMicroelectronics.X-CUBE-EEPRMA1.5.1.0
2025-07-28 22:18:22,459 [WARN] PackLoader:240 - Cannot read IP mode file for wolfSSL.I-CUBE-wolfSSL.5.7.4
2025-07-28 22:18:22,472 [WARN] PackLoader:240 - Cannot read IP mode file for ITTIA_DB.I-CUBE-ITTIADB.8.9.0
2025-07-28 22:18:22,488 [WARN] PackLoader:240 - Cannot read IP mode file for STMicroelectronics.X-CUBE-ST67W61.1.0.0
2025-07-28 22:18:22,552 [WARN] PackLoader:240 - Cannot read IP mode file for SEGGER.I-CUBE-embOS.1.3.1
2025-07-28 22:18:22,634 [WARN] PackLoader:240 - Cannot read IP mode file for STMicroelectronics.X-CUBE-ALGOBUILD.1.4.0
2025-07-28 22:18:22,734 [WARN] PackLoader:240 - Cannot read IP mode file for STMicroelectronics.X-CUBE-MEMS1.11.3.0
2025-07-28 22:18:22,968 [WARN] PackLoader:240 - Cannot read IP mode file for STMicroelectronics.X-CUBE-AI.9.1.0
2025-07-28 22:18:22,978 [WARN] PackLoader:240 - Cannot read IP mode file for STMicroelectronics.X-CUBE-PM33A1.1.0.0
2025-07-28 22:18:23,012 [WARN] PackLoader:240 - Cannot read IP mode file for STMicroelectronics.X-CUBE-AZRTOS-F4.1.1.0
2025-07-28 22:18:23,027 [WARN] PackLoader:240 - Cannot read IP mode file for Avnet-IotConnect.X-CUBE-IoTC-DA16k-PMOD.1.0.0
2025-07-28 22:18:23,037 [WARN] PackLoader:240 - Cannot read IP mode file for STMicroelectronics.X-CUBE-ISPU.2.1.0
2025-07-28 22:18:23,051 [WARN] PackLoader:240 - Cannot read IP mode file for STMicroelectronics.X-CUBE-NFC12.1.0.0
2025-07-28 22:18:23,090 [WARN] PackLoader:240 - Cannot read IP mode file for STMicroelectronics.X-CUBE-AZRTOS-L5.2.0.0
2025-07-28 22:18:23,115 [WARN] PackLoader:240 - Cannot read IP mode file for STMicroelectronics.X-CUBE-NFC6.3.1.0
2025-07-28 22:18:23,157 [WARN] PackLoader:240 - Cannot read IP mode file for STMicroelectronics.X-CUBE-DPower.1.2.0
2025-07-28 22:18:23,170 [WARN] PackLoader:240 - Cannot read IP mode file for STMicroelectronics.X-CUBE-FREERTOS.1.3.1
2025-07-28 22:18:23,181 [WARN] PackLoader:240 - Cannot read IP mode file for STMicroelectronics.X-CUBE-FREERTOS.1.3.0
2025-07-28 22:18:23,192 [WARN] PackLoader:240 - Cannot read IP mode file for STMicroelectronics.X-CUBE-NFC7.1.0.1
2025-07-28 22:18:23,205 [WARN] PackLoader:240 - Cannot read IP mode file for STMicroelectronics.FP-SNS-STAIOTCFT.1.0.0
2025-07-28 22:18:23,214 [WARN] PackLoader:240 - Cannot read IP mode file for STMicroelectronics.X-CUBE-DPower.1.3.0
2025-07-28 22:18:23,259 [WARN] ConditionMgr:438 - getConditionDescription Invalid condition id : LAN8742 Phy interface Condition cause : null
2025-07-28 22:18:23,261 [WARN] PackLoader:240 - Cannot read IP mode file for STMicroelectronics.X-CUBE-AZRTOS-L4.2.0.0
2025-07-28 22:18:23,263 [WARN] ConditionMgr:1044 - genDependencies : Invalid condition id : LAN8742 Phy interface Condition cause : null
2025-07-28 22:18:23,264 [WARN] ConditionMgr:1044 - genDependencies : Invalid condition id : LAN8742 Phy interface Condition cause : null
2025-07-28 22:18:23,265 [WARN] ConditionMgr:1044 - genDependencies : Invalid condition id : LAN8742 Phy interface Condition cause : null
2025-07-28 22:18:23,285 [WARN] PackLoader:240 - Cannot read IP mode file for STMicroelectronics.X-CUBE-SFXS2LP1.4.0.0
2025-07-28 22:18:23,335 [WARN] PackLoader:240 - Cannot read IP mode file for STMicroelectronics.X-CUBE-AZRTOS-H7.3.3.0
2025-07-28 22:18:23,361 [WARN] PackLoader:240 - Cannot read IP mode file for STMicroelectronics.X-CUBE-BLEMGR.4.1.0
2025-07-28 22:18:23,388 [WARN] PackLoader:240 - Cannot read IP mode file for STMicroelectronics.X-CUBE-IPS.3.0.0
2025-07-28 22:18:23,422 [WARN] ConditionMgr:438 - getConditionDescription Invalid condition id : UX DEVICE CLASS RTOS Condition cause : null
2025-07-28 22:18:23,424 [WARN] ConditionMgr:438 - getConditionDescription Invalid condition id : UX DEVICE CLASS RTOS Condition cause : null
2025-07-28 22:18:23,431 [WARN] PackLoader:240 - Cannot read IP mode file for STMicroelectronics.X-CUBE-AZRTOS-WB.2.0.0
2025-07-28 22:18:23,432 [WARN] ConditionMgr:1044 - genDependencies : Invalid condition id : UX DEVICE CLASS RTOS Condition cause : null
2025-07-28 22:18:23,432 [WARN] ConditionMgr:1044 - genDependencies : Invalid condition id : UX DEVICE CLASS RTOS Condition cause : null
2025-07-28 22:18:23,433 [WARN] ConditionMgr:1044 - genDependencies : Invalid condition id : UX DEVICE CLASS RTOS Condition cause : null
2025-07-28 22:18:23,434 [WARN] ConditionMgr:1044 - genDependencies : Invalid condition id : UX DEVICE CLASS RTOS Condition cause : null
2025-07-28 22:18:23,434 [WARN] ConditionMgr:1044 - genDependencies : Invalid condition id : UX DEVICE CLASS RTOS Condition cause : null
2025-07-28 22:18:23,446 [WARN] PackLoader:240 - Cannot read IP mode file for STMicroelectronics.X-CUBE-GNSS1.7.0.1
2025-07-28 22:18:23,459 [WARN] PackLoader:240 - Cannot read IP mode file for STMicroelectronics.X-CUBE-TOUCHGFX.4.25.0
2025-07-28 22:18:23,473 [WARN] PackLoader:240 - Cannot read IP mode file for STMicroelectronics.FP-SNS-STBOX1.2.0.0
2025-07-28 22:18:23,500 [WARN] PackLoader:240 - Cannot read IP mode file for STMicroelectronics.X-CUBE-SUBG2.5.0.0
2025-07-28 22:18:23,554 [WARN] PackLoader:240 - Cannot read IP mode file for STMicroelectronics.X-CUBE-AZRTOS-H7RS.1.1.0
2025-07-28 22:18:23,570 [WARN] PackLoader:240 - Cannot read IP mode file for Cesanta.I-CUBE-Mongoose.7.13.0
2025-07-28 22:18:23,602 [WARN] PackLoader:240 - Cannot read IP mode file for STMicroelectronics.X-CUBE-AZRTOS-G4.2.0.0
2025-07-28 22:18:23,614 [WARN] PackLoader:240 - Cannot read IP mode file for STMicroelectronics.X-CUBE-NFC7.2.0.0
2025-07-28 22:18:23,656 [WARN] PackLoader:240 - Cannot read IP mode file for STMicroelectronics.X-CUBE-IPS.3.1.0
2025-07-28 22:18:23,686 [WARN] PackLoader:240 - Cannot read IP mode file for STMicroelectronics.X-CUBE-ALS.1.0.2
2025-07-28 22:18:23,699 [WARN] PackLoader:240 - Cannot read IP mode file for STMicroelectronics.X-CUBE-TOUCHGFX.4.24.0
2025-07-28 22:18:23,829 [WARN] PackLoader:240 - Cannot read IP mode file for STMicroelectronics.X-CUBE-TOUCHGFX.4.24.2
2025-07-28 22:18:23,905 [WARN] PackLoader:240 - Cannot read IP mode file for STMicroelectronics.X-CUBE-TOUCHGFX.4.24.1
2025-07-28 22:18:23,912 [WARN] PackLoader:240 - Cannot read IP mode file for wolfSSL.I-CUBE-wolfTPM.3.4.0
2025-07-28 22:18:23,923 [WARN] PackLoader:240 - Cannot read IP mode file for portGmbH.I-Cube-SoM-uGOAL.1.1.0
2025-07-28 22:18:23,952 [WARN] PackLoader:240 - Cannot read IP mode file for STMicroelectronics.X-CUBE-AZRTOS-H7RS.1.0.0
2025-07-28 22:18:23,976 [WARN] PackLoader:240 - Cannot read IP mode file for STMicroelectronics.X-CUBE-TOF1.3.4.2
2025-07-28 22:18:24,012 [WARN] PackLoader:240 - Cannot read IP mode file for STMicroelectronics.X-CUBE-TOF1.3.4.3
2025-07-28 22:18:24,037 [WARN] PackLoader:240 - Cannot read IP mode file for wolfSSL.I-CUBE-wolfSSH.1.4.17
2025-07-28 22:18:24,040 [INFO] ThirdParty:978 - Integrity check success = true
2025-07-28 22:18:24,040 [INFO] IntegrityCheckThread:100 - exiting critical section [integrity check]
2025-07-28 22:18:24,040 [INFO] IntegrityCheckThread:103 - End integrity checks thread
2025-07-28 22:18:24,136 [INFO] UserAuth:487 - Internet connection configuration mode: 1
2025-07-28 22:21:10,543 [INFO] McuFinderGlobals:63 - Set McuFinder mode to 2 (CubeIDE integrated)
2025-07-28 22:21:10,554 [INFO] MainUpdater:2872 - connection check result : 10
2025-07-28 22:21:10,555 [INFO] MainUpdater:2872 - connection check result : 10
2025-07-28 22:21:10,635 [INFO] MicroXplorer:468 - Change Database Path : 
2025-07-28 22:21:10,636 [INFO] MicroXplorer:498 - Change Database Version : DB.6.0.150
2025-07-28 22:21:10,647 [WARN] ThirdParty:871 - waiting for thirdparty lock release [close project]
2025-07-28 22:21:10,647 [INFO] ThirdParty:873 - entering critical section [close project]
2025-07-28 22:21:10,650 [INFO] ThirdParty:883 - exiting critical section [close project]
2025-07-28 22:21:10,657 [INFO] PinOutPanel:1589 - setPackage(No Configuration,No Configuration)
2025-07-28 22:21:10,658 [INFO] UtilMem:75 - Begin LoadConfig() Used Memory: 613148944 Bytes (848297984)
2025-07-28 22:21:10,662 [INFO] MicroXplorer:468 - Change Database Path : 
2025-07-28 22:21:10,662 [INFO] MicroXplorer:498 - Change Database Version : DB.6.0.150
2025-07-28 22:21:10,663 [INFO] OpenFileManager:355 - Change cursor
2025-07-28 22:21:10,747 [INFO] Mcu:2029 - Initializing MCU STM32F401R(D-E)Tx STM32F401RETx STM32F401RET6
2025-07-28 22:21:14,056 [INFO] Context:786 - Trying to add GPIOservice into a context  which must be forbidden
2025-07-28 22:21:14,773 [INFO] ImportTextPane:234 - (OptionalMessage_ERROR) Pin51 (VP_RIF_VS_RIF1) cannot be retrieved for this MCU
2025-07-28 22:21:14,911 [INFO] RtosManager:558 - Registered RTOS mode: class=CMSIS, group=RTOS, mode=CMSIS_V1, owner=FREERTOS
2025-07-28 22:21:14,912 [INFO] RtosManager:558 - Registered RTOS mode: class=CMSIS, group=RTOS2, mode=CMSIS_V2, owner=FREERTOS
2025-07-28 22:21:14,913 [INFO] RtosManager:558 - Registered RTOS mode: class=RTOS, group=Core, mode=CMSIS_V1, owner=FREERTOS
2025-07-28 22:21:14,914 [INFO] RtosManager:558 - Registered RTOS mode: class=RTOS, group=Core, mode=CMSIS_V2, owner=FREERTOS
2025-07-28 22:21:14,914 [WARN] ModelIntegratedComponent:184 - Missing modes for component STMicroelectronics:FreeRTOS:0.0.1:STMicroelectronics:RTOS:FreeRTOS:Core:::10.2.0:
2025-07-28 22:21:14,938 [WARN] ModelIntegratedComponent:63 - No mode defined for component null
2025-07-28 22:21:14,939 [WARN] ModelIntegratedComponent:63 - No mode defined for component null
2025-07-28 22:21:14,939 [WARN] ModelIntegratedComponent:63 - No mode defined for component null
2025-07-28 22:21:14,939 [WARN] ModelIntegratedComponent:63 - No mode defined for component null
2025-07-28 22:21:14,939 [WARN] ModelIntegratedComponent:63 - No mode defined for component null
2025-07-28 22:21:14,939 [WARN] ModelIntegratedComponent:63 - No mode defined for component null
2025-07-28 22:21:14,939 [WARN] ModelIntegratedComponent:63 - No mode defined for component null
2025-07-28 22:21:14,939 [WARN] ModelIntegratedComponent:63 - No mode defined for component null
2025-07-28 22:21:14,939 [WARN] ModelIntegratedComponent:63 - No mode defined for component null
2025-07-28 22:21:14,939 [WARN] ModelIntegratedComponent:63 - No mode defined for component null
2025-07-28 22:21:14,939 [WARN] ModelIntegratedComponent:63 - No mode defined for component null
2025-07-28 22:21:14,939 [WARN] ModelIntegratedComponent:63 - No mode defined for component null
2025-07-28 22:21:14,939 [WARN] ModelIntegratedComponent:63 - No mode defined for component null
2025-07-28 22:21:14,940 [WARN] ModelIntegratedComponent:63 - No mode defined for component null
2025-07-28 22:21:14,940 [WARN] ModelIntegratedComponent:63 - No mode defined for component null
2025-07-28 22:21:14,940 [WARN] ModelIntegratedComponent:63 - No mode defined for component null
2025-07-28 22:21:14,940 [WARN] ModelIntegratedComponent:63 - No mode defined for component null
2025-07-28 22:21:14,940 [WARN] ModelIntegratedComponent:63 - No mode defined for component null
2025-07-28 22:21:14,940 [WARN] ModelIntegratedComponent:63 - No mode defined for component null
2025-07-28 22:21:14,940 [WARN] ModelIntegratedComponent:63 - No mode defined for component null
2025-07-28 22:21:14,940 [WARN] ModelIntegratedComponent:63 - No mode defined for component null
2025-07-28 22:21:14,940 [WARN] ModelIntegratedComponent:63 - No mode defined for component null
2025-07-28 22:21:14,940 [WARN] ModelIntegratedComponent:63 - No mode defined for component null
2025-07-28 22:21:14,940 [WARN] ModelIntegratedComponent:63 - No mode defined for component null
2025-07-28 22:21:14,941 [WARN] ModelIntegratedComponent:63 - No mode defined for component null
2025-07-28 22:21:14,941 [WARN] ModelIntegratedComponent:63 - No mode defined for component null
2025-07-28 22:21:14,941 [WARN] ModelIntegratedComponent:63 - No mode defined for component null
2025-07-28 22:21:14,941 [WARN] ModelIntegratedComponent:63 - No mode defined for component null
2025-07-28 22:21:14,941 [WARN] ModelIntegratedComponent:63 - No mode defined for component null
2025-07-28 22:21:14,941 [WARN] ModelIntegratedComponent:63 - No mode defined for component null
2025-07-28 22:21:14,941 [WARN] ModelIntegratedComponent:63 - No mode defined for component null
2025-07-28 22:21:14,941 [WARN] ModelIntegratedComponent:63 - No mode defined for component null
2025-07-28 22:21:14,941 [WARN] ModelIntegratedComponent:63 - No mode defined for component null
2025-07-28 22:21:14,941 [WARN] ModelIntegratedComponent:63 - No mode defined for component null
2025-07-28 22:21:14,941 [WARN] ModelIntegratedComponent:63 - No mode defined for component null
2025-07-28 22:21:14,942 [WARN] ModelPack:524 - Component already loaded: STMicroelectronics:HAL Drivers:0.0.0:STMicroelectronics:Device:STMicro_Driver:XSPI:HAL::0.0.1:HAL_XSPI
2025-07-28 22:21:15,454 [INFO] ThirdPartyModel:298 - Start build external matchings
2025-07-28 22:21:17,189 [INFO] ThirdPartyModel:316 - End build external matchings
2025-07-28 22:21:17,271 [INFO] ImportTextPane:234 - (OptionalMessage_ERROR) IP (RCC) : Parameter (PLLCLKFreq_Value) has invalid value (96000000)
2025-07-28 22:21:17,272 [INFO] ImportTextPane:234 - (OptionalMessage_ERROR) IP (RCC) : Parameter (PLLSourceVirtual) has invalid value (RCC_PLLSOURCE_HSI)
2025-07-28 22:21:17,273 [INFO] ImportTextPane:234 - (OptionalMessage_ERROR) IP (RCC) : Parameter (RTCHSEDivFreq_Value) has invalid value (12500000)
2025-07-28 22:21:17,734 [INFO] ApiDb:581 - Connected to CubeFinder SQLite database (C:\Users\kjeya\.stmcufinder\plugins\mcufinder\mcu\cube-finder-db.db)
2025-07-28 22:21:17,886 [INFO] ApiDb:668 - CubeFinder database Data Model version=2.1
2025-07-28 22:21:17,887 [INFO] ApiDb:669 - CubeFinder database Configuration version=3.0.39
2025-07-28 22:21:17,887 [INFO] ApiDb:670 - CubeFinder database generation date=2025-06-24 (1750757100)
2025-07-28 22:21:17,887 [INFO] ApiDb:671 - CubeFinder database FW Pack versions=[FP-ATR-ASTRA1_V2.0.0, FP-SNS-FLIGHT1_V5.1.0, FP-SNS-MOTENV1_V5.0.0, FP-SNS-MOTENVWB1_V1.4.0, FP-SNS-SMARTAG2_V1.2.0, FP-SNS-STBOX1_V2.0.0, STM32Cube_FW_C0_V1.4.0, STM32Cube_FW_F4_V1.28.2, STM32Cube_FW_F7_V1.17.3, STM32Cube_FW_G0_V1.6.2, STM32Cube_FW_G4_V1.6.1, STM32Cube_FW_H5_V1.5.0, STM32Cube_FW_H7RS_V1.2.0, STM32Cube_FW_H7_V1.12.1, STM32Cube_FW_L0_V1.12.2, STM32Cube_FW_L4_V1.18.1, STM32Cube_FW_L5_V1.5.1, STM32Cube_FW_N6_V1.2.0, STM32Cube_FW_U0_V1.3.0, STM32Cube_FW_U3_V1.2.0, STM32Cube_FW_U5_V1.8.0, STM32Cube_FW_WB0_V1.3.0, STM32Cube_FW_WBA_V1.7.0, STM32Cube_FW_WB_V1.23.0, STM32Cube_FW_WL3_V1.2.0, STM32Cube_FW_WL_V1.3.1, X-CUBE-ALGOBUILD_V1.4.0, X-CUBE-ALS_V1.0.2, X-CUBE-AZRTOS-F4_V1.1.0, X-CUBE-AZRTOS-F7_V1.1.0, X-CUBE-AZRTOS-G0_V1.1.0, X-CUBE-AZRTOS-G4_V2.0.0, X-CUBE-AZRTOS-H7RS_V1.1.0, X-CUBE-AZRTOS-H7_V3.3.0, X-CUBE-AZRTOS-L4_V2.0.0, X-CUBE-AZRTOS-L5_V2.0.0, X-CUBE-AZRTOS-WB_V2.0.0, X-CUBE-AZRTOS-WL_V2.0.0, X-CUBE-BLE1_V7.1.0, X-CUBE-BLE2_V3.3.0, X-CUBE-BLEMGR_V4.0.0, X-CUBE-EEPRMA1_V5.1.0, X-CUBE-FREERTOS_V1.3.1, X-CUBE-GNSS1_V6.0.0, X-CUBE-MEMS1_V11.3.0, X-CUBE-NFC4_V3.0.0, X-CUBE-NFC7_V2.0.0, X-CUBE-SFXS2LP1_V4.0.0, X-CUBE-SUBG2_V5.0.0, X-CUBE-TOF1_V3.4.3]
2025-07-28 22:21:18,139 [INFO] DbBoardsSqlite:226 - include board P-NUCLEO-WB55-NUCLEO as a kit item of type 'Nucleo-64'
2025-07-28 22:21:18,140 [INFO] DbBoardsSqlite:226 - include board P-NUCLEO-WB55-USBDONGLE as a kit item of type 'Nucleo USB Dongle'
2025-07-28 22:21:18,144 [INFO] DbBoardsSqlite:226 - include board STEVAL-IDP005V1 as a kit item of type 'Evaluation Board'
2025-07-28 22:21:18,145 [INFO] DbBoardsSqlite:226 - include board STEVAL-IDP005V2 as a kit item of type 'Evaluation Board'
2025-07-28 22:21:19,140 [INFO] ApiDb:240 - Found 880 in-development CPN: [B-G473E-ZEST1S, B-WB1M-WPAN1, B-WBA5M-WPAN, B-WL5M-SUBG1, NUCLEO-C031C6, NUCLEO-C051C8, NUCLEO-C071RB, NUCLEO-C092RC, NUCLEO-H503RB, NUCLEO-H533RE, NUCLEO-H563ZI, NUCLEO-H7S3L8, NUCLEO-N657X0-Q, NUCLEO-U031R8, NUCLEO-U083RC, NUCLEO-U385RG-Q, NUCLEO-U545RE-Q, NUCLEO-U5A5ZJ-Q, NUCLEO-WB05KZ, NUCLEO-WB07CC, NUCLEO-WB09KE, NUCLEO-WBA52CG, NUCLEO-WBA55CG, NUCLEO-WL33CC1, NUCLEO-WL33CC2, STEVAL-PROTEUS1, STEVAL-SMARTAG2, STEVAL-STWINBX1, STM320518-EVAL, STM32C0116-DK, STM32C011D6Y3TR, STM32C011D6Y6TR, STM32C011F4P3, STM32C011F4P6, STM32C011F4U3, STM32C011F4U6TR, STM32C011F6P3, STM32C011F6P6, STM32C011F6U3, STM32C011F6U6TR, STM32C011J4M3, STM32C011J4M6, STM32C011J6M3, STM32C011J6M6, STM32C0316-DK, STM32C031C4T3, STM32C031C4T6, STM32C031C4U3, STM32C031C4U6, STM32C031C6T3, STM32C031C6T6, STM32C031C6U3, STM32C031C6U6, STM32C031F4P3, STM32C031F4P6, STM32C031F6P3, STM32C031F6P6, STM32C031G4U3, STM32C031G4U6, STM32C031G6U3, STM32C031G6U6, STM32C031K4T3, STM32C031K4T6, STM32C031K4U3, STM32C031K4U6, STM32C031K6T3, STM32C031K6T6, STM32C031K6U3, STM32C031K6U6, STM32C051C6T6, STM32C051C6U6, STM32C051C8T6, STM32C051C8U6, STM32C051D8Y6TR, STM32C051F6P6, STM32C051F8P6, STM32C051G6U6, STM32C051G8U6, STM32C051K6T6, STM32C051K6U6, STM32C051K8T6, STM32C071C8T6, STM32C071C8T6N, STM32C071C8U6, STM32C071C8U6N, STM32C071CBT6, STM32C071CBT6N, STM32C071CBU6, STM32C071CBU6N, STM32C071F8P6, STM32C071F8P6N, STM32C071FBP6, STM32C071FBP6N, STM32C071FBY6TR, STM32C071G8U6, STM32C071G8U6N, STM32C071GBU6, STM32C071GBU6N, STM32C071K8T6, STM32C071K8T6N, STM32C071K8U6, STM32C071K8U6N, STM32C071KBT6, STM32C071KBT6N, STM32C071KBU6, STM32C071KBU6N, STM32C071R8T6, STM32C071R8T6N, STM32C071RBI6N, STM32C071RBT6, STM32C071RBT6N, STM32C091CBT6, STM32C091CBU6, STM32C091CCT6, STM32C091CCU6, STM32C091ECY6TR, STM32C091FBP6, STM32C091FCP6, STM32C091GBU6, STM32C091GCU6, STM32C091KBT6, STM32C091KBU6, STM32C091KCT6, STM32C091KCU6, STM32C091RBT6, STM32C091RCI6, STM32C091RCT6, STM32C092CBT6, STM32C092CBU6, STM32C092CCT6, STM32C092CCU6, STM32C092ECY6TR, STM32C092FBP6, STM32C092FCP6, STM32C092GBU6, STM32C092GCU6, STM32C092KBT6, STM32C092KBU6, STM32C092KCT6, STM32C092KCU6, STM32C092RBT6, STM32C092RCI6, STM32C092RCT6, STM32G071K8TXN, STM32G071K8UXN, STM32G081GBU6N, STM32G081KBT6N, STM32G081KBUXN, STM32G0B1CCT6N, STM32G0B1KCT6, STM32G0B1NEY6TR, STM32G0B1RCT6N, STM32G0C1CCT6, STM32G0C1CCT6N, STM32G0C1CCU6N, STM32G0C1CET6N, STM32G0C1CEU6N, STM32G0C1KCT6, STM32G0C1NEY6TR, STM32G0C1RCI6N, STM32G0C1RCT6N, STM32G0C1REI6N, STM32G0C1RET6N, STM32G0C1VCI6, STM32G0C1VEI6, STM32G411C6T3, STM32G411C6T6, STM32G411C6U3, STM32G411C6U6, STM32G411C8T3, STM32G411C8T6, STM32G411C8U3, STM32G411C8U6, STM32G411CBT3, STM32G411CBT6, STM32G411CBU3, STM32G411CBU6, STM32G411K6T3, STM32G411K6T6, STM32G411K6U3, STM32G411K6U6, STM32G411K8T3, STM32G411K8T6, STM32G411K8U3, STM32G411K8U6, STM32G411KBT3, STM32G411KBT6, STM32G411KBU3, STM32G411KBU6, STM32G411M6T3, STM32G411M6T6, STM32G411M8T3, STM32G411M8T6, STM32G411MBT3, STM32G411MBT6, STM32G411R6T3, STM32G411R6T6, STM32G411R8T3, STM32G411R8T6, STM32G411RBT3, STM32G411RBT6, STM32G414CBT3, STM32G414CBT6, STM32G414CBU3, STM32G414CBU6, STM32G414CCT3, STM32G414CCT6, STM32G414CCU3, STM32G414CCU6, STM32G414MBT3, STM32G414MBT6, STM32G414MCT3, STM32G414MCT6, STM32G414RBT3, STM32G414RBT6, STM32G414RCT3, STM32G414RCT6, STM32G414VBT3, STM32G414VBT6, STM32G414VCT3, STM32G414VCT6, STM32G431CBT3Z, STM32G431RBT3Z, STM32G471CCT6, STM32G471CCU6, STM32G471CET3, STM32G471CET6, STM32G471CEU3, STM32G471CEU6, STM32G471MCT6, STM32G471MET3, STM32G471MET6, STM32G471MEY6TR, STM32G471QCT6, STM32G471QET3, STM32G471RCT6, STM32G471RET3, STM32G471RET6, STM32G471VCH6, STM32G471VCI6, STM32G471VCT6, STM32G471VEH3, STM32G471VEH6, STM32G471VEI3, STM32G471VEI6, STM32G471VET3, STM32G471VET6, STM32G473QET3Z, STM32G473RET3Z, STM32G474CCT6, STM32G491RET3Z, STM32H503CBT6, STM32H503CBU6, STM32H503EBY6TR, STM32H503KBU6, STM32H503RBT6, STM32H523CCT6, STM32H523CCU6, STM32H523CET6, STM32H523CEU6, STM32H523HEY6TR, STM32H523RCT6, STM32H523RET6, STM32H523VCI6, STM32H523VCT6, STM32H523VEI6, STM32H523VET6, STM32H523ZCJ6, STM32H523ZCT6, STM32H523ZEJ6, STM32H523ZET6, STM32H533CET6, STM32H533CEU6, STM32H533HEY6TR, STM32H533RET6, STM32H533VEI6, STM32H533VET6, STM32H533ZEJ6, STM32H533ZET6, STM32H562AGI6, STM32H562AII6, STM32H562IGK6, STM32H562IGT6, STM32H562IIK6, STM32H562IIT6, STM32H562RGT6, STM32H562RGV6, STM32H562RIT6, STM32H562RIV6, STM32H562VGT6, STM32H562VIT6, STM32H562ZGT6, STM32H562ZIT6, STM32H563AGI6, STM32H563AII3Q, STM32H563AII6, STM32H563IGK6, STM32H563IGT6, STM32H563IIK3Q, STM32H563IIK6, STM32H563IIT3Q, STM32H563IIT6, STM32H563MIY3QTR, STM32H563RGT6, STM32H563RGV6, STM32H563RIT6, STM32H563RIV6, STM32H563VGT6, STM32H563VIT3Q, STM32H563VIT6, STM32H563ZGT6, STM32H563ZIT3Q, STM32H563ZIT6, STM32H573AII3Q, STM32H573AII6, STM32H573I-DK, STM32H573IIK3Q, STM32H573IIK6, STM32H573IIT3Q, STM32H573IIT6, STM32H573MIY3QTR, STM32H573RIT6, STM32H573RIV6, STM32H573VIT3Q, STM32H573VIT6, STM32H573ZIT3Q, STM32H573ZIT6, STM32H7R3A8I6, STM32H7R3I8K6, STM32H7R3I8T6, STM32H7R3L8H6, STM32H7R3L8H6H, STM32H7R3R8V6, STM32H7R3V8H6, STM32H7R3V8T6, STM32H7R3V8Y6TR, STM32H7R3Z8J6, STM32H7R3Z8T6, STM32H7R7A8I6, STM32H7R7I8K6, STM32H7R7I8T6, STM32H7R7L8H6, STM32H7R7L8H6H, STM32H7R7Z8J6, STM32H7S3A8I6, STM32H7S3I8K6, STM32H7S3I8T6, STM32H7S3L8H6, STM32H7S3L8H6H, STM32H7S3R8V6, STM32H7S3V8H6, STM32H7S3V8T6, STM32H7S3V8Y6TR, STM32H7S3Z8J6, STM32H7S3Z8T6, STM32H7S78-DK, STM32H7S7A8I6, STM32H7S7I8K6, STM32H7S7I8T6, STM32H7S7L8H6, STM32H7S7L8H6H, STM32H7S7Z8J6, STM32L4R5QGI6STR, STM32MP131AAE3, STM32MP131AAF3, STM32MP131AAG3, STM32MP131CAE3, STM32MP131CAF3, STM32MP131CAG3, STM32MP131DAE7, STM32MP131DAF7, STM32MP131DAG7, STM32MP131FAE7, STM32MP131FAF7, STM32MP131FAG7, STM32MP133AAE3, STM32MP133AAF3, STM32MP133AAG3, STM32MP133CAE3, STM32MP133CAF3, STM32MP133CAG3, STM32MP133DAE7, STM32MP133DAF7, STM32MP133DAG7, STM32MP133FAE7, STM32MP133FAF7, STM32MP133FAG7, STM32MP135AAE3, STM32MP135AAF3, STM32MP135AAG3, STM32MP135CAE3, STM32MP135CAF3, STM32MP135CAG3, STM32MP135DAE7, STM32MP135DAF7, STM32MP135DAG7, STM32MP135F-DK, STM32MP135FAE7, STM32MP135FAF7, STM32MP135FAF7T, STM32MP135FAF7U, STM32MP135FAG7, STM32MP211AAL3, STM32MP211AAM3, STM32MP211AAN3, STM32MP211AAO3, STM32MP211CAL3, STM32MP211CAM3, STM32MP211CAN3, STM32MP211CAO3, STM32MP211DAL3, STM32MP211DAM3, STM32MP211DAN3, STM32MP211DAO3, STM32MP211FAL3, STM32MP211FAM3, STM32MP211FAN3, STM32MP211FAO3, STM32MP213AAL3, STM32MP213AAM3, STM32MP213AAN3, STM32MP213AAO3, STM32MP213CAL3, STM32MP213CAM3, STM32MP213CAN3, STM32MP213CAO3, STM32MP213DAL3, STM32MP213DAM3, STM32MP213DAN3, STM32MP213DAO3, STM32MP213FAL3, STM32MP213FAM3, STM32MP213FAN3, STM32MP213FAO3, STM32MP215AAL3, STM32MP215AAM3, STM32MP215AAN3, STM32MP215AAO3, STM32MP215CAL3, STM32MP215CAM3, STM32MP215CAN3, STM32MP215CAO3, STM32MP215DAL3, STM32MP215DAM3, STM32MP215DAN3, STM32MP215DAO3, STM32MP215F-DK, STM32MP215FAL3, STM32MP215FAM3, STM32MP215FAN3, STM32MP215FAO3, STM32MP231AAJ3, STM32MP231AAK3, STM32MP231AAL3, STM32MP231CAJ3, STM32MP231CAK3, STM32MP231CAL3, STM32MP231DAJ3, STM32MP231DAK3, STM32MP231DAL3, STM32MP231FAJ3, STM32MP231FAK3, STM32MP231FAL3, STM32MP233AAJ3, STM32MP233AAK3, STM32MP233AAL3, STM32MP233CAJ3, STM32MP233CAK3, STM32MP233CAL3, STM32MP233DAJ3, STM32MP233DAK3, STM32MP233DAL3, STM32MP233FAJ3, STM32MP233FAK3, STM32MP233FAL3, STM32MP235AAJ3, STM32MP235AAK3, STM32MP235AAL3, STM32MP235CAJ3, STM32MP235CAK3, STM32MP235CAL3, STM32MP235DAJ3, STM32MP235DAK3, STM32MP235DAL3, STM32MP235FAJ3, STM32MP235FAK3, STM32MP235FAL3, STM32MP251AAI3, STM32MP251AAK3, STM32MP251AAL3, STM32MP251CAI3, STM32MP251CAK3, STM32MP251CAL3, STM32MP251DAI3, STM32MP251DAK3, STM32MP251DAL3, STM32MP251FAI3, STM32MP251FAK3, STM32MP251FAL3, STM32MP253AAI3, STM32MP253AAK3, STM32MP253AAL3, STM32MP253CAI3, STM32MP253CAK3, STM32MP253CAL3, STM32MP253DAI3, STM32MP253DAK3, STM32MP253DAL3, STM32MP253FAI3, STM32MP253FAK3, STM32MP253FAL3, STM32MP255AAI3, STM32MP255AAK3, STM32MP255AAL3, STM32MP255CAI3, STM32MP255CAK3, STM32MP255CAL3, STM32MP255DAI3, STM32MP255DAK3, STM32MP255DAL3, STM32MP255FAI3, STM32MP255FAK3, STM32MP255FAL3, STM32MP257AAI3, STM32MP257AAK3, STM32MP257AAL3, STM32MP257CAI3, STM32MP257CAK3, STM32MP257CAL3, STM32MP257DAI3, STM32MP257DAK3, STM32MP257DAL3, STM32MP257F-DK, STM32MP257F-EV1, STM32MP257FAI3, STM32MP257FAK3, STM32MP257FAL3, STM32N645A0H3Q, STM32N645B0H3Q, STM32N645I0H3Q, STM32N645L0H3Q, STM32N645X0H3Q, STM32N645Z0H3Q, STM32N647A0H3Q, STM32N647B0H3Q, STM32N647I0H3Q, STM32N647L0H3Q, STM32N647X0H3Q, STM32N647Z0H3Q, STM32N655A0H3Q, STM32N655B0H3Q, STM32N655I0H3Q, STM32N655L0H3Q, STM32N655X0H3Q, STM32N655Z0H3Q, STM32N6570-DK, STM32N657A0H3Q, STM32N657B0H3Q, STM32N657I0H3Q, STM32N657L0H3Q, STM32N657X0H3Q, STM32N657Z0H3Q, STM32U031C6T6, STM32U031C6U6, STM32U031C8T6, STM32U031C8U6, STM32U031F4P6, STM32U031F6P6, STM32U031F8P6, STM32U031G6Y6TR, STM32U031G8Y6TR, STM32U031K4U6, STM32U031K6U6, STM32U031K8U6, STM32U031R6I6, STM32U031R6T6, STM32U031R8I6, STM32U031R8T6, STM32U073C8T6, STM32U073C8U6, STM32U073CBT6, STM32U073CBU6, STM32U073CCT6, STM32U073CCU6, STM32U073H8Y6TR, STM32U073HBY6TR, STM32U073HCY6TR, STM32U073K8U6, STM32U073KBU6, STM32U073KCU6, STM32U073M8I6, STM32U073M8T6, STM32U073MBI6, STM32U073MBT6, STM32U073MCI6, STM32U073MCT6, STM32U073R8I6, STM32U073R8T6, STM32U073RBI6, STM32U073RBT6, STM32U073RCI6, STM32U073RCT6, STM32U083C-DK, STM32U083CCT6, STM32U083CCU6, STM32U083HCY6TR, STM32U083KCU6, STM32U083MCI6, STM32U083MCT6, STM32U083RCI6, STM32U083RCT6, STM32U375CET6, STM32U375CET6Q, STM32U375CEU6, STM32U375CEU6Q, STM32U375CEY6QTR, STM32U375CGT6, STM32U375CGT6Q, STM32U375CGU6, STM32U375CGU6Q, STM32U375CGY6QTR, STM32U375KEU6, STM32U375KGU6, STM32U375REI6, STM32U375REI6Q, STM32U375RET6, STM32U375RET6Q, STM32U375REY6GTR, STM32U375REY6QTR, STM32U375RGI6, STM32U375RGI6Q, STM32U375RGT6, STM32U375RGT6Q, STM32U375RGY6GTR, STM32U375RGY6QTR, STM32U375VEI6, STM32U375VEI6Q, STM32U375VET6, STM32U375VET6Q, STM32U375VGI6, STM32U375VGI6Q, STM32U375VGT6, STM32U375VGT6Q, STM32U385CGT6, STM32U385CGT6Q, STM32U385CGU6, STM32U385CGU6Q, STM32U385CGY6QTR, STM32U385KGU6, STM32U385RGI6, STM32U385RGI6Q, STM32U385RGT6, STM32U385RGT6Q, STM32U385RGY6GTR, STM32U385RGY6QTR, STM32U385VGI6, STM32U385VGI6Q, STM32U385VGT6, STM32U385VGT6Q, STM32U535CBT6, STM32U535CBT6Q, STM32U535CBU6, STM32U535CBU6Q, STM32U535CCT6, STM32U535CCT6Q, STM32U535CCU6, STM32U535CCU6Q, STM32U535CET6, STM32U535CET6Q, STM32U535CEU6, STM32U535CEU6Q, STM32U535JEY6QTR, STM32U535NCY6QTR, STM32U535NEY6QTR, STM32U535RBI6, STM32U535RBI6Q, STM32U535RBT6, STM32U535RBT6Q, STM32U535RCI6, STM32U535RCI6Q, STM32U535RCT6, STM32U535RCT6Q, STM32U535REI6, STM32U535REI6Q, STM32U535RET6, STM32U535RET6Q, STM32U535VCI6, STM32U535VCI6Q, STM32U535VCT6, STM32U535VCT6Q, STM32U535VEI6, STM32U535VEI6Q, STM32U535VET6, STM32U535VET6Q, STM32U545CET6, STM32U545CET6Q, STM32U545CEU6, STM32U545CEU6Q, STM32U545JEY6QTR, STM32U545NEY6QTR, STM32U545REI6, STM32U545REI6Q, STM32U545RET6, STM32U545RET6Q, STM32U545VEI6, STM32U545VEI6Q, STM32U545VET6, STM32U545VET6Q, STM32U595AIH6, STM32U595AIH6Q, STM32U595AJH6, STM32U595AJH6Q, STM32U595QII6, STM32U595QII6Q, STM32U595QJI6, STM32U595QJI6Q, STM32U595RIT6, STM32U595RIT6Q, STM32U595RJT6, STM32U595RJT6Q, STM32U595VIT6, STM32U595VIT6Q, STM32U595VJT6, STM32U595VJT6Q, STM32U595ZIT6, STM32U595ZIT6Q, STM32U595ZIY6QTR, STM32U595ZJT6, STM32U595ZJT6Q, STM32U595ZJY6QTR, STM32U599BJY6QTR, STM32U599NIH6Q, STM32U599NJH6Q, STM32U599VIT6Q, STM32U599VJT6, STM32U599VJT6Q, STM32U599ZIT6Q, STM32U599ZIY6QTR, STM32U599ZJT6Q, STM32U599ZJY6QTR, STM32U5A5AJH6, STM32U5A5AJH6Q, STM32U5A5QII3Q , STM32U5A5QJI6, STM32U5A5QJI6Q, STM32U5A5RJT6, STM32U5A5RJT6Q, STM32U5A5VJT6, STM32U5A5VJT6Q, STM32U5A5ZJT6, STM32U5A5ZJT6Q, STM32U5A5ZJY6QTR, STM32U5A9BJY6QTR, STM32U5A9J-DK, STM32U5A9NJH6Q, STM32U5A9VJT6Q, STM32U5A9ZJT6Q, STM32U5A9ZJY6QTR, STM32U5F7VIT6, STM32U5F7VIT6Q, STM32U5F7VJT6, STM32U5F7VJT6Q, STM32U5F9BJY6QTR, STM32U5F9NJH6Q, STM32U5F9VIT6Q, STM32U5F9VJT6Q, STM32U5F9ZIJ6QTR, STM32U5F9ZIT6Q, STM32U5F9ZJJ6QTR, STM32U5F9ZJT6Q, STM32U5G7VJT6, STM32U5G7VJT6Q, STM32U5G9BJY6QTR, STM32U5G9J-DK1, STM32U5G9J-DK2, STM32U5G9NJH6Q, STM32U5G9VJT6Q, STM32U5G9ZJJ6QTR, STM32U5G9ZJT6Q, STM32WB05KZV6TR, STM32WB05KZV7TR, STM32WB05TZF6TR, STM32WB05TZF7TR, STM32WB06CCF6TR, STM32WB06CCF7TR, STM32WB06CCV6TR, STM32WB06CCV7TR, STM32WB06KCV6TR, STM32WB06KCV7TR, STM32WB07CCF6TR, STM32WB07CCF7TR, STM32WB07CCV6TR, STM32WB07CCV7TR, STM32WB07KCV6TR, STM32WB07KCV7TR, STM32WB09KEV6TR, STM32WB09KEV7TR, STM32WB09TEF6TR, STM32WB09TEF7TR, STM32WB1MMCH6, STM32WBA50KGU6, STM32WBA50KGU6TR, STM32WBA52CEU6, STM32WBA52CEU6TR, STM32WBA52CEU7, STM32WBA52CEU7TR, STM32WBA52CGU6, STM32WBA52CGU6TR, STM32WBA52CGU6U, STM32WBA52CGU7, STM32WBA52CGU7TR, STM32WBA52KEU6, STM32WBA52KEU6TR, STM32WBA52KGU6, STM32WBA52KGU6TR, STM32WBA54CEU6, STM32WBA54CEU6TR, STM32WBA54CEU7, STM32WBA54CEU7TR, STM32WBA54CGU6, STM32WBA54CGU6TR, STM32WBA54CGU7, STM32WBA54CGU7TR, STM32WBA54KEU6, STM32WBA54KEU6TR, STM32WBA54KEU7, STM32WBA54KEU7TR, STM32WBA54KGU6, STM32WBA54KGU6TR, STM32WBA54KGU7, STM32WBA54KGU7TR, STM32WBA55CEU6, STM32WBA55CEU6TR, STM32WBA55CEU7, STM32WBA55CEU7TR, STM32WBA55CGU6, STM32WBA55CGU6TR, STM32WBA55CGU6U, STM32WBA55CGU7, STM32WBA55CGU7TR, STM32WBA55G-DK1, STM32WBA55HEF6, STM32WBA55HEF7, STM32WBA55HGF6, STM32WBA55HGF7, STM32WBA55UEI6, STM32WBA55UEI6TR, STM32WBA55UEI7, STM32WBA55UEI7TR, STM32WBA55UGI6, STM32WBA55UGI6TR, STM32WBA55UGI7, STM32WBA55UGI7TR, STM32WBA5MMGH6TR, STM32WBA62MGF6, STM32WBA62MIF6, STM32WBA65MGF7, STM32WBA65MIF6, STM32WBA65MIF7, STM32WL30K8V6, STM32WL30KBV6, STM32WL31C8V6, STM32WL31CBV6, STM32WL31K8V6, STM32WL31KBV6, STM32WL33C8V6, STM32WL33C8V6X, STM32WL33CBV6, STM32WL33CBV6X, STM32WL33CCV6, STM32WL33CCV6A, STM32WL33CCV6X, STM32WL33K8V7, STM32WL33K8V7X, STM32WL33KBV7 , STM32WL33KBV7X, STM32WL33KCV7, STM32WL33KCV7X, STM32WL5MOCH6, STM32WL5MOCH6TR]
2025-07-28 22:21:19,573 [INFO] BoardInfo:889 - No configuration file found for board P-NUCLEO-WB55
2025-07-28 22:21:19,578 [INFO] DbBoards:161 - Kit is not supported: P-NUCLEO-WB55
2025-07-28 22:21:19,588 [INFO] BoardInfo:889 - No configuration file found for board STEVAL-BFA001V1B
2025-07-28 22:21:19,590 [INFO] DbBoards:161 - Kit is not supported: STEVAL-BFA001V1B
2025-07-28 22:21:19,596 [INFO] BoardInfo:889 - No configuration file found for board STEVAL-BFA001V2B
2025-07-28 22:21:19,599 [INFO] DbBoards:161 - Kit is not supported: STEVAL-BFA001V2B
2025-07-28 22:21:19,967 [INFO] DbBoards:168 - Found 212 boards, 209 are supported
2025-07-28 22:21:19,967 [INFO] DbBoards:169 - Found 212 boards, 43 of them is supported for  Bsp
2025-07-28 22:21:19,973 [INFO] ApiDb:668 - CubeFinder database Data Model version=2.1
2025-07-28 22:21:19,973 [INFO] ApiDb:669 - CubeFinder database Configuration version=3.0.39
2025-07-28 22:21:19,973 [INFO] ApiDb:670 - CubeFinder database generation date=2025-06-24 (1750757100)
2025-07-28 22:21:19,973 [INFO] ApiDb:671 - CubeFinder database FW Pack versions=[FP-ATR-ASTRA1_V2.0.0, FP-SNS-FLIGHT1_V5.1.0, FP-SNS-MOTENV1_V5.0.0, FP-SNS-MOTENVWB1_V1.4.0, FP-SNS-SMARTAG2_V1.2.0, FP-SNS-STBOX1_V2.0.0, STM32Cube_FW_C0_V1.4.0, STM32Cube_FW_F4_V1.28.2, STM32Cube_FW_F7_V1.17.3, STM32Cube_FW_G0_V1.6.2, STM32Cube_FW_G4_V1.6.1, STM32Cube_FW_H5_V1.5.0, STM32Cube_FW_H7RS_V1.2.0, STM32Cube_FW_H7_V1.12.1, STM32Cube_FW_L0_V1.12.2, STM32Cube_FW_L4_V1.18.1, STM32Cube_FW_L5_V1.5.1, STM32Cube_FW_N6_V1.2.0, STM32Cube_FW_U0_V1.3.0, STM32Cube_FW_U3_V1.2.0, STM32Cube_FW_U5_V1.8.0, STM32Cube_FW_WB0_V1.3.0, STM32Cube_FW_WBA_V1.7.0, STM32Cube_FW_WB_V1.23.0, STM32Cube_FW_WL3_V1.2.0, STM32Cube_FW_WL_V1.3.1, X-CUBE-ALGOBUILD_V1.4.0, X-CUBE-ALS_V1.0.2, X-CUBE-AZRTOS-F4_V1.1.0, X-CUBE-AZRTOS-F7_V1.1.0, X-CUBE-AZRTOS-G0_V1.1.0, X-CUBE-AZRTOS-G4_V2.0.0, X-CUBE-AZRTOS-H7RS_V1.1.0, X-CUBE-AZRTOS-H7_V3.3.0, X-CUBE-AZRTOS-L4_V2.0.0, X-CUBE-AZRTOS-L5_V2.0.0, X-CUBE-AZRTOS-WB_V2.0.0, X-CUBE-AZRTOS-WL_V2.0.0, X-CUBE-BLE1_V7.1.0, X-CUBE-BLE2_V3.3.0, X-CUBE-BLEMGR_V4.0.0, X-CUBE-EEPRMA1_V5.1.0, X-CUBE-FREERTOS_V1.3.1, X-CUBE-GNSS1_V6.0.0, X-CUBE-MEMS1_V11.3.0, X-CUBE-NFC4_V3.0.0, X-CUBE-NFC7_V2.0.0, X-CUBE-SFXS2LP1_V4.0.0, X-CUBE-SUBG2_V5.0.0, X-CUBE-TOF1_V3.4.3]
2025-07-28 22:21:23,324 [INFO] ApiDb:240 - Found 880 in-development CPN: [B-G473E-ZEST1S, B-WB1M-WPAN1, B-WBA5M-WPAN, B-WL5M-SUBG1, NUCLEO-C031C6, NUCLEO-C051C8, NUCLEO-C071RB, NUCLEO-C092RC, NUCLEO-H503RB, NUCLEO-H533RE, NUCLEO-H563ZI, NUCLEO-H7S3L8, NUCLEO-N657X0-Q, NUCLEO-U031R8, NUCLEO-U083RC, NUCLEO-U385RG-Q, NUCLEO-U545RE-Q, NUCLEO-U5A5ZJ-Q, NUCLEO-WB05KZ, NUCLEO-WB07CC, NUCLEO-WB09KE, NUCLEO-WBA52CG, NUCLEO-WBA55CG, NUCLEO-WL33CC1, NUCLEO-WL33CC2, STEVAL-PROTEUS1, STEVAL-SMARTAG2, STEVAL-STWINBX1, STM320518-EVAL, STM32C0116-DK, STM32C011D6Y3TR, STM32C011D6Y6TR, STM32C011F4P3, STM32C011F4P6, STM32C011F4U3, STM32C011F4U6TR, STM32C011F6P3, STM32C011F6P6, STM32C011F6U3, STM32C011F6U6TR, STM32C011J4M3, STM32C011J4M6, STM32C011J6M3, STM32C011J6M6, STM32C0316-DK, STM32C031C4T3, STM32C031C4T6, STM32C031C4U3, STM32C031C4U6, STM32C031C6T3, STM32C031C6T6, STM32C031C6U3, STM32C031C6U6, STM32C031F4P3, STM32C031F4P6, STM32C031F6P3, STM32C031F6P6, STM32C031G4U3, STM32C031G4U6, STM32C031G6U3, STM32C031G6U6, STM32C031K4T3, STM32C031K4T6, STM32C031K4U3, STM32C031K4U6, STM32C031K6T3, STM32C031K6T6, STM32C031K6U3, STM32C031K6U6, STM32C051C6T6, STM32C051C6U6, STM32C051C8T6, STM32C051C8U6, STM32C051D8Y6TR, STM32C051F6P6, STM32C051F8P6, STM32C051G6U6, STM32C051G8U6, STM32C051K6T6, STM32C051K6U6, STM32C051K8T6, STM32C071C8T6, STM32C071C8T6N, STM32C071C8U6, STM32C071C8U6N, STM32C071CBT6, STM32C071CBT6N, STM32C071CBU6, STM32C071CBU6N, STM32C071F8P6, STM32C071F8P6N, STM32C071FBP6, STM32C071FBP6N, STM32C071FBY6TR, STM32C071G8U6, STM32C071G8U6N, STM32C071GBU6, STM32C071GBU6N, STM32C071K8T6, STM32C071K8T6N, STM32C071K8U6, STM32C071K8U6N, STM32C071KBT6, STM32C071KBT6N, STM32C071KBU6, STM32C071KBU6N, STM32C071R8T6, STM32C071R8T6N, STM32C071RBI6N, STM32C071RBT6, STM32C071RBT6N, STM32C091CBT6, STM32C091CBU6, STM32C091CCT6, STM32C091CCU6, STM32C091ECY6TR, STM32C091FBP6, STM32C091FCP6, STM32C091GBU6, STM32C091GCU6, STM32C091KBT6, STM32C091KBU6, STM32C091KCT6, STM32C091KCU6, STM32C091RBT6, STM32C091RCI6, STM32C091RCT6, STM32C092CBT6, STM32C092CBU6, STM32C092CCT6, STM32C092CCU6, STM32C092ECY6TR, STM32C092FBP6, STM32C092FCP6, STM32C092GBU6, STM32C092GCU6, STM32C092KBT6, STM32C092KBU6, STM32C092KCT6, STM32C092KCU6, STM32C092RBT6, STM32C092RCI6, STM32C092RCT6, STM32G071K8TXN, STM32G071K8UXN, STM32G081GBU6N, STM32G081KBT6N, STM32G081KBUXN, STM32G0B1CCT6N, STM32G0B1KCT6, STM32G0B1NEY6TR, STM32G0B1RCT6N, STM32G0C1CCT6, STM32G0C1CCT6N, STM32G0C1CCU6N, STM32G0C1CET6N, STM32G0C1CEU6N, STM32G0C1KCT6, STM32G0C1NEY6TR, STM32G0C1RCI6N, STM32G0C1RCT6N, STM32G0C1REI6N, STM32G0C1RET6N, STM32G0C1VCI6, STM32G0C1VEI6, STM32G411C6T3, STM32G411C6T6, STM32G411C6U3, STM32G411C6U6, STM32G411C8T3, STM32G411C8T6, STM32G411C8U3, STM32G411C8U6, STM32G411CBT3, STM32G411CBT6, STM32G411CBU3, STM32G411CBU6, STM32G411K6T3, STM32G411K6T6, STM32G411K6U3, STM32G411K6U6, STM32G411K8T3, STM32G411K8T6, STM32G411K8U3, STM32G411K8U6, STM32G411KBT3, STM32G411KBT6, STM32G411KBU3, STM32G411KBU6, STM32G411M6T3, STM32G411M6T6, STM32G411M8T3, STM32G411M8T6, STM32G411MBT3, STM32G411MBT6, STM32G411R6T3, STM32G411R6T6, STM32G411R8T3, STM32G411R8T6, STM32G411RBT3, STM32G411RBT6, STM32G414CBT3, STM32G414CBT6, STM32G414CBU3, STM32G414CBU6, STM32G414CCT3, STM32G414CCT6, STM32G414CCU3, STM32G414CCU6, STM32G414MBT3, STM32G414MBT6, STM32G414MCT3, STM32G414MCT6, STM32G414RBT3, STM32G414RBT6, STM32G414RCT3, STM32G414RCT6, STM32G414VBT3, STM32G414VBT6, STM32G414VCT3, STM32G414VCT6, STM32G431CBT3Z, STM32G431RBT3Z, STM32G471CCT6, STM32G471CCU6, STM32G471CET3, STM32G471CET6, STM32G471CEU3, STM32G471CEU6, STM32G471MCT6, STM32G471MET3, STM32G471MET6, STM32G471MEY6TR, STM32G471QCT6, STM32G471QET3, STM32G471RCT6, STM32G471RET3, STM32G471RET6, STM32G471VCH6, STM32G471VCI6, STM32G471VCT6, STM32G471VEH3, STM32G471VEH6, STM32G471VEI3, STM32G471VEI6, STM32G471VET3, STM32G471VET6, STM32G473QET3Z, STM32G473RET3Z, STM32G474CCT6, STM32G491RET3Z, STM32H503CBT6, STM32H503CBU6, STM32H503EBY6TR, STM32H503KBU6, STM32H503RBT6, STM32H523CCT6, STM32H523CCU6, STM32H523CET6, STM32H523CEU6, STM32H523HEY6TR, STM32H523RCT6, STM32H523RET6, STM32H523VCI6, STM32H523VCT6, STM32H523VEI6, STM32H523VET6, STM32H523ZCJ6, STM32H523ZCT6, STM32H523ZEJ6, STM32H523ZET6, STM32H533CET6, STM32H533CEU6, STM32H533HEY6TR, STM32H533RET6, STM32H533VEI6, STM32H533VET6, STM32H533ZEJ6, STM32H533ZET6, STM32H562AGI6, STM32H562AII6, STM32H562IGK6, STM32H562IGT6, STM32H562IIK6, STM32H562IIT6, STM32H562RGT6, STM32H562RGV6, STM32H562RIT6, STM32H562RIV6, STM32H562VGT6, STM32H562VIT6, STM32H562ZGT6, STM32H562ZIT6, STM32H563AGI6, STM32H563AII3Q, STM32H563AII6, STM32H563IGK6, STM32H563IGT6, STM32H563IIK3Q, STM32H563IIK6, STM32H563IIT3Q, STM32H563IIT6, STM32H563MIY3QTR, STM32H563RGT6, STM32H563RGV6, STM32H563RIT6, STM32H563RIV6, STM32H563VGT6, STM32H563VIT3Q, STM32H563VIT6, STM32H563ZGT6, STM32H563ZIT3Q, STM32H563ZIT6, STM32H573AII3Q, STM32H573AII6, STM32H573I-DK, STM32H573IIK3Q, STM32H573IIK6, STM32H573IIT3Q, STM32H573IIT6, STM32H573MIY3QTR, STM32H573RIT6, STM32H573RIV6, STM32H573VIT3Q, STM32H573VIT6, STM32H573ZIT3Q, STM32H573ZIT6, STM32H7R3A8I6, STM32H7R3I8K6, STM32H7R3I8T6, STM32H7R3L8H6, STM32H7R3L8H6H, STM32H7R3R8V6, STM32H7R3V8H6, STM32H7R3V8T6, STM32H7R3V8Y6TR, STM32H7R3Z8J6, STM32H7R3Z8T6, STM32H7R7A8I6, STM32H7R7I8K6, STM32H7R7I8T6, STM32H7R7L8H6, STM32H7R7L8H6H, STM32H7R7Z8J6, STM32H7S3A8I6, STM32H7S3I8K6, STM32H7S3I8T6, STM32H7S3L8H6, STM32H7S3L8H6H, STM32H7S3R8V6, STM32H7S3V8H6, STM32H7S3V8T6, STM32H7S3V8Y6TR, STM32H7S3Z8J6, STM32H7S3Z8T6, STM32H7S78-DK, STM32H7S7A8I6, STM32H7S7I8K6, STM32H7S7I8T6, STM32H7S7L8H6, STM32H7S7L8H6H, STM32H7S7Z8J6, STM32L4R5QGI6STR, STM32MP131AAE3, STM32MP131AAF3, STM32MP131AAG3, STM32MP131CAE3, STM32MP131CAF3, STM32MP131CAG3, STM32MP131DAE7, STM32MP131DAF7, STM32MP131DAG7, STM32MP131FAE7, STM32MP131FAF7, STM32MP131FAG7, STM32MP133AAE3, STM32MP133AAF3, STM32MP133AAG3, STM32MP133CAE3, STM32MP133CAF3, STM32MP133CAG3, STM32MP133DAE7, STM32MP133DAF7, STM32MP133DAG7, STM32MP133FAE7, STM32MP133FAF7, STM32MP133FAG7, STM32MP135AAE3, STM32MP135AAF3, STM32MP135AAG3, STM32MP135CAE3, STM32MP135CAF3, STM32MP135CAG3, STM32MP135DAE7, STM32MP135DAF7, STM32MP135DAG7, STM32MP135F-DK, STM32MP135FAE7, STM32MP135FAF7, STM32MP135FAF7T, STM32MP135FAF7U, STM32MP135FAG7, STM32MP211AAL3, STM32MP211AAM3, STM32MP211AAN3, STM32MP211AAO3, STM32MP211CAL3, STM32MP211CAM3, STM32MP211CAN3, STM32MP211CAO3, STM32MP211DAL3, STM32MP211DAM3, STM32MP211DAN3, STM32MP211DAO3, STM32MP211FAL3, STM32MP211FAM3, STM32MP211FAN3, STM32MP211FAO3, STM32MP213AAL3, STM32MP213AAM3, STM32MP213AAN3, STM32MP213AAO3, STM32MP213CAL3, STM32MP213CAM3, STM32MP213CAN3, STM32MP213CAO3, STM32MP213DAL3, STM32MP213DAM3, STM32MP213DAN3, STM32MP213DAO3, STM32MP213FAL3, STM32MP213FAM3, STM32MP213FAN3, STM32MP213FAO3, STM32MP215AAL3, STM32MP215AAM3, STM32MP215AAN3, STM32MP215AAO3, STM32MP215CAL3, STM32MP215CAM3, STM32MP215CAN3, STM32MP215CAO3, STM32MP215DAL3, STM32MP215DAM3, STM32MP215DAN3, STM32MP215DAO3, STM32MP215F-DK, STM32MP215FAL3, STM32MP215FAM3, STM32MP215FAN3, STM32MP215FAO3, STM32MP231AAJ3, STM32MP231AAK3, STM32MP231AAL3, STM32MP231CAJ3, STM32MP231CAK3, STM32MP231CAL3, STM32MP231DAJ3, STM32MP231DAK3, STM32MP231DAL3, STM32MP231FAJ3, STM32MP231FAK3, STM32MP231FAL3, STM32MP233AAJ3, STM32MP233AAK3, STM32MP233AAL3, STM32MP233CAJ3, STM32MP233CAK3, STM32MP233CAL3, STM32MP233DAJ3, STM32MP233DAK3, STM32MP233DAL3, STM32MP233FAJ3, STM32MP233FAK3, STM32MP233FAL3, STM32MP235AAJ3, STM32MP235AAK3, STM32MP235AAL3, STM32MP235CAJ3, STM32MP235CAK3, STM32MP235CAL3, STM32MP235DAJ3, STM32MP235DAK3, STM32MP235DAL3, STM32MP235FAJ3, STM32MP235FAK3, STM32MP235FAL3, STM32MP251AAI3, STM32MP251AAK3, STM32MP251AAL3, STM32MP251CAI3, STM32MP251CAK3, STM32MP251CAL3, STM32MP251DAI3, STM32MP251DAK3, STM32MP251DAL3, STM32MP251FAI3, STM32MP251FAK3, STM32MP251FAL3, STM32MP253AAI3, STM32MP253AAK3, STM32MP253AAL3, STM32MP253CAI3, STM32MP253CAK3, STM32MP253CAL3, STM32MP253DAI3, STM32MP253DAK3, STM32MP253DAL3, STM32MP253FAI3, STM32MP253FAK3, STM32MP253FAL3, STM32MP255AAI3, STM32MP255AAK3, STM32MP255AAL3, STM32MP255CAI3, STM32MP255CAK3, STM32MP255CAL3, STM32MP255DAI3, STM32MP255DAK3, STM32MP255DAL3, STM32MP255FAI3, STM32MP255FAK3, STM32MP255FAL3, STM32MP257AAI3, STM32MP257AAK3, STM32MP257AAL3, STM32MP257CAI3, STM32MP257CAK3, STM32MP257CAL3, STM32MP257DAI3, STM32MP257DAK3, STM32MP257DAL3, STM32MP257F-DK, STM32MP257F-EV1, STM32MP257FAI3, STM32MP257FAK3, STM32MP257FAL3, STM32N645A0H3Q, STM32N645B0H3Q, STM32N645I0H3Q, STM32N645L0H3Q, STM32N645X0H3Q, STM32N645Z0H3Q, STM32N647A0H3Q, STM32N647B0H3Q, STM32N647I0H3Q, STM32N647L0H3Q, STM32N647X0H3Q, STM32N647Z0H3Q, STM32N655A0H3Q, STM32N655B0H3Q, STM32N655I0H3Q, STM32N655L0H3Q, STM32N655X0H3Q, STM32N655Z0H3Q, STM32N6570-DK, STM32N657A0H3Q, STM32N657B0H3Q, STM32N657I0H3Q, STM32N657L0H3Q, STM32N657X0H3Q, STM32N657Z0H3Q, STM32U031C6T6, STM32U031C6U6, STM32U031C8T6, STM32U031C8U6, STM32U031F4P6, STM32U031F6P6, STM32U031F8P6, STM32U031G6Y6TR, STM32U031G8Y6TR, STM32U031K4U6, STM32U031K6U6, STM32U031K8U6, STM32U031R6I6, STM32U031R6T6, STM32U031R8I6, STM32U031R8T6, STM32U073C8T6, STM32U073C8U6, STM32U073CBT6, STM32U073CBU6, STM32U073CCT6, STM32U073CCU6, STM32U073H8Y6TR, STM32U073HBY6TR, STM32U073HCY6TR, STM32U073K8U6, STM32U073KBU6, STM32U073KCU6, STM32U073M8I6, STM32U073M8T6, STM32U073MBI6, STM32U073MBT6, STM32U073MCI6, STM32U073MCT6, STM32U073R8I6, STM32U073R8T6, STM32U073RBI6, STM32U073RBT6, STM32U073RCI6, STM32U073RCT6, STM32U083C-DK, STM32U083CCT6, STM32U083CCU6, STM32U083HCY6TR, STM32U083KCU6, STM32U083MCI6, STM32U083MCT6, STM32U083RCI6, STM32U083RCT6, STM32U375CET6, STM32U375CET6Q, STM32U375CEU6, STM32U375CEU6Q, STM32U375CEY6QTR, STM32U375CGT6, STM32U375CGT6Q, STM32U375CGU6, STM32U375CGU6Q, STM32U375CGY6QTR, STM32U375KEU6, STM32U375KGU6, STM32U375REI6, STM32U375REI6Q, STM32U375RET6, STM32U375RET6Q, STM32U375REY6GTR, STM32U375REY6QTR, STM32U375RGI6, STM32U375RGI6Q, STM32U375RGT6, STM32U375RGT6Q, STM32U375RGY6GTR, STM32U375RGY6QTR, STM32U375VEI6, STM32U375VEI6Q, STM32U375VET6, STM32U375VET6Q, STM32U375VGI6, STM32U375VGI6Q, STM32U375VGT6, STM32U375VGT6Q, STM32U385CGT6, STM32U385CGT6Q, STM32U385CGU6, STM32U385CGU6Q, STM32U385CGY6QTR, STM32U385KGU6, STM32U385RGI6, STM32U385RGI6Q, STM32U385RGT6, STM32U385RGT6Q, STM32U385RGY6GTR, STM32U385RGY6QTR, STM32U385VGI6, STM32U385VGI6Q, STM32U385VGT6, STM32U385VGT6Q, STM32U535CBT6, STM32U535CBT6Q, STM32U535CBU6, STM32U535CBU6Q, STM32U535CCT6, STM32U535CCT6Q, STM32U535CCU6, STM32U535CCU6Q, STM32U535CET6, STM32U535CET6Q, STM32U535CEU6, STM32U535CEU6Q, STM32U535JEY6QTR, STM32U535NCY6QTR, STM32U535NEY6QTR, STM32U535RBI6, STM32U535RBI6Q, STM32U535RBT6, STM32U535RBT6Q, STM32U535RCI6, STM32U535RCI6Q, STM32U535RCT6, STM32U535RCT6Q, STM32U535REI6, STM32U535REI6Q, STM32U535RET6, STM32U535RET6Q, STM32U535VCI6, STM32U535VCI6Q, STM32U535VCT6, STM32U535VCT6Q, STM32U535VEI6, STM32U535VEI6Q, STM32U535VET6, STM32U535VET6Q, STM32U545CET6, STM32U545CET6Q, STM32U545CEU6, STM32U545CEU6Q, STM32U545JEY6QTR, STM32U545NEY6QTR, STM32U545REI6, STM32U545REI6Q, STM32U545RET6, STM32U545RET6Q, STM32U545VEI6, STM32U545VEI6Q, STM32U545VET6, STM32U545VET6Q, STM32U595AIH6, STM32U595AIH6Q, STM32U595AJH6, STM32U595AJH6Q, STM32U595QII6, STM32U595QII6Q, STM32U595QJI6, STM32U595QJI6Q, STM32U595RIT6, STM32U595RIT6Q, STM32U595RJT6, STM32U595RJT6Q, STM32U595VIT6, STM32U595VIT6Q, STM32U595VJT6, STM32U595VJT6Q, STM32U595ZIT6, STM32U595ZIT6Q, STM32U595ZIY6QTR, STM32U595ZJT6, STM32U595ZJT6Q, STM32U595ZJY6QTR, STM32U599BJY6QTR, STM32U599NIH6Q, STM32U599NJH6Q, STM32U599VIT6Q, STM32U599VJT6, STM32U599VJT6Q, STM32U599ZIT6Q, STM32U599ZIY6QTR, STM32U599ZJT6Q, STM32U599ZJY6QTR, STM32U5A5AJH6, STM32U5A5AJH6Q, STM32U5A5QII3Q , STM32U5A5QJI6, STM32U5A5QJI6Q, STM32U5A5RJT6, STM32U5A5RJT6Q, STM32U5A5VJT6, STM32U5A5VJT6Q, STM32U5A5ZJT6, STM32U5A5ZJT6Q, STM32U5A5ZJY6QTR, STM32U5A9BJY6QTR, STM32U5A9J-DK, STM32U5A9NJH6Q, STM32U5A9VJT6Q, STM32U5A9ZJT6Q, STM32U5A9ZJY6QTR, STM32U5F7VIT6, STM32U5F7VIT6Q, STM32U5F7VJT6, STM32U5F7VJT6Q, STM32U5F9BJY6QTR, STM32U5F9NJH6Q, STM32U5F9VIT6Q, STM32U5F9VJT6Q, STM32U5F9ZIJ6QTR, STM32U5F9ZIT6Q, STM32U5F9ZJJ6QTR, STM32U5F9ZJT6Q, STM32U5G7VJT6, STM32U5G7VJT6Q, STM32U5G9BJY6QTR, STM32U5G9J-DK1, STM32U5G9J-DK2, STM32U5G9NJH6Q, STM32U5G9VJT6Q, STM32U5G9ZJJ6QTR, STM32U5G9ZJT6Q, STM32WB05KZV6TR, STM32WB05KZV7TR, STM32WB05TZF6TR, STM32WB05TZF7TR, STM32WB06CCF6TR, STM32WB06CCF7TR, STM32WB06CCV6TR, STM32WB06CCV7TR, STM32WB06KCV6TR, STM32WB06KCV7TR, STM32WB07CCF6TR, STM32WB07CCF7TR, STM32WB07CCV6TR, STM32WB07CCV7TR, STM32WB07KCV6TR, STM32WB07KCV7TR, STM32WB09KEV6TR, STM32WB09KEV7TR, STM32WB09TEF6TR, STM32WB09TEF7TR, STM32WB1MMCH6, STM32WBA50KGU6, STM32WBA50KGU6TR, STM32WBA52CEU6, STM32WBA52CEU6TR, STM32WBA52CEU7, STM32WBA52CEU7TR, STM32WBA52CGU6, STM32WBA52CGU6TR, STM32WBA52CGU6U, STM32WBA52CGU7, STM32WBA52CGU7TR, STM32WBA52KEU6, STM32WBA52KEU6TR, STM32WBA52KGU6, STM32WBA52KGU6TR, STM32WBA54CEU6, STM32WBA54CEU6TR, STM32WBA54CEU7, STM32WBA54CEU7TR, STM32WBA54CGU6, STM32WBA54CGU6TR, STM32WBA54CGU7, STM32WBA54CGU7TR, STM32WBA54KEU6, STM32WBA54KEU6TR, STM32WBA54KEU7, STM32WBA54KEU7TR, STM32WBA54KGU6, STM32WBA54KGU6TR, STM32WBA54KGU7, STM32WBA54KGU7TR, STM32WBA55CEU6, STM32WBA55CEU6TR, STM32WBA55CEU7, STM32WBA55CEU7TR, STM32WBA55CGU6, STM32WBA55CGU6TR, STM32WBA55CGU6U, STM32WBA55CGU7, STM32WBA55CGU7TR, STM32WBA55G-DK1, STM32WBA55HEF6, STM32WBA55HEF7, STM32WBA55HGF6, STM32WBA55HGF7, STM32WBA55UEI6, STM32WBA55UEI6TR, STM32WBA55UEI7, STM32WBA55UEI7TR, STM32WBA55UGI6, STM32WBA55UGI6TR, STM32WBA55UGI7, STM32WBA55UGI7TR, STM32WBA5MMGH6TR, STM32WBA62MGF6, STM32WBA62MIF6, STM32WBA65MGF7, STM32WBA65MIF6, STM32WBA65MIF7, STM32WL30K8V6, STM32WL30KBV6, STM32WL31C8V6, STM32WL31CBV6, STM32WL31K8V6, STM32WL31KBV6, STM32WL33C8V6, STM32WL33C8V6X, STM32WL33CBV6, STM32WL33CBV6X, STM32WL33CCV6, STM32WL33CCV6A, STM32WL33CCV6X, STM32WL33K8V7, STM32WL33K8V7X, STM32WL33KBV7 , STM32WL33KBV7X, STM32WL33KCV7, STM32WL33KCV7X, STM32WL5MOCH6, STM32WL5MOCH6TR]
2025-07-28 22:21:23,334 [INFO] DbMcus:218 - Found 4801 MCUs, 4801 are supported
2025-07-28 22:21:23,335 [INFO] ApiDb:423 - Load user favorites file C:\Users\kjeya/.stm32cubeide/favorites.mcus.txt: 0 item(s)
2025-07-28 22:21:23,336 [INFO] ApiDb:427 - User favorites MCUs=[]
2025-07-28 22:21:23,336 [INFO] DbMcus:224 - Set 0 / 0 favorites MCUs
2025-07-28 22:21:24,647 [INFO] ApiDb:423 - Load user favorites file C:\Users\kjeya/.stm32cubeide/favorites.boards.txt: 0 item(s)
2025-07-28 22:21:24,648 [INFO] ApiDb:427 - User favorites Boards=[]
2025-07-28 22:21:24,648 [INFO] DbBoards:198 - Set 0 / 0 favorites Boards
2025-07-28 22:21:24,773 [INFO] UtilMem:75 - End LoadConfig() Used Memory: 640485520 Bytes (1026555904)
2025-07-28 22:21:25,046 [WARN] ThirdParty:833 - waiting for thirdparty lock release [change project]
2025-07-28 22:21:25,046 [INFO] ThirdParty:835 - entering critical section [change project]
2025-07-28 22:21:25,046 [INFO] ThirdParty:1030 - CMSIS Pack Vendor :STMicroelectronics X-CUBE-PM33A1 1.0.0
2025-07-28 22:21:25,046 [INFO] ThirdParty:1030 - CMSIS Pack Vendor :STMicroelectronics USBPD 4.1
2025-07-28 22:21:25,047 [INFO] ThirdParty:1030 - CMSIS Pack Vendor :STMicroelectronics USB_HOST 2.0.0
2025-07-28 22:21:25,047 [INFO] ThirdParty:1030 - CMSIS Pack Vendor :STMicroelectronics FP-SNS-MOTENVWB1 1.4.0
2025-07-28 22:21:25,047 [INFO] ThirdParty:1030 - CMSIS Pack Vendor :STMicroelectronics X-CUBE-AZRTOS-F4 1.1.0
2025-07-28 22:21:25,047 [INFO] ThirdParty:1030 - CMSIS Pack Vendor :STMicroelectronics LIBJPEG 8.0.0
2025-07-28 22:21:25,047 [INFO] ThirdParty:1030 - CMSIS Pack Vendor :STMicroelectronics FP-ATR-ASTRA1 2.0.2
2025-07-28 22:21:25,047 [INFO] ThirdParty:1030 - CMSIS Pack Vendor :STMicroelectronics FP-ATR-ASTRA1 2.0.1
2025-07-28 22:21:25,047 [INFO] ThirdParty:1030 - CMSIS Pack Vendor :Avnet-IotConnect X-CUBE-IoTC-DA16k-PMOD 1.0.0
2025-07-28 22:21:25,047 [INFO] ThirdParty:1030 - CMSIS Pack Vendor :STMicroelectronics X-CUBE-SMBUS 2.1.0
2025-07-28 22:21:25,047 [INFO] ThirdParty:1030 - CMSIS Pack Vendor :STMicroelectronics X-CUBE-WB05N 1.1.0
2025-07-28 22:21:25,047 [INFO] ThirdParty:1030 - CMSIS Pack Vendor :STMicroelectronics X-CUBE-ISPU 2.1.0
2025-07-28 22:21:25,047 [INFO] ThirdParty:1030 - CMSIS Pack Vendor :STMicroelectronics X-CUBE-ST60 1.0.0
2025-07-28 22:21:25,047 [INFO] ThirdParty:1030 - CMSIS Pack Vendor :STMicroelectronics X-CUBE-NFC12 1.0.0
2025-07-28 22:21:25,047 [INFO] ThirdParty:1030 - CMSIS Pack Vendor :STMicroelectronics X-CUBE-AZRTOS-F7 1.1.0
2025-07-28 22:21:25,047 [INFO] ThirdParty:1030 - CMSIS Pack Vendor :STMicroelectronics X-CUBE-AZRTOS-L5 2.0.0
2025-07-28 22:21:25,047 [INFO] ThirdParty:1030 - CMSIS Pack Vendor :STMicroelectronics USB_DEVICE 2.0.0
2025-07-28 22:21:25,047 [INFO] ThirdParty:1030 - CMSIS Pack Vendor :STMicroelectronics X-CUBE-NFC6 3.1.0
2025-07-28 22:21:25,047 [INFO] ThirdParty:1030 - CMSIS Pack Vendor :STMicroelectronics FreeRTOS 0.0.1
2025-07-28 22:21:25,047 [INFO] ThirdParty:1030 - CMSIS Pack Vendor :STMicroelectronics X-CUBE-DPower 1.2.0
2025-07-28 22:21:25,047 [INFO] ThirdParty:1030 - CMSIS Pack Vendor :STMicroelectronics FP-SNS-FLIGHT1 5.0.2
2025-07-28 22:21:25,047 [INFO] ThirdParty:1030 - CMSIS Pack Vendor :Infineon AIROC-Wi-Fi-Bluetooth-STM32 1.7.0
2025-07-28 22:21:25,047 [INFO] ThirdParty:1030 - CMSIS Pack Vendor :STMicroelectronics PDM2PCM 3.3.0
2025-07-28 22:21:25,048 [INFO] ThirdParty:1030 - CMSIS Pack Vendor :STMicroelectronics X-CUBE-AZRTOS-H7 3.4.0
2025-07-28 22:21:25,048 [INFO] ThirdParty:1030 - CMSIS Pack Vendor :STMicroelectronics X-CUBE-DISPLAY 3.0.0
2025-07-28 22:21:25,048 [INFO] ThirdParty:1030 - CMSIS Pack Vendor :STMicroelectronics X-CUBE-BLE1 7.0.0
2025-07-28 22:21:25,048 [INFO] ThirdParty:1030 - CMSIS Pack Vendor :STMicroelectronics X-CUBE-NFC10 1.0.0
2025-07-28 22:21:25,048 [INFO] ThirdParty:1030 - CMSIS Pack Vendor :STMicroelectronics X-CUBE-BLEMGR 4.0.0
2025-07-28 22:21:25,048 [INFO] ThirdParty:1030 - CMSIS Pack Vendor :STMicroelectronics X-CUBE-FREERTOS 1.3.1
2025-07-28 22:21:25,048 [INFO] ThirdParty:1030 - CMSIS Pack Vendor :STMicroelectronics HAL Drivers 0.0.0
2025-07-28 22:21:25,048 [INFO] ThirdParty:1030 - CMSIS Pack Vendor :emotas I-CUBE-CANOPEN 1.3.0
2025-07-28 22:21:25,048 [INFO] ThirdParty:1030 - CMSIS Pack Vendor :STMicroelectronics X-CUBE-FREERTOS 1.3.0
2025-07-28 22:21:25,048 [INFO] ThirdParty:1030 - CMSIS Pack Vendor :STMicroelectronics X-CUBE-NFC7 1.0.1
2025-07-28 22:21:25,048 [INFO] ThirdParty:1030 - CMSIS Pack Vendor :STMicroelectronics MBEDTLS 2.14.1
2025-07-28 22:21:25,048 [INFO] ThirdParty:1030 - CMSIS Pack Vendor :STMicroelectronics X-CUBE-AI 10.0.0
2025-07-28 22:21:25,048 [INFO] ThirdParty:1030 - CMSIS Pack Vendor :STMicroelectronics FP-SNS-STAIOTCFT 1.0.0
2025-07-28 22:21:25,048 [INFO] ThirdParty:1030 - CMSIS Pack Vendor :STMicroelectronics FP-SNS-SMARTAG2 1.2.0
2025-07-28 22:21:25,048 [INFO] ThirdParty:1030 - CMSIS Pack Vendor :STMicroelectronics FP-SNS-FLIGHT1 5.1.0
2025-07-28 22:21:25,048 [INFO] ThirdParty:1030 - CMSIS Pack Vendor :STMicroelectronics X-CUBE-MEMS1 11.1.0
2025-07-28 22:21:25,048 [INFO] ThirdParty:1030 - CMSIS Pack Vendor :STMicroelectronics X-CUBE-AZRTOS-WL 2.0.0
2025-07-28 22:21:25,048 [INFO] ThirdParty:1030 - CMSIS Pack Vendor :STMicroelectronics X-CUBE-DPower 1.3.0
2025-07-28 22:21:25,048 [INFO] ThirdParty:1030 - CMSIS Pack Vendor :STMicroelectronics FP-SNS-MOTENV1 5.0.0
2025-07-28 22:21:25,048 [INFO] ThirdParty:1030 - CMSIS Pack Vendor :STMicroelectronics USB_DEVICE 1.0.0
2025-07-28 22:21:25,049 [INFO] ThirdParty:1030 - CMSIS Pack Vendor :wolfSSL I-CUBE-wolfMQTT 1.19.0
2025-07-28 22:21:25,049 [INFO] ThirdParty:1030 - CMSIS Pack Vendor :STMicroelectronics X-CUBE-AZRTOS-L4 2.0.0
2025-07-28 22:21:25,049 [INFO] ThirdParty:1030 - CMSIS Pack Vendor :STMicroelectronics ThreadX 0.0.2
2025-07-28 22:21:25,049 [INFO] ThirdParty:1030 - CMSIS Pack Vendor :WES I-CUBE-Cesium 1.3.0
2025-07-28 22:21:25,049 [INFO] ThirdParty:1030 - CMSIS Pack Vendor :STMicroelectronics lwIP 2.1.2
2025-07-28 22:21:25,049 [INFO] ThirdParty:1030 - CMSIS Pack Vendor :STMicroelectronics X-CUBE-SFXS2LP1 4.0.0
2025-07-28 22:21:25,049 [INFO] ThirdParty:1030 - CMSIS Pack Vendor :STMicroelectronics X-CUBE-BLE2 3.3.0
2025-07-28 22:21:25,049 [INFO] ThirdParty:1030 - CMSIS Pack Vendor :STMicroelectronics PDM2PCM 3.2.0
2025-07-28 22:21:25,049 [INFO] ThirdParty:1030 - CMSIS Pack Vendor :STMicroelectronics X-CUBE-AZRTOS-H7 3.3.0
2025-07-28 22:21:25,049 [INFO] ThirdParty:1030 - CMSIS Pack Vendor :STMicroelectronics X-CUBE-NFC9 1.0.0
2025-07-28 22:21:25,049 [INFO] ThirdParty:1030 - CMSIS Pack Vendor :STMicroelectronics X-CUBE-BLE1 7.1.0
2025-07-28 22:21:25,049 [INFO] ThirdParty:1030 - CMSIS Pack Vendor :STMicroelectronics USB_DEVICE 3.0.0
2025-07-28 22:21:25,049 [INFO] ThirdParty:1030 - CMSIS Pack Vendor :STMicroelectronics X-CUBE-EEPRMA1 5.2.0
2025-07-28 22:21:25,049 [INFO] ThirdParty:1030 - CMSIS Pack Vendor :STMicroelectronics X-CUBE-BLEMGR 4.1.0
2025-07-28 22:21:25,050 [INFO] ThirdParty:1030 - CMSIS Pack Vendor :STMicroelectronics X-CUBE-IPS 3.0.0
2025-07-28 22:21:25,050 [INFO] ThirdParty:1030 - CMSIS Pack Vendor :STMicroelectronics X-CUBE-AZRTOS-WB 2.0.0
2025-07-28 22:21:25,050 [INFO] ThirdParty:1030 - CMSIS Pack Vendor :STMicroelectronics X-CUBE-GNSS1 7.0.1
2025-07-28 22:21:25,050 [INFO] ThirdParty:1030 - CMSIS Pack Vendor :STMicroelectronics X-CUBE-TOUCHGFX 4.25.0
2025-07-28 22:21:25,050 [INFO] ThirdParty:1030 - CMSIS Pack Vendor :STMicroelectronics X-CUBE-AI 10.1.0
2025-07-28 22:21:25,050 [INFO] ThirdParty:1030 - CMSIS Pack Vendor :STMicroelectronics FP-SNS-STBOX1 2.0.0
2025-07-28 22:21:25,050 [INFO] ThirdParty:1030 - CMSIS Pack Vendor :STMicroelectronics X-CUBE-MEMS1 11.2.0
2025-07-28 22:21:25,050 [INFO] ThirdParty:1030 - CMSIS Pack Vendor :STMicroelectronics X-CUBE-AZRTOS-G0 1.1.0
2025-07-28 22:21:25,050 [INFO] ThirdParty:1030 - CMSIS Pack Vendor :STMicroelectronics X-CUBE-SAFEA1 1.2.2
2025-07-28 22:21:25,050 [INFO] ThirdParty:1030 - CMSIS Pack Vendor :STMicroelectronics X-CUBE-NFC4 3.0.0
2025-07-28 22:21:25,050 [INFO] ThirdParty:1030 - CMSIS Pack Vendor :STMicroelectronics X-CUBE-SUBG2 5.0.0
2025-07-28 22:21:25,051 [INFO] ThirdParty:1030 - CMSIS Pack Vendor :STMicroelectronics X-CUBE-AZRTOS-H7RS 1.1.0
2025-07-28 22:21:25,051 [INFO] ThirdParty:1030 - CMSIS Pack Vendor :STMicroelectronics STM32_WPAN 1.0.0
2025-07-28 22:21:25,051 [INFO] ThirdParty:1030 - CMSIS Pack Vendor :EmbeddedOffice I-CUBE-FS-RTOS 1.0.1
2025-07-28 22:21:25,051 [INFO] ThirdParty:1030 - CMSIS Pack Vendor :STMicroelectronics lwIP 2.0.3
2025-07-28 22:21:25,051 [INFO] ThirdParty:1030 - CMSIS Pack Vendor :Cesanta I-CUBE-Mongoose 7.13.0
2025-07-28 22:21:25,051 [INFO] ThirdParty:1030 - CMSIS Pack Vendor :STMicroelectronics USB_HOST 1.0.0
2025-07-28 22:21:25,051 [INFO] ThirdParty:1030 - CMSIS Pack Vendor :STMicroelectronics X-CUBE-AZRTOS-G4 2.0.0
2025-07-28 22:21:25,051 [INFO] ThirdParty:1030 - CMSIS Pack Vendor :STMicroelectronics X-CUBE-WB05N 2.0.0
2025-07-28 22:21:25,051 [INFO] ThirdParty:1030 - CMSIS Pack Vendor :STMicroelectronics PDM2PCM 3.1.0
2025-07-28 22:21:25,051 [INFO] ThirdParty:1030 - CMSIS Pack Vendor :STMicroelectronics X-CUBE-NFC7 2.0.0
2025-07-28 22:21:25,051 [INFO] ThirdParty:1030 - CMSIS Pack Vendor :STMicroelectronics X-CUBE-TCPP 4.2.0
2025-07-28 22:21:25,051 [INFO] ThirdParty:1030 - CMSIS Pack Vendor :RealThread X-CUBE-RT-Thread_Nano 4.1.1
2025-07-28 22:21:25,051 [INFO] ThirdParty:1030 - CMSIS Pack Vendor :STMicroelectronics FP-ATR-SIGFOX1 3.2.0
2025-07-28 22:21:25,052 [INFO] ThirdParty:1030 - CMSIS Pack Vendor :quantropi X-CUBE-qispace-sdk-base 1.9.3
2025-07-28 22:21:25,052 [INFO] ThirdParty:1030 - CMSIS Pack Vendor :STMicroelectronics X-CUBE-EEPRMA1 5.1.0
2025-07-28 22:21:25,053 [INFO] ThirdParty:1030 - CMSIS Pack Vendor :STMicroelectronics MBEDTLS 2.16.2
2025-07-28 22:21:25,054 [INFO] ThirdParty:1030 - CMSIS Pack Vendor :STMicroelectronics X-CUBE-IPS 3.1.0
2025-07-28 22:21:25,054 [INFO] ThirdParty:1030 - CMSIS Pack Vendor :STMicroelectronics X-CUBE-ALS 1.0.2
2025-07-28 22:21:25,054 [INFO] ThirdParty:1030 - CMSIS Pack Vendor :wolfSSL I-CUBE-wolfSSL 5.7.4
2025-07-28 22:21:25,054 [INFO] ThirdParty:1030 - CMSIS Pack Vendor :STMicroelectronics X-CUBE-TOUCHGFX 4.24.0
2025-07-28 22:21:25,054 [INFO] ThirdParty:1030 - CMSIS Pack Vendor :ITTIA_DB I-CUBE-ITTIADB 8.9.0
2025-07-28 22:21:25,054 [INFO] ThirdParty:1030 - CMSIS Pack Vendor :STMicroelectronics X-CUBE-TOUCHGFX 4.24.2
2025-07-28 22:21:25,054 [INFO] ThirdParty:1030 - CMSIS Pack Vendor :STMicroelectronics X-CUBE-TOUCHGFX 4.24.1
2025-07-28 22:21:25,054 [INFO] ThirdParty:1030 - CMSIS Pack Vendor :wolfSSL I-CUBE-wolfTPM 3.4.0
2025-07-28 22:21:25,055 [INFO] ThirdParty:1030 - CMSIS Pack Vendor :portGmbH I-Cube-SoM-uGOAL 1.1.0
2025-07-28 22:21:25,055 [INFO] ThirdParty:1030 - CMSIS Pack Vendor :STMicroelectronics X-CUBE-ST67W61 1.0.0
2025-07-28 22:21:25,055 [INFO] ThirdParty:1030 - CMSIS Pack Vendor :STMicroelectronics ThreadX 1.0.0
2025-07-28 22:21:25,055 [INFO] ThirdParty:1030 - CMSIS Pack Vendor :SEGGER I-CUBE-embOS 1.3.1
2025-07-28 22:21:25,055 [INFO] ThirdParty:1030 - CMSIS Pack Vendor :STMicroelectronics X-CUBE-ALGOBUILD 1.4.0
2025-07-28 22:21:25,055 [INFO] ThirdParty:1030 - CMSIS Pack Vendor :STMicroelectronics X-CUBE-MEMS1 11.3.0
2025-07-28 22:21:25,055 [INFO] ThirdParty:1030 - CMSIS Pack Vendor :STMicroelectronics X-CUBE-AZRTOS-H7RS 1.0.0
2025-07-28 22:21:25,055 [INFO] ThirdParty:1030 - CMSIS Pack Vendor :STMicroelectronics X-CUBE-TOF1 3.4.2
2025-07-28 22:21:25,056 [INFO] ThirdParty:1030 - CMSIS Pack Vendor :STMicroelectronics X-CUBE-TOF1 3.4.3
2025-07-28 22:21:25,056 [INFO] ThirdParty:1030 - CMSIS Pack Vendor :STMicroelectronics X-CUBE-AI 9.1.0
2025-07-28 22:21:25,056 [INFO] ThirdParty:1030 - CMSIS Pack Vendor :wolfSSL I-CUBE-wolfSSH 1.4.17
2025-07-28 22:21:25,056 [INFO] ThirdParty:841 - exiting critical section [change project]
2025-07-28 22:21:25,841 [INFO] PinOutPanel:1589 - setPackage(No Configuration,No Configuration)
2025-07-28 22:21:25,844 [INFO] PinOutPanel:1589 - setPackage(STM32F401RETx,LQFP64)
2025-07-28 22:21:26,898 [INFO] UtilMem:75 - Before build in PCC Used Memory: 790881776 Bytes (1026555904)
2025-07-28 22:21:28,441 [INFO] UtilMem:75 - After build in PCC Used Memory: 867843464 Bytes (1026555904)
2025-07-28 22:21:28,502 [INFO] IPUIPlugin:80 - create IPUIPlugin
2025-07-28 22:21:28,502 [INFO] IPUIPlugin:80 - create IPUIPlugin
2025-07-28 22:21:28,503 [INFO] IPUIPlugin:80 - create IPUIPlugin
2025-07-28 22:21:28,503 [INFO] IPUIPlugin:80 - create IPUIPlugin
2025-07-28 22:21:28,503 [INFO] IPUIPlugin:80 - create IPUIPlugin
2025-07-28 22:21:28,503 [INFO] IPUIPlugin:80 - create IPUIPlugin
2025-07-28 22:21:28,503 [INFO] IPUIPlugin:80 - create IPUIPlugin
2025-07-28 22:21:28,504 [INFO] IPUIPlugin:80 - create IPUIPlugin
2025-07-28 22:21:28,504 [INFO] IPUIPlugin:80 - create IPUIPlugin
2025-07-28 22:21:28,504 [INFO] IPUIPlugin:80 - create IPUIPlugin
2025-07-28 22:21:28,504 [INFO] IPUIPlugin:80 - create IPUIPlugin
2025-07-28 22:21:28,505 [INFO] IPUIPlugin:80 - create IPUIPlugin
2025-07-28 22:21:28,505 [INFO] IPUIPlugin:80 - create IPUIPlugin
2025-07-28 22:21:28,505 [INFO] IPUIPlugin:80 - create IPUIPlugin
2025-07-28 22:21:28,505 [INFO] IPUIPlugin:80 - create IPUIPlugin
2025-07-28 22:21:28,506 [INFO] IPUIPlugin:80 - create IPUIPlugin
2025-07-28 22:21:28,506 [INFO] IPUIPlugin:80 - create IPUIPlugin
2025-07-28 22:21:28,506 [INFO] IPUIPlugin:80 - create IPUIPlugin
2025-07-28 22:21:28,506 [INFO] IPUIPlugin:80 - create IPUIPlugin
2025-07-28 22:21:28,508 [INFO] IPUIPlugin:80 - create IPUIPlugin
2025-07-28 22:21:28,508 [INFO] IPUIPlugin:80 - create IPUIPlugin
2025-07-28 22:21:28,508 [INFO] IPUIPlugin:80 - create IPUIPlugin
2025-07-28 22:21:28,509 [INFO] IPUIPlugin:80 - create IPUIPlugin
2025-07-28 22:21:28,509 [INFO] IPUIPlugin:80 - create IPUIPlugin
2025-07-28 22:21:28,509 [INFO] IPUIPlugin:80 - create IPUIPlugin
2025-07-28 22:21:28,509 [INFO] IPUIPlugin:80 - create IPUIPlugin
2025-07-28 22:21:28,510 [INFO] IPUIPlugin:80 - create IPUIPlugin
2025-07-28 22:21:28,510 [INFO] IPUIPlugin:80 - create IPUIPlugin
2025-07-28 22:21:28,511 [INFO] IPUIPlugin:80 - create IPUIPlugin
2025-07-28 22:21:28,511 [INFO] IPUIPlugin:80 - create IPUIPlugin
2025-07-28 22:21:28,511 [INFO] IPUIPlugin:80 - create IPUIPlugin
2025-07-28 22:21:28,512 [INFO] IPUIPlugin:80 - create IPUIPlugin
2025-07-28 22:21:28,512 [INFO] IPUIPlugin:80 - create IPUIPlugin
2025-07-28 22:21:28,512 [INFO] IPUIPlugin:80 - create IPUIPlugin
2025-07-28 22:21:28,512 [INFO] IPUIPlugin:80 - create IPUIPlugin
2025-07-28 22:21:28,514 [INFO] IPUIPlugin:80 - create IPUIPlugin
2025-07-28 22:21:28,514 [INFO] IPUIPlugin:80 - create IPUIPlugin
2025-07-28 22:21:28,514 [INFO] IPUIPlugin:80 - create IPUIPlugin
2025-07-28 22:21:28,662 [INFO] ApiDbMcu:532 - Load IP Config File for PDM2PCM
2025-07-28 22:21:28,679 [WARN] IP:2250 - I2C_Coeff_DF not found: check if there is a RefParameter without a condition.
2025-07-28 22:21:28,679 [WARN] IP:2250 - Analog_Filter not found: check if there is a RefParameter without a condition.
2025-07-28 22:21:29,190 [INFO] CADModel:165 - CPN selected for project levelSTM32F401RET6
2025-07-28 22:21:29,191 [INFO] CADModel:114 - Register for checkConnection events
2025-07-28 22:21:29,291 [INFO] OpenFileManager:386 - Restore cursor
2025-07-28 22:21:29,813 [WARN] IP:2250 - I2C_Coeff_DF not found: check if there is a RefParameter without a condition.
2025-07-28 22:21:29,814 [WARN] IP:2250 - Analog_Filter not found: check if there is a RefParameter without a condition.
2025-07-28 22:21:29,816 [WARN] IP:2250 - I2C_Coeff_DF not found: check if there is a RefParameter without a condition.
2025-07-28 22:21:29,818 [WARN] IP:2250 - Analog_Filter not found: check if there is a RefParameter without a condition.
2025-07-28 22:22:19,466 [ERROR] LogOutputStream:75 - [STDERR_REDIRECT] 
