2025-07-11 10:10:59,254 [INFO] Activator:176 - 


2025-07-11 10:10:59,264 [INFO] Activator:177 - !SESSION log4j initialized
2025-07-11 10:11:06,173 [INFO] LogOutputStream:77 - [STDOUT_REDIRECT] 
2025-07-11 10:11:07,375 [INFO] ApplicationProperties:184 - Using Application install path: C:\ST\STM32CubeIDE_1.16.1\STM32CubeIDE\plugins\com.st.stm32cube.common.mx_6.14.1.202504091515
2025-07-11 10:11:07,402 [INFO] DbMcusXml:78 - Set database path to: C:\ST\STM32CubeIDE_1.16.1\STM32CubeIDE\plugins\com.st.stm32cube.common.mx_6.14.1.202504091515\\db\/mcu/
2025-07-11 10:11:07,402 [INFO] ApiDb:274 - Set plugin database path to: C:\ST\STM32CubeIDE_1.16.1\STM32CubeIDE\plugins\com.st.stm32cube.common.mx_6.14.1.202504091515\\db\/plugins/boardmanager/
2025-07-11 10:11:07,404 [WARN] ApiDb:259 - Overriding images path with different value:  => C:\ST\STM32CubeIDE_1.16.1\STM32CubeIDE\plugins\com.st.stm32cube.common.mx_6.14.1.202504091515\\db\/plugins/mcufinder/images/
2025-07-11 10:11:07,407 [INFO] ApiDb:250 - Set database path to: C:\Users\kjeya\.stmcufinder\plugins\mcufinder//mcu/
2025-07-11 10:11:07,413 [INFO] DbMcusAds:125 - Set database path to: C:\Users\kjeya\.stmcufinder\plugins\mcufinder//mcu/
2025-07-11 10:11:07,415 [INFO] CrossReferenceDbSqlite:203 - Set database path to: C:\Users\kjeya\.stmcufinder\plugins\mcufinder//mcu/cs/
2025-07-11 10:11:07,546 [INFO] RulesReader:64 - Compatibility file has been processed (302 Rules)
2025-07-11 10:11:07,660 [INFO] DbMcusXml:78 - Set database path to: C:\ST\STM32CubeIDE_1.16.1\STM32CubeIDE\plugins\com.st.stm32cube.common.mx_6.14.1.202504091515\\db\/mcu/
2025-07-11 10:11:07,663 [INFO] ApiDb:274 - Set plugin database path to: C:\ST\STM32CubeIDE_1.16.1\STM32CubeIDE\plugins\com.st.stm32cube.common.mx_6.14.1.202504091515\\db\/plugins/boardmanager/
2025-07-11 10:11:07,663 [INFO] ApiDb:261 - Set plugin images path to: C:\ST\STM32CubeIDE_1.16.1\STM32CubeIDE\plugins\com.st.stm32cube.common.mx_6.14.1.202504091515\\db\/plugins/mcufinder/images/
2025-07-11 10:11:07,663 [WARN] DbFile:41 - Overriding database path with different value: C:\Users\kjeya\.stmcufinder\plugins\mcufinder/ => C:\Users\kjeya\.stmcufinder\plugins\mcufinder
2025-07-11 10:11:07,663 [INFO] ApiDb:250 - Set database path to: C:\Users\kjeya\.stmcufinder\plugins\mcufinder//mcu/
2025-07-11 10:11:07,663 [WARN] DbFile:41 - Overriding database path with different value: C:\Users\kjeya\.stmcufinder\plugins\mcufinder/ => C:\Users\kjeya\.stmcufinder\plugins\mcufinder
2025-07-11 10:11:07,663 [INFO] DbMcusAds:125 - Set database path to: C:\Users\kjeya\.stmcufinder\plugins\mcufinder//mcu/
2025-07-11 10:11:07,663 [WARN] DbFile:41 - Overriding database path with different value: C:\Users\kjeya\.stmcufinder\plugins\mcufinder/ => C:\Users\kjeya\.stmcufinder\plugins\mcufinder
2025-07-11 10:11:07,663 [WARN] DbFile:41 - Overriding database path with different value: C:\Users\kjeya\.stmcufinder\plugins\mcufinder/ => C:\Users\kjeya\.stmcufinder\plugins\mcufinder
2025-07-11 10:11:07,663 [INFO] CrossReferenceDbSqlite:203 - Set database path to: C:\Users\kjeya\.stmcufinder\plugins\mcufinder//mcu/cs/
2025-07-11 10:11:07,777 [INFO] MainPanel:272 - HeapMemory: 268435456
2025-07-11 10:11:07,895 [INFO] DbMcusXml:78 - Set database path to: C:\ST\STM32CubeIDE_1.16.1\STM32CubeIDE\plugins\com.st.stm32cube.common.mx_6.14.1.202504091515\\db\/mcu/
2025-07-11 10:11:07,895 [INFO] ApiDb:274 - Set plugin database path to: C:\ST\STM32CubeIDE_1.16.1\STM32CubeIDE\plugins\com.st.stm32cube.common.mx_6.14.1.202504091515\\db\/plugins/boardmanager/
2025-07-11 10:11:07,895 [INFO] ApiDb:261 - Set plugin images path to: C:\ST\STM32CubeIDE_1.16.1\STM32CubeIDE\plugins\com.st.stm32cube.common.mx_6.14.1.202504091515\\db\/plugins/mcufinder/images/
2025-07-11 10:11:07,895 [WARN] DbFile:41 - Overriding database path with different value: C:\Users\kjeya\.stmcufinder\plugins\mcufinder/ => C:\Users\kjeya\.stmcufinder\plugins\mcufinder
2025-07-11 10:11:07,895 [INFO] ApiDb:250 - Set database path to: C:\Users\kjeya\.stmcufinder\plugins\mcufinder//mcu/
2025-07-11 10:11:07,895 [WARN] DbFile:41 - Overriding database path with different value: C:\Users\kjeya\.stmcufinder\plugins\mcufinder/ => C:\Users\kjeya\.stmcufinder\plugins\mcufinder
2025-07-11 10:11:07,895 [INFO] DbMcusAds:125 - Set database path to: C:\Users\kjeya\.stmcufinder\plugins\mcufinder//mcu/
2025-07-11 10:11:07,895 [WARN] DbFile:41 - Overriding database path with different value: C:\Users\kjeya\.stmcufinder\plugins\mcufinder/ => C:\Users\kjeya\.stmcufinder\plugins\mcufinder
2025-07-11 10:11:07,895 [WARN] DbFile:41 - Overriding database path with different value: C:\Users\kjeya\.stmcufinder\plugins\mcufinder/ => C:\Users\kjeya\.stmcufinder\plugins\mcufinder
2025-07-11 10:11:07,895 [INFO] CrossReferenceDbSqlite:203 - Set database path to: C:\Users\kjeya\.stmcufinder\plugins\mcufinder//mcu/cs/
2025-07-11 10:11:07,917 [INFO] ApplicationProperties:184 - Using Application install path: C:\ST\STM32CubeIDE_1.16.1\STM32CubeIDE\plugins\com.st.stm32cube.common.mx_6.14.1.202504091515
2025-07-11 10:11:07,924 [INFO] PluginManage:196 - Search for loadable plugins [exclusion list=, ]
2025-07-11 10:11:07,928 [INFO] PluginManage:310 - Check plugin analytics
2025-07-11 10:11:08,250 [INFO] AnalyticsPlugin:253 - Accepted Software Licenses: STM32CubeMX.6.11.1,STM32CubeMX.6.13.0
2025-07-11 10:11:08,250 [INFO] AnalyticsPlugin:255 - Accepted CMSIS Pack Licenses: STMicroelectronics.X-CUBE-TOUCHGFX.4.24.0,WES.I-CUBE-Cesium.1.3.0,STMicroelectronics.X-CUBE-TOUCHGFX.4.24.2
2025-07-11 10:11:08,250 [INFO] AnalyticsPlugin:257 - Accepted Firmware Licenses: FW.F4.1.28.0,FW.L4.1.18.0,FW.WL.1.3.0,FW.H7.1.11.0,FW.H7.1.12.0
2025-07-11 10:11:08,253 [INFO] PluginManage:359 - Loaded plugin analytics (category:tool,tabindex:-1)
2025-07-11 10:11:08,256 [INFO] PluginManage:310 - Check plugin cadmodel
2025-07-11 10:11:08,265 [INFO] CADModel:105 - Init CAD model plugin
2025-07-11 10:11:08,267 [INFO] PluginManage:359 - Loaded plugin cadmodel (category:power,tabindex:5)
2025-07-11 10:11:08,267 [INFO] PluginManage:310 - Check plugin clock
2025-07-11 10:11:08,290 [INFO] PluginManage:359 - Loaded plugin clock (category:base,tabindex:2)
2025-07-11 10:11:08,290 [INFO] PluginManage:310 - Check plugin ddr
2025-07-11 10:11:08,294 [INFO] PluginManage:359 - Loaded plugin ddr (category:tool,tabindex:6)
2025-07-11 10:11:08,294 [INFO] PluginManage:310 - Check plugin filemanager
2025-07-11 10:11:08,461 [INFO] PluginManage:359 - Loaded plugin filemanager (category:base,tabindex:10)
2025-07-11 10:11:08,461 [INFO] PluginManage:310 - Check plugin ipmanager
2025-07-11 10:11:08,469 [INFO] PluginManage:359 - Loaded plugin ipmanager (category:base,tabindex:5)
2025-07-11 10:11:08,469 [INFO] PluginManage:310 - Check plugin lpbam
2025-07-11 10:11:08,478 [INFO] PluginManage:359 - Loaded plugin lpbam (category:base,tabindex:0)
2025-07-11 10:11:08,478 [INFO] PluginManage:310 - Check plugin memorymap
2025-07-11 10:11:08,497 [INFO] PluginManage:359 - Loaded plugin memorymap (category:base,tabindex:4)
2025-07-11 10:11:08,497 [INFO] PluginManage:310 - Check plugin pinoutandconfiguration
2025-07-11 10:11:08,507 [INFO] PluginManage:359 - Loaded plugin pinoutandconfiguration (category:base,tabindex:1)
2025-07-11 10:11:08,508 [INFO] PluginManage:310 - Check plugin pinoutconfig
2025-07-11 10:11:08,622 [WARN] SupportedApi:132 - Cannot load RTOS API schema: s4s-elt-must-match.1: The content of 'definitions' must match (annotation?, (simpleType | complexType)?, (unique | key | keyref)*)). A problem was found starting at: attribute.
2025-07-11 10:11:08,883 [INFO] PluginManage:359 - Loaded plugin pinoutconfig (category:base,tabindex:0)
2025-07-11 10:11:08,883 [INFO] PluginManage:310 - Check plugin power
2025-07-11 10:11:08,901 [INFO] PluginManage:359 - Loaded plugin power (category:power,tabindex:4)
2025-07-11 10:11:08,901 [INFO] PluginManage:310 - Check plugin projectmanager
2025-07-11 10:11:08,926 [INFO] PluginManage:359 - Loaded plugin projectmanager (category:projectmanager,tabindex:4)
2025-07-11 10:11:08,926 [INFO] PluginManage:310 - Check plugin rif
2025-07-11 10:11:08,935 [INFO] PluginManage:359 - Loaded plugin rif (category:base,tabindex:3)
2025-07-11 10:11:08,935 [INFO] PluginManage:310 - Check plugin thirdparty
2025-07-11 10:11:09,141 [INFO] PluginManage:359 - Loaded plugin thirdparty (category:base,tabindex:-1)
2025-07-11 10:11:09,141 [WARN] IntegrityCheckThread:84 - waiting for thirdparty lock release [integrity check]
2025-07-11 10:11:09,142 [INFO] PluginManage:310 - Check plugin tools
2025-07-11 10:11:09,142 [INFO] IntegrityCheckThread:86 - entering critical section [integrity check]
2025-07-11 10:11:09,142 [INFO] ThirdPartyUpdaterWithRetryManager:70 - Updater plugin not ready yet. [1/15]
2025-07-11 10:11:09,147 [INFO] PluginManage:359 - Loaded plugin tools (category:base,tabindex:7)
2025-07-11 10:11:09,147 [INFO] PluginManage:310 - Check plugin tutovideos
2025-07-11 10:11:09,356 [INFO] PluginManage:359 - Loaded plugin tutovideos (category:base,tabindex:-1)
2025-07-11 10:11:09,358 [INFO] PluginManage:310 - Check plugin updater
2025-07-11 10:11:09,388 [INFO] PluginManage:359 - Loaded plugin updater (category:base,tabindex:12)
2025-07-11 10:11:09,388 [INFO] PluginManage:310 - Check plugin userauth
2025-07-11 10:11:09,394 [INFO] UserAuth:118 - Init User Auth plugin
2025-07-11 10:11:09,396 [INFO] PluginManage:359 - Loaded plugin userauth (category:base,tabindex:14)
2025-07-11 10:11:09,396 [INFO] PluginManage:283 - PluginManage : Loaded plugins [18]
2025-07-11 10:11:09,726 [INFO] PinOutPanel:1589 - setPackage(No Configuration,No Configuration)
2025-07-11 10:11:09,808 [INFO] CADModel:165 - CPN selected for project level
2025-07-11 10:11:09,808 [INFO] CADModel:114 - Register for checkConnection events
2025-07-11 10:11:09,846 [INFO] IPUIPlugin:80 - create IPUIPlugin
2025-07-11 10:11:09,846 [INFO] PluginManager:220 - loadIPPluginJar : add adc
2025-07-11 10:11:09,855 [INFO] IPUIPlugin:80 - create IPUIPlugin
2025-07-11 10:11:09,857 [INFO] PluginManager:220 - loadIPPluginJar : add aes
2025-07-11 10:11:09,862 [INFO] IPUIPlugin:80 - create IPUIPlugin
2025-07-11 10:11:09,862 [INFO] PluginManager:220 - loadIPPluginJar : add can
2025-07-11 10:11:09,864 [INFO] IPUIPlugin:80 - create IPUIPlugin
2025-07-11 10:11:09,864 [INFO] PluginManager:220 - loadIPPluginJar : add comp
2025-07-11 10:11:09,864 [INFO] IPUIPlugin:80 - create IPUIPlugin
2025-07-11 10:11:09,864 [INFO] PluginManager:220 - loadIPPluginJar : add cryp
2025-07-11 10:11:09,871 [INFO] IPUIPlugin:80 - create IPUIPlugin
2025-07-11 10:11:09,871 [INFO] PluginManager:220 - loadIPPluginJar : add ddr_ctrl_phy
2025-07-11 10:11:09,871 [INFO] IPUIPlugin:80 - create IPUIPlugin
2025-07-11 10:11:09,871 [INFO] PluginManager:220 - loadIPPluginJar : add dfsdm
2025-07-11 10:11:09,887 [INFO] IPUIPlugin:80 - create IPUIPlugin
2025-07-11 10:11:09,887 [INFO] PluginManager:220 - loadIPPluginJar : add dma
2025-07-11 10:11:09,887 [INFO] IPUIPlugin:80 - create IPUIPlugin
2025-07-11 10:11:09,887 [INFO] PluginManager:220 - loadIPPluginJar : add dma3
2025-07-11 10:11:09,887 [INFO] IPUIPlugin:80 - create IPUIPlugin
2025-07-11 10:11:09,887 [INFO] PluginManager:220 - loadIPPluginJar : add extmemmanager
2025-07-11 10:11:09,887 [INFO] IPUIPlugin:80 - create IPUIPlugin
2025-07-11 10:11:09,887 [INFO] PluginManager:220 - loadIPPluginJar : add fatfs
2025-07-11 10:11:09,904 [INFO] IPUIPlugin:80 - create IPUIPlugin
2025-07-11 10:11:09,908 [INFO] PluginManager:220 - loadIPPluginJar : add fmc
2025-07-11 10:11:09,916 [INFO] IPUIPlugin:80 - create IPUIPlugin
2025-07-11 10:11:09,917 [INFO] PluginManager:220 - loadIPPluginJar : add freertos
2025-07-11 10:11:09,919 [INFO] IPUIPlugin:80 - create IPUIPlugin
2025-07-11 10:11:09,919 [INFO] PluginManager:220 - loadIPPluginJar : add genericplugin
2025-07-11 10:11:09,923 [INFO] IPUIPlugin:80 - create IPUIPlugin
2025-07-11 10:11:09,923 [INFO] PluginManager:220 - loadIPPluginJar : add gfxmmu
2025-07-11 10:11:09,929 [INFO] IPUIPlugin:80 - create IPUIPlugin
2025-07-11 10:11:09,929 [INFO] PluginManager:220 - loadIPPluginJar : add gic
2025-07-11 10:11:09,935 [INFO] IPUIPlugin:80 - create IPUIPlugin
2025-07-11 10:11:09,935 [INFO] PluginManager:220 - loadIPPluginJar : add gpio
2025-07-11 10:11:09,939 [INFO] IPUIPlugin:80 - create IPUIPlugin
2025-07-11 10:11:09,939 [INFO] PluginManager:220 - loadIPPluginJar : add gtzc
2025-07-11 10:11:09,944 [INFO] IPUIPlugin:80 - create IPUIPlugin
2025-07-11 10:11:09,944 [INFO] PluginManager:220 - loadIPPluginJar : add hash
2025-07-11 10:11:09,944 [INFO] IPUIPlugin:80 - create IPUIPlugin
2025-07-11 10:11:09,944 [INFO] PluginManager:220 - loadIPPluginJar : add i2c
2025-07-11 10:11:09,952 [INFO] IPUIPlugin:80 - create IPUIPlugin
2025-07-11 10:11:09,952 [INFO] PluginManager:220 - loadIPPluginJar : add i2s
2025-07-11 10:11:09,955 [INFO] IPUIPlugin:80 - create IPUIPlugin
2025-07-11 10:11:09,955 [INFO] PluginManager:220 - loadIPPluginJar : add i3c
2025-07-11 10:11:09,966 [INFO] IPUIPlugin:80 - create IPUIPlugin
2025-07-11 10:11:09,967 [INFO] PluginManager:220 - loadIPPluginJar : add ipddr
2025-07-11 10:11:09,973 [INFO] IPUIPlugin:80 - create IPUIPlugin
2025-07-11 10:11:09,973 [INFO] PluginManager:220 - loadIPPluginJar : add linkedlist
2025-07-11 10:11:09,980 [INFO] IPUIPlugin:80 - create IPUIPlugin
2025-07-11 10:11:09,980 [INFO] PluginManager:220 - loadIPPluginJar : add lorawan
2025-07-11 10:11:09,982 [INFO] IPUIPlugin:80 - create IPUIPlugin
2025-07-11 10:11:09,982 [INFO] PluginManager:220 - loadIPPluginJar : add ltdc
2025-07-11 10:11:09,988 [INFO] IPUIPlugin:80 - create IPUIPlugin
2025-07-11 10:11:09,988 [INFO] PluginManager:220 - loadIPPluginJar : add mdma
2025-07-11 10:11:09,995 [INFO] IPUIPlugin:80 - create IPUIPlugin
2025-07-11 10:11:09,997 [INFO] PluginManager:220 - loadIPPluginJar : add nvic
2025-07-11 10:11:10,000 [INFO] IPUIPlugin:80 - create IPUIPlugin
2025-07-11 10:11:10,000 [INFO] PluginManager:220 - loadIPPluginJar : add opamp
2025-07-11 10:11:10,005 [INFO] IPUIPlugin:80 - create IPUIPlugin
2025-07-11 10:11:10,005 [INFO] PluginManager:220 - loadIPPluginJar : add openamp
2025-07-11 10:11:10,011 [INFO] IPUIPlugin:80 - create IPUIPlugin
2025-07-11 10:11:10,011 [INFO] PluginManager:220 - loadIPPluginJar : add pdm2pcm
2025-07-11 10:11:10,017 [INFO] IPUIPlugin:80 - create IPUIPlugin
2025-07-11 10:11:10,024 [INFO] PluginManager:220 - loadIPPluginJar : add plateformsettings
2025-07-11 10:11:10,026 [INFO] IPUIPlugin:80 - create IPUIPlugin
2025-07-11 10:11:10,026 [INFO] PluginManager:220 - loadIPPluginJar : add quadspi
2025-07-11 10:11:10,026 [INFO] IPUIPlugin:80 - create IPUIPlugin
2025-07-11 10:11:10,030 [INFO] PluginManager:220 - loadIPPluginJar : add radio
2025-07-11 10:11:10,034 [INFO] IPUIPlugin:80 - create IPUIPlugin
2025-07-11 10:11:10,034 [INFO] PluginManager:220 - loadIPPluginJar : add resmgrutility
2025-07-11 10:11:10,038 [INFO] IPUIPlugin:80 - create IPUIPlugin
2025-07-11 10:11:10,038 [INFO] PluginManager:220 - loadIPPluginJar : add sai
2025-07-11 10:11:10,045 [INFO] IPUIPlugin:80 - create IPUIPlugin
2025-07-11 10:11:10,045 [INFO] PluginManager:220 - loadIPPluginJar : add spi
2025-07-11 10:11:10,054 [INFO] IPUIPlugin:80 - create IPUIPlugin
2025-07-11 10:11:10,054 [INFO] PluginManager:220 - loadIPPluginJar : add stm32_wpan
2025-07-11 10:11:10,056 [INFO] IPUIPlugin:80 - create IPUIPlugin
2025-07-11 10:11:10,056 [INFO] PluginManager:220 - loadIPPluginJar : add tim
2025-07-11 10:11:10,061 [INFO] IPUIPlugin:80 - create IPUIPlugin
2025-07-11 10:11:10,061 [INFO] PluginManager:220 - loadIPPluginJar : add touchsensing
2025-07-11 10:11:10,063 [INFO] IPUIPlugin:80 - create IPUIPlugin
2025-07-11 10:11:10,065 [INFO] PluginManager:220 - loadIPPluginJar : add tracer_emb
2025-07-11 10:11:10,065 [INFO] IPUIPlugin:80 - create IPUIPlugin
2025-07-11 10:11:10,065 [INFO] PluginManager:220 - loadIPPluginJar : add ts
2025-07-11 10:11:10,065 [INFO] IPUIPlugin:80 - create IPUIPlugin
2025-07-11 10:11:10,065 [INFO] PluginManager:220 - loadIPPluginJar : add tsc
2025-07-11 10:11:10,065 [INFO] IPUIPlugin:80 - create IPUIPlugin
2025-07-11 10:11:10,065 [INFO] PluginManager:220 - loadIPPluginJar : add ucpd
2025-07-11 10:11:10,077 [INFO] IPUIPlugin:80 - create IPUIPlugin
2025-07-11 10:11:10,077 [INFO] PluginManager:220 - loadIPPluginJar : add usart
2025-07-11 10:11:10,077 [INFO] IPUIPlugin:80 - create IPUIPlugin
2025-07-11 10:11:10,077 [INFO] PluginManager:220 - loadIPPluginJar : add usbx
2025-07-11 10:11:10,234 [FATAL] Updater:351 - Updater called before beeing initialized
2025-07-11 10:11:10,277 [INFO] RulesReader:64 - Compatibility file has been processed (302 Rules)
2025-07-11 10:11:10,293 [INFO] RulesReader:64 - Compatibility file has been processed (302 Rules)
2025-07-11 10:11:10,311 [INFO] CADModel:165 - CPN selected for project level
2025-07-11 10:11:10,311 [INFO] CADModel:114 - Register for checkConnection events
2025-07-11 10:11:10,312 [FATAL] Updater:351 - Updater called before beeing initialized
2025-07-11 10:11:10,312 [ERROR] CADModel:125 - Updater not yet initialized, retry later 
2025-07-11 10:11:10,513 [FATAL] Updater:351 - Updater called before beeing initialized
2025-07-11 10:11:10,517 [INFO] CADModel:165 - CPN selected for project level
2025-07-11 10:11:10,517 [INFO] CADModel:114 - Register for checkConnection events
2025-07-11 10:11:10,517 [FATAL] Updater:351 - Updater called before beeing initialized
2025-07-11 10:11:10,517 [ERROR] CADModel:125 - Updater not yet initialized, retry later 
2025-07-11 10:11:10,522 [FATAL] Updater:351 - Updater called before beeing initialized
2025-07-11 10:11:10,682 [FATAL] Updater:351 - Updater called before beeing initialized
2025-07-11 10:11:10,689 [INFO] DbMcusAds:53 - JSON generation date=Thu Jun 19 14:02:37 IST 2025 (1750321957418)
2025-07-11 10:11:10,689 [FATAL] Updater:351 - Updater called before beeing initialized
2025-07-11 10:11:10,738 [WARN] DetailPanel:346 - Failed to get advertising image, set to default
2025-07-11 10:11:11,008 [FATAL] Updater:351 - Updater called before beeing initialized
2025-07-11 10:11:11,009 [FATAL] Updater:351 - Updater called before beeing initialized
2025-07-11 10:11:11,009 [FATAL] Updater:351 - Updater called before beeing initialized
2025-07-11 10:11:11,009 [WARN] DetailPanel:346 - Failed to get advertising image, set to default
2025-07-11 10:11:11,012 [FATAL] Updater:351 - Updater called before beeing initialized
2025-07-11 10:11:11,067 [ERROR] Updater:1198 - MainUpdater not yet initialized. External WinMGr cannot be set.
2025-07-11 10:11:11,071 [INFO] Updater:1134 - Updater Version found : 6.14.1
2025-07-11 10:11:11,093 [INFO] ApplicationProperties:184 - Using Application install path: C:\ST\STM32CubeIDE_1.16.1\STM32CubeIDE\plugins\com.st.stm32cube.common.mx_6.14.1.202504091515
2025-07-11 10:11:12,151 [INFO] ThirdPartyUpdaterWithRetryManager:70 - Updater plugin not ready yet. [2/15]
2025-07-11 10:11:12,742 [ERROR] LogOutputStream:75 - [STDERR_REDIRECT] Jul 11, 2025 10:11:12 AM java.util.prefs.WindowsPreferences <init>
2025-07-11 10:11:12,742 [ERROR] LogOutputStream:75 - [STDERR_REDIRECT] WARNING: Could not open/create prefs root node Software\JavaSoft\Prefs at root 0xffffffff80000002. Windows RegCreateKeyEx(...) returned error code 5.
2025-07-11 10:11:12,742 [ERROR] LogOutputStream:75 - [STDERR_REDIRECT] 
2025-07-11 10:11:13,224 [INFO] MainUpdater:2872 - connection check result : 10
2025-07-11 10:11:13,226 [INFO] MainUpdater:289 - Updater Check For Update Now.
2025-07-11 10:11:13,226 [INFO] MicroXplorer:498 - Change Database Version : DB.6.0.141
2025-07-11 10:11:13,237 [INFO] McuFinderGlobals:63 - Set McuFinder mode to 2 (CubeIDE integrated)
2025-07-11 10:11:13,237 [INFO] UserAuth:484 - Internet connection configuration mode: 1
2025-07-11 10:11:13,267 [INFO] JxBrowserEngine:152 - Initiate JxBrowser Engine with user profile folder
2025-07-11 10:11:13,457 [INFO] CheckServerUpdateThread:120 - End of CheckServer Thread
2025-07-11 10:11:14,314 [INFO] WebApp:169 - Instantiating new browser for Auth
2025-07-11 10:11:15,303 [INFO] WebApp:463 - Apply proxy settings
2025-07-11 10:11:15,304 [INFO] WebApp:548 - Chromium requires no authentication
2025-07-11 10:11:15,325 [INFO] WebApp:491 - Direct internet connection detected
2025-07-11 10:11:15,394 [INFO] WebApp:894 - Register for checkConnection events
2025-07-11 10:11:15,394 [INFO] WebApp:463 - Apply proxy settings
2025-07-11 10:11:15,394 [INFO] WebApp:548 - Chromium requires no authentication
2025-07-11 10:11:15,397 [INFO] WebApp:491 - Direct internet connection detected
2025-07-11 10:11:15,634 [INFO] WebApp:191 - Connection restablished
2025-07-11 10:11:15,878 [INFO] WebApp:225 - Starting web application
2025-07-11 10:11:15,878 [INFO] WebApp:593 - Web application path used C:\ST\STM32CubeIDE_1.16.1\STM32CubeIDE\plugins\com.st.stm32cube.common.mx_6.14.1.202504091515\db\plugins\mcufinder\reactClient1\index.html
2025-07-11 10:11:16,006 [WARN] PackLoader:240 - Cannot read IP mode file for STMicroelectronics.FP-SNS-MOTENVWB1.1.4.0
2025-07-11 10:11:16,025 [WARN] PackLoader:240 - Cannot read IP mode file for STMicroelectronics.FP-ATR-ASTRA1.2.0.2
2025-07-11 10:11:16,035 [WARN] PackLoader:240 - Cannot read IP mode file for STMicroelectronics.FP-ATR-ASTRA1.2.0.1
2025-07-11 10:11:16,069 [WARN] PackLoader:240 - Cannot read IP mode file for STMicroelectronics.X-CUBE-SMBUS.2.1.0
2025-07-11 10:11:16,091 [WARN] PackLoader:240 - Cannot read IP mode file for STMicroelectronics.X-CUBE-WB05N.1.1.0
2025-07-11 10:11:16,106 [WARN] PackLoader:240 - Cannot read IP mode file for STMicroelectronics.X-CUBE-ST60.1.0.0
2025-07-11 10:11:16,197 [WARN] PackLoader:240 - Cannot read IP mode file for STMicroelectronics.X-CUBE-AZRTOS-F7.1.1.0
2025-07-11 10:11:16,203 [INFO] UserAuth:484 - Internet connection configuration mode: 1
2025-07-11 10:11:16,228 [WARN] PackLoader:240 - Cannot read IP mode file for STMicroelectronics.FP-SNS-FLIGHT1.5.0.2
2025-07-11 10:11:16,313 [WARN] PackLoader:240 - Cannot read IP mode file for Infineon.AIROC-Wi-Fi-Bluetooth-STM32.1.7.0
2025-07-11 10:11:16,410 [WARN] PackLoader:240 - Cannot read IP mode file for STMicroelectronics.X-CUBE-AZRTOS-H7.3.4.0
2025-07-11 10:11:16,441 [WARN] PackLoader:240 - Cannot read IP mode file for STMicroelectronics.X-CUBE-DISPLAY.3.0.0
2025-07-11 10:11:16,465 [WARN] PackLoader:240 - Cannot read IP mode file for STMicroelectronics.X-CUBE-BLE1.7.0.0
2025-07-11 10:11:16,480 [WARN] PackLoader:240 - Cannot read IP mode file for STMicroelectronics.X-CUBE-NFC10.1.0.0
2025-07-11 10:11:16,511 [WARN] PackLoader:240 - Cannot read IP mode file for STMicroelectronics.X-CUBE-BLEMGR.4.0.0
2025-07-11 10:11:16,531 [WARN] PackLoader:240 - Cannot read IP mode file for emotas.I-CUBE-CANOPEN.1.3.0
2025-07-11 10:11:16,603 [WARN] PackLoader:240 - Cannot read IP mode file for STMicroelectronics.X-CUBE-AI.10.0.0
2025-07-11 10:11:16,645 [WARN] PackLoader:240 - Cannot read IP mode file for STMicroelectronics.FP-SNS-SMARTAG2.1.2.0
2025-07-11 10:11:16,655 [WARN] PackLoader:240 - Cannot read IP mode file for STMicroelectronics.FP-SNS-FLIGHT1.5.1.0
2025-07-11 10:11:16,812 [WARN] PackLoader:240 - Cannot read IP mode file for STMicroelectronics.X-CUBE-MEMS1.11.1.0
2025-07-11 10:11:17,211 [INFO] LogOutputStream:77 - [STDOUT_REDIRECT] 1 : Invalid condition id : UX_CORESTACK_Condition cause : null
2025-07-11 10:11:17,213 [INFO] LogOutputStream:77 - [STDOUT_REDIRECT] 1 : Invalid condition id : UX_CORESTACK_Condition cause : null
2025-07-11 10:11:17,216 [INFO] LogOutputStream:77 - [STDOUT_REDIRECT] 1 : Invalid condition id : UX_CORESTACK_Condition cause : null
2025-07-11 10:11:17,220 [INFO] LogOutputStream:77 - [STDOUT_REDIRECT] 1 : Invalid condition id : UX_CORESTACK_Condition cause : null
2025-07-11 10:11:17,224 [INFO] LogOutputStream:77 - [STDOUT_REDIRECT] 1 : Invalid condition id : UX_CORESTACK_Condition cause : null
2025-07-11 10:11:17,229 [WARN] PackLoader:240 - Cannot read IP mode file for STMicroelectronics.X-CUBE-AZRTOS-WL.2.0.0
2025-07-11 10:11:17,245 [WARN] PackLoader:240 - Cannot read IP mode file for STMicroelectronics.FP-SNS-MOTENV1.5.0.0
2025-07-11 10:11:17,261 [WARN] PackLoader:240 - Cannot read IP mode file for wolfSSL.I-CUBE-wolfMQTT.1.19.0
2025-07-11 10:11:17,283 [WARN] PackLoader:240 - Cannot read IP mode file for WES.I-CUBE-Cesium.1.3.0
2025-07-11 10:11:17,467 [WARN] PackLoader:240 - Cannot read IP mode file for STMicroelectronics.X-CUBE-BLE2.3.3.0
2025-07-11 10:11:17,487 [WARN] PackLoader:240 - Cannot read IP mode file for STMicroelectronics.X-CUBE-NFC9.1.0.0
2025-07-11 10:11:17,498 [WARN] PackLoader:240 - Cannot read IP mode file for STMicroelectronics.X-CUBE-BLE1.7.1.0
2025-07-11 10:11:17,507 [WARN] PackLoader:240 - Cannot read IP mode file for STMicroelectronics.X-CUBE-AI.10.1.0
2025-07-11 10:11:17,610 [WARN] PackLoader:240 - Cannot read IP mode file for STMicroelectronics.X-CUBE-MEMS1.11.2.0
2025-07-11 10:11:17,870 [WARN] PackLoader:240 - Cannot read IP mode file for STMicroelectronics.X-CUBE-AZRTOS-G0.1.1.0
2025-07-11 10:11:17,885 [WARN] PackLoader:240 - Cannot read IP mode file for STMicroelectronics.X-CUBE-SAFEA1.1.2.2
2025-07-11 10:11:17,896 [WARN] PackLoader:240 - Cannot read IP mode file for STMicroelectronics.X-CUBE-NFC4.3.0.0
2025-07-11 10:11:17,916 [WARN] PackLoader:240 - Cannot read IP mode file for EmbeddedOffice.I-CUBE-FS-RTOS.1.0.1
2025-07-11 10:11:17,926 [WARN] PackLoader:240 - Cannot read IP mode file for STMicroelectronics.X-CUBE-WB05N.2.0.0
2025-07-11 10:11:17,937 [WARN] PackLoader:240 - Cannot read IP mode file for STMicroelectronics.X-CUBE-TCPP.4.2.0
2025-07-11 10:11:17,952 [WARN] PackLoader:240 - Cannot read IP mode file for RealThread.X-CUBE-RT-Thread_Nano.4.1.1
2025-07-11 10:11:17,962 [WARN] PackLoader:240 - Cannot read IP mode file for STMicroelectronics.FP-ATR-SIGFOX1.3.2.0
2025-07-11 10:11:17,976 [WARN] ConditionMgr:438 - getConditionDescription Invalid condition id : Cortex-A Device cause : null
2025-07-11 10:11:17,997 [WARN] ConditionMgr:1044 - genDependencies : Invalid condition id : Cortex-A Device cause : null
2025-07-11 10:11:17,998 [WARN] ConditionMgr:1044 - genDependencies : Invalid condition id : Cortex-A Device cause : null
2025-07-11 10:11:17,998 [WARN] ConditionMgr:1044 - genDependencies : Invalid condition id : Cortex-A Device cause : null
2025-07-11 10:11:18,011 [WARN] PackLoader:240 - Cannot read IP mode file for STMicroelectronics.X-CUBE-EEPRMA1.5.1.0
2025-07-11 10:11:18,024 [WARN] PackLoader:240 - Cannot read IP mode file for wolfSSL.I-CUBE-wolfSSL.5.7.4
2025-07-11 10:11:18,038 [WARN] PackLoader:240 - Cannot read IP mode file for ITTIA_DB.I-CUBE-ITTIADB.8.9.0
2025-07-11 10:11:18,055 [WARN] PackLoader:240 - Cannot read IP mode file for STMicroelectronics.X-CUBE-ST67W61.1.0.0
2025-07-11 10:11:18,117 [WARN] PackLoader:240 - Cannot read IP mode file for SEGGER.I-CUBE-embOS.1.3.1
2025-07-11 10:11:18,210 [WARN] PackLoader:240 - Cannot read IP mode file for STMicroelectronics.X-CUBE-ALGOBUILD.1.4.0
2025-07-11 10:11:18,358 [WARN] PackLoader:240 - Cannot read IP mode file for STMicroelectronics.X-CUBE-MEMS1.11.3.0
2025-07-11 10:11:18,609 [WARN] PackLoader:240 - Cannot read IP mode file for STMicroelectronics.X-CUBE-AI.9.1.0
2025-07-11 10:11:18,615 [WARN] PackLoader:240 - Cannot read IP mode file for STMicroelectronics.X-CUBE-PM33A1.1.0.0
2025-07-11 10:11:18,634 [WARN] PackLoader:240 - Cannot read IP mode file for STMicroelectronics.X-CUBE-AZRTOS-F4.1.1.0
2025-07-11 10:11:18,645 [WARN] PackLoader:240 - Cannot read IP mode file for Avnet-IotConnect.X-CUBE-IoTC-DA16k-PMOD.1.0.0
2025-07-11 10:11:18,651 [WARN] PackLoader:240 - Cannot read IP mode file for STMicroelectronics.X-CUBE-ISPU.2.1.0
2025-07-11 10:11:18,673 [WARN] PackLoader:240 - Cannot read IP mode file for STMicroelectronics.X-CUBE-AZRTOS-L5.2.0.0
2025-07-11 10:11:18,686 [WARN] PackLoader:240 - Cannot read IP mode file for STMicroelectronics.X-CUBE-NFC6.3.1.0
2025-07-11 10:11:18,698 [WARN] PackLoader:240 - Cannot read IP mode file for STMicroelectronics.X-CUBE-DPower.1.2.0
2025-07-11 10:11:18,708 [WARN] PackLoader:240 - Cannot read IP mode file for STMicroelectronics.X-CUBE-FREERTOS.1.3.1
2025-07-11 10:11:18,715 [WARN] PackLoader:240 - Cannot read IP mode file for STMicroelectronics.X-CUBE-FREERTOS.1.3.0
2025-07-11 10:11:18,723 [WARN] PackLoader:240 - Cannot read IP mode file for STMicroelectronics.X-CUBE-NFC7.1.0.1
2025-07-11 10:11:18,732 [WARN] PackLoader:240 - Cannot read IP mode file for STMicroelectronics.FP-SNS-STAIOTCFT.1.0.0
2025-07-11 10:11:18,740 [WARN] PackLoader:240 - Cannot read IP mode file for STMicroelectronics.X-CUBE-DPower.1.3.0
2025-07-11 10:11:18,758 [WARN] ConditionMgr:438 - getConditionDescription Invalid condition id : LAN8742 Phy interface Condition cause : null
2025-07-11 10:11:18,759 [WARN] PackLoader:240 - Cannot read IP mode file for STMicroelectronics.X-CUBE-AZRTOS-L4.2.0.0
2025-07-11 10:11:18,761 [WARN] ConditionMgr:1044 - genDependencies : Invalid condition id : LAN8742 Phy interface Condition cause : null
2025-07-11 10:11:18,761 [WARN] ConditionMgr:1044 - genDependencies : Invalid condition id : LAN8742 Phy interface Condition cause : null
2025-07-11 10:11:18,761 [WARN] ConditionMgr:1044 - genDependencies : Invalid condition id : LAN8742 Phy interface Condition cause : null
2025-07-11 10:11:18,772 [WARN] PackLoader:240 - Cannot read IP mode file for STMicroelectronics.X-CUBE-SFXS2LP1.4.0.0
2025-07-11 10:11:18,796 [WARN] PackLoader:240 - Cannot read IP mode file for STMicroelectronics.X-CUBE-AZRTOS-H7.3.3.0
2025-07-11 10:11:18,811 [WARN] PackLoader:240 - Cannot read IP mode file for STMicroelectronics.X-CUBE-IPS.3.0.0
2025-07-11 10:11:18,830 [WARN] ConditionMgr:438 - getConditionDescription Invalid condition id : UX DEVICE CLASS RTOS Condition cause : null
2025-07-11 10:11:18,830 [WARN] ConditionMgr:438 - getConditionDescription Invalid condition id : UX DEVICE CLASS RTOS Condition cause : null
2025-07-11 10:11:18,833 [WARN] PackLoader:240 - Cannot read IP mode file for STMicroelectronics.X-CUBE-AZRTOS-WB.2.0.0
2025-07-11 10:11:18,833 [WARN] ConditionMgr:1044 - genDependencies : Invalid condition id : UX DEVICE CLASS RTOS Condition cause : null
2025-07-11 10:11:18,834 [WARN] ConditionMgr:1044 - genDependencies : Invalid condition id : UX DEVICE CLASS RTOS Condition cause : null
2025-07-11 10:11:18,834 [WARN] ConditionMgr:1044 - genDependencies : Invalid condition id : UX DEVICE CLASS RTOS Condition cause : null
2025-07-11 10:11:18,834 [WARN] ConditionMgr:1044 - genDependencies : Invalid condition id : UX DEVICE CLASS RTOS Condition cause : null
2025-07-11 10:11:18,834 [WARN] ConditionMgr:1044 - genDependencies : Invalid condition id : UX DEVICE CLASS RTOS Condition cause : null
2025-07-11 10:11:18,843 [WARN] PackLoader:240 - Cannot read IP mode file for STMicroelectronics.X-CUBE-GNSS1.7.0.1
2025-07-11 10:11:18,851 [WARN] PackLoader:240 - Cannot read IP mode file for STMicroelectronics.X-CUBE-TOUCHGFX.4.25.0
2025-07-11 10:11:18,860 [WARN] PackLoader:240 - Cannot read IP mode file for STMicroelectronics.FP-SNS-STBOX1.2.0.0
2025-07-11 10:11:18,875 [WARN] PackLoader:240 - Cannot read IP mode file for STMicroelectronics.X-CUBE-SUBG2.5.0.0
2025-07-11 10:11:18,899 [WARN] PackLoader:240 - Cannot read IP mode file for STMicroelectronics.X-CUBE-AZRTOS-H7RS.1.1.0
2025-07-11 10:11:18,910 [WARN] PackLoader:240 - Cannot read IP mode file for Cesanta.I-CUBE-Mongoose.7.13.0
2025-07-11 10:11:18,928 [WARN] PackLoader:240 - Cannot read IP mode file for STMicroelectronics.X-CUBE-AZRTOS-G4.2.0.0
2025-07-11 10:11:18,935 [WARN] PackLoader:240 - Cannot read IP mode file for STMicroelectronics.X-CUBE-NFC7.2.0.0
2025-07-11 10:11:18,951 [WARN] PackLoader:240 - Cannot read IP mode file for STMicroelectronics.X-CUBE-IPS.3.1.0
2025-07-11 10:11:18,974 [WARN] PackLoader:240 - Cannot read IP mode file for STMicroelectronics.X-CUBE-ALS.1.0.2
2025-07-11 10:11:18,983 [WARN] PackLoader:240 - Cannot read IP mode file for STMicroelectronics.X-CUBE-TOUCHGFX.4.24.0
2025-07-11 10:11:19,109 [WARN] PackLoader:240 - Cannot read IP mode file for STMicroelectronics.X-CUBE-TOUCHGFX.4.24.2
2025-07-11 10:11:19,191 [WARN] PackLoader:240 - Cannot read IP mode file for STMicroelectronics.X-CUBE-TOUCHGFX.4.24.1
2025-07-11 10:11:19,199 [WARN] PackLoader:240 - Cannot read IP mode file for wolfSSL.I-CUBE-wolfTPM.3.4.0
2025-07-11 10:11:19,212 [WARN] PackLoader:240 - Cannot read IP mode file for portGmbH.I-Cube-SoM-uGOAL.1.1.0
2025-07-11 10:11:19,244 [WARN] PackLoader:240 - Cannot read IP mode file for STMicroelectronics.X-CUBE-AZRTOS-H7RS.1.0.0
2025-07-11 10:11:19,268 [WARN] PackLoader:240 - Cannot read IP mode file for STMicroelectronics.X-CUBE-TOF1.3.4.2
2025-07-11 10:11:19,319 [WARN] PackLoader:240 - Cannot read IP mode file for STMicroelectronics.X-CUBE-TOF1.3.4.3
2025-07-11 10:11:19,349 [WARN] PackLoader:240 - Cannot read IP mode file for wolfSSL.I-CUBE-wolfSSH.1.4.17
2025-07-11 10:11:19,352 [INFO] ThirdParty:978 - Integrity check success = true
2025-07-11 10:11:19,352 [INFO] IntegrityCheckThread:100 - exiting critical section [integrity check]
2025-07-11 10:11:19,353 [INFO] IntegrityCheckThread:103 - End integrity checks thread
2025-07-11 10:11:24,490 [INFO] McuFinderGlobals:63 - Set McuFinder mode to 2 (CubeIDE integrated)
2025-07-11 10:11:24,498 [INFO] MainUpdater:2872 - connection check result : 10
2025-07-11 10:11:24,500 [INFO] MainUpdater:2872 - connection check result : 10
2025-07-11 10:11:24,558 [INFO] MicroXplorer:468 - Change Database Path : 
2025-07-11 10:11:24,558 [INFO] MicroXplorer:498 - Change Database Version : DB.6.0.141
2025-07-11 10:11:24,579 [WARN] ThirdParty:871 - waiting for thirdparty lock release [close project]
2025-07-11 10:11:24,579 [INFO] ThirdParty:873 - entering critical section [close project]
2025-07-11 10:11:24,582 [INFO] ThirdParty:883 - exiting critical section [close project]
2025-07-11 10:11:24,587 [INFO] PinOutPanel:1589 - setPackage(No Configuration,No Configuration)
2025-07-11 10:11:24,594 [INFO] UtilMem:75 - Begin LoadConfig() Used Memory: 214087080 Bytes (350224384)
2025-07-11 10:11:24,595 [INFO] MicroXplorer:468 - Change Database Path : 
2025-07-11 10:11:24,596 [INFO] MicroXplorer:498 - Change Database Version : DB.6.0.141
2025-07-11 10:11:24,596 [INFO] OpenFileManager:354 - Change cursor
2025-07-11 10:11:24,625 [INFO] Mcu:2011 - Initializing MCU STM32F446R(C-E)Tx STM32F446RETx STM32F446RET6
2025-07-11 10:11:27,253 [INFO] Context:756 - Trying to add GPIOservice into a context  which must be forbidden
2025-07-11 10:11:28,001 [INFO] ImportTextPane:218 - (OptionalMessage_ERROR) Pin23 (VP_RIF_VS_RIF1) cannot be retrieved for this MCU
2025-07-11 10:11:28,136 [INFO] RtosManager:558 - Registered RTOS mode: class=CMSIS, group=RTOS, mode=CMSIS_V1, owner=FREERTOS
2025-07-11 10:11:28,136 [INFO] RtosManager:558 - Registered RTOS mode: class=CMSIS, group=RTOS2, mode=CMSIS_V2, owner=FREERTOS
2025-07-11 10:11:28,136 [INFO] RtosManager:558 - Registered RTOS mode: class=RTOS, group=Core, mode=CMSIS_V1, owner=FREERTOS
2025-07-11 10:11:28,136 [INFO] RtosManager:558 - Registered RTOS mode: class=RTOS, group=Core, mode=CMSIS_V2, owner=FREERTOS
2025-07-11 10:11:28,137 [WARN] ModelIntegratedComponent:184 - Missing modes for component STMicroelectronics:FreeRTOS:0.0.1:STMicroelectronics:RTOS:FreeRTOS:Core:::10.2.0:
2025-07-11 10:11:28,158 [WARN] ModelIntegratedComponent:63 - No mode defined for component null
2025-07-11 10:11:28,158 [WARN] ModelIntegratedComponent:63 - No mode defined for component null
2025-07-11 10:11:28,158 [WARN] ModelIntegratedComponent:63 - No mode defined for component null
2025-07-11 10:11:28,158 [WARN] ModelIntegratedComponent:63 - No mode defined for component null
2025-07-11 10:11:28,158 [WARN] ModelIntegratedComponent:63 - No mode defined for component null
2025-07-11 10:11:28,159 [WARN] ModelIntegratedComponent:63 - No mode defined for component null
2025-07-11 10:11:28,159 [WARN] ModelIntegratedComponent:63 - No mode defined for component null
2025-07-11 10:11:28,159 [WARN] ModelIntegratedComponent:63 - No mode defined for component null
2025-07-11 10:11:28,159 [WARN] ModelIntegratedComponent:63 - No mode defined for component null
2025-07-11 10:11:28,159 [WARN] ModelIntegratedComponent:63 - No mode defined for component null
2025-07-11 10:11:28,159 [WARN] ModelIntegratedComponent:63 - No mode defined for component null
2025-07-11 10:11:28,159 [WARN] ModelIntegratedComponent:63 - No mode defined for component null
2025-07-11 10:11:28,160 [WARN] ModelIntegratedComponent:63 - No mode defined for component null
2025-07-11 10:11:28,160 [WARN] ModelIntegratedComponent:63 - No mode defined for component null
2025-07-11 10:11:28,161 [WARN] ModelIntegratedComponent:63 - No mode defined for component null
2025-07-11 10:11:28,161 [WARN] ModelIntegratedComponent:63 - No mode defined for component null
2025-07-11 10:11:28,161 [WARN] ModelIntegratedComponent:63 - No mode defined for component null
2025-07-11 10:11:28,162 [WARN] ModelIntegratedComponent:63 - No mode defined for component null
2025-07-11 10:11:28,162 [WARN] ModelIntegratedComponent:63 - No mode defined for component null
2025-07-11 10:11:28,162 [WARN] ModelIntegratedComponent:63 - No mode defined for component null
2025-07-11 10:11:28,162 [WARN] ModelIntegratedComponent:63 - No mode defined for component null
2025-07-11 10:11:28,162 [WARN] ModelIntegratedComponent:63 - No mode defined for component null
2025-07-11 10:11:28,162 [WARN] ModelIntegratedComponent:63 - No mode defined for component null
2025-07-11 10:11:28,162 [WARN] ModelIntegratedComponent:63 - No mode defined for component null
2025-07-11 10:11:28,162 [WARN] ModelIntegratedComponent:63 - No mode defined for component null
2025-07-11 10:11:28,162 [WARN] ModelIntegratedComponent:63 - No mode defined for component null
2025-07-11 10:11:28,163 [WARN] ModelIntegratedComponent:63 - No mode defined for component null
2025-07-11 10:11:28,163 [WARN] ModelIntegratedComponent:63 - No mode defined for component null
2025-07-11 10:11:28,163 [WARN] ModelIntegratedComponent:63 - No mode defined for component null
2025-07-11 10:11:28,163 [WARN] ModelIntegratedComponent:63 - No mode defined for component null
2025-07-11 10:11:28,163 [WARN] ModelIntegratedComponent:63 - No mode defined for component null
2025-07-11 10:11:28,163 [WARN] ModelIntegratedComponent:63 - No mode defined for component null
2025-07-11 10:11:28,163 [WARN] ModelIntegratedComponent:63 - No mode defined for component null
2025-07-11 10:11:28,163 [WARN] ModelIntegratedComponent:63 - No mode defined for component null
2025-07-11 10:11:28,164 [WARN] ModelIntegratedComponent:63 - No mode defined for component null
2025-07-11 10:11:28,164 [WARN] ModelPack:524 - Component already loaded: STMicroelectronics:HAL Drivers:0.0.0:STMicroelectronics:Device:STMicro_Driver:XSPI:HAL::0.0.1:HAL_XSPI
2025-07-11 10:11:28,571 [INFO] ThirdPartyModel:298 - Start build external matchings
2025-07-11 10:11:29,636 [INFO] ThirdPartyModel:316 - End build external matchings
2025-07-11 10:11:30,371 [INFO] ApiDb:581 - Connected to CubeFinder SQLite database (C:\Users\kjeya\.stmcufinder\plugins\mcufinder\mcu\cube-finder-db.db)
2025-07-11 10:11:30,508 [INFO] ApiDb:668 - CubeFinder database Data Model version=2.1
2025-07-11 10:11:30,509 [INFO] ApiDb:669 - CubeFinder database Configuration version=3.0.39
2025-07-11 10:11:30,509 [INFO] ApiDb:670 - CubeFinder database generation date=2025-06-16 (1750072209)
2025-07-11 10:11:30,509 [INFO] ApiDb:671 - CubeFinder database FW Pack versions=[FP-ATR-ASTRA1_V2.0.0, FP-SNS-FLIGHT1_V5.1.0, FP-SNS-MOTENV1_V5.0.0, FP-SNS-MOTENVWB1_V1.4.0, FP-SNS-SMARTAG2_V1.2.0, FP-SNS-STBOX1_V2.0.0, STM32Cube_FW_C0_V1.4.0, STM32Cube_FW_F4_V1.28.2, STM32Cube_FW_F7_V1.17.3, STM32Cube_FW_G0_V1.6.2, STM32Cube_FW_G4_V1.6.1, STM32Cube_FW_H5_V1.5.0, STM32Cube_FW_H7RS_V1.2.0, STM32Cube_FW_H7_V1.12.1, STM32Cube_FW_L0_V1.12.2, STM32Cube_FW_L4_V1.18.1, STM32Cube_FW_L5_V1.5.1, STM32Cube_FW_N6_V1.1.1, STM32Cube_FW_U0_V1.2.0, STM32Cube_FW_U3_V1.1.0, STM32Cube_FW_U5_V1.7.0, STM32Cube_FW_WB0_V1.2.0, STM32Cube_FW_WBA_V1.6.0, STM32Cube_FW_WB_V1.22.0, STM32Cube_FW_WL3_V1.1.0, STM32Cube_FW_WL_V1.3.1, X-CUBE-ALGOBUILD_V1.4.0, X-CUBE-ALS_V1.0.2, X-CUBE-AZRTOS-F4_V1.1.0, X-CUBE-AZRTOS-F7_V1.1.0, X-CUBE-AZRTOS-G0_V1.1.0, X-CUBE-AZRTOS-G4_V2.0.0, X-CUBE-AZRTOS-H7RS_V1.1.0, X-CUBE-AZRTOS-H7_V3.3.0, X-CUBE-AZRTOS-L4_V2.0.0, X-CUBE-AZRTOS-L5_V2.0.0, X-CUBE-AZRTOS-WB_V2.0.0, X-CUBE-AZRTOS-WL_V2.0.0, X-CUBE-BLE1_V7.1.0, X-CUBE-BLE2_V3.3.0, X-CUBE-BLEMGR_V4.0.0, X-CUBE-EEPRMA1_V5.1.0, X-CUBE-FREERTOS_V1.3.1, X-CUBE-GNSS1_V6.0.0, X-CUBE-MEMS1_V11.3.0, X-CUBE-NFC4_V3.0.0, X-CUBE-NFC7_V2.0.0, X-CUBE-SFXS2LP1_V4.0.0, X-CUBE-SUBG2_V5.0.0, X-CUBE-TOF1_V3.4.3]
2025-07-11 10:11:30,679 [INFO] DbBoardsSqlite:226 - include board P-NUCLEO-WB55-NUCLEO as a kit item of type 'Nucleo-64'
2025-07-11 10:11:30,680 [INFO] DbBoardsSqlite:226 - include board P-NUCLEO-WB55-USBDONGLE as a kit item of type 'Nucleo USB Dongle'
2025-07-11 10:11:30,681 [INFO] DbBoardsSqlite:226 - include board STEVAL-IDP005V1 as a kit item of type 'Evaluation Board'
2025-07-11 10:11:30,682 [INFO] DbBoardsSqlite:226 - include board STEVAL-IDP005V2 as a kit item of type 'Evaluation Board'
2025-07-11 10:11:31,153 [INFO] ApiDb:240 - Found 895 in-development CPN: [B-G473E-ZEST1S, B-WB1M-WPAN1, B-WBA5M-WPAN, B-WL5M-SUBG1, NUCLEO-C031C6, NUCLEO-C051C8, NUCLEO-C071RB, NUCLEO-C092RC, NUCLEO-H503RB, NUCLEO-H533RE, NUCLEO-H563ZI, NUCLEO-H7S3L8, NUCLEO-N657X0-Q, NUCLEO-U031R8, NUCLEO-U083RC, NUCLEO-U385RG-Q, NUCLEO-U545RE-Q, NUCLEO-U5A5ZJ-Q, NUCLEO-WB05KZ, NUCLEO-WB07CC, NUCLEO-WB09KE, NUCLEO-WBA52CG, NUCLEO-WBA55CG, NUCLEO-WBA65RI, NUCLEO-WL33CC1, NUCLEO-WL33CC2, STEVAL-PROTEUS1, STEVAL-SMARTAG2, STEVAL-STWINBX1, STM320518-EVAL, STM32C0116-DK, STM32C011D6Y3TR, STM32C011D6Y6TR, STM32C011F4P3, STM32C011F4P6, STM32C011F4U3, STM32C011F4U6TR, STM32C011F6P3, STM32C011F6P6, STM32C011F6U3, STM32C011F6U6TR, STM32C011J4M3, STM32C011J4M6, STM32C011J6M3, STM32C011J6M6, STM32C0316-DK, STM32C031C4T3, STM32C031C4T6, STM32C031C4U3, STM32C031C4U6, STM32C031C6T3, STM32C031C6T6, STM32C031C6U3, STM32C031C6U6, STM32C031F4P3, STM32C031F4P6, STM32C031F6P3, STM32C031F6P6, STM32C031G4U3, STM32C031G4U6, STM32C031G6U3, STM32C031G6U6, STM32C031K4T3, STM32C031K4T6, STM32C031K4U3, STM32C031K4U6, STM32C031K6T3, STM32C031K6T6, STM32C031K6U3, STM32C031K6U6, STM32C051C6T6, STM32C051C6U6, STM32C051C8T6, STM32C051C8U6, STM32C051D8Y6TR, STM32C051F6P6, STM32C051F8P6, STM32C051G6U6, STM32C051G8U6, STM32C051K6T6, STM32C051K6U6, STM32C051K8T6, STM32C071C8T6, STM32C071C8T6N, STM32C071C8U6, STM32C071C8U6N, STM32C071CBT6, STM32C071CBT6N, STM32C071CBU6, STM32C071CBU6N, STM32C071F8P6, STM32C071F8P6N, STM32C071FBP6, STM32C071FBP6N, STM32C071FBY6TR, STM32C071G8U6, STM32C071G8U6N, STM32C071GBU6, STM32C071GBU6N, STM32C071K8T6, STM32C071K8T6N, STM32C071K8U6, STM32C071K8U6N, STM32C071KBT6, STM32C071KBT6N, STM32C071KBU6, STM32C071KBU6N, STM32C071R8T6, STM32C071R8T6N, STM32C071RBI6N, STM32C071RBT6, STM32C071RBT6N, STM32C091CBT6, STM32C091CBU6, STM32C091CCT6, STM32C091CCU6, STM32C091ECY6TR, STM32C091FBP6, STM32C091FCP6, STM32C091GBU6, STM32C091GCU6, STM32C091KBT6, STM32C091KBU6, STM32C091KCT6, STM32C091KCU6, STM32C091RBT6, STM32C091RCI6, STM32C091RCT6, STM32C092CBT6, STM32C092CBU6, STM32C092CCT6, STM32C092CCU6, STM32C092ECY6TR, STM32C092FBP6, STM32C092FCP6, STM32C092GBU6, STM32C092GCU6, STM32C092KBT6, STM32C092KBU6, STM32C092KCT6, STM32C092KCU6, STM32C092RBT6, STM32C092RCI6, STM32C092RCT6, STM32G071K8TXN, STM32G071K8UXN, STM32G081GBU6N, STM32G081KBT6N, STM32G081KBUXN, STM32G0B1CCT6N, STM32G0B1KCT6, STM32G0B1NEY6TR, STM32G0B1RCT6N, STM32G0C1CCT6, STM32G0C1CCT6N, STM32G0C1CCU6N, STM32G0C1CET6N, STM32G0C1CEU6N, STM32G0C1KCT6, STM32G0C1NEY6TR, STM32G0C1RCI6N, STM32G0C1RCT6N, STM32G0C1REI6N, STM32G0C1RET6N, STM32G0C1VCI6, STM32G0C1VEI6, STM32G411C6T3, STM32G411C6T6, STM32G411C6U3, STM32G411C6U6, STM32G411C8T3, STM32G411C8T6, STM32G411C8U3, STM32G411C8U6, STM32G411CBT3, STM32G411CBT6, STM32G411CBU3, STM32G411CBU6, STM32G411CCT3, STM32G411CCT6, STM32G411CCU3, STM32G411CCU6, STM32G411K6T3, STM32G411K6T6, STM32G411K6U3, STM32G411K6U6, STM32G411K8T3, STM32G411K8T6, STM32G411K8U3, STM32G411K8U6, STM32G411KBT3, STM32G411KBT6, STM32G411KBU3, STM32G411KBU6, STM32G411M6T3, STM32G411M6T6, STM32G411M8T3, STM32G411M8T6, STM32G411MBT3, STM32G411MBT6, STM32G411MCT3, STM32G411MCT6, STM32G411R6T3, STM32G411R6T6, STM32G411R8T3, STM32G411R8T6, STM32G411RBT3, STM32G411RBT6, STM32G411RCT3, STM32G411RCT6, STM32G414CBT3, STM32G414CBT6, STM32G414CBU3, STM32G414CBU6, STM32G414CCT3, STM32G414CCT6, STM32G414CCU3, STM32G414CCU6, STM32G414MBT3, STM32G414MBT6, STM32G414MCT3, STM32G414MCT6, STM32G414RBT3, STM32G414RBT6, STM32G414RCT3, STM32G414RCT6, STM32G414VBT3, STM32G414VBT6, STM32G414VCT3, STM32G414VCT6, STM32G431CBT3Z, STM32G431RBT3Z, STM32G471CCT6, STM32G471CCU6, STM32G471CET3, STM32G471CET6, STM32G471CEU3, STM32G471CEU6, STM32G471MCT6, STM32G471MET3, STM32G471MET6, STM32G471MEY6TR, STM32G471QCT6, STM32G471QET3, STM32G471RCT6, STM32G471RET3, STM32G471RET6, STM32G471VCH6, STM32G471VCI6, STM32G471VCT6, STM32G471VEH3, STM32G471VEH6, STM32G471VEI3, STM32G471VEI6, STM32G471VET3, STM32G471VET6, STM32G473QET3Z, STM32G473RET3Z, STM32G474CCT6, STM32G491RET3Z, STM32H503CBT6, STM32H503CBU6, STM32H503EBY6TR, STM32H503KBU6, STM32H503RBT6, STM32H523CCT6, STM32H523CCU6, STM32H523CET6, STM32H523CEU6, STM32H523HEY6TR, STM32H523RCT6, STM32H523RET6, STM32H523VCI6, STM32H523VCT6, STM32H523VEI6, STM32H523VET6, STM32H523ZCJ6, STM32H523ZCT6, STM32H523ZEJ6, STM32H523ZET6, STM32H533CET6, STM32H533CEU6, STM32H533HEY6TR, STM32H533RET6, STM32H533VEI6, STM32H533VET6, STM32H533ZEJ6, STM32H533ZET6, STM32H562AGI6, STM32H562AII6, STM32H562IGK6, STM32H562IGT6, STM32H562IIK6, STM32H562IIT6, STM32H562RGT6, STM32H562RGV6, STM32H562RIT6, STM32H562RIV6, STM32H562VGT6, STM32H562VIT6, STM32H562ZGT6, STM32H562ZIT6, STM32H563AGI6, STM32H563AII3Q, STM32H563AII6, STM32H563IGK6, STM32H563IGT6, STM32H563IIK3Q, STM32H563IIK6, STM32H563IIT3Q, STM32H563IIT6, STM32H563MIY3QTR, STM32H563RGT6, STM32H563RGV6, STM32H563RIT6, STM32H563RIV6, STM32H563VGT6, STM32H563VIT3Q, STM32H563VIT6, STM32H563ZGT6, STM32H563ZIT3Q, STM32H563ZIT6, STM32H573AII3Q, STM32H573AII6, STM32H573I-DK, STM32H573IIK3Q, STM32H573IIK6, STM32H573IIT3Q, STM32H573IIT6, STM32H573MIY3QTR, STM32H573RIT6, STM32H573RIV6, STM32H573VIT3Q, STM32H573VIT6, STM32H573ZIT3Q, STM32H573ZIT6, STM32H7R3A8I6, STM32H7R3I8K6, STM32H7R3I8T6, STM32H7R3L8H6, STM32H7R3L8H6H, STM32H7R3R8V6, STM32H7R3V8H6, STM32H7R3V8T6, STM32H7R3V8Y6TR, STM32H7R3Z8J6, STM32H7R3Z8T6, STM32H7R7A8I6, STM32H7R7I8K6, STM32H7R7I8T6, STM32H7R7L8H6, STM32H7R7L8H6H, STM32H7R7Z8J6, STM32H7S3A8I6, STM32H7S3I8K6, STM32H7S3I8T6, STM32H7S3L8H6, STM32H7S3L8H6H, STM32H7S3R8V6, STM32H7S3V8H6, STM32H7S3V8T6, STM32H7S3V8Y6TR, STM32H7S3Z8J6, STM32H7S3Z8T6, STM32H7S78-DK, STM32H7S7A8I6, STM32H7S7I8K6, STM32H7S7I8T6, STM32H7S7L8H6, STM32H7S7L8H6H, STM32H7S7Z8J6, STM32L4R5QGI6STR, STM32MP131AAE3, STM32MP131AAF3, STM32MP131AAG3, STM32MP131CAE3, STM32MP131CAF3, STM32MP131CAG3, STM32MP131DAE7, STM32MP131DAF7, STM32MP131DAG7, STM32MP131FAE7, STM32MP131FAF7, STM32MP131FAG7, STM32MP133AAE3, STM32MP133AAF3, STM32MP133AAG3, STM32MP133CAE3, STM32MP133CAF3, STM32MP133CAG3, STM32MP133DAE7, STM32MP133DAF7, STM32MP133DAG7, STM32MP133FAE7, STM32MP133FAF7, STM32MP133FAG7, STM32MP135AAE3, STM32MP135AAF3, STM32MP135AAG3, STM32MP135CAE3, STM32MP135CAF3, STM32MP135CAG3, STM32MP135DAE7, STM32MP135DAF7, STM32MP135DAG7, STM32MP135F-DK, STM32MP135FAE7, STM32MP135FAF7, STM32MP135FAF7T, STM32MP135FAF7U, STM32MP135FAG7, STM32MP231AAJ3, STM32MP231AAK3, STM32MP231AAL3, STM32MP231CAJ3, STM32MP231CAK3, STM32MP231CAL3, STM32MP231DAJ3, STM32MP231DAK3, STM32MP231DAL3, STM32MP231FAJ3, STM32MP231FAK3, STM32MP231FAL3, STM32MP233AAJ3, STM32MP233AAK3, STM32MP233AAL3, STM32MP233CAJ3, STM32MP233CAK3, STM32MP233CAL3, STM32MP233DAJ3, STM32MP233DAK3, STM32MP233DAL3, STM32MP233FAJ3, STM32MP233FAK3, STM32MP233FAL3, STM32MP235AAJ3, STM32MP235AAK3, STM32MP235AAL3, STM32MP235CAJ3, STM32MP235CAK3, STM32MP235CAL3, STM32MP235DAJ3, STM32MP235DAK3, STM32MP235DAL3, STM32MP235FAJ3, STM32MP235FAK3, STM32MP235FAL3, STM32MP251AAI3, STM32MP251AAJ3, STM32MP251AAK3, STM32MP251AAL3, STM32MP251CAI3, STM32MP251CAJ3, STM32MP251CAK3, STM32MP251CAL3, STM32MP251DAI3, STM32MP251DAJ3, STM32MP251DAK3, STM32MP251DAL3, STM32MP251FAI3, STM32MP251FAJ3, STM32MP251FAK3, STM32MP251FAL3, STM32MP253AAI3, STM32MP253AAJ3, STM32MP253AAK3, STM32MP253AAL3, STM32MP253CAI3, STM32MP253CAJ3, STM32MP253CAK3, STM32MP253CAL3, STM32MP253DAI3, STM32MP253DAJ3, STM32MP253DAK3, STM32MP253DAL3, STM32MP253FAI3, STM32MP253FAJ3, STM32MP253FAK3, STM32MP253FAL3, STM32MP255AAI3, STM32MP255AAJ3, STM32MP255AAK3, STM32MP255AAL3, STM32MP255CAI3, STM32MP255CAJ3, STM32MP255CAK3, STM32MP255CAL3, STM32MP255DAI3, STM32MP255DAJ3, STM32MP255DAK3, STM32MP255DAL3, STM32MP255FAI3, STM32MP255FAJ3, STM32MP255FAK3, STM32MP255FAL3, STM32MP257AAI3, STM32MP257AAJ3, STM32MP257AAK3, STM32MP257AAL3, STM32MP257CAI3, STM32MP257CAJ3, STM32MP257CAK3, STM32MP257CAL3, STM32MP257DAI3, STM32MP257DAJ3, STM32MP257DAK3, STM32MP257DAL3, STM32MP257F-DK, STM32MP257F-EV1, STM32MP257FAI3, STM32MP257FAJ3, STM32MP257FAK3, STM32MP257FAL3, STM32N645A0H3Q, STM32N645B0H3Q, STM32N645I0H3Q, STM32N645L0H3Q, STM32N645X0H3Q, STM32N645Z0H3Q, STM32N647A0H3Q, STM32N647B0H3Q, STM32N647I0H3Q, STM32N647L0H3Q, STM32N647X0H3Q, STM32N647Z0H3Q, STM32N655A0H3Q, STM32N655B0H3Q, STM32N655I0H3Q, STM32N655L0H3Q, STM32N655X0H3Q, STM32N655Z0H3Q, STM32N6570-DK, STM32N657A0H3Q, STM32N657B0H3Q, STM32N657I0H3Q, STM32N657L0H3Q, STM32N657X0H3Q, STM32N657Z0H3Q, STM32U031C6T6, STM32U031C6U6, STM32U031C8T6, STM32U031C8U6, STM32U031F4P6, STM32U031F6P6, STM32U031F8P6, STM32U031G6Y6TR, STM32U031G8Y6TR, STM32U031K4U6, STM32U031K6U6, STM32U031K8U6, STM32U031R6I6, STM32U031R6T6, STM32U031R8I6, STM32U031R8T6, STM32U073C8T6, STM32U073C8U6, STM32U073CBT6, STM32U073CBU6, STM32U073CCT6, STM32U073CCU6, STM32U073H8Y6TR, STM32U073HBY6TR, STM32U073HCY6TR, STM32U073K8U6, STM32U073KBU6, STM32U073KCU6, STM32U073M8I6, STM32U073M8T6, STM32U073MBI6, STM32U073MBT6, STM32U073MCI6, STM32U073MCT6, STM32U073R8I6, STM32U073R8T6, STM32U073RBI6, STM32U073RBT6, STM32U073RCI6, STM32U073RCT6, STM32U083C-DK, STM32U083CCT6, STM32U083CCU6, STM32U083HCY6TR, STM32U083KCU6, STM32U083MCI6, STM32U083MCT6, STM32U083RCI6, STM32U083RCT6, STM32U375CET6, STM32U375CET6Q, STM32U375CEU6, STM32U375CEU6Q, STM32U375CEY6QTR, STM32U375CGT6, STM32U375CGT6Q, STM32U375CGU6, STM32U375CGU6Q, STM32U375CGY6QTR, STM32U375KEU6, STM32U375KGU6, STM32U375REI6, STM32U375REI6Q, STM32U375RET6, STM32U375RET6Q, STM32U375REY6GTR, STM32U375REY6QTR, STM32U375RGI6, STM32U375RGI6Q, STM32U375RGT6, STM32U375RGT6Q, STM32U375RGY6GTR, STM32U375RGY6QTR, STM32U375VEI6, STM32U375VEI6Q, STM32U375VET6, STM32U375VET6Q, STM32U375VGI6, STM32U375VGI6Q, STM32U375VGT6, STM32U375VGT6Q, STM32U385CGT6, STM32U385CGT6Q, STM32U385CGU6, STM32U385CGU6Q, STM32U385CGY6QTR, STM32U385KGU6, STM32U385RGI6, STM32U385RGI6Q, STM32U385RGT6, STM32U385RGT6Q, STM32U385RGY6GTR, STM32U385RGY6QTR, STM32U385VGI6, STM32U385VGI6Q, STM32U385VGT6, STM32U385VGT6Q, STM32U535CBT6, STM32U535CBT6Q, STM32U535CBU6, STM32U535CBU6Q, STM32U535CCT6, STM32U535CCT6Q, STM32U535CCU6, STM32U535CCU6Q, STM32U535CET6, STM32U535CET6Q, STM32U535CEU6, STM32U535CEU6Q, STM32U535JEY6QTR, STM32U535NCY6QTR, STM32U535NEY6QTR, STM32U535RBI6, STM32U535RBI6Q, STM32U535RBT6, STM32U535RBT6Q, STM32U535RCI6, STM32U535RCI6Q, STM32U535RCT6, STM32U535RCT6Q, STM32U535REI6, STM32U535REI6Q, STM32U535RET6, STM32U535RET6Q, STM32U535VCI6, STM32U535VCI6Q, STM32U535VCT6, STM32U535VCT6Q, STM32U535VEI6, STM32U535VEI6Q, STM32U535VET6, STM32U535VET6Q, STM32U545CET6, STM32U545CET6Q, STM32U545CEU6, STM32U545CEU6Q, STM32U545JEY6QTR, STM32U545NEY6QTR, STM32U545REI6, STM32U545REI6Q, STM32U545RET6, STM32U545RET6Q, STM32U545VEI6, STM32U545VEI6Q, STM32U545VET6, STM32U545VET6Q, STM32U595AIH6, STM32U595AIH6Q, STM32U595AJH6, STM32U595AJH6Q, STM32U595QII6, STM32U595QII6Q, STM32U595QJI6, STM32U595QJI6Q, STM32U595RIT6, STM32U595RIT6Q, STM32U595RJT6, STM32U595RJT6Q, STM32U595VIT6, STM32U595VIT6Q, STM32U595VJT6, STM32U595VJT6Q, STM32U595ZIT6, STM32U595ZIT6Q, STM32U595ZIY6QTR, STM32U595ZJT6, STM32U595ZJT6Q, STM32U595ZJY6QTR, STM32U599BJY6QTR, STM32U599NIH6Q, STM32U599NJH6Q, STM32U599VIT6Q, STM32U599VJT6, STM32U599VJT6Q, STM32U599ZIT6Q, STM32U599ZIY6QTR, STM32U599ZJT6Q, STM32U599ZJY6QTR, STM32U5A5AJH6, STM32U5A5AJH6Q, STM32U5A5QII3Q , STM32U5A5QJI6, STM32U5A5QJI6Q, STM32U5A5RJT6, STM32U5A5RJT6Q, STM32U5A5VJT6, STM32U5A5VJT6Q, STM32U5A5ZJT6, STM32U5A5ZJT6Q, STM32U5A5ZJY6QTR, STM32U5A9BJY6QTR, STM32U5A9J-DK, STM32U5A9NJH6Q, STM32U5A9VJT6Q, STM32U5A9ZJT6Q, STM32U5A9ZJY6QTR, STM32U5F7VIT6, STM32U5F7VIT6Q, STM32U5F7VJT6, STM32U5F7VJT6Q, STM32U5F9BJY6QTR, STM32U5F9NJH6Q, STM32U5F9VIT6Q, STM32U5F9VJT6Q, STM32U5F9ZIJ6QTR, STM32U5F9ZIT6Q, STM32U5F9ZJJ6QTR, STM32U5F9ZJT6Q, STM32U5G7VJT6, STM32U5G7VJT6Q, STM32U5G9BJY6QTR, STM32U5G9J-DK1, STM32U5G9J-DK2, STM32U5G9NJH6Q, STM32U5G9VJT6Q, STM32U5G9ZJJ6QTR, STM32U5G9ZJT6Q, STM32WB05KZV6TR, STM32WB05KZV7TR, STM32WB05TZF6TR, STM32WB05TZF7TR, STM32WB06CCF6TR, STM32WB06CCF7TR, STM32WB06CCV6TR, STM32WB06CCV7TR, STM32WB06KCV6TR, STM32WB06KCV7TR, STM32WB07CCF6TR, STM32WB07CCF7TR, STM32WB07CCV6TR, STM32WB07CCV7TR, STM32WB07KCV6TR, STM32WB07KCV7TR, STM32WB09KEV6TR, STM32WB09KEV7TR, STM32WB09TEF6TR, STM32WB09TEF7TR, STM32WB1MMCH6, STM32WBA50KGU6, STM32WBA50KGU6TR, STM32WBA52CEU6, STM32WBA52CEU6TR, STM32WBA52CEU7, STM32WBA52CEU7TR, STM32WBA52CGU6, STM32WBA52CGU6TR, STM32WBA52CGU6U, STM32WBA52CGU7, STM32WBA52CGU7TR, STM32WBA52KEU6, STM32WBA52KEU6TR, STM32WBA52KGU6, STM32WBA52KGU6TR, STM32WBA54CEU6, STM32WBA54CEU6TR, STM32WBA54CEU7, STM32WBA54CEU7TR, STM32WBA54CGU6, STM32WBA54CGU6TR, STM32WBA54CGU7, STM32WBA54CGU7TR, STM32WBA54KEU6, STM32WBA54KEU6TR, STM32WBA54KEU7, STM32WBA54KEU7TR, STM32WBA54KGU6, STM32WBA54KGU6TR, STM32WBA54KGU7, STM32WBA54KGU7TR, STM32WBA55CEU6, STM32WBA55CEU6TR, STM32WBA55CEU7, STM32WBA55CEU7TR, STM32WBA55CGU6, STM32WBA55CGU6TR, STM32WBA55CGU6U, STM32WBA55CGU7, STM32WBA55CGU7TR, STM32WBA55G-DK1, STM32WBA55HEF6, STM32WBA55HEF7, STM32WBA55HGF6, STM32WBA55HGF7, STM32WBA55UEI6, STM32WBA55UEI6TR, STM32WBA55UEI7, STM32WBA55UEI7TR, STM32WBA55UGI6, STM32WBA55UGI6TR, STM32WBA55UGI7, STM32WBA55UGI7TR, STM32WBA5MJGH6TR, STM32WBA62CGU6, STM32WBA62CIU6, STM32WBA62MGF6, STM32WBA62MIF6, STM32WBA62PGI6, STM32WBA62PII6, STM32WBA63CGU6, STM32WBA63CGU7, STM32WBA63CIU6, STM32WBA63CIU7, STM32WBA64CGU6, STM32WBA64CGU7, STM32WBA64CIU6, STM32WBA64CIU7, STM32WBA65CGU6, STM32WBA65CGU7, STM32WBA65CIU6, STM32WBA65CIU7, STM32WBA65I-DK1, STM32WBA65MGF6, STM32WBA65MGF7, STM32WBA65MIF6, STM32WBA65MIF7, STM32WBA65PGI6, STM32WBA65PGI7, STM32WBA65PII6, STM32WBA65PII7, STM32WBA65RGV6, STM32WBA65RGV7, STM32WBA65RIV6, STM32WBA65RIV7, STM32WL30K8V6, STM32WL30KBV6, STM32WL31C8V6, STM32WL31CBV6, STM32WL31K8V6, STM32WL31KBV6, STM32WL33C8V6, STM32WL33C8V6TR, STM32WL33C8V7, STM32WL33C8V7TR, STM32WL33CBV6, STM32WL33CBV6TR, STM32WL33CBV7, STM32WL33CBV7TR, STM32WL33CCV6, STM32WL33CCV6TR, STM32WL33CCV7, STM32WL33CCV7A, STM32WL33CCV7ATR, STM32WL33CCV7TR, STM32WL33K8V6, STM32WL33K8V6TR, STM32WL33K8V7, STM32WL33K8V7TR, STM32WL33KBV6, STM32WL33KBV6TR, STM32WL33KBV7, STM32WL33KBV7TR, STM32WL33KCV6, STM32WL33KCV6TR, STM32WL33KCV7, STM32WL33KCV7TR, STM32WL5MOCH6, STM32WL5MOCH6TR]
2025-07-11 10:11:31,457 [INFO] BoardInfo:889 - No configuration file found for board P-NUCLEO-WB55
2025-07-11 10:11:31,461 [INFO] DbBoards:161 - Kit is not supported: P-NUCLEO-WB55
2025-07-11 10:11:31,469 [INFO] BoardInfo:889 - No configuration file found for board STEVAL-BFA001V1B
2025-07-11 10:11:31,471 [INFO] DbBoards:161 - Kit is not supported: STEVAL-BFA001V1B
2025-07-11 10:11:31,472 [INFO] BoardInfo:889 - No configuration file found for board STEVAL-BFA001V2B
2025-07-11 10:11:31,475 [INFO] DbBoards:161 - Kit is not supported: STEVAL-BFA001V2B
2025-07-11 10:11:31,759 [INFO] DbBoards:168 - Found 211 boards, 208 are supported
2025-07-11 10:11:31,759 [INFO] DbBoards:169 - Found 211 boards, 43 of them is supported for  Bsp
2025-07-11 10:11:31,763 [INFO] ApiDb:668 - CubeFinder database Data Model version=2.1
2025-07-11 10:11:31,763 [INFO] ApiDb:669 - CubeFinder database Configuration version=3.0.39
2025-07-11 10:11:31,763 [INFO] ApiDb:670 - CubeFinder database generation date=2025-06-16 (1750072209)
2025-07-11 10:11:31,763 [INFO] ApiDb:671 - CubeFinder database FW Pack versions=[FP-ATR-ASTRA1_V2.0.0, FP-SNS-FLIGHT1_V5.1.0, FP-SNS-MOTENV1_V5.0.0, FP-SNS-MOTENVWB1_V1.4.0, FP-SNS-SMARTAG2_V1.2.0, FP-SNS-STBOX1_V2.0.0, STM32Cube_FW_C0_V1.4.0, STM32Cube_FW_F4_V1.28.2, STM32Cube_FW_F7_V1.17.3, STM32Cube_FW_G0_V1.6.2, STM32Cube_FW_G4_V1.6.1, STM32Cube_FW_H5_V1.5.0, STM32Cube_FW_H7RS_V1.2.0, STM32Cube_FW_H7_V1.12.1, STM32Cube_FW_L0_V1.12.2, STM32Cube_FW_L4_V1.18.1, STM32Cube_FW_L5_V1.5.1, STM32Cube_FW_N6_V1.1.1, STM32Cube_FW_U0_V1.2.0, STM32Cube_FW_U3_V1.1.0, STM32Cube_FW_U5_V1.7.0, STM32Cube_FW_WB0_V1.2.0, STM32Cube_FW_WBA_V1.6.0, STM32Cube_FW_WB_V1.22.0, STM32Cube_FW_WL3_V1.1.0, STM32Cube_FW_WL_V1.3.1, X-CUBE-ALGOBUILD_V1.4.0, X-CUBE-ALS_V1.0.2, X-CUBE-AZRTOS-F4_V1.1.0, X-CUBE-AZRTOS-F7_V1.1.0, X-CUBE-AZRTOS-G0_V1.1.0, X-CUBE-AZRTOS-G4_V2.0.0, X-CUBE-AZRTOS-H7RS_V1.1.0, X-CUBE-AZRTOS-H7_V3.3.0, X-CUBE-AZRTOS-L4_V2.0.0, X-CUBE-AZRTOS-L5_V2.0.0, X-CUBE-AZRTOS-WB_V2.0.0, X-CUBE-AZRTOS-WL_V2.0.0, X-CUBE-BLE1_V7.1.0, X-CUBE-BLE2_V3.3.0, X-CUBE-BLEMGR_V4.0.0, X-CUBE-EEPRMA1_V5.1.0, X-CUBE-FREERTOS_V1.3.1, X-CUBE-GNSS1_V6.0.0, X-CUBE-MEMS1_V11.3.0, X-CUBE-NFC4_V3.0.0, X-CUBE-NFC7_V2.0.0, X-CUBE-SFXS2LP1_V4.0.0, X-CUBE-SUBG2_V5.0.0, X-CUBE-TOF1_V3.4.3]
2025-07-11 10:11:33,953 [INFO] ApiDb:240 - Found 895 in-development CPN: [B-G473E-ZEST1S, B-WB1M-WPAN1, B-WBA5M-WPAN, B-WL5M-SUBG1, NUCLEO-C031C6, NUCLEO-C051C8, NUCLEO-C071RB, NUCLEO-C092RC, NUCLEO-H503RB, NUCLEO-H533RE, NUCLEO-H563ZI, NUCLEO-H7S3L8, NUCLEO-N657X0-Q, NUCLEO-U031R8, NUCLEO-U083RC, NUCLEO-U385RG-Q, NUCLEO-U545RE-Q, NUCLEO-U5A5ZJ-Q, NUCLEO-WB05KZ, NUCLEO-WB07CC, NUCLEO-WB09KE, NUCLEO-WBA52CG, NUCLEO-WBA55CG, NUCLEO-WBA65RI, NUCLEO-WL33CC1, NUCLEO-WL33CC2, STEVAL-PROTEUS1, STEVAL-SMARTAG2, STEVAL-STWINBX1, STM320518-EVAL, STM32C0116-DK, STM32C011D6Y3TR, STM32C011D6Y6TR, STM32C011F4P3, STM32C011F4P6, STM32C011F4U3, STM32C011F4U6TR, STM32C011F6P3, STM32C011F6P6, STM32C011F6U3, STM32C011F6U6TR, STM32C011J4M3, STM32C011J4M6, STM32C011J6M3, STM32C011J6M6, STM32C0316-DK, STM32C031C4T3, STM32C031C4T6, STM32C031C4U3, STM32C031C4U6, STM32C031C6T3, STM32C031C6T6, STM32C031C6U3, STM32C031C6U6, STM32C031F4P3, STM32C031F4P6, STM32C031F6P3, STM32C031F6P6, STM32C031G4U3, STM32C031G4U6, STM32C031G6U3, STM32C031G6U6, STM32C031K4T3, STM32C031K4T6, STM32C031K4U3, STM32C031K4U6, STM32C031K6T3, STM32C031K6T6, STM32C031K6U3, STM32C031K6U6, STM32C051C6T6, STM32C051C6U6, STM32C051C8T6, STM32C051C8U6, STM32C051D8Y6TR, STM32C051F6P6, STM32C051F8P6, STM32C051G6U6, STM32C051G8U6, STM32C051K6T6, STM32C051K6U6, STM32C051K8T6, STM32C071C8T6, STM32C071C8T6N, STM32C071C8U6, STM32C071C8U6N, STM32C071CBT6, STM32C071CBT6N, STM32C071CBU6, STM32C071CBU6N, STM32C071F8P6, STM32C071F8P6N, STM32C071FBP6, STM32C071FBP6N, STM32C071FBY6TR, STM32C071G8U6, STM32C071G8U6N, STM32C071GBU6, STM32C071GBU6N, STM32C071K8T6, STM32C071K8T6N, STM32C071K8U6, STM32C071K8U6N, STM32C071KBT6, STM32C071KBT6N, STM32C071KBU6, STM32C071KBU6N, STM32C071R8T6, STM32C071R8T6N, STM32C071RBI6N, STM32C071RBT6, STM32C071RBT6N, STM32C091CBT6, STM32C091CBU6, STM32C091CCT6, STM32C091CCU6, STM32C091ECY6TR, STM32C091FBP6, STM32C091FCP6, STM32C091GBU6, STM32C091GCU6, STM32C091KBT6, STM32C091KBU6, STM32C091KCT6, STM32C091KCU6, STM32C091RBT6, STM32C091RCI6, STM32C091RCT6, STM32C092CBT6, STM32C092CBU6, STM32C092CCT6, STM32C092CCU6, STM32C092ECY6TR, STM32C092FBP6, STM32C092FCP6, STM32C092GBU6, STM32C092GCU6, STM32C092KBT6, STM32C092KBU6, STM32C092KCT6, STM32C092KCU6, STM32C092RBT6, STM32C092RCI6, STM32C092RCT6, STM32G071K8TXN, STM32G071K8UXN, STM32G081GBU6N, STM32G081KBT6N, STM32G081KBUXN, STM32G0B1CCT6N, STM32G0B1KCT6, STM32G0B1NEY6TR, STM32G0B1RCT6N, STM32G0C1CCT6, STM32G0C1CCT6N, STM32G0C1CCU6N, STM32G0C1CET6N, STM32G0C1CEU6N, STM32G0C1KCT6, STM32G0C1NEY6TR, STM32G0C1RCI6N, STM32G0C1RCT6N, STM32G0C1REI6N, STM32G0C1RET6N, STM32G0C1VCI6, STM32G0C1VEI6, STM32G411C6T3, STM32G411C6T6, STM32G411C6U3, STM32G411C6U6, STM32G411C8T3, STM32G411C8T6, STM32G411C8U3, STM32G411C8U6, STM32G411CBT3, STM32G411CBT6, STM32G411CBU3, STM32G411CBU6, STM32G411CCT3, STM32G411CCT6, STM32G411CCU3, STM32G411CCU6, STM32G411K6T3, STM32G411K6T6, STM32G411K6U3, STM32G411K6U6, STM32G411K8T3, STM32G411K8T6, STM32G411K8U3, STM32G411K8U6, STM32G411KBT3, STM32G411KBT6, STM32G411KBU3, STM32G411KBU6, STM32G411M6T3, STM32G411M6T6, STM32G411M8T3, STM32G411M8T6, STM32G411MBT3, STM32G411MBT6, STM32G411MCT3, STM32G411MCT6, STM32G411R6T3, STM32G411R6T6, STM32G411R8T3, STM32G411R8T6, STM32G411RBT3, STM32G411RBT6, STM32G411RCT3, STM32G411RCT6, STM32G414CBT3, STM32G414CBT6, STM32G414CBU3, STM32G414CBU6, STM32G414CCT3, STM32G414CCT6, STM32G414CCU3, STM32G414CCU6, STM32G414MBT3, STM32G414MBT6, STM32G414MCT3, STM32G414MCT6, STM32G414RBT3, STM32G414RBT6, STM32G414RCT3, STM32G414RCT6, STM32G414VBT3, STM32G414VBT6, STM32G414VCT3, STM32G414VCT6, STM32G431CBT3Z, STM32G431RBT3Z, STM32G471CCT6, STM32G471CCU6, STM32G471CET3, STM32G471CET6, STM32G471CEU3, STM32G471CEU6, STM32G471MCT6, STM32G471MET3, STM32G471MET6, STM32G471MEY6TR, STM32G471QCT6, STM32G471QET3, STM32G471RCT6, STM32G471RET3, STM32G471RET6, STM32G471VCH6, STM32G471VCI6, STM32G471VCT6, STM32G471VEH3, STM32G471VEH6, STM32G471VEI3, STM32G471VEI6, STM32G471VET3, STM32G471VET6, STM32G473QET3Z, STM32G473RET3Z, STM32G474CCT6, STM32G491RET3Z, STM32H503CBT6, STM32H503CBU6, STM32H503EBY6TR, STM32H503KBU6, STM32H503RBT6, STM32H523CCT6, STM32H523CCU6, STM32H523CET6, STM32H523CEU6, STM32H523HEY6TR, STM32H523RCT6, STM32H523RET6, STM32H523VCI6, STM32H523VCT6, STM32H523VEI6, STM32H523VET6, STM32H523ZCJ6, STM32H523ZCT6, STM32H523ZEJ6, STM32H523ZET6, STM32H533CET6, STM32H533CEU6, STM32H533HEY6TR, STM32H533RET6, STM32H533VEI6, STM32H533VET6, STM32H533ZEJ6, STM32H533ZET6, STM32H562AGI6, STM32H562AII6, STM32H562IGK6, STM32H562IGT6, STM32H562IIK6, STM32H562IIT6, STM32H562RGT6, STM32H562RGV6, STM32H562RIT6, STM32H562RIV6, STM32H562VGT6, STM32H562VIT6, STM32H562ZGT6, STM32H562ZIT6, STM32H563AGI6, STM32H563AII3Q, STM32H563AII6, STM32H563IGK6, STM32H563IGT6, STM32H563IIK3Q, STM32H563IIK6, STM32H563IIT3Q, STM32H563IIT6, STM32H563MIY3QTR, STM32H563RGT6, STM32H563RGV6, STM32H563RIT6, STM32H563RIV6, STM32H563VGT6, STM32H563VIT3Q, STM32H563VIT6, STM32H563ZGT6, STM32H563ZIT3Q, STM32H563ZIT6, STM32H573AII3Q, STM32H573AII6, STM32H573I-DK, STM32H573IIK3Q, STM32H573IIK6, STM32H573IIT3Q, STM32H573IIT6, STM32H573MIY3QTR, STM32H573RIT6, STM32H573RIV6, STM32H573VIT3Q, STM32H573VIT6, STM32H573ZIT3Q, STM32H573ZIT6, STM32H7R3A8I6, STM32H7R3I8K6, STM32H7R3I8T6, STM32H7R3L8H6, STM32H7R3L8H6H, STM32H7R3R8V6, STM32H7R3V8H6, STM32H7R3V8T6, STM32H7R3V8Y6TR, STM32H7R3Z8J6, STM32H7R3Z8T6, STM32H7R7A8I6, STM32H7R7I8K6, STM32H7R7I8T6, STM32H7R7L8H6, STM32H7R7L8H6H, STM32H7R7Z8J6, STM32H7S3A8I6, STM32H7S3I8K6, STM32H7S3I8T6, STM32H7S3L8H6, STM32H7S3L8H6H, STM32H7S3R8V6, STM32H7S3V8H6, STM32H7S3V8T6, STM32H7S3V8Y6TR, STM32H7S3Z8J6, STM32H7S3Z8T6, STM32H7S78-DK, STM32H7S7A8I6, STM32H7S7I8K6, STM32H7S7I8T6, STM32H7S7L8H6, STM32H7S7L8H6H, STM32H7S7Z8J6, STM32L4R5QGI6STR, STM32MP131AAE3, STM32MP131AAF3, STM32MP131AAG3, STM32MP131CAE3, STM32MP131CAF3, STM32MP131CAG3, STM32MP131DAE7, STM32MP131DAF7, STM32MP131DAG7, STM32MP131FAE7, STM32MP131FAF7, STM32MP131FAG7, STM32MP133AAE3, STM32MP133AAF3, STM32MP133AAG3, STM32MP133CAE3, STM32MP133CAF3, STM32MP133CAG3, STM32MP133DAE7, STM32MP133DAF7, STM32MP133DAG7, STM32MP133FAE7, STM32MP133FAF7, STM32MP133FAG7, STM32MP135AAE3, STM32MP135AAF3, STM32MP135AAG3, STM32MP135CAE3, STM32MP135CAF3, STM32MP135CAG3, STM32MP135DAE7, STM32MP135DAF7, STM32MP135DAG7, STM32MP135F-DK, STM32MP135FAE7, STM32MP135FAF7, STM32MP135FAF7T, STM32MP135FAF7U, STM32MP135FAG7, STM32MP231AAJ3, STM32MP231AAK3, STM32MP231AAL3, STM32MP231CAJ3, STM32MP231CAK3, STM32MP231CAL3, STM32MP231DAJ3, STM32MP231DAK3, STM32MP231DAL3, STM32MP231FAJ3, STM32MP231FAK3, STM32MP231FAL3, STM32MP233AAJ3, STM32MP233AAK3, STM32MP233AAL3, STM32MP233CAJ3, STM32MP233CAK3, STM32MP233CAL3, STM32MP233DAJ3, STM32MP233DAK3, STM32MP233DAL3, STM32MP233FAJ3, STM32MP233FAK3, STM32MP233FAL3, STM32MP235AAJ3, STM32MP235AAK3, STM32MP235AAL3, STM32MP235CAJ3, STM32MP235CAK3, STM32MP235CAL3, STM32MP235DAJ3, STM32MP235DAK3, STM32MP235DAL3, STM32MP235FAJ3, STM32MP235FAK3, STM32MP235FAL3, STM32MP251AAI3, STM32MP251AAJ3, STM32MP251AAK3, STM32MP251AAL3, STM32MP251CAI3, STM32MP251CAJ3, STM32MP251CAK3, STM32MP251CAL3, STM32MP251DAI3, STM32MP251DAJ3, STM32MP251DAK3, STM32MP251DAL3, STM32MP251FAI3, STM32MP251FAJ3, STM32MP251FAK3, STM32MP251FAL3, STM32MP253AAI3, STM32MP253AAJ3, STM32MP253AAK3, STM32MP253AAL3, STM32MP253CAI3, STM32MP253CAJ3, STM32MP253CAK3, STM32MP253CAL3, STM32MP253DAI3, STM32MP253DAJ3, STM32MP253DAK3, STM32MP253DAL3, STM32MP253FAI3, STM32MP253FAJ3, STM32MP253FAK3, STM32MP253FAL3, STM32MP255AAI3, STM32MP255AAJ3, STM32MP255AAK3, STM32MP255AAL3, STM32MP255CAI3, STM32MP255CAJ3, STM32MP255CAK3, STM32MP255CAL3, STM32MP255DAI3, STM32MP255DAJ3, STM32MP255DAK3, STM32MP255DAL3, STM32MP255FAI3, STM32MP255FAJ3, STM32MP255FAK3, STM32MP255FAL3, STM32MP257AAI3, STM32MP257AAJ3, STM32MP257AAK3, STM32MP257AAL3, STM32MP257CAI3, STM32MP257CAJ3, STM32MP257CAK3, STM32MP257CAL3, STM32MP257DAI3, STM32MP257DAJ3, STM32MP257DAK3, STM32MP257DAL3, STM32MP257F-DK, STM32MP257F-EV1, STM32MP257FAI3, STM32MP257FAJ3, STM32MP257FAK3, STM32MP257FAL3, STM32N645A0H3Q, STM32N645B0H3Q, STM32N645I0H3Q, STM32N645L0H3Q, STM32N645X0H3Q, STM32N645Z0H3Q, STM32N647A0H3Q, STM32N647B0H3Q, STM32N647I0H3Q, STM32N647L0H3Q, STM32N647X0H3Q, STM32N647Z0H3Q, STM32N655A0H3Q, STM32N655B0H3Q, STM32N655I0H3Q, STM32N655L0H3Q, STM32N655X0H3Q, STM32N655Z0H3Q, STM32N6570-DK, STM32N657A0H3Q, STM32N657B0H3Q, STM32N657I0H3Q, STM32N657L0H3Q, STM32N657X0H3Q, STM32N657Z0H3Q, STM32U031C6T6, STM32U031C6U6, STM32U031C8T6, STM32U031C8U6, STM32U031F4P6, STM32U031F6P6, STM32U031F8P6, STM32U031G6Y6TR, STM32U031G8Y6TR, STM32U031K4U6, STM32U031K6U6, STM32U031K8U6, STM32U031R6I6, STM32U031R6T6, STM32U031R8I6, STM32U031R8T6, STM32U073C8T6, STM32U073C8U6, STM32U073CBT6, STM32U073CBU6, STM32U073CCT6, STM32U073CCU6, STM32U073H8Y6TR, STM32U073HBY6TR, STM32U073HCY6TR, STM32U073K8U6, STM32U073KBU6, STM32U073KCU6, STM32U073M8I6, STM32U073M8T6, STM32U073MBI6, STM32U073MBT6, STM32U073MCI6, STM32U073MCT6, STM32U073R8I6, STM32U073R8T6, STM32U073RBI6, STM32U073RBT6, STM32U073RCI6, STM32U073RCT6, STM32U083C-DK, STM32U083CCT6, STM32U083CCU6, STM32U083HCY6TR, STM32U083KCU6, STM32U083MCI6, STM32U083MCT6, STM32U083RCI6, STM32U083RCT6, STM32U375CET6, STM32U375CET6Q, STM32U375CEU6, STM32U375CEU6Q, STM32U375CEY6QTR, STM32U375CGT6, STM32U375CGT6Q, STM32U375CGU6, STM32U375CGU6Q, STM32U375CGY6QTR, STM32U375KEU6, STM32U375KGU6, STM32U375REI6, STM32U375REI6Q, STM32U375RET6, STM32U375RET6Q, STM32U375REY6GTR, STM32U375REY6QTR, STM32U375RGI6, STM32U375RGI6Q, STM32U375RGT6, STM32U375RGT6Q, STM32U375RGY6GTR, STM32U375RGY6QTR, STM32U375VEI6, STM32U375VEI6Q, STM32U375VET6, STM32U375VET6Q, STM32U375VGI6, STM32U375VGI6Q, STM32U375VGT6, STM32U375VGT6Q, STM32U385CGT6, STM32U385CGT6Q, STM32U385CGU6, STM32U385CGU6Q, STM32U385CGY6QTR, STM32U385KGU6, STM32U385RGI6, STM32U385RGI6Q, STM32U385RGT6, STM32U385RGT6Q, STM32U385RGY6GTR, STM32U385RGY6QTR, STM32U385VGI6, STM32U385VGI6Q, STM32U385VGT6, STM32U385VGT6Q, STM32U535CBT6, STM32U535CBT6Q, STM32U535CBU6, STM32U535CBU6Q, STM32U535CCT6, STM32U535CCT6Q, STM32U535CCU6, STM32U535CCU6Q, STM32U535CET6, STM32U535CET6Q, STM32U535CEU6, STM32U535CEU6Q, STM32U535JEY6QTR, STM32U535NCY6QTR, STM32U535NEY6QTR, STM32U535RBI6, STM32U535RBI6Q, STM32U535RBT6, STM32U535RBT6Q, STM32U535RCI6, STM32U535RCI6Q, STM32U535RCT6, STM32U535RCT6Q, STM32U535REI6, STM32U535REI6Q, STM32U535RET6, STM32U535RET6Q, STM32U535VCI6, STM32U535VCI6Q, STM32U535VCT6, STM32U535VCT6Q, STM32U535VEI6, STM32U535VEI6Q, STM32U535VET6, STM32U535VET6Q, STM32U545CET6, STM32U545CET6Q, STM32U545CEU6, STM32U545CEU6Q, STM32U545JEY6QTR, STM32U545NEY6QTR, STM32U545REI6, STM32U545REI6Q, STM32U545RET6, STM32U545RET6Q, STM32U545VEI6, STM32U545VEI6Q, STM32U545VET6, STM32U545VET6Q, STM32U595AIH6, STM32U595AIH6Q, STM32U595AJH6, STM32U595AJH6Q, STM32U595QII6, STM32U595QII6Q, STM32U595QJI6, STM32U595QJI6Q, STM32U595RIT6, STM32U595RIT6Q, STM32U595RJT6, STM32U595RJT6Q, STM32U595VIT6, STM32U595VIT6Q, STM32U595VJT6, STM32U595VJT6Q, STM32U595ZIT6, STM32U595ZIT6Q, STM32U595ZIY6QTR, STM32U595ZJT6, STM32U595ZJT6Q, STM32U595ZJY6QTR, STM32U599BJY6QTR, STM32U599NIH6Q, STM32U599NJH6Q, STM32U599VIT6Q, STM32U599VJT6, STM32U599VJT6Q, STM32U599ZIT6Q, STM32U599ZIY6QTR, STM32U599ZJT6Q, STM32U599ZJY6QTR, STM32U5A5AJH6, STM32U5A5AJH6Q, STM32U5A5QII3Q , STM32U5A5QJI6, STM32U5A5QJI6Q, STM32U5A5RJT6, STM32U5A5RJT6Q, STM32U5A5VJT6, STM32U5A5VJT6Q, STM32U5A5ZJT6, STM32U5A5ZJT6Q, STM32U5A5ZJY6QTR, STM32U5A9BJY6QTR, STM32U5A9J-DK, STM32U5A9NJH6Q, STM32U5A9VJT6Q, STM32U5A9ZJT6Q, STM32U5A9ZJY6QTR, STM32U5F7VIT6, STM32U5F7VIT6Q, STM32U5F7VJT6, STM32U5F7VJT6Q, STM32U5F9BJY6QTR, STM32U5F9NJH6Q, STM32U5F9VIT6Q, STM32U5F9VJT6Q, STM32U5F9ZIJ6QTR, STM32U5F9ZIT6Q, STM32U5F9ZJJ6QTR, STM32U5F9ZJT6Q, STM32U5G7VJT6, STM32U5G7VJT6Q, STM32U5G9BJY6QTR, STM32U5G9J-DK1, STM32U5G9J-DK2, STM32U5G9NJH6Q, STM32U5G9VJT6Q, STM32U5G9ZJJ6QTR, STM32U5G9ZJT6Q, STM32WB05KZV6TR, STM32WB05KZV7TR, STM32WB05TZF6TR, STM32WB05TZF7TR, STM32WB06CCF6TR, STM32WB06CCF7TR, STM32WB06CCV6TR, STM32WB06CCV7TR, STM32WB06KCV6TR, STM32WB06KCV7TR, STM32WB07CCF6TR, STM32WB07CCF7TR, STM32WB07CCV6TR, STM32WB07CCV7TR, STM32WB07KCV6TR, STM32WB07KCV7TR, STM32WB09KEV6TR, STM32WB09KEV7TR, STM32WB09TEF6TR, STM32WB09TEF7TR, STM32WB1MMCH6, STM32WBA50KGU6, STM32WBA50KGU6TR, STM32WBA52CEU6, STM32WBA52CEU6TR, STM32WBA52CEU7, STM32WBA52CEU7TR, STM32WBA52CGU6, STM32WBA52CGU6TR, STM32WBA52CGU6U, STM32WBA52CGU7, STM32WBA52CGU7TR, STM32WBA52KEU6, STM32WBA52KEU6TR, STM32WBA52KGU6, STM32WBA52KGU6TR, STM32WBA54CEU6, STM32WBA54CEU6TR, STM32WBA54CEU7, STM32WBA54CEU7TR, STM32WBA54CGU6, STM32WBA54CGU6TR, STM32WBA54CGU7, STM32WBA54CGU7TR, STM32WBA54KEU6, STM32WBA54KEU6TR, STM32WBA54KEU7, STM32WBA54KEU7TR, STM32WBA54KGU6, STM32WBA54KGU6TR, STM32WBA54KGU7, STM32WBA54KGU7TR, STM32WBA55CEU6, STM32WBA55CEU6TR, STM32WBA55CEU7, STM32WBA55CEU7TR, STM32WBA55CGU6, STM32WBA55CGU6TR, STM32WBA55CGU6U, STM32WBA55CGU7, STM32WBA55CGU7TR, STM32WBA55G-DK1, STM32WBA55HEF6, STM32WBA55HEF7, STM32WBA55HGF6, STM32WBA55HGF7, STM32WBA55UEI6, STM32WBA55UEI6TR, STM32WBA55UEI7, STM32WBA55UEI7TR, STM32WBA55UGI6, STM32WBA55UGI6TR, STM32WBA55UGI7, STM32WBA55UGI7TR, STM32WBA5MJGH6TR, STM32WBA62CGU6, STM32WBA62CIU6, STM32WBA62MGF6, STM32WBA62MIF6, STM32WBA62PGI6, STM32WBA62PII6, STM32WBA63CGU6, STM32WBA63CGU7, STM32WBA63CIU6, STM32WBA63CIU7, STM32WBA64CGU6, STM32WBA64CGU7, STM32WBA64CIU6, STM32WBA64CIU7, STM32WBA65CGU6, STM32WBA65CGU7, STM32WBA65CIU6, STM32WBA65CIU7, STM32WBA65I-DK1, STM32WBA65MGF6, STM32WBA65MGF7, STM32WBA65MIF6, STM32WBA65MIF7, STM32WBA65PGI6, STM32WBA65PGI7, STM32WBA65PII6, STM32WBA65PII7, STM32WBA65RGV6, STM32WBA65RGV7, STM32WBA65RIV6, STM32WBA65RIV7, STM32WL30K8V6, STM32WL30KBV6, STM32WL31C8V6, STM32WL31CBV6, STM32WL31K8V6, STM32WL31KBV6, STM32WL33C8V6, STM32WL33C8V6TR, STM32WL33C8V7, STM32WL33C8V7TR, STM32WL33CBV6, STM32WL33CBV6TR, STM32WL33CBV7, STM32WL33CBV7TR, STM32WL33CCV6, STM32WL33CCV6TR, STM32WL33CCV7, STM32WL33CCV7A, STM32WL33CCV7ATR, STM32WL33CCV7TR, STM32WL33K8V6, STM32WL33K8V6TR, STM32WL33K8V7, STM32WL33K8V7TR, STM32WL33KBV6, STM32WL33KBV6TR, STM32WL33KBV7, STM32WL33KBV7TR, STM32WL33KCV6, STM32WL33KCV6TR, STM32WL33KCV7, STM32WL33KCV7TR, STM32WL5MOCH6, STM32WL5MOCH6TR]
2025-07-11 10:11:33,960 [INFO] DbMcus:218 - Found 4686 MCUs, 4686 are supported
2025-07-11 10:11:33,962 [INFO] ApiDb:423 - Load user favorites file C:\Users\kjeya/.stm32cubeide/favorites.mcus.txt: 0 item(s)
2025-07-11 10:11:33,962 [INFO] ApiDb:427 - User favorites MCUs=[]
2025-07-11 10:11:33,962 [INFO] DbMcus:224 - Set 0 / 0 favorites MCUs
2025-07-11 10:11:34,627 [INFO] ApiDb:423 - Load user favorites file C:\Users\kjeya/.stm32cubeide/favorites.boards.txt: 0 item(s)
2025-07-11 10:11:34,628 [INFO] ApiDb:427 - User favorites Boards=[]
2025-07-11 10:11:34,628 [INFO] DbBoards:198 - Set 0 / 0 favorites Boards
2025-07-11 10:11:34,712 [INFO] UtilMem:75 - End LoadConfig() Used Memory: 305532168 Bytes (384827392)
2025-07-11 10:11:34,917 [WARN] ThirdParty:833 - waiting for thirdparty lock release [change project]
2025-07-11 10:11:34,917 [INFO] ThirdParty:835 - entering critical section [change project]
2025-07-11 10:11:34,918 [INFO] ThirdParty:1030 - CMSIS Pack Vendor :STMicroelectronics X-CUBE-PM33A1 1.0.0
2025-07-11 10:11:34,918 [INFO] ThirdParty:1030 - CMSIS Pack Vendor :STMicroelectronics USBPD 4.1
2025-07-11 10:11:34,918 [INFO] ThirdParty:1030 - CMSIS Pack Vendor :STMicroelectronics USB_HOST 2.0.0
2025-07-11 10:11:34,918 [INFO] ThirdParty:1030 - CMSIS Pack Vendor :STMicroelectronics FP-SNS-MOTENVWB1 1.4.0
2025-07-11 10:11:34,918 [INFO] ThirdParty:1030 - CMSIS Pack Vendor :STMicroelectronics X-CUBE-AZRTOS-F4 1.1.0
2025-07-11 10:11:34,918 [INFO] ThirdParty:1030 - CMSIS Pack Vendor :STMicroelectronics LIBJPEG 8.0.0
2025-07-11 10:11:34,918 [INFO] ThirdParty:1030 - CMSIS Pack Vendor :STMicroelectronics FP-ATR-ASTRA1 2.0.2
2025-07-11 10:11:34,918 [INFO] ThirdParty:1030 - CMSIS Pack Vendor :STMicroelectronics FP-ATR-ASTRA1 2.0.1
2025-07-11 10:11:34,918 [INFO] ThirdParty:1030 - CMSIS Pack Vendor :Avnet-IotConnect X-CUBE-IoTC-DA16k-PMOD 1.0.0
2025-07-11 10:11:34,918 [INFO] ThirdParty:1030 - CMSIS Pack Vendor :STMicroelectronics X-CUBE-SMBUS 2.1.0
2025-07-11 10:11:34,918 [INFO] ThirdParty:1030 - CMSIS Pack Vendor :STMicroelectronics X-CUBE-WB05N 1.1.0
2025-07-11 10:11:34,918 [INFO] ThirdParty:1030 - CMSIS Pack Vendor :STMicroelectronics X-CUBE-ISPU 2.1.0
2025-07-11 10:11:34,918 [INFO] ThirdParty:1030 - CMSIS Pack Vendor :STMicroelectronics X-CUBE-ST60 1.0.0
2025-07-11 10:11:34,918 [INFO] ThirdParty:1030 - CMSIS Pack Vendor :STMicroelectronics X-CUBE-AZRTOS-F7 1.1.0
2025-07-11 10:11:34,918 [INFO] ThirdParty:1030 - CMSIS Pack Vendor :STMicroelectronics X-CUBE-AZRTOS-L5 2.0.0
2025-07-11 10:11:34,918 [INFO] ThirdParty:1030 - CMSIS Pack Vendor :STMicroelectronics USB_DEVICE 2.0.0
2025-07-11 10:11:34,918 [INFO] ThirdParty:1030 - CMSIS Pack Vendor :STMicroelectronics X-CUBE-NFC6 3.1.0
2025-07-11 10:11:34,918 [INFO] ThirdParty:1030 - CMSIS Pack Vendor :STMicroelectronics FreeRTOS 0.0.1
2025-07-11 10:11:34,918 [INFO] ThirdParty:1030 - CMSIS Pack Vendor :STMicroelectronics X-CUBE-DPower 1.2.0
2025-07-11 10:11:34,918 [INFO] ThirdParty:1030 - CMSIS Pack Vendor :STMicroelectronics FP-SNS-FLIGHT1 5.0.2
2025-07-11 10:11:34,918 [INFO] ThirdParty:1030 - CMSIS Pack Vendor :Infineon AIROC-Wi-Fi-Bluetooth-STM32 1.7.0
2025-07-11 10:11:34,918 [INFO] ThirdParty:1030 - CMSIS Pack Vendor :STMicroelectronics PDM2PCM 3.3.0
2025-07-11 10:11:34,918 [INFO] ThirdParty:1030 - CMSIS Pack Vendor :STMicroelectronics X-CUBE-AZRTOS-H7 3.4.0
2025-07-11 10:11:34,918 [INFO] ThirdParty:1030 - CMSIS Pack Vendor :STMicroelectronics X-CUBE-DISPLAY 3.0.0
2025-07-11 10:11:34,918 [INFO] ThirdParty:1030 - CMSIS Pack Vendor :STMicroelectronics X-CUBE-BLE1 7.0.0
2025-07-11 10:11:34,919 [INFO] ThirdParty:1030 - CMSIS Pack Vendor :STMicroelectronics X-CUBE-NFC10 1.0.0
2025-07-11 10:11:34,919 [INFO] ThirdParty:1030 - CMSIS Pack Vendor :STMicroelectronics X-CUBE-BLEMGR 4.0.0
2025-07-11 10:11:34,919 [INFO] ThirdParty:1030 - CMSIS Pack Vendor :STMicroelectronics X-CUBE-FREERTOS 1.3.1
2025-07-11 10:11:34,919 [INFO] ThirdParty:1030 - CMSIS Pack Vendor :STMicroelectronics HAL Drivers 0.0.0
2025-07-11 10:11:34,919 [INFO] ThirdParty:1030 - CMSIS Pack Vendor :emotas I-CUBE-CANOPEN 1.3.0
2025-07-11 10:11:34,919 [INFO] ThirdParty:1030 - CMSIS Pack Vendor :STMicroelectronics X-CUBE-FREERTOS 1.3.0
2025-07-11 10:11:34,919 [INFO] ThirdParty:1030 - CMSIS Pack Vendor :STMicroelectronics X-CUBE-NFC7 1.0.1
2025-07-11 10:11:34,919 [INFO] ThirdParty:1030 - CMSIS Pack Vendor :STMicroelectronics MBEDTLS 2.14.1
2025-07-11 10:11:34,919 [INFO] ThirdParty:1030 - CMSIS Pack Vendor :STMicroelectronics X-CUBE-AI 10.0.0
2025-07-11 10:11:34,919 [INFO] ThirdParty:1030 - CMSIS Pack Vendor :STMicroelectronics FP-SNS-STAIOTCFT 1.0.0
2025-07-11 10:11:34,919 [INFO] ThirdParty:1030 - CMSIS Pack Vendor :STMicroelectronics FP-SNS-SMARTAG2 1.2.0
2025-07-11 10:11:34,919 [INFO] ThirdParty:1030 - CMSIS Pack Vendor :STMicroelectronics FP-SNS-FLIGHT1 5.1.0
2025-07-11 10:11:34,919 [INFO] ThirdParty:1030 - CMSIS Pack Vendor :STMicroelectronics X-CUBE-MEMS1 11.1.0
2025-07-11 10:11:34,919 [INFO] ThirdParty:1030 - CMSIS Pack Vendor :STMicroelectronics X-CUBE-AZRTOS-WL 2.0.0
2025-07-11 10:11:34,919 [INFO] ThirdParty:1030 - CMSIS Pack Vendor :STMicroelectronics X-CUBE-DPower 1.3.0
2025-07-11 10:11:34,919 [INFO] ThirdParty:1030 - CMSIS Pack Vendor :STMicroelectronics FP-SNS-MOTENV1 5.0.0
2025-07-11 10:11:34,919 [INFO] ThirdParty:1030 - CMSIS Pack Vendor :STMicroelectronics USB_DEVICE 1.0.0
2025-07-11 10:11:34,919 [INFO] ThirdParty:1030 - CMSIS Pack Vendor :wolfSSL I-CUBE-wolfMQTT 1.19.0
2025-07-11 10:11:34,919 [INFO] ThirdParty:1030 - CMSIS Pack Vendor :STMicroelectronics X-CUBE-AZRTOS-L4 2.0.0
2025-07-11 10:11:34,919 [INFO] ThirdParty:1030 - CMSIS Pack Vendor :STMicroelectronics ThreadX 0.0.2
2025-07-11 10:11:34,919 [INFO] ThirdParty:1030 - CMSIS Pack Vendor :WES I-CUBE-Cesium 1.3.0
2025-07-11 10:11:34,919 [INFO] ThirdParty:1030 - CMSIS Pack Vendor :STMicroelectronics lwIP 2.1.2
2025-07-11 10:11:34,919 [INFO] ThirdParty:1030 - CMSIS Pack Vendor :STMicroelectronics X-CUBE-SFXS2LP1 4.0.0
2025-07-11 10:11:34,919 [INFO] ThirdParty:1030 - CMSIS Pack Vendor :STMicroelectronics X-CUBE-BLE2 3.3.0
2025-07-11 10:11:34,919 [INFO] ThirdParty:1030 - CMSIS Pack Vendor :STMicroelectronics PDM2PCM 3.2.0
2025-07-11 10:11:34,919 [INFO] ThirdParty:1030 - CMSIS Pack Vendor :STMicroelectronics X-CUBE-AZRTOS-H7 3.3.0
2025-07-11 10:11:34,919 [INFO] ThirdParty:1030 - CMSIS Pack Vendor :STMicroelectronics X-CUBE-NFC9 1.0.0
2025-07-11 10:11:34,919 [INFO] ThirdParty:1030 - CMSIS Pack Vendor :STMicroelectronics X-CUBE-BLE1 7.1.0
2025-07-11 10:11:34,919 [INFO] ThirdParty:1030 - CMSIS Pack Vendor :STMicroelectronics USB_DEVICE 3.0.0
2025-07-11 10:11:34,919 [INFO] ThirdParty:1030 - CMSIS Pack Vendor :STMicroelectronics X-CUBE-IPS 3.0.0
2025-07-11 10:11:34,919 [INFO] ThirdParty:1030 - CMSIS Pack Vendor :STMicroelectronics X-CUBE-AZRTOS-WB 2.0.0
2025-07-11 10:11:34,919 [INFO] ThirdParty:1030 - CMSIS Pack Vendor :STMicroelectronics X-CUBE-GNSS1 7.0.1
2025-07-11 10:11:34,919 [INFO] ThirdParty:1030 - CMSIS Pack Vendor :STMicroelectronics X-CUBE-TOUCHGFX 4.25.0
2025-07-11 10:11:34,920 [INFO] ThirdParty:1030 - CMSIS Pack Vendor :STMicroelectronics X-CUBE-AI 10.1.0
2025-07-11 10:11:34,920 [INFO] ThirdParty:1030 - CMSIS Pack Vendor :STMicroelectronics FP-SNS-STBOX1 2.0.0
2025-07-11 10:11:34,920 [INFO] ThirdParty:1030 - CMSIS Pack Vendor :STMicroelectronics X-CUBE-MEMS1 11.2.0
2025-07-11 10:11:34,920 [INFO] ThirdParty:1030 - CMSIS Pack Vendor :STMicroelectronics X-CUBE-AZRTOS-G0 1.1.0
2025-07-11 10:11:34,920 [INFO] ThirdParty:1030 - CMSIS Pack Vendor :STMicroelectronics X-CUBE-SAFEA1 1.2.2
2025-07-11 10:11:34,920 [INFO] ThirdParty:1030 - CMSIS Pack Vendor :STMicroelectronics X-CUBE-NFC4 3.0.0
2025-07-11 10:11:34,920 [INFO] ThirdParty:1030 - CMSIS Pack Vendor :STMicroelectronics X-CUBE-SUBG2 5.0.0
2025-07-11 10:11:34,920 [INFO] ThirdParty:1030 - CMSIS Pack Vendor :STMicroelectronics X-CUBE-AZRTOS-H7RS 1.1.0
2025-07-11 10:11:34,920 [INFO] ThirdParty:1030 - CMSIS Pack Vendor :STMicroelectronics STM32_WPAN 1.0.0
2025-07-11 10:11:34,920 [INFO] ThirdParty:1030 - CMSIS Pack Vendor :EmbeddedOffice I-CUBE-FS-RTOS 1.0.1
2025-07-11 10:11:34,921 [INFO] ThirdParty:1030 - CMSIS Pack Vendor :STMicroelectronics lwIP 2.0.3
2025-07-11 10:11:34,921 [INFO] ThirdParty:1030 - CMSIS Pack Vendor :Cesanta I-CUBE-Mongoose 7.13.0
2025-07-11 10:11:34,921 [INFO] ThirdParty:1030 - CMSIS Pack Vendor :STMicroelectronics USB_HOST 1.0.0
2025-07-11 10:11:34,921 [INFO] ThirdParty:1030 - CMSIS Pack Vendor :STMicroelectronics X-CUBE-AZRTOS-G4 2.0.0
2025-07-11 10:11:34,921 [INFO] ThirdParty:1030 - CMSIS Pack Vendor :STMicroelectronics X-CUBE-WB05N 2.0.0
2025-07-11 10:11:34,921 [INFO] ThirdParty:1030 - CMSIS Pack Vendor :STMicroelectronics PDM2PCM 3.1.0
2025-07-11 10:11:34,921 [INFO] ThirdParty:1030 - CMSIS Pack Vendor :STMicroelectronics X-CUBE-NFC7 2.0.0
2025-07-11 10:11:34,921 [INFO] ThirdParty:1030 - CMSIS Pack Vendor :STMicroelectronics X-CUBE-TCPP 4.2.0
2025-07-11 10:11:34,921 [INFO] ThirdParty:1030 - CMSIS Pack Vendor :RealThread X-CUBE-RT-Thread_Nano 4.1.1
2025-07-11 10:11:34,922 [INFO] ThirdParty:1030 - CMSIS Pack Vendor :STMicroelectronics FP-ATR-SIGFOX1 3.2.0
2025-07-11 10:11:34,922 [INFO] ThirdParty:1030 - CMSIS Pack Vendor :quantropi X-CUBE-qispace-sdk-base 1.9.3
2025-07-11 10:11:34,922 [INFO] ThirdParty:1030 - CMSIS Pack Vendor :STMicroelectronics X-CUBE-EEPRMA1 5.1.0
2025-07-11 10:11:34,922 [INFO] ThirdParty:1030 - CMSIS Pack Vendor :STMicroelectronics MBEDTLS 2.16.2
2025-07-11 10:11:34,922 [INFO] ThirdParty:1030 - CMSIS Pack Vendor :STMicroelectronics X-CUBE-IPS 3.1.0
2025-07-11 10:11:34,922 [INFO] ThirdParty:1030 - CMSIS Pack Vendor :STMicroelectronics X-CUBE-ALS 1.0.2
2025-07-11 10:11:34,922 [INFO] ThirdParty:1030 - CMSIS Pack Vendor :wolfSSL I-CUBE-wolfSSL 5.7.4
2025-07-11 10:11:34,922 [INFO] ThirdParty:1030 - CMSIS Pack Vendor :STMicroelectronics X-CUBE-TOUCHGFX 4.24.0
2025-07-11 10:11:34,922 [INFO] ThirdParty:1030 - CMSIS Pack Vendor :ITTIA_DB I-CUBE-ITTIADB 8.9.0
2025-07-11 10:11:34,922 [INFO] ThirdParty:1030 - CMSIS Pack Vendor :STMicroelectronics X-CUBE-TOUCHGFX 4.24.2
2025-07-11 10:11:34,922 [INFO] ThirdParty:1030 - CMSIS Pack Vendor :STMicroelectronics X-CUBE-TOUCHGFX 4.24.1
2025-07-11 10:11:34,922 [INFO] ThirdParty:1030 - CMSIS Pack Vendor :wolfSSL I-CUBE-wolfTPM 3.4.0
2025-07-11 10:11:34,922 [INFO] ThirdParty:1030 - CMSIS Pack Vendor :portGmbH I-Cube-SoM-uGOAL 1.1.0
2025-07-11 10:11:34,922 [INFO] ThirdParty:1030 - CMSIS Pack Vendor :STMicroelectronics X-CUBE-ST67W61 1.0.0
2025-07-11 10:11:34,922 [INFO] ThirdParty:1030 - CMSIS Pack Vendor :STMicroelectronics ThreadX 1.0.0
2025-07-11 10:11:34,922 [INFO] ThirdParty:1030 - CMSIS Pack Vendor :SEGGER I-CUBE-embOS 1.3.1
2025-07-11 10:11:34,923 [INFO] ThirdParty:1030 - CMSIS Pack Vendor :STMicroelectronics X-CUBE-ALGOBUILD 1.4.0
2025-07-11 10:11:34,923 [INFO] ThirdParty:1030 - CMSIS Pack Vendor :STMicroelectronics X-CUBE-MEMS1 11.3.0
2025-07-11 10:11:34,923 [INFO] ThirdParty:1030 - CMSIS Pack Vendor :STMicroelectronics X-CUBE-AZRTOS-H7RS 1.0.0
2025-07-11 10:11:34,923 [INFO] ThirdParty:1030 - CMSIS Pack Vendor :STMicroelectronics X-CUBE-TOF1 3.4.2
2025-07-11 10:11:34,923 [INFO] ThirdParty:1030 - CMSIS Pack Vendor :STMicroelectronics X-CUBE-TOF1 3.4.3
2025-07-11 10:11:34,923 [INFO] ThirdParty:1030 - CMSIS Pack Vendor :STMicroelectronics X-CUBE-AI 9.1.0
2025-07-11 10:11:34,923 [INFO] ThirdParty:1030 - CMSIS Pack Vendor :wolfSSL I-CUBE-wolfSSH 1.4.17
2025-07-11 10:11:34,923 [INFO] ThirdParty:841 - exiting critical section [change project]
2025-07-11 10:11:35,715 [INFO] PinOutPanel:1589 - setPackage(No Configuration,No Configuration)
2025-07-11 10:11:35,716 [INFO] PinOutPanel:1589 - setPackage(STM32F446RETx,LQFP64)
2025-07-11 10:11:36,736 [INFO] UtilMem:75 - Before build in PCC Used Memory: 234175840 Bytes (384827392)
2025-07-11 10:11:38,398 [INFO] UtilMem:75 - After build in PCC Used Memory: 348993632 Bytes (384827392)
2025-07-11 10:11:38,497 [INFO] IPUIPlugin:80 - create IPUIPlugin
2025-07-11 10:11:38,497 [INFO] IPUIPlugin:80 - create IPUIPlugin
2025-07-11 10:11:38,497 [INFO] IPUIPlugin:80 - create IPUIPlugin
2025-07-11 10:11:38,497 [INFO] IPUIPlugin:80 - create IPUIPlugin
2025-07-11 10:11:38,497 [INFO] IPUIPlugin:80 - create IPUIPlugin
2025-07-11 10:11:38,498 [INFO] IPUIPlugin:80 - create IPUIPlugin
2025-07-11 10:11:38,498 [INFO] IPUIPlugin:80 - create IPUIPlugin
2025-07-11 10:11:38,499 [INFO] IPUIPlugin:80 - create IPUIPlugin
2025-07-11 10:11:38,499 [INFO] IPUIPlugin:80 - create IPUIPlugin
2025-07-11 10:11:38,499 [INFO] IPUIPlugin:80 - create IPUIPlugin
2025-07-11 10:11:38,499 [INFO] IPUIPlugin:80 - create IPUIPlugin
2025-07-11 10:11:38,499 [INFO] IPUIPlugin:80 - create IPUIPlugin
2025-07-11 10:11:38,500 [INFO] IPUIPlugin:80 - create IPUIPlugin
2025-07-11 10:11:38,501 [INFO] IPUIPlugin:80 - create IPUIPlugin
2025-07-11 10:11:38,501 [INFO] IPUIPlugin:80 - create IPUIPlugin
2025-07-11 10:11:38,502 [INFO] IPUIPlugin:80 - create IPUIPlugin
2025-07-11 10:11:38,502 [INFO] IPUIPlugin:80 - create IPUIPlugin
2025-07-11 10:11:38,503 [INFO] IPUIPlugin:80 - create IPUIPlugin
2025-07-11 10:11:38,503 [INFO] IPUIPlugin:80 - create IPUIPlugin
2025-07-11 10:11:38,504 [INFO] IPUIPlugin:80 - create IPUIPlugin
2025-07-11 10:11:38,504 [INFO] IPUIPlugin:80 - create IPUIPlugin
2025-07-11 10:11:38,504 [INFO] IPUIPlugin:80 - create IPUIPlugin
2025-07-11 10:11:38,506 [INFO] IPUIPlugin:80 - create IPUIPlugin
2025-07-11 10:11:38,506 [INFO] IPUIPlugin:80 - create IPUIPlugin
2025-07-11 10:11:38,506 [INFO] IPUIPlugin:80 - create IPUIPlugin
2025-07-11 10:11:38,507 [INFO] IPUIPlugin:80 - create IPUIPlugin
2025-07-11 10:11:38,507 [INFO] IPUIPlugin:80 - create IPUIPlugin
2025-07-11 10:11:38,507 [INFO] IPUIPlugin:80 - create IPUIPlugin
2025-07-11 10:11:38,508 [INFO] IPUIPlugin:80 - create IPUIPlugin
2025-07-11 10:11:38,508 [INFO] IPUIPlugin:80 - create IPUIPlugin
2025-07-11 10:11:38,508 [INFO] IPUIPlugin:80 - create IPUIPlugin
2025-07-11 10:11:38,509 [INFO] IPUIPlugin:80 - create IPUIPlugin
2025-07-11 10:11:38,509 [INFO] IPUIPlugin:80 - create IPUIPlugin
2025-07-11 10:11:38,509 [INFO] IPUIPlugin:80 - create IPUIPlugin
2025-07-11 10:11:38,511 [INFO] IPUIPlugin:80 - create IPUIPlugin
2025-07-11 10:11:38,511 [INFO] IPUIPlugin:80 - create IPUIPlugin
2025-07-11 10:11:38,511 [INFO] IPUIPlugin:80 - create IPUIPlugin
2025-07-11 10:11:38,512 [INFO] IPUIPlugin:80 - create IPUIPlugin
2025-07-11 10:11:38,512 [INFO] IPUIPlugin:80 - create IPUIPlugin
2025-07-11 10:11:38,513 [INFO] IPUIPlugin:80 - create IPUIPlugin
2025-07-11 10:11:38,513 [INFO] IPUIPlugin:80 - create IPUIPlugin
2025-07-11 10:11:38,513 [INFO] IPUIPlugin:80 - create IPUIPlugin
2025-07-11 10:11:38,514 [INFO] IPUIPlugin:80 - create IPUIPlugin
2025-07-11 10:11:38,514 [INFO] IPUIPlugin:80 - create IPUIPlugin
2025-07-11 10:11:38,515 [INFO] IPUIPlugin:80 - create IPUIPlugin
2025-07-11 10:11:38,515 [INFO] IPUIPlugin:80 - create IPUIPlugin
2025-07-11 10:11:38,516 [INFO] IPUIPlugin:80 - create IPUIPlugin
2025-07-11 10:11:38,517 [INFO] IPUIPlugin:80 - create IPUIPlugin
2025-07-11 10:11:38,518 [INFO] IPUIPlugin:80 - create IPUIPlugin
2025-07-11 10:11:38,520 [INFO] IPUIPlugin:80 - create IPUIPlugin
2025-07-11 10:11:38,520 [INFO] IPUIPlugin:80 - create IPUIPlugin
2025-07-11 10:11:38,521 [INFO] IPUIPlugin:80 - create IPUIPlugin
2025-07-11 10:11:38,521 [INFO] IPUIPlugin:80 - create IPUIPlugin
2025-07-11 10:11:38,522 [INFO] IPUIPlugin:80 - create IPUIPlugin
2025-07-11 10:11:38,523 [INFO] IPUIPlugin:80 - create IPUIPlugin
2025-07-11 10:11:38,524 [INFO] IPUIPlugin:80 - create IPUIPlugin
2025-07-11 10:11:38,524 [INFO] IPUIPlugin:80 - create IPUIPlugin
2025-07-11 10:11:38,525 [INFO] IPUIPlugin:80 - create IPUIPlugin
2025-07-11 10:11:38,526 [INFO] IPUIPlugin:80 - create IPUIPlugin
2025-07-11 10:11:38,526 [INFO] IPUIPlugin:80 - create IPUIPlugin
2025-07-11 10:11:38,705 [INFO] ApiDbMcu:508 - Load IP Config File for PDM2PCM
2025-07-11 10:11:39,211 [INFO] CADModel:165 - CPN selected for project levelSTM32F446RET6
2025-07-11 10:11:39,211 [INFO] CADModel:114 - Register for checkConnection events
2025-07-11 10:11:39,295 [INFO] OpenFileManager:385 - Restore cursor
2025-07-11 12:08:13,195 [ERROR] LogOutputStream:75 - [STDERR_REDIRECT] Exception in thread "AWT-EventQueue-0" java.awt.IllegalComponentStateException: Native resources unavailable
2025-07-11 12:08:13,202 [ERROR] LogOutputStream:75 - [STDERR_REDIRECT] 	at java.desktop/sun.awt.windows.WWindowPeer.getScreenImOn(Native Method)
2025-07-11 12:08:13,204 [ERROR] LogOutputStream:75 - [STDERR_REDIRECT] 	at java.desktop/sun.awt.windows.WWindowPeer.updateGC(WWindowPeer.java:566)
2025-07-11 12:08:13,206 [ERROR] LogOutputStream:75 - [STDERR_REDIRECT] 	at java.desktop/java.awt.event.InvocationEvent.dispatch(InvocationEvent.java:318)
2025-07-11 12:08:13,208 [ERROR] LogOutputStream:75 - [STDERR_REDIRECT] 	at java.desktop/java.awt.EventQueue.dispatchEventImpl(EventQueue.java:773)
2025-07-11 12:08:13,213 [ERROR] LogOutputStream:75 - [STDERR_REDIRECT] 	at java.desktop/java.awt.EventQueue$4.run(EventQueue.java:720)
2025-07-11 12:08:13,214 [ERROR] LogOutputStream:75 - [STDERR_REDIRECT] 	at java.desktop/java.awt.EventQueue$4.run(EventQueue.java:714)
2025-07-11 12:08:13,217 [ERROR] LogOutputStream:75 - [STDERR_REDIRECT] 	at java.base/java.security.AccessController.doPrivileged(AccessController.java:400)
2025-07-11 12:08:13,220 [ERROR] LogOutputStream:75 - [STDERR_REDIRECT] 	at java.base/java.security.ProtectionDomain$JavaSecurityAccessImpl.doIntersectionPrivilege(ProtectionDomain.java:87)
2025-07-11 12:08:13,223 [ERROR] LogOutputStream:75 - [STDERR_REDIRECT] 	at java.base/java.security.ProtectionDomain$JavaSecurityAccessImpl.doIntersectionPrivilege(ProtectionDomain.java:98)
2025-07-11 12:08:13,225 [ERROR] LogOutputStream:75 - [STDERR_REDIRECT] 	at java.desktop/java.awt.EventQueue$5.run(EventQueue.java:747)
2025-07-11 12:08:13,229 [ERROR] LogOutputStream:75 - [STDERR_REDIRECT] 	at java.desktop/java.awt.EventQueue$5.run(EventQueue.java:745)
2025-07-11 12:08:13,231 [ERROR] LogOutputStream:75 - [STDERR_REDIRECT] 	at java.base/java.security.AccessController.doPrivileged(AccessController.java:400)
2025-07-11 12:08:13,234 [ERROR] LogOutputStream:75 - [STDERR_REDIRECT] 	at java.base/java.security.ProtectionDomain$JavaSecurityAccessImpl.doIntersectionPrivilege(ProtectionDomain.java:87)
2025-07-11 12:08:13,236 [ERROR] LogOutputStream:75 - [STDERR_REDIRECT] 	at java.desktop/java.awt.EventQueue.dispatchEvent(EventQueue.java:744)
2025-07-11 12:08:13,240 [ERROR] LogOutputStream:75 - [STDERR_REDIRECT] 	at java.desktop/java.awt.EventDispatchThread.pumpOneEventForFilters(EventDispatchThread.java:203)
2025-07-11 12:08:13,244 [ERROR] LogOutputStream:75 - [STDERR_REDIRECT] 	at java.desktop/java.awt.EventDispatchThread.pumpEventsForFilter(EventDispatchThread.java:124)
2025-07-11 12:08:13,246 [ERROR] LogOutputStream:75 - [STDERR_REDIRECT] 	at java.desktop/java.awt.EventDispatchThread.pumpEventsForHierarchy(EventDispatchThread.java:113)
2025-07-11 12:08:13,249 [ERROR] LogOutputStream:75 - [STDERR_REDIRECT] 	at java.desktop/java.awt.EventDispatchThread.pumpEvents(EventDispatchThread.java:109)
2025-07-11 12:08:13,252 [ERROR] LogOutputStream:75 - [STDERR_REDIRECT] 	at java.desktop/java.awt.EventDispatchThread.pumpEvents(EventDispatchThread.java:101)
2025-07-11 12:08:13,255 [ERROR] LogOutputStream:75 - [STDERR_REDIRECT] 	at java.desktop/java.awt.EventDispatchThread.run(EventDispatchThread.java:90)
2025-07-11 12:08:14,613 [ERROR] LogOutputStream:75 - [STDERR_REDIRECT] 
2025-07-11 12:08:14,618 [ERROR] LogOutputStream:75 - [STDERR_REDIRECT] 
2025-07-11 12:37:52,338 [INFO] Activator:176 - 


2025-07-11 12:37:52,345 [INFO] Activator:177 - !SESSION log4j initialized
2025-07-11 12:37:58,701 [INFO] LogOutputStream:77 - [STDOUT_REDIRECT] 
2025-07-11 12:37:59,767 [INFO] ApplicationProperties:184 - Using Application install path: C:\ST\STM32CubeIDE_1.16.1\STM32CubeIDE\plugins\com.st.stm32cube.common.mx_6.14.1.202504091515
2025-07-11 12:37:59,786 [INFO] DbMcusXml:78 - Set database path to: C:\ST\STM32CubeIDE_1.16.1\STM32CubeIDE\plugins\com.st.stm32cube.common.mx_6.14.1.202504091515\\db\/mcu/
2025-07-11 12:37:59,787 [INFO] ApiDb:274 - Set plugin database path to: C:\ST\STM32CubeIDE_1.16.1\STM32CubeIDE\plugins\com.st.stm32cube.common.mx_6.14.1.202504091515\\db\/plugins/boardmanager/
2025-07-11 12:37:59,787 [WARN] ApiDb:259 - Overriding images path with different value:  => C:\ST\STM32CubeIDE_1.16.1\STM32CubeIDE\plugins\com.st.stm32cube.common.mx_6.14.1.202504091515\\db\/plugins/mcufinder/images/
2025-07-11 12:37:59,798 [INFO] ApiDb:250 - Set database path to: C:\Users\kjeya\.stmcufinder\plugins\mcufinder//mcu/
2025-07-11 12:37:59,800 [INFO] DbMcusAds:125 - Set database path to: C:\Users\kjeya\.stmcufinder\plugins\mcufinder//mcu/
2025-07-11 12:37:59,802 [INFO] CrossReferenceDbSqlite:203 - Set database path to: C:\Users\kjeya\.stmcufinder\plugins\mcufinder//mcu/cs/
2025-07-11 12:37:59,940 [INFO] RulesReader:64 - Compatibility file has been processed (302 Rules)
2025-07-11 12:38:00,036 [INFO] DbMcusXml:78 - Set database path to: C:\ST\STM32CubeIDE_1.16.1\STM32CubeIDE\plugins\com.st.stm32cube.common.mx_6.14.1.202504091515\\db\/mcu/
2025-07-11 12:38:00,037 [INFO] ApiDb:274 - Set plugin database path to: C:\ST\STM32CubeIDE_1.16.1\STM32CubeIDE\plugins\com.st.stm32cube.common.mx_6.14.1.202504091515\\db\/plugins/boardmanager/
2025-07-11 12:38:00,037 [INFO] ApiDb:261 - Set plugin images path to: C:\ST\STM32CubeIDE_1.16.1\STM32CubeIDE\plugins\com.st.stm32cube.common.mx_6.14.1.202504091515\\db\/plugins/mcufinder/images/
2025-07-11 12:38:00,037 [WARN] DbFile:41 - Overriding database path with different value: C:\Users\kjeya\.stmcufinder\plugins\mcufinder/ => C:\Users\kjeya\.stmcufinder\plugins\mcufinder
2025-07-11 12:38:00,037 [INFO] ApiDb:250 - Set database path to: C:\Users\kjeya\.stmcufinder\plugins\mcufinder//mcu/
2025-07-11 12:38:00,037 [WARN] DbFile:41 - Overriding database path with different value: C:\Users\kjeya\.stmcufinder\plugins\mcufinder/ => C:\Users\kjeya\.stmcufinder\plugins\mcufinder
2025-07-11 12:38:00,038 [INFO] DbMcusAds:125 - Set database path to: C:\Users\kjeya\.stmcufinder\plugins\mcufinder//mcu/
2025-07-11 12:38:00,038 [WARN] DbFile:41 - Overriding database path with different value: C:\Users\kjeya\.stmcufinder\plugins\mcufinder/ => C:\Users\kjeya\.stmcufinder\plugins\mcufinder
2025-07-11 12:38:00,038 [WARN] DbFile:41 - Overriding database path with different value: C:\Users\kjeya\.stmcufinder\plugins\mcufinder/ => C:\Users\kjeya\.stmcufinder\plugins\mcufinder
2025-07-11 12:38:00,038 [INFO] CrossReferenceDbSqlite:203 - Set database path to: C:\Users\kjeya\.stmcufinder\plugins\mcufinder//mcu/cs/
2025-07-11 12:38:00,113 [INFO] MainPanel:272 - HeapMemory: 268435456
2025-07-11 12:38:00,213 [INFO] DbMcusXml:78 - Set database path to: C:\ST\STM32CubeIDE_1.16.1\STM32CubeIDE\plugins\com.st.stm32cube.common.mx_6.14.1.202504091515\\db\/mcu/
2025-07-11 12:38:00,213 [INFO] ApiDb:274 - Set plugin database path to: C:\ST\STM32CubeIDE_1.16.1\STM32CubeIDE\plugins\com.st.stm32cube.common.mx_6.14.1.202504091515\\db\/plugins/boardmanager/
2025-07-11 12:38:00,213 [INFO] ApiDb:261 - Set plugin images path to: C:\ST\STM32CubeIDE_1.16.1\STM32CubeIDE\plugins\com.st.stm32cube.common.mx_6.14.1.202504091515\\db\/plugins/mcufinder/images/
2025-07-11 12:38:00,213 [WARN] DbFile:41 - Overriding database path with different value: C:\Users\kjeya\.stmcufinder\plugins\mcufinder/ => C:\Users\kjeya\.stmcufinder\plugins\mcufinder
2025-07-11 12:38:00,213 [INFO] ApiDb:250 - Set database path to: C:\Users\kjeya\.stmcufinder\plugins\mcufinder//mcu/
2025-07-11 12:38:00,213 [WARN] DbFile:41 - Overriding database path with different value: C:\Users\kjeya\.stmcufinder\plugins\mcufinder/ => C:\Users\kjeya\.stmcufinder\plugins\mcufinder
2025-07-11 12:38:00,213 [INFO] DbMcusAds:125 - Set database path to: C:\Users\kjeya\.stmcufinder\plugins\mcufinder//mcu/
2025-07-11 12:38:00,213 [WARN] DbFile:41 - Overriding database path with different value: C:\Users\kjeya\.stmcufinder\plugins\mcufinder/ => C:\Users\kjeya\.stmcufinder\plugins\mcufinder
2025-07-11 12:38:00,213 [WARN] DbFile:41 - Overriding database path with different value: C:\Users\kjeya\.stmcufinder\plugins\mcufinder/ => C:\Users\kjeya\.stmcufinder\plugins\mcufinder
2025-07-11 12:38:00,214 [INFO] CrossReferenceDbSqlite:203 - Set database path to: C:\Users\kjeya\.stmcufinder\plugins\mcufinder//mcu/cs/
2025-07-11 12:38:00,242 [INFO] ApplicationProperties:184 - Using Application install path: C:\ST\STM32CubeIDE_1.16.1\STM32CubeIDE\plugins\com.st.stm32cube.common.mx_6.14.1.202504091515
2025-07-11 12:38:00,245 [INFO] PluginManage:196 - Search for loadable plugins [exclusion list=, ]
2025-07-11 12:38:00,246 [INFO] PluginManage:310 - Check plugin analytics
2025-07-11 12:38:00,511 [INFO] AnalyticsPlugin:253 - Accepted Software Licenses: STM32CubeMX.6.11.1,STM32CubeMX.6.13.0
2025-07-11 12:38:00,512 [INFO] AnalyticsPlugin:255 - Accepted CMSIS Pack Licenses: STMicroelectronics.X-CUBE-TOUCHGFX.4.24.0,WES.I-CUBE-Cesium.1.3.0,STMicroelectronics.X-CUBE-TOUCHGFX.4.24.2
2025-07-11 12:38:00,512 [INFO] AnalyticsPlugin:257 - Accepted Firmware Licenses: FW.F4.1.28.0,FW.L4.1.18.0,FW.WL.1.3.0,FW.H7.1.11.0,FW.H7.1.12.0
2025-07-11 12:38:00,518 [INFO] PluginManage:359 - Loaded plugin analytics (category:tool,tabindex:-1)
2025-07-11 12:38:00,518 [INFO] PluginManage:310 - Check plugin cadmodel
2025-07-11 12:38:00,523 [INFO] CADModel:105 - Init CAD model plugin
2025-07-11 12:38:00,524 [INFO] PluginManage:359 - Loaded plugin cadmodel (category:power,tabindex:5)
2025-07-11 12:38:00,524 [INFO] PluginManage:310 - Check plugin clock
2025-07-11 12:38:00,542 [INFO] PluginManage:359 - Loaded plugin clock (category:base,tabindex:2)
2025-07-11 12:38:00,542 [INFO] PluginManage:310 - Check plugin ddr
2025-07-11 12:38:00,546 [INFO] PluginManage:359 - Loaded plugin ddr (category:tool,tabindex:6)
2025-07-11 12:38:00,546 [INFO] PluginManage:310 - Check plugin filemanager
2025-07-11 12:38:00,708 [INFO] PluginManage:359 - Loaded plugin filemanager (category:base,tabindex:10)
2025-07-11 12:38:00,709 [INFO] PluginManage:310 - Check plugin ipmanager
2025-07-11 12:38:00,716 [INFO] PluginManage:359 - Loaded plugin ipmanager (category:base,tabindex:5)
2025-07-11 12:38:00,716 [INFO] PluginManage:310 - Check plugin lpbam
2025-07-11 12:38:00,725 [INFO] PluginManage:359 - Loaded plugin lpbam (category:base,tabindex:0)
2025-07-11 12:38:00,725 [INFO] PluginManage:310 - Check plugin memorymap
2025-07-11 12:38:00,744 [INFO] PluginManage:359 - Loaded plugin memorymap (category:base,tabindex:4)
2025-07-11 12:38:00,745 [INFO] PluginManage:310 - Check plugin pinoutandconfiguration
2025-07-11 12:38:00,752 [INFO] PluginManage:359 - Loaded plugin pinoutandconfiguration (category:base,tabindex:1)
2025-07-11 12:38:00,752 [INFO] PluginManage:310 - Check plugin pinoutconfig
2025-07-11 12:38:00,866 [WARN] SupportedApi:132 - Cannot load RTOS API schema: s4s-elt-must-match.1: The content of 'definitions' must match (annotation?, (simpleType | complexType)?, (unique | key | keyref)*)). A problem was found starting at: attribute.
2025-07-11 12:38:01,057 [INFO] PluginManage:359 - Loaded plugin pinoutconfig (category:base,tabindex:0)
2025-07-11 12:38:01,057 [INFO] PluginManage:310 - Check plugin power
2025-07-11 12:38:01,073 [INFO] PluginManage:359 - Loaded plugin power (category:power,tabindex:4)
2025-07-11 12:38:01,073 [INFO] PluginManage:310 - Check plugin projectmanager
2025-07-11 12:38:01,099 [INFO] PluginManage:359 - Loaded plugin projectmanager (category:projectmanager,tabindex:4)
2025-07-11 12:38:01,100 [INFO] PluginManage:310 - Check plugin rif
2025-07-11 12:38:01,112 [INFO] PluginManage:359 - Loaded plugin rif (category:base,tabindex:3)
2025-07-11 12:38:01,113 [INFO] PluginManage:310 - Check plugin thirdparty
2025-07-11 12:38:01,325 [INFO] PluginManage:359 - Loaded plugin thirdparty (category:base,tabindex:-1)
2025-07-11 12:38:01,325 [WARN] IntegrityCheckThread:84 - waiting for thirdparty lock release [integrity check]
2025-07-11 12:38:01,325 [INFO] PluginManage:310 - Check plugin tools
2025-07-11 12:38:01,326 [INFO] IntegrityCheckThread:86 - entering critical section [integrity check]
2025-07-11 12:38:01,326 [INFO] ThirdPartyUpdaterWithRetryManager:70 - Updater plugin not ready yet. [1/15]
2025-07-11 12:38:01,329 [INFO] PluginManage:359 - Loaded plugin tools (category:base,tabindex:7)
2025-07-11 12:38:01,329 [INFO] PluginManage:310 - Check plugin tutovideos
2025-07-11 12:38:01,501 [INFO] PluginManage:359 - Loaded plugin tutovideos (category:base,tabindex:-1)
2025-07-11 12:38:01,501 [INFO] PluginManage:310 - Check plugin updater
2025-07-11 12:38:01,529 [INFO] PluginManage:359 - Loaded plugin updater (category:base,tabindex:12)
2025-07-11 12:38:01,529 [INFO] PluginManage:310 - Check plugin userauth
2025-07-11 12:38:01,537 [INFO] UserAuth:118 - Init User Auth plugin
2025-07-11 12:38:01,539 [INFO] PluginManage:359 - Loaded plugin userauth (category:base,tabindex:14)
2025-07-11 12:38:01,539 [INFO] PluginManage:283 - PluginManage : Loaded plugins [18]
2025-07-11 12:38:01,870 [INFO] PinOutPanel:1589 - setPackage(No Configuration,No Configuration)
2025-07-11 12:38:01,987 [INFO] CADModel:165 - CPN selected for project level
2025-07-11 12:38:01,988 [INFO] CADModel:114 - Register for checkConnection events
2025-07-11 12:38:02,008 [INFO] IPUIPlugin:80 - create IPUIPlugin
2025-07-11 12:38:02,008 [INFO] PluginManager:220 - loadIPPluginJar : add adc
2025-07-11 12:38:02,012 [INFO] IPUIPlugin:80 - create IPUIPlugin
2025-07-11 12:38:02,012 [INFO] PluginManager:220 - loadIPPluginJar : add aes
2025-07-11 12:38:02,015 [INFO] IPUIPlugin:80 - create IPUIPlugin
2025-07-11 12:38:02,015 [INFO] PluginManager:220 - loadIPPluginJar : add can
2025-07-11 12:38:02,017 [INFO] IPUIPlugin:80 - create IPUIPlugin
2025-07-11 12:38:02,017 [INFO] PluginManager:220 - loadIPPluginJar : add comp
2025-07-11 12:38:02,021 [INFO] IPUIPlugin:80 - create IPUIPlugin
2025-07-11 12:38:02,021 [INFO] PluginManager:220 - loadIPPluginJar : add cryp
2025-07-11 12:38:02,024 [INFO] IPUIPlugin:80 - create IPUIPlugin
2025-07-11 12:38:02,024 [INFO] PluginManager:220 - loadIPPluginJar : add ddr_ctrl_phy
2025-07-11 12:38:02,027 [INFO] IPUIPlugin:80 - create IPUIPlugin
2025-07-11 12:38:02,028 [INFO] PluginManager:220 - loadIPPluginJar : add dfsdm
2025-07-11 12:38:02,034 [INFO] IPUIPlugin:80 - create IPUIPlugin
2025-07-11 12:38:02,035 [INFO] PluginManager:220 - loadIPPluginJar : add dma
2025-07-11 12:38:02,039 [INFO] IPUIPlugin:80 - create IPUIPlugin
2025-07-11 12:38:02,039 [INFO] PluginManager:220 - loadIPPluginJar : add dma3
2025-07-11 12:38:02,043 [INFO] IPUIPlugin:80 - create IPUIPlugin
2025-07-11 12:38:02,043 [INFO] PluginManager:220 - loadIPPluginJar : add extmemmanager
2025-07-11 12:38:02,048 [INFO] IPUIPlugin:80 - create IPUIPlugin
2025-07-11 12:38:02,048 [INFO] PluginManager:220 - loadIPPluginJar : add fatfs
2025-07-11 12:38:02,054 [INFO] IPUIPlugin:80 - create IPUIPlugin
2025-07-11 12:38:02,054 [INFO] PluginManager:220 - loadIPPluginJar : add fmc
2025-07-11 12:38:02,059 [INFO] IPUIPlugin:80 - create IPUIPlugin
2025-07-11 12:38:02,060 [INFO] PluginManager:220 - loadIPPluginJar : add freertos
2025-07-11 12:38:02,061 [INFO] IPUIPlugin:80 - create IPUIPlugin
2025-07-11 12:38:02,062 [INFO] PluginManager:220 - loadIPPluginJar : add genericplugin
2025-07-11 12:38:02,064 [INFO] IPUIPlugin:80 - create IPUIPlugin
2025-07-11 12:38:02,064 [INFO] PluginManager:220 - loadIPPluginJar : add gfxmmu
2025-07-11 12:38:02,069 [INFO] IPUIPlugin:80 - create IPUIPlugin
2025-07-11 12:38:02,070 [INFO] PluginManager:220 - loadIPPluginJar : add gic
2025-07-11 12:38:02,077 [INFO] IPUIPlugin:80 - create IPUIPlugin
2025-07-11 12:38:02,077 [INFO] PluginManager:220 - loadIPPluginJar : add gpio
2025-07-11 12:38:02,081 [INFO] IPUIPlugin:80 - create IPUIPlugin
2025-07-11 12:38:02,081 [INFO] PluginManager:220 - loadIPPluginJar : add gtzc
2025-07-11 12:38:02,085 [INFO] IPUIPlugin:80 - create IPUIPlugin
2025-07-11 12:38:02,085 [INFO] PluginManager:220 - loadIPPluginJar : add hash
2025-07-11 12:38:02,089 [INFO] IPUIPlugin:80 - create IPUIPlugin
2025-07-11 12:38:02,089 [INFO] PluginManager:220 - loadIPPluginJar : add i2c
2025-07-11 12:38:02,093 [INFO] IPUIPlugin:80 - create IPUIPlugin
2025-07-11 12:38:02,094 [INFO] PluginManager:220 - loadIPPluginJar : add i2s
2025-07-11 12:38:02,099 [INFO] IPUIPlugin:80 - create IPUIPlugin
2025-07-11 12:38:02,100 [INFO] PluginManager:220 - loadIPPluginJar : add i3c
2025-07-11 12:38:02,107 [INFO] IPUIPlugin:80 - create IPUIPlugin
2025-07-11 12:38:02,107 [INFO] PluginManager:220 - loadIPPluginJar : add ipddr
2025-07-11 12:38:02,117 [INFO] IPUIPlugin:80 - create IPUIPlugin
2025-07-11 12:38:02,117 [INFO] PluginManager:220 - loadIPPluginJar : add linkedlist
2025-07-11 12:38:02,126 [INFO] IPUIPlugin:80 - create IPUIPlugin
2025-07-11 12:38:02,127 [INFO] PluginManager:220 - loadIPPluginJar : add lorawan
2025-07-11 12:38:02,130 [INFO] IPUIPlugin:80 - create IPUIPlugin
2025-07-11 12:38:02,130 [INFO] PluginManager:220 - loadIPPluginJar : add ltdc
2025-07-11 12:38:02,140 [INFO] IPUIPlugin:80 - create IPUIPlugin
2025-07-11 12:38:02,141 [INFO] PluginManager:220 - loadIPPluginJar : add mdma
2025-07-11 12:38:02,146 [INFO] IPUIPlugin:80 - create IPUIPlugin
2025-07-11 12:38:02,147 [INFO] PluginManager:220 - loadIPPluginJar : add nvic
2025-07-11 12:38:02,151 [INFO] IPUIPlugin:80 - create IPUIPlugin
2025-07-11 12:38:02,152 [INFO] PluginManager:220 - loadIPPluginJar : add opamp
2025-07-11 12:38:02,157 [INFO] IPUIPlugin:80 - create IPUIPlugin
2025-07-11 12:38:02,157 [INFO] PluginManager:220 - loadIPPluginJar : add openamp
2025-07-11 12:38:02,162 [INFO] IPUIPlugin:80 - create IPUIPlugin
2025-07-11 12:38:02,162 [INFO] PluginManager:220 - loadIPPluginJar : add pdm2pcm
2025-07-11 12:38:02,173 [INFO] IPUIPlugin:80 - create IPUIPlugin
2025-07-11 12:38:02,177 [INFO] PluginManager:220 - loadIPPluginJar : add plateformsettings
2025-07-11 12:38:02,179 [INFO] IPUIPlugin:80 - create IPUIPlugin
2025-07-11 12:38:02,180 [INFO] PluginManager:220 - loadIPPluginJar : add quadspi
2025-07-11 12:38:02,183 [INFO] IPUIPlugin:80 - create IPUIPlugin
2025-07-11 12:38:02,185 [INFO] PluginManager:220 - loadIPPluginJar : add radio
2025-07-11 12:38:02,190 [INFO] IPUIPlugin:80 - create IPUIPlugin
2025-07-11 12:38:02,191 [INFO] PluginManager:220 - loadIPPluginJar : add resmgrutility
2025-07-11 12:38:02,195 [INFO] IPUIPlugin:80 - create IPUIPlugin
2025-07-11 12:38:02,195 [INFO] PluginManager:220 - loadIPPluginJar : add sai
2025-07-11 12:38:02,199 [INFO] IPUIPlugin:80 - create IPUIPlugin
2025-07-11 12:38:02,199 [INFO] PluginManager:220 - loadIPPluginJar : add spi
2025-07-11 12:38:02,208 [INFO] IPUIPlugin:80 - create IPUIPlugin
2025-07-11 12:38:02,208 [INFO] PluginManager:220 - loadIPPluginJar : add stm32_wpan
2025-07-11 12:38:02,210 [INFO] IPUIPlugin:80 - create IPUIPlugin
2025-07-11 12:38:02,210 [INFO] PluginManager:220 - loadIPPluginJar : add tim
2025-07-11 12:38:02,214 [INFO] IPUIPlugin:80 - create IPUIPlugin
2025-07-11 12:38:02,215 [INFO] PluginManager:220 - loadIPPluginJar : add touchsensing
2025-07-11 12:38:02,218 [INFO] IPUIPlugin:80 - create IPUIPlugin
2025-07-11 12:38:02,218 [INFO] PluginManager:220 - loadIPPluginJar : add tracer_emb
2025-07-11 12:38:02,221 [INFO] IPUIPlugin:80 - create IPUIPlugin
2025-07-11 12:38:02,221 [INFO] PluginManager:220 - loadIPPluginJar : add ts
2025-07-11 12:38:02,223 [INFO] IPUIPlugin:80 - create IPUIPlugin
2025-07-11 12:38:02,223 [INFO] PluginManager:220 - loadIPPluginJar : add tsc
2025-07-11 12:38:02,226 [INFO] IPUIPlugin:80 - create IPUIPlugin
2025-07-11 12:38:02,226 [INFO] PluginManager:220 - loadIPPluginJar : add ucpd
2025-07-11 12:38:02,230 [INFO] IPUIPlugin:80 - create IPUIPlugin
2025-07-11 12:38:02,230 [INFO] PluginManager:220 - loadIPPluginJar : add usart
2025-07-11 12:38:02,234 [INFO] IPUIPlugin:80 - create IPUIPlugin
2025-07-11 12:38:02,234 [INFO] PluginManager:220 - loadIPPluginJar : add usbx
2025-07-11 12:38:02,387 [FATAL] Updater:351 - Updater called before beeing initialized
2025-07-11 12:38:02,447 [INFO] RulesReader:64 - Compatibility file has been processed (302 Rules)
2025-07-11 12:38:02,461 [INFO] RulesReader:64 - Compatibility file has been processed (302 Rules)
2025-07-11 12:38:02,471 [INFO] CADModel:165 - CPN selected for project level
2025-07-11 12:38:02,471 [INFO] CADModel:114 - Register for checkConnection events
2025-07-11 12:38:02,471 [FATAL] Updater:351 - Updater called before beeing initialized
2025-07-11 12:38:02,471 [ERROR] CADModel:125 - Updater not yet initialized, retry later 
2025-07-11 12:38:02,651 [FATAL] Updater:351 - Updater called before beeing initialized
2025-07-11 12:38:02,653 [INFO] CADModel:165 - CPN selected for project level
2025-07-11 12:38:02,653 [INFO] CADModel:114 - Register for checkConnection events
2025-07-11 12:38:02,653 [FATAL] Updater:351 - Updater called before beeing initialized
2025-07-11 12:38:02,653 [ERROR] CADModel:125 - Updater not yet initialized, retry later 
2025-07-11 12:38:02,657 [FATAL] Updater:351 - Updater called before beeing initialized
2025-07-11 12:38:02,785 [FATAL] Updater:351 - Updater called before beeing initialized
2025-07-11 12:38:02,790 [INFO] DbMcusAds:53 - JSON generation date=Tue Jul 08 13:44:23 IST 2025 (1751962463538)
2025-07-11 12:38:02,790 [FATAL] Updater:351 - Updater called before beeing initialized
2025-07-11 12:38:02,825 [WARN] DetailPanel:346 - Failed to get advertising image, set to default
2025-07-11 12:38:03,088 [FATAL] Updater:351 - Updater called before beeing initialized
2025-07-11 12:38:03,090 [FATAL] Updater:351 - Updater called before beeing initialized
2025-07-11 12:38:03,090 [FATAL] Updater:351 - Updater called before beeing initialized
2025-07-11 12:38:03,090 [WARN] DetailPanel:346 - Failed to get advertising image, set to default
2025-07-11 12:38:03,091 [FATAL] Updater:351 - Updater called before beeing initialized
2025-07-11 12:38:03,142 [ERROR] Updater:1198 - MainUpdater not yet initialized. External WinMGr cannot be set.
2025-07-11 12:38:03,145 [INFO] Updater:1134 - Updater Version found : 6.14.1
2025-07-11 12:38:03,163 [INFO] ApplicationProperties:184 - Using Application install path: C:\ST\STM32CubeIDE_1.16.1\STM32CubeIDE\plugins\com.st.stm32cube.common.mx_6.14.1.202504091515
2025-07-11 12:38:04,328 [INFO] ThirdPartyUpdaterWithRetryManager:70 - Updater plugin not ready yet. [2/15]
2025-07-11 12:38:04,745 [ERROR] LogOutputStream:75 - [STDERR_REDIRECT] Jul 11, 2025 12:38:04 PM java.util.prefs.WindowsPreferences <init>
2025-07-11 12:38:04,748 [ERROR] LogOutputStream:75 - [STDERR_REDIRECT] WARNING: Could not open/create prefs root node Software\JavaSoft\Prefs at root 0xffffffff80000002. Windows RegCreateKeyEx(...) returned error code 5.
2025-07-11 12:38:04,749 [ERROR] LogOutputStream:75 - [STDERR_REDIRECT] 
2025-07-11 12:38:05,195 [INFO] MainUpdater:2872 - connection check result : 10
2025-07-11 12:38:05,196 [INFO] MainUpdater:289 - Updater Check For Update Now.
2025-07-11 12:38:05,196 [INFO] MicroXplorer:498 - Change Database Version : DB.6.0.141
2025-07-11 12:38:05,205 [INFO] McuFinderGlobals:63 - Set McuFinder mode to 2 (CubeIDE integrated)
2025-07-11 12:38:05,205 [INFO] UserAuth:484 - Internet connection configuration mode: 1
2025-07-11 12:38:05,234 [INFO] JxBrowserEngine:152 - Initiate JxBrowser Engine with user profile folder
2025-07-11 12:38:05,425 [INFO] CheckServerUpdateThread:120 - End of CheckServer Thread
2025-07-11 12:38:06,186 [INFO] WebApp:169 - Instantiating new browser for Auth
2025-07-11 12:38:07,158 [INFO] WebApp:463 - Apply proxy settings
2025-07-11 12:38:07,158 [INFO] WebApp:548 - Chromium requires no authentication
2025-07-11 12:38:07,168 [INFO] WebApp:491 - Direct internet connection detected
2025-07-11 12:38:07,199 [INFO] WebApp:894 - Register for checkConnection events
2025-07-11 12:38:07,200 [INFO] WebApp:463 - Apply proxy settings
2025-07-11 12:38:07,200 [INFO] WebApp:548 - Chromium requires no authentication
2025-07-11 12:38:07,201 [INFO] WebApp:491 - Direct internet connection detected
2025-07-11 12:38:07,486 [INFO] WebApp:191 - Connection restablished
2025-07-11 12:38:07,516 [INFO] WebApp:225 - Starting web application
2025-07-11 12:38:07,516 [INFO] WebApp:593 - Web application path used C:\ST\STM32CubeIDE_1.16.1\STM32CubeIDE\plugins\com.st.stm32cube.common.mx_6.14.1.202504091515\db\plugins\mcufinder\reactClient1\index.html
2025-07-11 12:38:07,771 [INFO] UserAuth:484 - Internet connection configuration mode: 1
2025-07-11 12:38:08,139 [WARN] PackLoader:240 - Cannot read IP mode file for STMicroelectronics.FP-SNS-MOTENVWB1.1.4.0
2025-07-11 12:38:08,176 [WARN] PackLoader:240 - Cannot read IP mode file for STMicroelectronics.FP-ATR-ASTRA1.2.0.2
2025-07-11 12:38:08,199 [WARN] PackLoader:240 - Cannot read IP mode file for STMicroelectronics.FP-ATR-ASTRA1.2.0.1
2025-07-11 12:38:08,227 [WARN] PackLoader:240 - Cannot read IP mode file for STMicroelectronics.X-CUBE-SMBUS.2.1.0
2025-07-11 12:38:08,254 [WARN] PackLoader:240 - Cannot read IP mode file for STMicroelectronics.X-CUBE-WB05N.1.1.0
2025-07-11 12:38:08,269 [WARN] PackLoader:240 - Cannot read IP mode file for STMicroelectronics.X-CUBE-ST60.1.0.0
2025-07-11 12:38:08,357 [WARN] PackLoader:240 - Cannot read IP mode file for STMicroelectronics.X-CUBE-AZRTOS-F7.1.1.0
2025-07-11 12:38:08,378 [WARN] PackLoader:240 - Cannot read IP mode file for STMicroelectronics.FP-SNS-FLIGHT1.5.0.2
2025-07-11 12:38:08,441 [WARN] PackLoader:240 - Cannot read IP mode file for Infineon.AIROC-Wi-Fi-Bluetooth-STM32.1.7.0
2025-07-11 12:38:08,590 [WARN] PackLoader:240 - Cannot read IP mode file for STMicroelectronics.X-CUBE-AZRTOS-H7.3.4.0
2025-07-11 12:38:08,685 [WARN] PackLoader:240 - Cannot read IP mode file for STMicroelectronics.X-CUBE-DISPLAY.3.0.0
2025-07-11 12:38:08,714 [WARN] PackLoader:240 - Cannot read IP mode file for STMicroelectronics.X-CUBE-BLE1.7.0.0
2025-07-11 12:38:08,733 [WARN] PackLoader:240 - Cannot read IP mode file for STMicroelectronics.X-CUBE-NFC10.1.0.0
2025-07-11 12:38:08,765 [WARN] PackLoader:240 - Cannot read IP mode file for STMicroelectronics.X-CUBE-BLEMGR.4.0.0
2025-07-11 12:38:08,786 [WARN] PackLoader:240 - Cannot read IP mode file for emotas.I-CUBE-CANOPEN.1.3.0
2025-07-11 12:38:08,795 [WARN] PackLoader:240 - Cannot read IP mode file for STMicroelectronics.X-CUBE-AI.10.0.0
2025-07-11 12:38:08,805 [WARN] PackLoader:240 - Cannot read IP mode file for STMicroelectronics.FP-SNS-SMARTAG2.1.2.0
2025-07-11 12:38:08,815 [WARN] PackLoader:240 - Cannot read IP mode file for STMicroelectronics.FP-SNS-FLIGHT1.5.1.0
2025-07-11 12:38:08,919 [WARN] PackLoader:240 - Cannot read IP mode file for STMicroelectronics.X-CUBE-MEMS1.11.1.0
2025-07-11 12:38:09,248 [INFO] LogOutputStream:77 - [STDOUT_REDIRECT] 1 : Invalid condition id : UX_CORESTACK_Condition cause : null
2025-07-11 12:38:09,249 [INFO] LogOutputStream:77 - [STDOUT_REDIRECT] 1 : Invalid condition id : UX_CORESTACK_Condition cause : null
2025-07-11 12:38:09,253 [INFO] LogOutputStream:77 - [STDOUT_REDIRECT] 1 : Invalid condition id : UX_CORESTACK_Condition cause : null
2025-07-11 12:38:09,257 [INFO] LogOutputStream:77 - [STDOUT_REDIRECT] 1 : Invalid condition id : UX_CORESTACK_Condition cause : null
2025-07-11 12:38:09,262 [INFO] LogOutputStream:77 - [STDOUT_REDIRECT] 1 : Invalid condition id : UX_CORESTACK_Condition cause : null
2025-07-11 12:38:09,269 [WARN] PackLoader:240 - Cannot read IP mode file for STMicroelectronics.X-CUBE-AZRTOS-WL.2.0.0
2025-07-11 12:38:09,279 [WARN] PackLoader:240 - Cannot read IP mode file for STMicroelectronics.FP-SNS-MOTENV1.5.0.0
2025-07-11 12:38:09,290 [WARN] PackLoader:240 - Cannot read IP mode file for wolfSSL.I-CUBE-wolfMQTT.1.19.0
2025-07-11 12:38:09,305 [WARN] PackLoader:240 - Cannot read IP mode file for WES.I-CUBE-Cesium.1.3.0
2025-07-11 12:38:09,475 [WARN] PackLoader:240 - Cannot read IP mode file for STMicroelectronics.X-CUBE-BLE2.3.3.0
2025-07-11 12:38:09,491 [WARN] PackLoader:240 - Cannot read IP mode file for STMicroelectronics.X-CUBE-NFC9.1.0.0
2025-07-11 12:38:09,501 [WARN] PackLoader:240 - Cannot read IP mode file for STMicroelectronics.X-CUBE-BLE1.7.1.0
2025-07-11 12:38:09,508 [WARN] PackLoader:240 - Cannot read IP mode file for STMicroelectronics.X-CUBE-AI.10.1.0
2025-07-11 12:38:09,613 [WARN] PackLoader:240 - Cannot read IP mode file for STMicroelectronics.X-CUBE-MEMS1.11.2.0
2025-07-11 12:38:09,877 [WARN] PackLoader:240 - Cannot read IP mode file for STMicroelectronics.X-CUBE-AZRTOS-G0.1.1.0
2025-07-11 12:38:09,892 [WARN] PackLoader:240 - Cannot read IP mode file for STMicroelectronics.X-CUBE-SAFEA1.1.2.2
2025-07-11 12:38:09,903 [WARN] PackLoader:240 - Cannot read IP mode file for STMicroelectronics.X-CUBE-NFC4.3.0.0
2025-07-11 12:38:09,927 [WARN] PackLoader:240 - Cannot read IP mode file for EmbeddedOffice.I-CUBE-FS-RTOS.1.0.1
2025-07-11 12:38:09,954 [WARN] PackLoader:240 - Cannot read IP mode file for STMicroelectronics.X-CUBE-WB05N.2.0.0
2025-07-11 12:38:09,971 [WARN] PackLoader:240 - Cannot read IP mode file for STMicroelectronics.X-CUBE-TCPP.4.2.0
2025-07-11 12:38:09,983 [WARN] PackLoader:240 - Cannot read IP mode file for RealThread.X-CUBE-RT-Thread_Nano.4.1.1
2025-07-11 12:38:09,992 [WARN] PackLoader:240 - Cannot read IP mode file for STMicroelectronics.FP-ATR-SIGFOX1.3.2.0
2025-07-11 12:38:10,001 [WARN] ConditionMgr:438 - getConditionDescription Invalid condition id : Cortex-A Device cause : null
2025-07-11 12:38:10,046 [WARN] ConditionMgr:1044 - genDependencies : Invalid condition id : Cortex-A Device cause : null
2025-07-11 12:38:10,047 [WARN] ConditionMgr:1044 - genDependencies : Invalid condition id : Cortex-A Device cause : null
2025-07-11 12:38:10,048 [WARN] ConditionMgr:1044 - genDependencies : Invalid condition id : Cortex-A Device cause : null
2025-07-11 12:38:10,113 [WARN] PackLoader:240 - Cannot read IP mode file for STMicroelectronics.X-CUBE-EEPRMA1.5.1.0
2025-07-11 12:38:10,125 [WARN] PackLoader:240 - Cannot read IP mode file for wolfSSL.I-CUBE-wolfSSL.5.7.4
2025-07-11 12:38:10,145 [WARN] PackLoader:240 - Cannot read IP mode file for ITTIA_DB.I-CUBE-ITTIADB.8.9.0
2025-07-11 12:38:10,167 [WARN] PackLoader:240 - Cannot read IP mode file for STMicroelectronics.X-CUBE-ST67W61.1.0.0
2025-07-11 12:38:10,352 [WARN] PackLoader:240 - Cannot read IP mode file for SEGGER.I-CUBE-embOS.1.3.1
2025-07-11 12:38:10,426 [WARN] PackLoader:240 - Cannot read IP mode file for STMicroelectronics.X-CUBE-ALGOBUILD.1.4.0
2025-07-11 12:38:10,537 [WARN] PackLoader:240 - Cannot read IP mode file for STMicroelectronics.X-CUBE-MEMS1.11.3.0
2025-07-11 12:38:10,753 [WARN] PackLoader:240 - Cannot read IP mode file for STMicroelectronics.X-CUBE-AI.9.1.0
2025-07-11 12:38:10,761 [WARN] PackLoader:240 - Cannot read IP mode file for STMicroelectronics.X-CUBE-PM33A1.1.0.0
2025-07-11 12:38:10,785 [WARN] PackLoader:240 - Cannot read IP mode file for STMicroelectronics.X-CUBE-AZRTOS-F4.1.1.0
2025-07-11 12:38:10,797 [WARN] PackLoader:240 - Cannot read IP mode file for Avnet-IotConnect.X-CUBE-IoTC-DA16k-PMOD.1.0.0
2025-07-11 12:38:10,804 [WARN] PackLoader:240 - Cannot read IP mode file for STMicroelectronics.X-CUBE-ISPU.2.1.0
2025-07-11 12:38:10,829 [WARN] PackLoader:240 - Cannot read IP mode file for STMicroelectronics.X-CUBE-AZRTOS-L5.2.0.0
2025-07-11 12:38:10,846 [WARN] PackLoader:240 - Cannot read IP mode file for STMicroelectronics.X-CUBE-NFC6.3.1.0
2025-07-11 12:38:10,856 [WARN] PackLoader:240 - Cannot read IP mode file for STMicroelectronics.X-CUBE-DPower.1.2.0
2025-07-11 12:38:10,865 [WARN] PackLoader:240 - Cannot read IP mode file for STMicroelectronics.X-CUBE-FREERTOS.1.3.1
2025-07-11 12:38:10,872 [WARN] PackLoader:240 - Cannot read IP mode file for STMicroelectronics.X-CUBE-FREERTOS.1.3.0
2025-07-11 12:38:10,881 [WARN] PackLoader:240 - Cannot read IP mode file for STMicroelectronics.X-CUBE-NFC7.1.0.1
2025-07-11 12:38:10,888 [WARN] PackLoader:240 - Cannot read IP mode file for STMicroelectronics.FP-SNS-STAIOTCFT.1.0.0
2025-07-11 12:38:10,895 [WARN] PackLoader:240 - Cannot read IP mode file for STMicroelectronics.X-CUBE-DPower.1.3.0
2025-07-11 12:38:10,923 [WARN] ConditionMgr:438 - getConditionDescription Invalid condition id : LAN8742 Phy interface Condition cause : null
2025-07-11 12:38:10,925 [WARN] PackLoader:240 - Cannot read IP mode file for STMicroelectronics.X-CUBE-AZRTOS-L4.2.0.0
2025-07-11 12:38:10,928 [WARN] ConditionMgr:1044 - genDependencies : Invalid condition id : LAN8742 Phy interface Condition cause : null
2025-07-11 12:38:10,929 [WARN] ConditionMgr:1044 - genDependencies : Invalid condition id : LAN8742 Phy interface Condition cause : null
2025-07-11 12:38:10,930 [WARN] ConditionMgr:1044 - genDependencies : Invalid condition id : LAN8742 Phy interface Condition cause : null
2025-07-11 12:38:10,940 [WARN] PackLoader:240 - Cannot read IP mode file for STMicroelectronics.X-CUBE-SFXS2LP1.4.0.0
2025-07-11 12:38:10,965 [WARN] PackLoader:240 - Cannot read IP mode file for STMicroelectronics.X-CUBE-AZRTOS-H7.3.3.0
2025-07-11 12:38:10,981 [WARN] PackLoader:240 - Cannot read IP mode file for STMicroelectronics.X-CUBE-IPS.3.0.0
2025-07-11 12:38:10,997 [WARN] ConditionMgr:438 - getConditionDescription Invalid condition id : UX DEVICE CLASS RTOS Condition cause : null
2025-07-11 12:38:10,997 [WARN] ConditionMgr:438 - getConditionDescription Invalid condition id : UX DEVICE CLASS RTOS Condition cause : null
2025-07-11 12:38:10,999 [WARN] PackLoader:240 - Cannot read IP mode file for STMicroelectronics.X-CUBE-AZRTOS-WB.2.0.0
2025-07-11 12:38:11,000 [WARN] ConditionMgr:1044 - genDependencies : Invalid condition id : UX DEVICE CLASS RTOS Condition cause : null
2025-07-11 12:38:11,000 [WARN] ConditionMgr:1044 - genDependencies : Invalid condition id : UX DEVICE CLASS RTOS Condition cause : null
2025-07-11 12:38:11,001 [WARN] ConditionMgr:1044 - genDependencies : Invalid condition id : UX DEVICE CLASS RTOS Condition cause : null
2025-07-11 12:38:11,001 [WARN] ConditionMgr:1044 - genDependencies : Invalid condition id : UX DEVICE CLASS RTOS Condition cause : null
2025-07-11 12:38:11,001 [WARN] ConditionMgr:1044 - genDependencies : Invalid condition id : UX DEVICE CLASS RTOS Condition cause : null
2025-07-11 12:38:11,008 [WARN] PackLoader:240 - Cannot read IP mode file for STMicroelectronics.X-CUBE-GNSS1.7.0.1
2025-07-11 12:38:11,016 [WARN] PackLoader:240 - Cannot read IP mode file for STMicroelectronics.X-CUBE-TOUCHGFX.4.25.0
2025-07-11 12:38:11,022 [WARN] PackLoader:240 - Cannot read IP mode file for STMicroelectronics.FP-SNS-STBOX1.2.0.0
2025-07-11 12:38:11,037 [WARN] PackLoader:240 - Cannot read IP mode file for STMicroelectronics.X-CUBE-SUBG2.5.0.0
2025-07-11 12:38:11,063 [WARN] PackLoader:240 - Cannot read IP mode file for STMicroelectronics.X-CUBE-AZRTOS-H7RS.1.1.0
2025-07-11 12:38:11,071 [WARN] PackLoader:240 - Cannot read IP mode file for Cesanta.I-CUBE-Mongoose.7.13.0
2025-07-11 12:38:11,086 [WARN] PackLoader:240 - Cannot read IP mode file for STMicroelectronics.X-CUBE-AZRTOS-G4.2.0.0
2025-07-11 12:38:11,094 [WARN] PackLoader:240 - Cannot read IP mode file for STMicroelectronics.X-CUBE-NFC7.2.0.0
2025-07-11 12:38:11,106 [WARN] PackLoader:240 - Cannot read IP mode file for STMicroelectronics.X-CUBE-IPS.3.1.0
2025-07-11 12:38:11,116 [WARN] PackLoader:240 - Cannot read IP mode file for STMicroelectronics.X-CUBE-ALS.1.0.2
2025-07-11 12:38:11,121 [WARN] PackLoader:240 - Cannot read IP mode file for STMicroelectronics.X-CUBE-TOUCHGFX.4.24.0
2025-07-11 12:38:11,199 [WARN] PackLoader:240 - Cannot read IP mode file for STMicroelectronics.X-CUBE-TOUCHGFX.4.24.2
2025-07-11 12:38:11,255 [WARN] PackLoader:240 - Cannot read IP mode file for STMicroelectronics.X-CUBE-TOUCHGFX.4.24.1
2025-07-11 12:38:11,261 [WARN] PackLoader:240 - Cannot read IP mode file for wolfSSL.I-CUBE-wolfTPM.3.4.0
2025-07-11 12:38:11,268 [WARN] PackLoader:240 - Cannot read IP mode file for portGmbH.I-Cube-SoM-uGOAL.1.1.0
2025-07-11 12:38:11,285 [WARN] PackLoader:240 - Cannot read IP mode file for STMicroelectronics.X-CUBE-AZRTOS-H7RS.1.0.0
2025-07-11 12:38:11,300 [WARN] PackLoader:240 - Cannot read IP mode file for STMicroelectronics.X-CUBE-TOF1.3.4.2
2025-07-11 12:38:11,339 [WARN] PackLoader:240 - Cannot read IP mode file for STMicroelectronics.X-CUBE-TOF1.3.4.3
2025-07-11 12:38:11,372 [WARN] PackLoader:240 - Cannot read IP mode file for wolfSSL.I-CUBE-wolfSSH.1.4.17
2025-07-11 12:38:11,374 [INFO] ThirdParty:978 - Integrity check success = true
2025-07-11 12:38:11,374 [INFO] IntegrityCheckThread:100 - exiting critical section [integrity check]
2025-07-11 12:38:11,374 [INFO] IntegrityCheckThread:103 - End integrity checks thread
2025-07-11 12:38:38,304 [ERROR] LogOutputStream:75 - [STDERR_REDIRECT] 
2025-07-11 12:38:46,080 [INFO] Activator:176 - 


2025-07-11 12:38:46,083 [INFO] Activator:177 - !SESSION log4j initialized
2025-07-11 12:38:52,733 [INFO] LogOutputStream:77 - [STDOUT_REDIRECT] 
2025-07-11 12:38:53,889 [INFO] ApplicationProperties:184 - Using Application install path: C:\ST\STM32CubeIDE_1.16.1\STM32CubeIDE\plugins\com.st.stm32cube.common.mx_6.14.1.202504091515
2025-07-11 12:38:53,905 [INFO] DbMcusXml:78 - Set database path to: C:\ST\STM32CubeIDE_1.16.1\STM32CubeIDE\plugins\com.st.stm32cube.common.mx_6.14.1.202504091515\\db\/mcu/
2025-07-11 12:38:53,906 [INFO] ApiDb:274 - Set plugin database path to: C:\ST\STM32CubeIDE_1.16.1\STM32CubeIDE\plugins\com.st.stm32cube.common.mx_6.14.1.202504091515\\db\/plugins/boardmanager/
2025-07-11 12:38:53,906 [WARN] ApiDb:259 - Overriding images path with different value:  => C:\ST\STM32CubeIDE_1.16.1\STM32CubeIDE\plugins\com.st.stm32cube.common.mx_6.14.1.202504091515\\db\/plugins/mcufinder/images/
2025-07-11 12:38:53,913 [INFO] ApiDb:250 - Set database path to: C:\Users\kjeya\.stmcufinder\plugins\mcufinder//mcu/
2025-07-11 12:38:53,914 [INFO] DbMcusAds:125 - Set database path to: C:\Users\kjeya\.stmcufinder\plugins\mcufinder//mcu/
2025-07-11 12:38:53,916 [INFO] CrossReferenceDbSqlite:203 - Set database path to: C:\Users\kjeya\.stmcufinder\plugins\mcufinder//mcu/cs/
2025-07-11 12:38:54,030 [INFO] RulesReader:64 - Compatibility file has been processed (302 Rules)
2025-07-11 12:38:54,124 [INFO] DbMcusXml:78 - Set database path to: C:\ST\STM32CubeIDE_1.16.1\STM32CubeIDE\plugins\com.st.stm32cube.common.mx_6.14.1.202504091515\\db\/mcu/
2025-07-11 12:38:54,124 [INFO] ApiDb:274 - Set plugin database path to: C:\ST\STM32CubeIDE_1.16.1\STM32CubeIDE\plugins\com.st.stm32cube.common.mx_6.14.1.202504091515\\db\/plugins/boardmanager/
2025-07-11 12:38:54,124 [INFO] ApiDb:261 - Set plugin images path to: C:\ST\STM32CubeIDE_1.16.1\STM32CubeIDE\plugins\com.st.stm32cube.common.mx_6.14.1.202504091515\\db\/plugins/mcufinder/images/
2025-07-11 12:38:54,124 [WARN] DbFile:41 - Overriding database path with different value: C:\Users\kjeya\.stmcufinder\plugins\mcufinder/ => C:\Users\kjeya\.stmcufinder\plugins\mcufinder
2025-07-11 12:38:54,124 [INFO] ApiDb:250 - Set database path to: C:\Users\kjeya\.stmcufinder\plugins\mcufinder//mcu/
2025-07-11 12:38:54,124 [WARN] DbFile:41 - Overriding database path with different value: C:\Users\kjeya\.stmcufinder\plugins\mcufinder/ => C:\Users\kjeya\.stmcufinder\plugins\mcufinder
2025-07-11 12:38:54,124 [INFO] DbMcusAds:125 - Set database path to: C:\Users\kjeya\.stmcufinder\plugins\mcufinder//mcu/
2025-07-11 12:38:54,124 [WARN] DbFile:41 - Overriding database path with different value: C:\Users\kjeya\.stmcufinder\plugins\mcufinder/ => C:\Users\kjeya\.stmcufinder\plugins\mcufinder
2025-07-11 12:38:54,124 [WARN] DbFile:41 - Overriding database path with different value: C:\Users\kjeya\.stmcufinder\plugins\mcufinder/ => C:\Users\kjeya\.stmcufinder\plugins\mcufinder
2025-07-11 12:38:54,124 [INFO] CrossReferenceDbSqlite:203 - Set database path to: C:\Users\kjeya\.stmcufinder\plugins\mcufinder//mcu/cs/
2025-07-11 12:38:54,209 [INFO] MainPanel:272 - HeapMemory: 268435456
2025-07-11 12:38:54,324 [INFO] DbMcusXml:78 - Set database path to: C:\ST\STM32CubeIDE_1.16.1\STM32CubeIDE\plugins\com.st.stm32cube.common.mx_6.14.1.202504091515\\db\/mcu/
2025-07-11 12:38:54,325 [INFO] ApiDb:274 - Set plugin database path to: C:\ST\STM32CubeIDE_1.16.1\STM32CubeIDE\plugins\com.st.stm32cube.common.mx_6.14.1.202504091515\\db\/plugins/boardmanager/
2025-07-11 12:38:54,325 [INFO] ApiDb:261 - Set plugin images path to: C:\ST\STM32CubeIDE_1.16.1\STM32CubeIDE\plugins\com.st.stm32cube.common.mx_6.14.1.202504091515\\db\/plugins/mcufinder/images/
2025-07-11 12:38:54,325 [WARN] DbFile:41 - Overriding database path with different value: C:\Users\kjeya\.stmcufinder\plugins\mcufinder/ => C:\Users\kjeya\.stmcufinder\plugins\mcufinder
2025-07-11 12:38:54,325 [INFO] ApiDb:250 - Set database path to: C:\Users\kjeya\.stmcufinder\plugins\mcufinder//mcu/
2025-07-11 12:38:54,325 [WARN] DbFile:41 - Overriding database path with different value: C:\Users\kjeya\.stmcufinder\plugins\mcufinder/ => C:\Users\kjeya\.stmcufinder\plugins\mcufinder
2025-07-11 12:38:54,326 [INFO] DbMcusAds:125 - Set database path to: C:\Users\kjeya\.stmcufinder\plugins\mcufinder//mcu/
2025-07-11 12:38:54,326 [WARN] DbFile:41 - Overriding database path with different value: C:\Users\kjeya\.stmcufinder\plugins\mcufinder/ => C:\Users\kjeya\.stmcufinder\plugins\mcufinder
2025-07-11 12:38:54,326 [WARN] DbFile:41 - Overriding database path with different value: C:\Users\kjeya\.stmcufinder\plugins\mcufinder/ => C:\Users\kjeya\.stmcufinder\plugins\mcufinder
2025-07-11 12:38:54,326 [INFO] CrossReferenceDbSqlite:203 - Set database path to: C:\Users\kjeya\.stmcufinder\plugins\mcufinder//mcu/cs/
2025-07-11 12:38:54,344 [INFO] ApplicationProperties:184 - Using Application install path: C:\ST\STM32CubeIDE_1.16.1\STM32CubeIDE\plugins\com.st.stm32cube.common.mx_6.14.1.202504091515
2025-07-11 12:38:54,345 [INFO] PluginManage:196 - Search for loadable plugins [exclusion list=, ]
2025-07-11 12:38:54,348 [INFO] PluginManage:310 - Check plugin analytics
2025-07-11 12:38:54,623 [INFO] AnalyticsPlugin:253 - Accepted Software Licenses: STM32CubeMX.6.11.1,STM32CubeMX.6.13.0
2025-07-11 12:38:54,623 [INFO] AnalyticsPlugin:255 - Accepted CMSIS Pack Licenses: STMicroelectronics.X-CUBE-TOUCHGFX.4.24.0,WES.I-CUBE-Cesium.1.3.0,STMicroelectronics.X-CUBE-TOUCHGFX.4.24.2
2025-07-11 12:38:54,623 [INFO] AnalyticsPlugin:257 - Accepted Firmware Licenses: FW.F4.1.28.0,FW.L4.1.18.0,FW.WL.1.3.0,FW.H7.1.11.0,FW.H7.1.12.0
2025-07-11 12:38:54,629 [INFO] PluginManage:359 - Loaded plugin analytics (category:tool,tabindex:-1)
2025-07-11 12:38:54,630 [INFO] PluginManage:310 - Check plugin cadmodel
2025-07-11 12:38:54,636 [INFO] CADModel:105 - Init CAD model plugin
2025-07-11 12:38:54,636 [INFO] PluginManage:359 - Loaded plugin cadmodel (category:power,tabindex:5)
2025-07-11 12:38:54,636 [INFO] PluginManage:310 - Check plugin clock
2025-07-11 12:38:54,653 [INFO] PluginManage:359 - Loaded plugin clock (category:base,tabindex:2)
2025-07-11 12:38:54,654 [INFO] PluginManage:310 - Check plugin ddr
2025-07-11 12:38:54,657 [INFO] PluginManage:359 - Loaded plugin ddr (category:tool,tabindex:6)
2025-07-11 12:38:54,657 [INFO] PluginManage:310 - Check plugin filemanager
2025-07-11 12:38:54,843 [INFO] PluginManage:359 - Loaded plugin filemanager (category:base,tabindex:10)
2025-07-11 12:38:54,843 [INFO] PluginManage:310 - Check plugin ipmanager
2025-07-11 12:38:54,851 [INFO] PluginManage:359 - Loaded plugin ipmanager (category:base,tabindex:5)
2025-07-11 12:38:54,851 [INFO] PluginManage:310 - Check plugin lpbam
2025-07-11 12:38:54,862 [INFO] PluginManage:359 - Loaded plugin lpbam (category:base,tabindex:0)
2025-07-11 12:38:54,862 [INFO] PluginManage:310 - Check plugin memorymap
2025-07-11 12:38:54,879 [INFO] PluginManage:359 - Loaded plugin memorymap (category:base,tabindex:4)
2025-07-11 12:38:54,879 [INFO] PluginManage:310 - Check plugin pinoutandconfiguration
2025-07-11 12:38:54,888 [INFO] PluginManage:359 - Loaded plugin pinoutandconfiguration (category:base,tabindex:1)
2025-07-11 12:38:54,888 [INFO] PluginManage:310 - Check plugin pinoutconfig
2025-07-11 12:38:54,998 [WARN] SupportedApi:132 - Cannot load RTOS API schema: s4s-elt-must-match.1: The content of 'definitions' must match (annotation?, (simpleType | complexType)?, (unique | key | keyref)*)). A problem was found starting at: attribute.
2025-07-11 12:38:55,154 [INFO] PluginManage:359 - Loaded plugin pinoutconfig (category:base,tabindex:0)
2025-07-11 12:38:55,154 [INFO] PluginManage:310 - Check plugin power
2025-07-11 12:38:55,165 [INFO] PluginManage:359 - Loaded plugin power (category:power,tabindex:4)
2025-07-11 12:38:55,167 [INFO] PluginManage:310 - Check plugin projectmanager
2025-07-11 12:38:55,193 [INFO] PluginManage:359 - Loaded plugin projectmanager (category:projectmanager,tabindex:4)
2025-07-11 12:38:55,193 [INFO] PluginManage:310 - Check plugin rif
2025-07-11 12:38:55,204 [INFO] PluginManage:359 - Loaded plugin rif (category:base,tabindex:3)
2025-07-11 12:38:55,205 [INFO] PluginManage:310 - Check plugin thirdparty
2025-07-11 12:38:55,453 [INFO] PluginManage:359 - Loaded plugin thirdparty (category:base,tabindex:-1)
2025-07-11 12:38:55,453 [WARN] IntegrityCheckThread:84 - waiting for thirdparty lock release [integrity check]
2025-07-11 12:38:55,454 [INFO] IntegrityCheckThread:86 - entering critical section [integrity check]
2025-07-11 12:38:55,454 [INFO] PluginManage:310 - Check plugin tools
2025-07-11 12:38:55,454 [INFO] ThirdPartyUpdaterWithRetryManager:70 - Updater plugin not ready yet. [1/15]
2025-07-11 12:38:55,458 [INFO] PluginManage:359 - Loaded plugin tools (category:base,tabindex:7)
2025-07-11 12:38:55,459 [INFO] PluginManage:310 - Check plugin tutovideos
2025-07-11 12:38:55,666 [INFO] PluginManage:359 - Loaded plugin tutovideos (category:base,tabindex:-1)
2025-07-11 12:38:55,666 [INFO] PluginManage:310 - Check plugin updater
2025-07-11 12:38:55,696 [INFO] PluginManage:359 - Loaded plugin updater (category:base,tabindex:12)
2025-07-11 12:38:55,696 [INFO] PluginManage:310 - Check plugin userauth
2025-07-11 12:38:55,706 [INFO] UserAuth:118 - Init User Auth plugin
2025-07-11 12:38:55,708 [INFO] PluginManage:359 - Loaded plugin userauth (category:base,tabindex:14)
2025-07-11 12:38:55,710 [INFO] PluginManage:283 - PluginManage : Loaded plugins [18]
2025-07-11 12:38:56,021 [INFO] PinOutPanel:1589 - setPackage(No Configuration,No Configuration)
2025-07-11 12:38:56,178 [INFO] CADModel:165 - CPN selected for project level
2025-07-11 12:38:56,179 [INFO] CADModel:114 - Register for checkConnection events
2025-07-11 12:38:56,207 [INFO] IPUIPlugin:80 - create IPUIPlugin
2025-07-11 12:38:56,207 [INFO] PluginManager:220 - loadIPPluginJar : add adc
2025-07-11 12:38:56,212 [INFO] IPUIPlugin:80 - create IPUIPlugin
2025-07-11 12:38:56,212 [INFO] PluginManager:220 - loadIPPluginJar : add aes
2025-07-11 12:38:56,218 [INFO] IPUIPlugin:80 - create IPUIPlugin
2025-07-11 12:38:56,218 [INFO] PluginManager:220 - loadIPPluginJar : add can
2025-07-11 12:38:56,221 [INFO] IPUIPlugin:80 - create IPUIPlugin
2025-07-11 12:38:56,221 [INFO] PluginManager:220 - loadIPPluginJar : add comp
2025-07-11 12:38:56,226 [INFO] IPUIPlugin:80 - create IPUIPlugin
2025-07-11 12:38:56,227 [INFO] PluginManager:220 - loadIPPluginJar : add cryp
2025-07-11 12:38:56,231 [INFO] IPUIPlugin:80 - create IPUIPlugin
2025-07-11 12:38:56,231 [INFO] PluginManager:220 - loadIPPluginJar : add ddr_ctrl_phy
2025-07-11 12:38:56,235 [INFO] IPUIPlugin:80 - create IPUIPlugin
2025-07-11 12:38:56,235 [INFO] PluginManager:220 - loadIPPluginJar : add dfsdm
2025-07-11 12:38:56,243 [INFO] IPUIPlugin:80 - create IPUIPlugin
2025-07-11 12:38:56,244 [INFO] PluginManager:220 - loadIPPluginJar : add dma
2025-07-11 12:38:56,248 [INFO] IPUIPlugin:80 - create IPUIPlugin
2025-07-11 12:38:56,248 [INFO] PluginManager:220 - loadIPPluginJar : add dma3
2025-07-11 12:38:56,254 [INFO] IPUIPlugin:80 - create IPUIPlugin
2025-07-11 12:38:56,254 [INFO] PluginManager:220 - loadIPPluginJar : add extmemmanager
2025-07-11 12:38:56,256 [INFO] IPUIPlugin:80 - create IPUIPlugin
2025-07-11 12:38:56,256 [INFO] PluginManager:220 - loadIPPluginJar : add fatfs
2025-07-11 12:38:56,262 [INFO] IPUIPlugin:80 - create IPUIPlugin
2025-07-11 12:38:56,262 [INFO] PluginManager:220 - loadIPPluginJar : add fmc
2025-07-11 12:38:56,269 [INFO] IPUIPlugin:80 - create IPUIPlugin
2025-07-11 12:38:56,270 [INFO] PluginManager:220 - loadIPPluginJar : add freertos
2025-07-11 12:38:56,271 [INFO] IPUIPlugin:80 - create IPUIPlugin
2025-07-11 12:38:56,272 [INFO] PluginManager:220 - loadIPPluginJar : add genericplugin
2025-07-11 12:38:56,274 [INFO] IPUIPlugin:80 - create IPUIPlugin
2025-07-11 12:38:56,274 [INFO] PluginManager:220 - loadIPPluginJar : add gfxmmu
2025-07-11 12:38:56,279 [INFO] IPUIPlugin:80 - create IPUIPlugin
2025-07-11 12:38:56,280 [INFO] PluginManager:220 - loadIPPluginJar : add gic
2025-07-11 12:38:56,284 [INFO] IPUIPlugin:80 - create IPUIPlugin
2025-07-11 12:38:56,285 [INFO] PluginManager:220 - loadIPPluginJar : add gpio
2025-07-11 12:38:56,288 [INFO] IPUIPlugin:80 - create IPUIPlugin
2025-07-11 12:38:56,288 [INFO] PluginManager:220 - loadIPPluginJar : add gtzc
2025-07-11 12:38:56,292 [INFO] IPUIPlugin:80 - create IPUIPlugin
2025-07-11 12:38:56,292 [INFO] PluginManager:220 - loadIPPluginJar : add hash
2025-07-11 12:38:56,297 [INFO] IPUIPlugin:80 - create IPUIPlugin
2025-07-11 12:38:56,297 [INFO] PluginManager:220 - loadIPPluginJar : add i2c
2025-07-11 12:38:56,300 [INFO] IPUIPlugin:80 - create IPUIPlugin
2025-07-11 12:38:56,301 [INFO] PluginManager:220 - loadIPPluginJar : add i2s
2025-07-11 12:38:56,305 [INFO] IPUIPlugin:80 - create IPUIPlugin
2025-07-11 12:38:56,305 [INFO] PluginManager:220 - loadIPPluginJar : add i3c
2025-07-11 12:38:56,309 [INFO] IPUIPlugin:80 - create IPUIPlugin
2025-07-11 12:38:56,310 [INFO] PluginManager:220 - loadIPPluginJar : add ipddr
2025-07-11 12:38:56,320 [INFO] IPUIPlugin:80 - create IPUIPlugin
2025-07-11 12:38:56,320 [INFO] PluginManager:220 - loadIPPluginJar : add linkedlist
2025-07-11 12:38:56,323 [INFO] IPUIPlugin:80 - create IPUIPlugin
2025-07-11 12:38:56,324 [INFO] PluginManager:220 - loadIPPluginJar : add lorawan
2025-07-11 12:38:56,326 [INFO] IPUIPlugin:80 - create IPUIPlugin
2025-07-11 12:38:56,326 [INFO] PluginManager:220 - loadIPPluginJar : add ltdc
2025-07-11 12:38:56,335 [INFO] IPUIPlugin:80 - create IPUIPlugin
2025-07-11 12:38:56,335 [INFO] PluginManager:220 - loadIPPluginJar : add mdma
2025-07-11 12:38:56,341 [INFO] IPUIPlugin:80 - create IPUIPlugin
2025-07-11 12:38:56,341 [INFO] PluginManager:220 - loadIPPluginJar : add nvic
2025-07-11 12:38:56,346 [INFO] IPUIPlugin:80 - create IPUIPlugin
2025-07-11 12:38:56,346 [INFO] PluginManager:220 - loadIPPluginJar : add opamp
2025-07-11 12:38:56,351 [INFO] IPUIPlugin:80 - create IPUIPlugin
2025-07-11 12:38:56,351 [INFO] PluginManager:220 - loadIPPluginJar : add openamp
2025-07-11 12:38:56,356 [INFO] IPUIPlugin:80 - create IPUIPlugin
2025-07-11 12:38:56,356 [INFO] PluginManager:220 - loadIPPluginJar : add pdm2pcm
2025-07-11 12:38:56,365 [INFO] IPUIPlugin:80 - create IPUIPlugin
2025-07-11 12:38:56,369 [INFO] PluginManager:220 - loadIPPluginJar : add plateformsettings
2025-07-11 12:38:56,371 [INFO] IPUIPlugin:80 - create IPUIPlugin
2025-07-11 12:38:56,371 [INFO] PluginManager:220 - loadIPPluginJar : add quadspi
2025-07-11 12:38:56,375 [INFO] IPUIPlugin:80 - create IPUIPlugin
2025-07-11 12:38:56,377 [INFO] PluginManager:220 - loadIPPluginJar : add radio
2025-07-11 12:38:56,382 [INFO] IPUIPlugin:80 - create IPUIPlugin
2025-07-11 12:38:56,382 [INFO] PluginManager:220 - loadIPPluginJar : add resmgrutility
2025-07-11 12:38:56,386 [INFO] IPUIPlugin:80 - create IPUIPlugin
2025-07-11 12:38:56,386 [INFO] PluginManager:220 - loadIPPluginJar : add sai
2025-07-11 12:38:56,390 [INFO] IPUIPlugin:80 - create IPUIPlugin
2025-07-11 12:38:56,390 [INFO] PluginManager:220 - loadIPPluginJar : add spi
2025-07-11 12:38:56,398 [INFO] IPUIPlugin:80 - create IPUIPlugin
2025-07-11 12:38:56,398 [INFO] PluginManager:220 - loadIPPluginJar : add stm32_wpan
2025-07-11 12:38:56,400 [INFO] IPUIPlugin:80 - create IPUIPlugin
2025-07-11 12:38:56,400 [INFO] PluginManager:220 - loadIPPluginJar : add tim
2025-07-11 12:38:56,405 [INFO] IPUIPlugin:80 - create IPUIPlugin
2025-07-11 12:38:56,405 [INFO] PluginManager:220 - loadIPPluginJar : add touchsensing
2025-07-11 12:38:56,408 [INFO] IPUIPlugin:80 - create IPUIPlugin
2025-07-11 12:38:56,408 [INFO] PluginManager:220 - loadIPPluginJar : add tracer_emb
2025-07-11 12:38:56,412 [INFO] IPUIPlugin:80 - create IPUIPlugin
2025-07-11 12:38:56,412 [INFO] PluginManager:220 - loadIPPluginJar : add ts
2025-07-11 12:38:56,414 [INFO] IPUIPlugin:80 - create IPUIPlugin
2025-07-11 12:38:56,414 [INFO] PluginManager:220 - loadIPPluginJar : add tsc
2025-07-11 12:38:56,416 [INFO] IPUIPlugin:80 - create IPUIPlugin
2025-07-11 12:38:56,416 [INFO] PluginManager:220 - loadIPPluginJar : add ucpd
2025-07-11 12:38:56,420 [INFO] IPUIPlugin:80 - create IPUIPlugin
2025-07-11 12:38:56,420 [INFO] PluginManager:220 - loadIPPluginJar : add usart
2025-07-11 12:38:56,424 [INFO] IPUIPlugin:80 - create IPUIPlugin
2025-07-11 12:38:56,424 [INFO] PluginManager:220 - loadIPPluginJar : add usbx
2025-07-11 12:38:56,564 [FATAL] Updater:351 - Updater called before beeing initialized
2025-07-11 12:38:56,603 [INFO] RulesReader:64 - Compatibility file has been processed (302 Rules)
2025-07-11 12:38:56,616 [INFO] RulesReader:64 - Compatibility file has been processed (302 Rules)
2025-07-11 12:38:56,625 [INFO] CADModel:165 - CPN selected for project level
2025-07-11 12:38:56,626 [INFO] CADModel:114 - Register for checkConnection events
2025-07-11 12:38:56,626 [FATAL] Updater:351 - Updater called before beeing initialized
2025-07-11 12:38:56,626 [ERROR] CADModel:125 - Updater not yet initialized, retry later 
2025-07-11 12:38:56,807 [FATAL] Updater:351 - Updater called before beeing initialized
2025-07-11 12:38:56,809 [INFO] CADModel:165 - CPN selected for project level
2025-07-11 12:38:56,809 [INFO] CADModel:114 - Register for checkConnection events
2025-07-11 12:38:56,809 [FATAL] Updater:351 - Updater called before beeing initialized
2025-07-11 12:38:56,809 [ERROR] CADModel:125 - Updater not yet initialized, retry later 
2025-07-11 12:38:56,814 [FATAL] Updater:351 - Updater called before beeing initialized
2025-07-11 12:38:56,940 [FATAL] Updater:351 - Updater called before beeing initialized
2025-07-11 12:38:56,945 [INFO] DbMcusAds:53 - JSON generation date=Tue Jul 08 13:44:23 IST 2025 (1751962463538)
2025-07-11 12:38:56,945 [FATAL] Updater:351 - Updater called before beeing initialized
2025-07-11 12:38:56,979 [WARN] DetailPanel:346 - Failed to get advertising image, set to default
2025-07-11 12:38:57,231 [FATAL] Updater:351 - Updater called before beeing initialized
2025-07-11 12:38:57,232 [FATAL] Updater:351 - Updater called before beeing initialized
2025-07-11 12:38:57,233 [FATAL] Updater:351 - Updater called before beeing initialized
2025-07-11 12:38:57,233 [WARN] DetailPanel:346 - Failed to get advertising image, set to default
2025-07-11 12:38:57,234 [FATAL] Updater:351 - Updater called before beeing initialized
2025-07-11 12:38:57,290 [ERROR] Updater:1198 - MainUpdater not yet initialized. External WinMGr cannot be set.
2025-07-11 12:38:57,292 [INFO] Updater:1134 - Updater Version found : 6.14.1
2025-07-11 12:38:57,314 [INFO] ApplicationProperties:184 - Using Application install path: C:\ST\STM32CubeIDE_1.16.1\STM32CubeIDE\plugins\com.st.stm32cube.common.mx_6.14.1.202504091515
2025-07-11 12:38:58,456 [INFO] ThirdPartyUpdaterWithRetryManager:70 - Updater plugin not ready yet. [2/15]
2025-07-11 12:38:58,896 [ERROR] LogOutputStream:75 - [STDERR_REDIRECT] Jul 11, 2025 12:38:58 PM java.util.prefs.WindowsPreferences <init>
2025-07-11 12:38:58,897 [ERROR] LogOutputStream:75 - [STDERR_REDIRECT] WARNING: Could not open/create prefs root node Software\JavaSoft\Prefs at root 0xffffffff80000002. Windows RegCreateKeyEx(...) returned error code 5.
2025-07-11 12:38:58,897 [ERROR] LogOutputStream:75 - [STDERR_REDIRECT] 
2025-07-11 12:38:59,374 [INFO] MainUpdater:2872 - connection check result : 10
2025-07-11 12:38:59,375 [INFO] MainUpdater:289 - Updater Check For Update Now.
2025-07-11 12:38:59,375 [INFO] MicroXplorer:498 - Change Database Version : DB.6.0.141
2025-07-11 12:38:59,388 [INFO] McuFinderGlobals:63 - Set McuFinder mode to 2 (CubeIDE integrated)
2025-07-11 12:38:59,389 [INFO] UserAuth:484 - Internet connection configuration mode: 1
2025-07-11 12:38:59,421 [INFO] JxBrowserEngine:152 - Initiate JxBrowser Engine with user profile folder
2025-07-11 12:38:59,593 [INFO] CheckServerUpdateThread:120 - End of CheckServer Thread
2025-07-11 12:39:00,369 [INFO] WebApp:169 - Instantiating new browser for Auth
2025-07-11 12:39:01,396 [INFO] WebApp:463 - Apply proxy settings
2025-07-11 12:39:01,396 [INFO] WebApp:548 - Chromium requires no authentication
2025-07-11 12:39:01,406 [INFO] WebApp:491 - Direct internet connection detected
2025-07-11 12:39:01,436 [INFO] WebApp:894 - Register for checkConnection events
2025-07-11 12:39:01,436 [INFO] WebApp:463 - Apply proxy settings
2025-07-11 12:39:01,437 [INFO] WebApp:548 - Chromium requires no authentication
2025-07-11 12:39:01,437 [INFO] WebApp:491 - Direct internet connection detected
2025-07-11 12:39:01,704 [INFO] WebApp:191 - Connection restablished
2025-07-11 12:39:01,880 [INFO] WebApp:225 - Starting web application
2025-07-11 12:39:01,880 [INFO] WebApp:593 - Web application path used C:\ST\STM32CubeIDE_1.16.1\STM32CubeIDE\plugins\com.st.stm32cube.common.mx_6.14.1.202504091515\db\plugins\mcufinder\reactClient1\index.html
2025-07-11 12:39:02,131 [WARN] PackLoader:240 - Cannot read IP mode file for STMicroelectronics.FP-SNS-MOTENVWB1.1.4.0
2025-07-11 12:39:02,157 [WARN] PackLoader:240 - Cannot read IP mode file for STMicroelectronics.FP-ATR-ASTRA1.2.0.2
2025-07-11 12:39:02,168 [WARN] PackLoader:240 - Cannot read IP mode file for STMicroelectronics.FP-ATR-ASTRA1.2.0.1
2025-07-11 12:39:02,195 [WARN] PackLoader:240 - Cannot read IP mode file for STMicroelectronics.X-CUBE-SMBUS.2.1.0
2025-07-11 12:39:02,234 [WARN] PackLoader:240 - Cannot read IP mode file for STMicroelectronics.X-CUBE-WB05N.1.1.0
2025-07-11 12:39:02,252 [WARN] PackLoader:240 - Cannot read IP mode file for STMicroelectronics.X-CUBE-ST60.1.0.0
2025-07-11 12:39:02,303 [INFO] UserAuth:484 - Internet connection configuration mode: 1
2025-07-11 12:39:02,336 [WARN] PackLoader:240 - Cannot read IP mode file for STMicroelectronics.X-CUBE-AZRTOS-F7.1.1.0
2025-07-11 12:39:02,366 [WARN] PackLoader:240 - Cannot read IP mode file for STMicroelectronics.FP-SNS-FLIGHT1.5.0.2
2025-07-11 12:39:02,441 [WARN] PackLoader:240 - Cannot read IP mode file for Infineon.AIROC-Wi-Fi-Bluetooth-STM32.1.7.0
2025-07-11 12:39:02,561 [WARN] PackLoader:240 - Cannot read IP mode file for STMicroelectronics.X-CUBE-AZRTOS-H7.3.4.0
2025-07-11 12:39:02,590 [WARN] PackLoader:240 - Cannot read IP mode file for STMicroelectronics.X-CUBE-DISPLAY.3.0.0
2025-07-11 12:39:02,615 [WARN] PackLoader:240 - Cannot read IP mode file for STMicroelectronics.X-CUBE-BLE1.7.0.0
2025-07-11 12:39:02,632 [WARN] PackLoader:240 - Cannot read IP mode file for STMicroelectronics.X-CUBE-NFC10.1.0.0
2025-07-11 12:39:02,659 [WARN] PackLoader:240 - Cannot read IP mode file for STMicroelectronics.X-CUBE-BLEMGR.4.0.0
2025-07-11 12:39:02,729 [WARN] PackLoader:240 - Cannot read IP mode file for emotas.I-CUBE-CANOPEN.1.3.0
2025-07-11 12:39:02,776 [WARN] PackLoader:240 - Cannot read IP mode file for STMicroelectronics.X-CUBE-AI.10.0.0
2025-07-11 12:39:02,787 [WARN] PackLoader:240 - Cannot read IP mode file for STMicroelectronics.FP-SNS-SMARTAG2.1.2.0
2025-07-11 12:39:02,797 [WARN] PackLoader:240 - Cannot read IP mode file for STMicroelectronics.FP-SNS-FLIGHT1.5.1.0
2025-07-11 12:39:02,966 [WARN] PackLoader:240 - Cannot read IP mode file for STMicroelectronics.X-CUBE-MEMS1.11.1.0
2025-07-11 12:39:03,276 [INFO] LogOutputStream:77 - [STDOUT_REDIRECT] 1 : Invalid condition id : UX_CORESTACK_Condition cause : null
2025-07-11 12:39:03,277 [INFO] LogOutputStream:77 - [STDOUT_REDIRECT] 1 : Invalid condition id : UX_CORESTACK_Condition cause : null
2025-07-11 12:39:03,280 [INFO] LogOutputStream:77 - [STDOUT_REDIRECT] 1 : Invalid condition id : UX_CORESTACK_Condition cause : null
2025-07-11 12:39:03,285 [INFO] LogOutputStream:77 - [STDOUT_REDIRECT] 1 : Invalid condition id : UX_CORESTACK_Condition cause : null
2025-07-11 12:39:03,287 [INFO] LogOutputStream:77 - [STDOUT_REDIRECT] 1 : Invalid condition id : UX_CORESTACK_Condition cause : null
2025-07-11 12:39:03,291 [WARN] PackLoader:240 - Cannot read IP mode file for STMicroelectronics.X-CUBE-AZRTOS-WL.2.0.0
2025-07-11 12:39:03,302 [WARN] PackLoader:240 - Cannot read IP mode file for STMicroelectronics.FP-SNS-MOTENV1.5.0.0
2025-07-11 12:39:03,313 [WARN] PackLoader:240 - Cannot read IP mode file for wolfSSL.I-CUBE-wolfMQTT.1.19.0
2025-07-11 12:39:03,325 [WARN] PackLoader:240 - Cannot read IP mode file for WES.I-CUBE-Cesium.1.3.0
2025-07-11 12:39:03,468 [WARN] PackLoader:240 - Cannot read IP mode file for STMicroelectronics.X-CUBE-BLE2.3.3.0
2025-07-11 12:39:03,482 [WARN] PackLoader:240 - Cannot read IP mode file for STMicroelectronics.X-CUBE-NFC9.1.0.0
2025-07-11 12:39:03,493 [WARN] PackLoader:240 - Cannot read IP mode file for STMicroelectronics.X-CUBE-BLE1.7.1.0
2025-07-11 12:39:03,499 [WARN] PackLoader:240 - Cannot read IP mode file for STMicroelectronics.X-CUBE-AI.10.1.0
2025-07-11 12:39:03,597 [WARN] PackLoader:240 - Cannot read IP mode file for STMicroelectronics.X-CUBE-MEMS1.11.2.0
2025-07-11 12:39:03,862 [WARN] PackLoader:240 - Cannot read IP mode file for STMicroelectronics.X-CUBE-AZRTOS-G0.1.1.0
2025-07-11 12:39:03,878 [WARN] PackLoader:240 - Cannot read IP mode file for STMicroelectronics.X-CUBE-SAFEA1.1.2.2
2025-07-11 12:39:03,889 [WARN] PackLoader:240 - Cannot read IP mode file for STMicroelectronics.X-CUBE-NFC4.3.0.0
2025-07-11 12:39:03,913 [WARN] PackLoader:240 - Cannot read IP mode file for EmbeddedOffice.I-CUBE-FS-RTOS.1.0.1
2025-07-11 12:39:03,928 [WARN] PackLoader:240 - Cannot read IP mode file for STMicroelectronics.X-CUBE-WB05N.2.0.0
2025-07-11 12:39:03,940 [WARN] PackLoader:240 - Cannot read IP mode file for STMicroelectronics.X-CUBE-TCPP.4.2.0
2025-07-11 12:39:03,955 [WARN] PackLoader:240 - Cannot read IP mode file for RealThread.X-CUBE-RT-Thread_Nano.4.1.1
2025-07-11 12:39:03,967 [WARN] PackLoader:240 - Cannot read IP mode file for STMicroelectronics.FP-ATR-SIGFOX1.3.2.0
2025-07-11 12:39:03,980 [WARN] ConditionMgr:438 - getConditionDescription Invalid condition id : Cortex-A Device cause : null
2025-07-11 12:39:04,004 [WARN] ConditionMgr:1044 - genDependencies : Invalid condition id : Cortex-A Device cause : null
2025-07-11 12:39:04,005 [WARN] ConditionMgr:1044 - genDependencies : Invalid condition id : Cortex-A Device cause : null
2025-07-11 12:39:04,005 [WARN] ConditionMgr:1044 - genDependencies : Invalid condition id : Cortex-A Device cause : null
2025-07-11 12:39:04,020 [WARN] PackLoader:240 - Cannot read IP mode file for STMicroelectronics.X-CUBE-EEPRMA1.5.1.0
2025-07-11 12:39:04,031 [WARN] PackLoader:240 - Cannot read IP mode file for wolfSSL.I-CUBE-wolfSSL.5.7.4
2025-07-11 12:39:04,043 [WARN] PackLoader:240 - Cannot read IP mode file for ITTIA_DB.I-CUBE-ITTIADB.8.9.0
2025-07-11 12:39:04,052 [WARN] PackLoader:240 - Cannot read IP mode file for STMicroelectronics.X-CUBE-ST67W61.1.0.0
2025-07-11 12:39:04,104 [WARN] PackLoader:240 - Cannot read IP mode file for SEGGER.I-CUBE-embOS.1.3.1
2025-07-11 12:39:04,175 [WARN] PackLoader:240 - Cannot read IP mode file for STMicroelectronics.X-CUBE-ALGOBUILD.1.4.0
2025-07-11 12:39:04,271 [WARN] PackLoader:240 - Cannot read IP mode file for STMicroelectronics.X-CUBE-MEMS1.11.3.0
2025-07-11 12:39:04,550 [WARN] PackLoader:240 - Cannot read IP mode file for STMicroelectronics.X-CUBE-AI.9.1.0
2025-07-11 12:39:04,557 [WARN] PackLoader:240 - Cannot read IP mode file for STMicroelectronics.X-CUBE-PM33A1.1.0.0
2025-07-11 12:39:04,582 [WARN] PackLoader:240 - Cannot read IP mode file for STMicroelectronics.X-CUBE-AZRTOS-F4.1.1.0
2025-07-11 12:39:04,595 [WARN] PackLoader:240 - Cannot read IP mode file for Avnet-IotConnect.X-CUBE-IoTC-DA16k-PMOD.1.0.0
2025-07-11 12:39:04,602 [WARN] PackLoader:240 - Cannot read IP mode file for STMicroelectronics.X-CUBE-ISPU.2.1.0
2025-07-11 12:39:04,623 [WARN] PackLoader:240 - Cannot read IP mode file for STMicroelectronics.X-CUBE-AZRTOS-L5.2.0.0
2025-07-11 12:39:04,637 [WARN] PackLoader:240 - Cannot read IP mode file for STMicroelectronics.X-CUBE-NFC6.3.1.0
2025-07-11 12:39:04,649 [WARN] PackLoader:240 - Cannot read IP mode file for STMicroelectronics.X-CUBE-DPower.1.2.0
2025-07-11 12:39:04,657 [WARN] PackLoader:240 - Cannot read IP mode file for STMicroelectronics.X-CUBE-FREERTOS.1.3.1
2025-07-11 12:39:04,666 [WARN] PackLoader:240 - Cannot read IP mode file for STMicroelectronics.X-CUBE-FREERTOS.1.3.0
2025-07-11 12:39:04,675 [WARN] PackLoader:240 - Cannot read IP mode file for STMicroelectronics.X-CUBE-NFC7.1.0.1
2025-07-11 12:39:04,684 [WARN] PackLoader:240 - Cannot read IP mode file for STMicroelectronics.FP-SNS-STAIOTCFT.1.0.0
2025-07-11 12:39:04,695 [WARN] PackLoader:240 - Cannot read IP mode file for STMicroelectronics.X-CUBE-DPower.1.3.0
2025-07-11 12:39:04,718 [WARN] ConditionMgr:438 - getConditionDescription Invalid condition id : LAN8742 Phy interface Condition cause : null
2025-07-11 12:39:04,720 [WARN] PackLoader:240 - Cannot read IP mode file for STMicroelectronics.X-CUBE-AZRTOS-L4.2.0.0
2025-07-11 12:39:04,722 [WARN] ConditionMgr:1044 - genDependencies : Invalid condition id : LAN8742 Phy interface Condition cause : null
2025-07-11 12:39:04,722 [WARN] ConditionMgr:1044 - genDependencies : Invalid condition id : LAN8742 Phy interface Condition cause : null
2025-07-11 12:39:04,723 [WARN] ConditionMgr:1044 - genDependencies : Invalid condition id : LAN8742 Phy interface Condition cause : null
2025-07-11 12:39:04,733 [WARN] PackLoader:240 - Cannot read IP mode file for STMicroelectronics.X-CUBE-SFXS2LP1.4.0.0
2025-07-11 12:39:04,759 [WARN] PackLoader:240 - Cannot read IP mode file for STMicroelectronics.X-CUBE-AZRTOS-H7.3.3.0
2025-07-11 12:39:04,779 [WARN] PackLoader:240 - Cannot read IP mode file for STMicroelectronics.X-CUBE-IPS.3.0.0
2025-07-11 12:39:04,796 [WARN] ConditionMgr:438 - getConditionDescription Invalid condition id : UX DEVICE CLASS RTOS Condition cause : null
2025-07-11 12:39:04,796 [WARN] ConditionMgr:438 - getConditionDescription Invalid condition id : UX DEVICE CLASS RTOS Condition cause : null
2025-07-11 12:39:04,800 [WARN] PackLoader:240 - Cannot read IP mode file for STMicroelectronics.X-CUBE-AZRTOS-WB.2.0.0
2025-07-11 12:39:04,801 [WARN] ConditionMgr:1044 - genDependencies : Invalid condition id : UX DEVICE CLASS RTOS Condition cause : null
2025-07-11 12:39:04,801 [WARN] ConditionMgr:1044 - genDependencies : Invalid condition id : UX DEVICE CLASS RTOS Condition cause : null
2025-07-11 12:39:04,802 [WARN] ConditionMgr:1044 - genDependencies : Invalid condition id : UX DEVICE CLASS RTOS Condition cause : null
2025-07-11 12:39:04,802 [WARN] ConditionMgr:1044 - genDependencies : Invalid condition id : UX DEVICE CLASS RTOS Condition cause : null
2025-07-11 12:39:04,803 [WARN] ConditionMgr:1044 - genDependencies : Invalid condition id : UX DEVICE CLASS RTOS Condition cause : null
2025-07-11 12:39:04,811 [WARN] PackLoader:240 - Cannot read IP mode file for STMicroelectronics.X-CUBE-GNSS1.7.0.1
2025-07-11 12:39:04,821 [WARN] PackLoader:240 - Cannot read IP mode file for STMicroelectronics.X-CUBE-TOUCHGFX.4.25.0
2025-07-11 12:39:04,828 [WARN] PackLoader:240 - Cannot read IP mode file for STMicroelectronics.FP-SNS-STBOX1.2.0.0
2025-07-11 12:39:04,844 [WARN] PackLoader:240 - Cannot read IP mode file for STMicroelectronics.X-CUBE-SUBG2.5.0.0
2025-07-11 12:39:04,872 [WARN] PackLoader:240 - Cannot read IP mode file for STMicroelectronics.X-CUBE-AZRTOS-H7RS.1.1.0
2025-07-11 12:39:04,887 [WARN] PackLoader:240 - Cannot read IP mode file for Cesanta.I-CUBE-Mongoose.7.13.0
2025-07-11 12:39:04,901 [WARN] PackLoader:240 - Cannot read IP mode file for STMicroelectronics.X-CUBE-AZRTOS-G4.2.0.0
2025-07-11 12:39:04,909 [WARN] PackLoader:240 - Cannot read IP mode file for STMicroelectronics.X-CUBE-NFC7.2.0.0
2025-07-11 12:39:04,933 [WARN] PackLoader:240 - Cannot read IP mode file for STMicroelectronics.X-CUBE-IPS.3.1.0
2025-07-11 12:39:04,955 [WARN] PackLoader:240 - Cannot read IP mode file for STMicroelectronics.X-CUBE-ALS.1.0.2
2025-07-11 12:39:04,968 [WARN] PackLoader:240 - Cannot read IP mode file for STMicroelectronics.X-CUBE-TOUCHGFX.4.24.0
2025-07-11 12:39:05,105 [WARN] PackLoader:240 - Cannot read IP mode file for STMicroelectronics.X-CUBE-TOUCHGFX.4.24.2
2025-07-11 12:39:05,189 [WARN] PackLoader:240 - Cannot read IP mode file for STMicroelectronics.X-CUBE-TOUCHGFX.4.24.1
2025-07-11 12:39:05,197 [WARN] PackLoader:240 - Cannot read IP mode file for wolfSSL.I-CUBE-wolfTPM.3.4.0
2025-07-11 12:39:05,208 [WARN] PackLoader:240 - Cannot read IP mode file for portGmbH.I-Cube-SoM-uGOAL.1.1.0
2025-07-11 12:39:05,250 [WARN] PackLoader:240 - Cannot read IP mode file for STMicroelectronics.X-CUBE-AZRTOS-H7RS.1.0.0
2025-07-11 12:39:05,272 [WARN] PackLoader:240 - Cannot read IP mode file for STMicroelectronics.X-CUBE-TOF1.3.4.2
2025-07-11 12:39:05,300 [WARN] PackLoader:240 - Cannot read IP mode file for STMicroelectronics.X-CUBE-TOF1.3.4.3
2025-07-11 12:39:05,319 [WARN] PackLoader:240 - Cannot read IP mode file for wolfSSL.I-CUBE-wolfSSH.1.4.17
2025-07-11 12:39:05,319 [INFO] ThirdParty:978 - Integrity check success = true
2025-07-11 12:39:05,321 [INFO] IntegrityCheckThread:100 - exiting critical section [integrity check]
2025-07-11 12:39:05,321 [INFO] IntegrityCheckThread:103 - End integrity checks thread
2025-07-11 12:42:14,698 [INFO] Activator:176 - 


2025-07-11 12:42:14,701 [INFO] Activator:177 - !SESSION log4j initialized
2025-07-11 12:42:21,979 [INFO] LogOutputStream:77 - [STDOUT_REDIRECT] 
2025-07-11 12:42:23,068 [INFO] ApplicationProperties:184 - Using Application install path: C:\ST\STM32CubeIDE_1.16.1\STM32CubeIDE\plugins\com.st.stm32cube.common.mx_6.14.1.202504091515
2025-07-11 12:42:23,086 [INFO] DbMcusXml:78 - Set database path to: C:\ST\STM32CubeIDE_1.16.1\STM32CubeIDE\plugins\com.st.stm32cube.common.mx_6.14.1.202504091515\\db\/mcu/
2025-07-11 12:42:23,087 [INFO] ApiDb:274 - Set plugin database path to: C:\ST\STM32CubeIDE_1.16.1\STM32CubeIDE\plugins\com.st.stm32cube.common.mx_6.14.1.202504091515\\db\/plugins/boardmanager/
2025-07-11 12:42:23,087 [WARN] ApiDb:259 - Overriding images path with different value:  => C:\ST\STM32CubeIDE_1.16.1\STM32CubeIDE\plugins\com.st.stm32cube.common.mx_6.14.1.202504091515\\db\/plugins/mcufinder/images/
2025-07-11 12:42:23,097 [INFO] ApiDb:250 - Set database path to: C:\Users\kjeya\.stmcufinder\plugins\mcufinder//mcu/
2025-07-11 12:42:23,098 [INFO] DbMcusAds:125 - Set database path to: C:\Users\kjeya\.stmcufinder\plugins\mcufinder//mcu/
2025-07-11 12:42:23,100 [INFO] CrossReferenceDbSqlite:203 - Set database path to: C:\Users\kjeya\.stmcufinder\plugins\mcufinder//mcu/cs/
2025-07-11 12:42:23,237 [INFO] RulesReader:64 - Compatibility file has been processed (302 Rules)
2025-07-11 12:42:23,335 [INFO] DbMcusXml:78 - Set database path to: C:\ST\STM32CubeIDE_1.16.1\STM32CubeIDE\plugins\com.st.stm32cube.common.mx_6.14.1.202504091515\\db\/mcu/
2025-07-11 12:42:23,335 [INFO] ApiDb:274 - Set plugin database path to: C:\ST\STM32CubeIDE_1.16.1\STM32CubeIDE\plugins\com.st.stm32cube.common.mx_6.14.1.202504091515\\db\/plugins/boardmanager/
2025-07-11 12:42:23,335 [INFO] ApiDb:261 - Set plugin images path to: C:\ST\STM32CubeIDE_1.16.1\STM32CubeIDE\plugins\com.st.stm32cube.common.mx_6.14.1.202504091515\\db\/plugins/mcufinder/images/
2025-07-11 12:42:23,336 [WARN] DbFile:41 - Overriding database path with different value: C:\Users\kjeya\.stmcufinder\plugins\mcufinder/ => C:\Users\kjeya\.stmcufinder\plugins\mcufinder
2025-07-11 12:42:23,336 [INFO] ApiDb:250 - Set database path to: C:\Users\kjeya\.stmcufinder\plugins\mcufinder//mcu/
2025-07-11 12:42:23,336 [WARN] DbFile:41 - Overriding database path with different value: C:\Users\kjeya\.stmcufinder\plugins\mcufinder/ => C:\Users\kjeya\.stmcufinder\plugins\mcufinder
2025-07-11 12:42:23,336 [INFO] DbMcusAds:125 - Set database path to: C:\Users\kjeya\.stmcufinder\plugins\mcufinder//mcu/
2025-07-11 12:42:23,336 [WARN] DbFile:41 - Overriding database path with different value: C:\Users\kjeya\.stmcufinder\plugins\mcufinder/ => C:\Users\kjeya\.stmcufinder\plugins\mcufinder
2025-07-11 12:42:23,336 [WARN] DbFile:41 - Overriding database path with different value: C:\Users\kjeya\.stmcufinder\plugins\mcufinder/ => C:\Users\kjeya\.stmcufinder\plugins\mcufinder
2025-07-11 12:42:23,336 [INFO] CrossReferenceDbSqlite:203 - Set database path to: C:\Users\kjeya\.stmcufinder\plugins\mcufinder//mcu/cs/
2025-07-11 12:42:23,430 [INFO] MainPanel:272 - HeapMemory: 268435456
2025-07-11 12:42:23,587 [INFO] DbMcusXml:78 - Set database path to: C:\ST\STM32CubeIDE_1.16.1\STM32CubeIDE\plugins\com.st.stm32cube.common.mx_6.14.1.202504091515\\db\/mcu/
2025-07-11 12:42:23,587 [INFO] ApiDb:274 - Set plugin database path to: C:\ST\STM32CubeIDE_1.16.1\STM32CubeIDE\plugins\com.st.stm32cube.common.mx_6.14.1.202504091515\\db\/plugins/boardmanager/
2025-07-11 12:42:23,587 [INFO] ApiDb:261 - Set plugin images path to: C:\ST\STM32CubeIDE_1.16.1\STM32CubeIDE\plugins\com.st.stm32cube.common.mx_6.14.1.202504091515\\db\/plugins/mcufinder/images/
2025-07-11 12:42:23,587 [WARN] DbFile:41 - Overriding database path with different value: C:\Users\kjeya\.stmcufinder\plugins\mcufinder/ => C:\Users\kjeya\.stmcufinder\plugins\mcufinder
2025-07-11 12:42:23,588 [INFO] ApiDb:250 - Set database path to: C:\Users\kjeya\.stmcufinder\plugins\mcufinder//mcu/
2025-07-11 12:42:23,588 [WARN] DbFile:41 - Overriding database path with different value: C:\Users\kjeya\.stmcufinder\plugins\mcufinder/ => C:\Users\kjeya\.stmcufinder\plugins\mcufinder
2025-07-11 12:42:23,588 [INFO] DbMcusAds:125 - Set database path to: C:\Users\kjeya\.stmcufinder\plugins\mcufinder//mcu/
2025-07-11 12:42:23,588 [WARN] DbFile:41 - Overriding database path with different value: C:\Users\kjeya\.stmcufinder\plugins\mcufinder/ => C:\Users\kjeya\.stmcufinder\plugins\mcufinder
2025-07-11 12:42:23,588 [WARN] DbFile:41 - Overriding database path with different value: C:\Users\kjeya\.stmcufinder\plugins\mcufinder/ => C:\Users\kjeya\.stmcufinder\plugins\mcufinder
2025-07-11 12:42:23,588 [INFO] CrossReferenceDbSqlite:203 - Set database path to: C:\Users\kjeya\.stmcufinder\plugins\mcufinder//mcu/cs/
2025-07-11 12:42:23,612 [INFO] ApplicationProperties:184 - Using Application install path: C:\ST\STM32CubeIDE_1.16.1\STM32CubeIDE\plugins\com.st.stm32cube.common.mx_6.14.1.202504091515
2025-07-11 12:42:23,614 [INFO] PluginManage:196 - Search for loadable plugins [exclusion list=, ]
2025-07-11 12:42:23,617 [INFO] PluginManage:310 - Check plugin analytics
2025-07-11 12:42:23,926 [INFO] AnalyticsPlugin:253 - Accepted Software Licenses: STM32CubeMX.6.11.1,STM32CubeMX.6.13.0
2025-07-11 12:42:23,926 [INFO] AnalyticsPlugin:255 - Accepted CMSIS Pack Licenses: STMicroelectronics.X-CUBE-TOUCHGFX.4.24.0,WES.I-CUBE-Cesium.1.3.0,STMicroelectronics.X-CUBE-TOUCHGFX.4.24.2
2025-07-11 12:42:23,927 [INFO] AnalyticsPlugin:257 - Accepted Firmware Licenses: FW.F4.1.28.0,FW.L4.1.18.0,FW.WL.1.3.0,FW.H7.1.11.0,FW.H7.1.12.0
2025-07-11 12:42:23,934 [INFO] PluginManage:359 - Loaded plugin analytics (category:tool,tabindex:-1)
2025-07-11 12:42:23,934 [INFO] PluginManage:310 - Check plugin cadmodel
2025-07-11 12:42:23,944 [INFO] CADModel:105 - Init CAD model plugin
2025-07-11 12:42:23,945 [INFO] PluginManage:359 - Loaded plugin cadmodel (category:power,tabindex:5)
2025-07-11 12:42:23,945 [INFO] PluginManage:310 - Check plugin clock
2025-07-11 12:42:23,957 [INFO] PluginManage:359 - Loaded plugin clock (category:base,tabindex:2)
2025-07-11 12:42:23,957 [INFO] PluginManage:310 - Check plugin ddr
2025-07-11 12:42:23,961 [INFO] PluginManage:359 - Loaded plugin ddr (category:tool,tabindex:6)
2025-07-11 12:42:23,961 [INFO] PluginManage:310 - Check plugin filemanager
2025-07-11 12:42:24,165 [INFO] PluginManage:359 - Loaded plugin filemanager (category:base,tabindex:10)
2025-07-11 12:42:24,165 [INFO] PluginManage:310 - Check plugin ipmanager
2025-07-11 12:42:24,174 [INFO] PluginManage:359 - Loaded plugin ipmanager (category:base,tabindex:5)
2025-07-11 12:42:24,174 [INFO] PluginManage:310 - Check plugin lpbam
2025-07-11 12:42:24,185 [INFO] PluginManage:359 - Loaded plugin lpbam (category:base,tabindex:0)
2025-07-11 12:42:24,185 [INFO] PluginManage:310 - Check plugin memorymap
2025-07-11 12:42:24,207 [INFO] PluginManage:359 - Loaded plugin memorymap (category:base,tabindex:4)
2025-07-11 12:42:24,207 [INFO] PluginManage:310 - Check plugin pinoutandconfiguration
2025-07-11 12:42:24,222 [INFO] PluginManage:359 - Loaded plugin pinoutandconfiguration (category:base,tabindex:1)
2025-07-11 12:42:24,222 [INFO] PluginManage:310 - Check plugin pinoutconfig
2025-07-11 12:42:24,357 [WARN] SupportedApi:132 - Cannot load RTOS API schema: s4s-elt-must-match.1: The content of 'definitions' must match (annotation?, (simpleType | complexType)?, (unique | key | keyref)*)). A problem was found starting at: attribute.
2025-07-11 12:42:24,541 [INFO] PluginManage:359 - Loaded plugin pinoutconfig (category:base,tabindex:0)
2025-07-11 12:42:24,541 [INFO] PluginManage:310 - Check plugin power
2025-07-11 12:42:24,559 [INFO] PluginManage:359 - Loaded plugin power (category:power,tabindex:4)
2025-07-11 12:42:24,559 [INFO] PluginManage:310 - Check plugin projectmanager
2025-07-11 12:42:24,584 [INFO] PluginManage:359 - Loaded plugin projectmanager (category:projectmanager,tabindex:4)
2025-07-11 12:42:24,584 [INFO] PluginManage:310 - Check plugin rif
2025-07-11 12:42:24,607 [INFO] PluginManage:359 - Loaded plugin rif (category:base,tabindex:3)
2025-07-11 12:42:24,608 [INFO] PluginManage:310 - Check plugin thirdparty
2025-07-11 12:42:24,881 [INFO] PluginManage:359 - Loaded plugin thirdparty (category:base,tabindex:-1)
2025-07-11 12:42:24,881 [INFO] PluginManage:310 - Check plugin tools
2025-07-11 12:42:24,881 [WARN] IntegrityCheckThread:84 - waiting for thirdparty lock release [integrity check]
2025-07-11 12:42:24,882 [INFO] IntegrityCheckThread:86 - entering critical section [integrity check]
2025-07-11 12:42:24,883 [INFO] ThirdPartyUpdaterWithRetryManager:70 - Updater plugin not ready yet. [1/15]
2025-07-11 12:42:24,887 [INFO] PluginManage:359 - Loaded plugin tools (category:base,tabindex:7)
2025-07-11 12:42:24,887 [INFO] PluginManage:310 - Check plugin tutovideos
2025-07-11 12:42:25,137 [INFO] PluginManage:359 - Loaded plugin tutovideos (category:base,tabindex:-1)
2025-07-11 12:42:25,138 [INFO] PluginManage:310 - Check plugin updater
2025-07-11 12:42:25,166 [INFO] PluginManage:359 - Loaded plugin updater (category:base,tabindex:12)
2025-07-11 12:42:25,166 [INFO] PluginManage:310 - Check plugin userauth
2025-07-11 12:42:25,172 [INFO] UserAuth:118 - Init User Auth plugin
2025-07-11 12:42:25,173 [INFO] PluginManage:359 - Loaded plugin userauth (category:base,tabindex:14)
2025-07-11 12:42:25,174 [INFO] PluginManage:283 - PluginManage : Loaded plugins [18]
2025-07-11 12:42:25,480 [INFO] PinOutPanel:1589 - setPackage(No Configuration,No Configuration)
2025-07-11 12:42:25,589 [INFO] CADModel:165 - CPN selected for project level
2025-07-11 12:42:25,589 [INFO] CADModel:114 - Register for checkConnection events
2025-07-11 12:42:25,614 [INFO] IPUIPlugin:80 - create IPUIPlugin
2025-07-11 12:42:25,615 [INFO] PluginManager:220 - loadIPPluginJar : add adc
2025-07-11 12:42:25,619 [INFO] IPUIPlugin:80 - create IPUIPlugin
2025-07-11 12:42:25,620 [INFO] PluginManager:220 - loadIPPluginJar : add aes
2025-07-11 12:42:25,624 [INFO] IPUIPlugin:80 - create IPUIPlugin
2025-07-11 12:42:25,625 [INFO] PluginManager:220 - loadIPPluginJar : add can
2025-07-11 12:42:25,627 [INFO] IPUIPlugin:80 - create IPUIPlugin
2025-07-11 12:42:25,627 [INFO] PluginManager:220 - loadIPPluginJar : add comp
2025-07-11 12:42:25,631 [INFO] IPUIPlugin:80 - create IPUIPlugin
2025-07-11 12:42:25,631 [INFO] PluginManager:220 - loadIPPluginJar : add cryp
2025-07-11 12:42:25,635 [INFO] IPUIPlugin:80 - create IPUIPlugin
2025-07-11 12:42:25,636 [INFO] PluginManager:220 - loadIPPluginJar : add ddr_ctrl_phy
2025-07-11 12:42:25,639 [INFO] IPUIPlugin:80 - create IPUIPlugin
2025-07-11 12:42:25,639 [INFO] PluginManager:220 - loadIPPluginJar : add dfsdm
2025-07-11 12:42:25,647 [INFO] IPUIPlugin:80 - create IPUIPlugin
2025-07-11 12:42:25,648 [INFO] PluginManager:220 - loadIPPluginJar : add dma
2025-07-11 12:42:25,652 [INFO] IPUIPlugin:80 - create IPUIPlugin
2025-07-11 12:42:25,653 [INFO] PluginManager:220 - loadIPPluginJar : add dma3
2025-07-11 12:42:25,657 [INFO] IPUIPlugin:80 - create IPUIPlugin
2025-07-11 12:42:25,657 [INFO] PluginManager:220 - loadIPPluginJar : add extmemmanager
2025-07-11 12:42:25,660 [INFO] IPUIPlugin:80 - create IPUIPlugin
2025-07-11 12:42:25,660 [INFO] PluginManager:220 - loadIPPluginJar : add fatfs
2025-07-11 12:42:25,667 [INFO] IPUIPlugin:80 - create IPUIPlugin
2025-07-11 12:42:25,667 [INFO] PluginManager:220 - loadIPPluginJar : add fmc
2025-07-11 12:42:25,681 [INFO] IPUIPlugin:80 - create IPUIPlugin
2025-07-11 12:42:25,681 [INFO] PluginManager:220 - loadIPPluginJar : add freertos
2025-07-11 12:42:25,684 [INFO] IPUIPlugin:80 - create IPUIPlugin
2025-07-11 12:42:25,684 [INFO] PluginManager:220 - loadIPPluginJar : add genericplugin
2025-07-11 12:42:25,687 [INFO] IPUIPlugin:80 - create IPUIPlugin
2025-07-11 12:42:25,687 [INFO] PluginManager:220 - loadIPPluginJar : add gfxmmu
2025-07-11 12:42:25,696 [INFO] IPUIPlugin:80 - create IPUIPlugin
2025-07-11 12:42:25,696 [INFO] PluginManager:220 - loadIPPluginJar : add gic
2025-07-11 12:42:25,705 [INFO] IPUIPlugin:80 - create IPUIPlugin
2025-07-11 12:42:25,705 [INFO] PluginManager:220 - loadIPPluginJar : add gpio
2025-07-11 12:42:25,711 [INFO] IPUIPlugin:80 - create IPUIPlugin
2025-07-11 12:42:25,711 [INFO] PluginManager:220 - loadIPPluginJar : add gtzc
2025-07-11 12:42:25,716 [INFO] IPUIPlugin:80 - create IPUIPlugin
2025-07-11 12:42:25,717 [INFO] PluginManager:220 - loadIPPluginJar : add hash
2025-07-11 12:42:25,722 [INFO] IPUIPlugin:80 - create IPUIPlugin
2025-07-11 12:42:25,723 [INFO] PluginManager:220 - loadIPPluginJar : add i2c
2025-07-11 12:42:25,729 [INFO] IPUIPlugin:80 - create IPUIPlugin
2025-07-11 12:42:25,730 [INFO] PluginManager:220 - loadIPPluginJar : add i2s
2025-07-11 12:42:25,741 [INFO] IPUIPlugin:80 - create IPUIPlugin
2025-07-11 12:42:25,742 [INFO] PluginManager:220 - loadIPPluginJar : add i3c
2025-07-11 12:42:25,751 [INFO] IPUIPlugin:80 - create IPUIPlugin
2025-07-11 12:42:25,751 [INFO] PluginManager:220 - loadIPPluginJar : add ipddr
2025-07-11 12:42:25,764 [INFO] IPUIPlugin:80 - create IPUIPlugin
2025-07-11 12:42:25,764 [INFO] PluginManager:220 - loadIPPluginJar : add linkedlist
2025-07-11 12:42:25,771 [INFO] IPUIPlugin:80 - create IPUIPlugin
2025-07-11 12:42:25,772 [INFO] PluginManager:220 - loadIPPluginJar : add lorawan
2025-07-11 12:42:25,775 [INFO] IPUIPlugin:80 - create IPUIPlugin
2025-07-11 12:42:25,776 [INFO] PluginManager:220 - loadIPPluginJar : add ltdc
2025-07-11 12:42:25,788 [INFO] IPUIPlugin:80 - create IPUIPlugin
2025-07-11 12:42:25,788 [INFO] PluginManager:220 - loadIPPluginJar : add mdma
2025-07-11 12:42:25,795 [INFO] IPUIPlugin:80 - create IPUIPlugin
2025-07-11 12:42:25,796 [INFO] PluginManager:220 - loadIPPluginJar : add nvic
2025-07-11 12:42:25,803 [INFO] IPUIPlugin:80 - create IPUIPlugin
2025-07-11 12:42:25,803 [INFO] PluginManager:220 - loadIPPluginJar : add opamp
2025-07-11 12:42:25,810 [INFO] IPUIPlugin:80 - create IPUIPlugin
2025-07-11 12:42:25,811 [INFO] PluginManager:220 - loadIPPluginJar : add openamp
2025-07-11 12:42:25,818 [INFO] IPUIPlugin:80 - create IPUIPlugin
2025-07-11 12:42:25,818 [INFO] PluginManager:220 - loadIPPluginJar : add pdm2pcm
2025-07-11 12:42:25,831 [INFO] IPUIPlugin:80 - create IPUIPlugin
2025-07-11 12:42:25,838 [INFO] PluginManager:220 - loadIPPluginJar : add plateformsettings
2025-07-11 12:42:25,841 [INFO] IPUIPlugin:80 - create IPUIPlugin
2025-07-11 12:42:25,842 [INFO] PluginManager:220 - loadIPPluginJar : add quadspi
2025-07-11 12:42:25,846 [INFO] IPUIPlugin:80 - create IPUIPlugin
2025-07-11 12:42:25,847 [INFO] PluginManager:220 - loadIPPluginJar : add radio
2025-07-11 12:42:25,856 [INFO] IPUIPlugin:80 - create IPUIPlugin
2025-07-11 12:42:25,856 [INFO] PluginManager:220 - loadIPPluginJar : add resmgrutility
2025-07-11 12:42:25,863 [INFO] IPUIPlugin:80 - create IPUIPlugin
2025-07-11 12:42:25,864 [INFO] PluginManager:220 - loadIPPluginJar : add sai
2025-07-11 12:42:25,871 [INFO] IPUIPlugin:80 - create IPUIPlugin
2025-07-11 12:42:25,871 [INFO] PluginManager:220 - loadIPPluginJar : add spi
2025-07-11 12:42:25,884 [INFO] IPUIPlugin:80 - create IPUIPlugin
2025-07-11 12:42:25,885 [INFO] PluginManager:220 - loadIPPluginJar : add stm32_wpan
2025-07-11 12:42:25,889 [INFO] IPUIPlugin:80 - create IPUIPlugin
2025-07-11 12:42:25,889 [INFO] PluginManager:220 - loadIPPluginJar : add tim
2025-07-11 12:42:25,897 [INFO] IPUIPlugin:80 - create IPUIPlugin
2025-07-11 12:42:25,897 [INFO] PluginManager:220 - loadIPPluginJar : add touchsensing
2025-07-11 12:42:25,901 [INFO] IPUIPlugin:80 - create IPUIPlugin
2025-07-11 12:42:25,901 [INFO] PluginManager:220 - loadIPPluginJar : add tracer_emb
2025-07-11 12:42:25,906 [INFO] IPUIPlugin:80 - create IPUIPlugin
2025-07-11 12:42:25,906 [INFO] PluginManager:220 - loadIPPluginJar : add ts
2025-07-11 12:42:25,910 [INFO] IPUIPlugin:80 - create IPUIPlugin
2025-07-11 12:42:25,910 [INFO] PluginManager:220 - loadIPPluginJar : add tsc
2025-07-11 12:42:25,915 [INFO] IPUIPlugin:80 - create IPUIPlugin
2025-07-11 12:42:25,915 [INFO] PluginManager:220 - loadIPPluginJar : add ucpd
2025-07-11 12:42:25,919 [INFO] IPUIPlugin:80 - create IPUIPlugin
2025-07-11 12:42:25,920 [INFO] PluginManager:220 - loadIPPluginJar : add usart
2025-07-11 12:42:25,928 [INFO] IPUIPlugin:80 - create IPUIPlugin
2025-07-11 12:42:25,928 [INFO] PluginManager:220 - loadIPPluginJar : add usbx
2025-07-11 12:42:26,150 [FATAL] Updater:351 - Updater called before beeing initialized
2025-07-11 12:42:26,206 [INFO] RulesReader:64 - Compatibility file has been processed (302 Rules)
2025-07-11 12:42:26,238 [INFO] RulesReader:64 - Compatibility file has been processed (302 Rules)
2025-07-11 12:42:26,259 [INFO] CADModel:165 - CPN selected for project level
2025-07-11 12:42:26,259 [INFO] CADModel:114 - Register for checkConnection events
2025-07-11 12:42:26,259 [FATAL] Updater:351 - Updater called before beeing initialized
2025-07-11 12:42:26,260 [ERROR] CADModel:125 - Updater not yet initialized, retry later 
2025-07-11 12:42:26,548 [FATAL] Updater:351 - Updater called before beeing initialized
2025-07-11 12:42:26,551 [INFO] CADModel:165 - CPN selected for project level
2025-07-11 12:42:26,551 [INFO] CADModel:114 - Register for checkConnection events
2025-07-11 12:42:26,551 [FATAL] Updater:351 - Updater called before beeing initialized
2025-07-11 12:42:26,551 [ERROR] CADModel:125 - Updater not yet initialized, retry later 
2025-07-11 12:42:26,558 [FATAL] Updater:351 - Updater called before beeing initialized
2025-07-11 12:42:26,700 [FATAL] Updater:351 - Updater called before beeing initialized
2025-07-11 12:42:26,706 [INFO] DbMcusAds:53 - JSON generation date=Tue Jul 08 13:44:23 IST 2025 (1751962463538)
2025-07-11 12:42:26,706 [FATAL] Updater:351 - Updater called before beeing initialized
2025-07-11 12:42:26,753 [WARN] DetailPanel:346 - Failed to get advertising image, set to default
2025-07-11 12:42:27,039 [FATAL] Updater:351 - Updater called before beeing initialized
2025-07-11 12:42:27,043 [FATAL] Updater:351 - Updater called before beeing initialized
2025-07-11 12:42:27,043 [FATAL] Updater:351 - Updater called before beeing initialized
2025-07-11 12:42:27,043 [WARN] DetailPanel:346 - Failed to get advertising image, set to default
2025-07-11 12:42:27,044 [FATAL] Updater:351 - Updater called before beeing initialized
2025-07-11 12:42:27,110 [ERROR] Updater:1198 - MainUpdater not yet initialized. External WinMGr cannot be set.
2025-07-11 12:42:27,113 [INFO] Updater:1134 - Updater Version found : 6.14.1
2025-07-11 12:42:27,141 [INFO] ApplicationProperties:184 - Using Application install path: C:\ST\STM32CubeIDE_1.16.1\STM32CubeIDE\plugins\com.st.stm32cube.common.mx_6.14.1.202504091515
2025-07-11 12:42:27,883 [INFO] ThirdPartyUpdaterWithRetryManager:70 - Updater plugin not ready yet. [2/15]
2025-07-11 12:42:28,739 [ERROR] LogOutputStream:75 - [STDERR_REDIRECT] Jul 11, 2025 12:42:28 PM java.util.prefs.WindowsPreferences <init>
2025-07-11 12:42:28,742 [ERROR] LogOutputStream:75 - [STDERR_REDIRECT] WARNING: Could not open/create prefs root node Software\JavaSoft\Prefs at root 0xffffffff80000002. Windows RegCreateKeyEx(...) returned error code 5.
2025-07-11 12:42:28,743 [ERROR] LogOutputStream:75 - [STDERR_REDIRECT] 
2025-07-11 12:42:29,301 [INFO] MainUpdater:2872 - connection check result : 10
2025-07-11 12:42:29,302 [INFO] MainUpdater:289 - Updater Check For Update Now.
2025-07-11 12:42:29,302 [INFO] MicroXplorer:498 - Change Database Version : DB.6.0.141
2025-07-11 12:42:29,319 [INFO] McuFinderGlobals:63 - Set McuFinder mode to 2 (CubeIDE integrated)
2025-07-11 12:42:29,321 [INFO] UserAuth:484 - Internet connection configuration mode: 1
2025-07-11 12:42:29,366 [INFO] JxBrowserEngine:152 - Initiate JxBrowser Engine with user profile folder
2025-07-11 12:42:29,565 [INFO] CheckServerUpdateThread:120 - End of CheckServer Thread
2025-07-11 12:42:31,269 [INFO] WebApp:169 - Instantiating new browser for Auth
2025-07-11 12:42:31,485 [WARN] PackLoader:240 - Cannot read IP mode file for STMicroelectronics.FP-SNS-MOTENVWB1.1.4.0
2025-07-11 12:42:31,502 [WARN] PackLoader:240 - Cannot read IP mode file for STMicroelectronics.FP-ATR-ASTRA1.2.0.2
2025-07-11 12:42:31,509 [WARN] PackLoader:240 - Cannot read IP mode file for STMicroelectronics.FP-ATR-ASTRA1.2.0.1
2025-07-11 12:42:31,528 [WARN] PackLoader:240 - Cannot read IP mode file for STMicroelectronics.X-CUBE-SMBUS.2.1.0
2025-07-11 12:42:31,547 [WARN] PackLoader:240 - Cannot read IP mode file for STMicroelectronics.X-CUBE-WB05N.1.1.0
2025-07-11 12:42:31,562 [WARN] PackLoader:240 - Cannot read IP mode file for STMicroelectronics.X-CUBE-ST60.1.0.0
2025-07-11 12:42:31,622 [WARN] PackLoader:240 - Cannot read IP mode file for STMicroelectronics.X-CUBE-AZRTOS-F7.1.1.0
2025-07-11 12:42:31,636 [WARN] PackLoader:240 - Cannot read IP mode file for STMicroelectronics.FP-SNS-FLIGHT1.5.0.2
2025-07-11 12:42:31,688 [WARN] PackLoader:240 - Cannot read IP mode file for Infineon.AIROC-Wi-Fi-Bluetooth-STM32.1.7.0
2025-07-11 12:42:31,749 [WARN] PackLoader:240 - Cannot read IP mode file for STMicroelectronics.X-CUBE-AZRTOS-H7.3.4.0
2025-07-11 12:42:31,766 [WARN] PackLoader:240 - Cannot read IP mode file for STMicroelectronics.X-CUBE-DISPLAY.3.0.0
2025-07-11 12:42:31,784 [WARN] PackLoader:240 - Cannot read IP mode file for STMicroelectronics.X-CUBE-BLE1.7.0.0
2025-07-11 12:42:31,796 [WARN] PackLoader:240 - Cannot read IP mode file for STMicroelectronics.X-CUBE-NFC10.1.0.0
2025-07-11 12:42:31,844 [WARN] PackLoader:240 - Cannot read IP mode file for STMicroelectronics.X-CUBE-BLEMGR.4.0.0
2025-07-11 12:42:31,871 [WARN] PackLoader:240 - Cannot read IP mode file for emotas.I-CUBE-CANOPEN.1.3.0
2025-07-11 12:42:31,891 [WARN] PackLoader:240 - Cannot read IP mode file for STMicroelectronics.X-CUBE-AI.10.0.0
2025-07-11 12:42:31,903 [WARN] PackLoader:240 - Cannot read IP mode file for STMicroelectronics.FP-SNS-SMARTAG2.1.2.0
2025-07-11 12:42:31,923 [WARN] PackLoader:240 - Cannot read IP mode file for STMicroelectronics.FP-SNS-FLIGHT1.5.1.0
2025-07-11 12:42:32,089 [WARN] PackLoader:240 - Cannot read IP mode file for STMicroelectronics.X-CUBE-MEMS1.11.1.0
2025-07-11 12:42:32,378 [INFO] LogOutputStream:77 - [STDOUT_REDIRECT] 1 : Invalid condition id : UX_CORESTACK_Condition cause : null
2025-07-11 12:42:32,380 [INFO] LogOutputStream:77 - [STDOUT_REDIRECT] 1 : Invalid condition id : UX_CORESTACK_Condition cause : null
2025-07-11 12:42:32,382 [INFO] LogOutputStream:77 - [STDOUT_REDIRECT] 1 : Invalid condition id : UX_CORESTACK_Condition cause : null
2025-07-11 12:42:32,383 [INFO] LogOutputStream:77 - [STDOUT_REDIRECT] 1 : Invalid condition id : UX_CORESTACK_Condition cause : null
2025-07-11 12:42:32,385 [INFO] LogOutputStream:77 - [STDOUT_REDIRECT] 1 : Invalid condition id : UX_CORESTACK_Condition cause : null
2025-07-11 12:42:32,388 [WARN] PackLoader:240 - Cannot read IP mode file for STMicroelectronics.X-CUBE-AZRTOS-WL.2.0.0
2025-07-11 12:42:32,402 [WARN] PackLoader:240 - Cannot read IP mode file for STMicroelectronics.FP-SNS-MOTENV1.5.0.0
2025-07-11 12:42:32,412 [WARN] PackLoader:240 - Cannot read IP mode file for wolfSSL.I-CUBE-wolfMQTT.1.19.0
2025-07-11 12:42:32,431 [WARN] PackLoader:240 - Cannot read IP mode file for WES.I-CUBE-Cesium.1.3.0
2025-07-11 12:42:32,608 [WARN] PackLoader:240 - Cannot read IP mode file for STMicroelectronics.X-CUBE-BLE2.3.3.0
2025-07-11 12:42:32,622 [WARN] PackLoader:240 - Cannot read IP mode file for STMicroelectronics.X-CUBE-NFC9.1.0.0
2025-07-11 12:42:32,633 [WARN] PackLoader:240 - Cannot read IP mode file for STMicroelectronics.X-CUBE-BLE1.7.1.0
2025-07-11 12:42:32,641 [WARN] PackLoader:240 - Cannot read IP mode file for STMicroelectronics.X-CUBE-AI.10.1.0
2025-07-11 12:42:32,714 [WARN] PackLoader:240 - Cannot read IP mode file for STMicroelectronics.X-CUBE-MEMS1.11.2.0
2025-07-11 12:42:32,887 [WARN] PackLoader:240 - Cannot read IP mode file for STMicroelectronics.X-CUBE-AZRTOS-G0.1.1.0
2025-07-11 12:42:32,899 [WARN] PackLoader:240 - Cannot read IP mode file for STMicroelectronics.X-CUBE-SAFEA1.1.2.2
2025-07-11 12:42:32,908 [WARN] PackLoader:240 - Cannot read IP mode file for STMicroelectronics.X-CUBE-NFC4.3.0.0
2025-07-11 12:42:32,922 [WARN] PackLoader:240 - Cannot read IP mode file for EmbeddedOffice.I-CUBE-FS-RTOS.1.0.1
2025-07-11 12:42:32,934 [WARN] PackLoader:240 - Cannot read IP mode file for STMicroelectronics.X-CUBE-WB05N.2.0.0
2025-07-11 12:42:32,947 [WARN] PackLoader:240 - Cannot read IP mode file for STMicroelectronics.X-CUBE-TCPP.4.2.0
2025-07-11 12:42:32,958 [WARN] PackLoader:240 - Cannot read IP mode file for RealThread.X-CUBE-RT-Thread_Nano.4.1.1
2025-07-11 12:42:32,965 [WARN] PackLoader:240 - Cannot read IP mode file for STMicroelectronics.FP-ATR-SIGFOX1.3.2.0
2025-07-11 12:42:32,977 [WARN] ConditionMgr:438 - getConditionDescription Invalid condition id : Cortex-A Device cause : null
2025-07-11 12:42:32,994 [WARN] ConditionMgr:1044 - genDependencies : Invalid condition id : Cortex-A Device cause : null
2025-07-11 12:42:32,995 [WARN] ConditionMgr:1044 - genDependencies : Invalid condition id : Cortex-A Device cause : null
2025-07-11 12:42:32,995 [WARN] ConditionMgr:1044 - genDependencies : Invalid condition id : Cortex-A Device cause : null
2025-07-11 12:42:33,042 [WARN] PackLoader:240 - Cannot read IP mode file for STMicroelectronics.X-CUBE-EEPRMA1.5.1.0
2025-07-11 12:42:33,085 [WARN] PackLoader:240 - Cannot read IP mode file for wolfSSL.I-CUBE-wolfSSL.5.7.4
2025-07-11 12:42:33,100 [WARN] PackLoader:240 - Cannot read IP mode file for ITTIA_DB.I-CUBE-ITTIADB.8.9.0
2025-07-11 12:42:33,115 [WARN] PackLoader:240 - Cannot read IP mode file for STMicroelectronics.X-CUBE-ST67W61.1.0.0
2025-07-11 12:42:33,198 [WARN] PackLoader:240 - Cannot read IP mode file for SEGGER.I-CUBE-embOS.1.3.1
2025-07-11 12:42:33,306 [WARN] PackLoader:240 - Cannot read IP mode file for STMicroelectronics.X-CUBE-ALGOBUILD.1.4.0
2025-07-11 12:42:33,501 [WARN] PackLoader:240 - Cannot read IP mode file for STMicroelectronics.X-CUBE-MEMS1.11.3.0
2025-07-11 12:42:33,608 [INFO] WebApp:463 - Apply proxy settings
2025-07-11 12:42:33,609 [INFO] WebApp:548 - Chromium requires no authentication
2025-07-11 12:42:33,641 [INFO] WebApp:491 - Direct internet connection detected
2025-07-11 12:42:33,714 [INFO] WebApp:894 - Register for checkConnection events
2025-07-11 12:42:33,714 [INFO] WebApp:463 - Apply proxy settings
2025-07-11 12:42:33,715 [INFO] WebApp:548 - Chromium requires no authentication
2025-07-11 12:42:33,716 [INFO] WebApp:491 - Direct internet connection detected
2025-07-11 12:42:33,763 [WARN] PackLoader:240 - Cannot read IP mode file for STMicroelectronics.X-CUBE-AI.9.1.0
2025-07-11 12:42:33,772 [WARN] PackLoader:240 - Cannot read IP mode file for STMicroelectronics.X-CUBE-PM33A1.1.0.0
2025-07-11 12:42:33,799 [WARN] PackLoader:240 - Cannot read IP mode file for STMicroelectronics.X-CUBE-AZRTOS-F4.1.1.0
2025-07-11 12:42:33,810 [WARN] PackLoader:240 - Cannot read IP mode file for Avnet-IotConnect.X-CUBE-IoTC-DA16k-PMOD.1.0.0
2025-07-11 12:42:33,816 [WARN] PackLoader:240 - Cannot read IP mode file for STMicroelectronics.X-CUBE-ISPU.2.1.0
2025-07-11 12:42:33,839 [WARN] PackLoader:240 - Cannot read IP mode file for STMicroelectronics.X-CUBE-AZRTOS-L5.2.0.0
2025-07-11 12:42:33,853 [WARN] PackLoader:240 - Cannot read IP mode file for STMicroelectronics.X-CUBE-NFC6.3.1.0
2025-07-11 12:42:33,864 [WARN] PackLoader:240 - Cannot read IP mode file for STMicroelectronics.X-CUBE-DPower.1.2.0
2025-07-11 12:42:33,876 [WARN] PackLoader:240 - Cannot read IP mode file for STMicroelectronics.X-CUBE-FREERTOS.1.3.1
2025-07-11 12:42:33,885 [WARN] PackLoader:240 - Cannot read IP mode file for STMicroelectronics.X-CUBE-FREERTOS.1.3.0
2025-07-11 12:42:33,900 [WARN] PackLoader:240 - Cannot read IP mode file for STMicroelectronics.X-CUBE-NFC7.1.0.1
2025-07-11 12:42:33,913 [WARN] PackLoader:240 - Cannot read IP mode file for STMicroelectronics.FP-SNS-STAIOTCFT.1.0.0
2025-07-11 12:42:33,924 [WARN] PackLoader:240 - Cannot read IP mode file for STMicroelectronics.X-CUBE-DPower.1.3.0
2025-07-11 12:42:33,956 [INFO] WebApp:191 - Connection restablished
2025-07-11 12:42:33,973 [WARN] ConditionMgr:438 - getConditionDescription Invalid condition id : LAN8742 Phy interface Condition cause : null
2025-07-11 12:42:33,975 [WARN] PackLoader:240 - Cannot read IP mode file for STMicroelectronics.X-CUBE-AZRTOS-L4.2.0.0
2025-07-11 12:42:33,977 [WARN] ConditionMgr:1044 - genDependencies : Invalid condition id : LAN8742 Phy interface Condition cause : null
2025-07-11 12:42:33,978 [WARN] ConditionMgr:1044 - genDependencies : Invalid condition id : LAN8742 Phy interface Condition cause : null
2025-07-11 12:42:33,979 [WARN] ConditionMgr:1044 - genDependencies : Invalid condition id : LAN8742 Phy interface Condition cause : null
2025-07-11 12:42:34,005 [WARN] PackLoader:240 - Cannot read IP mode file for STMicroelectronics.X-CUBE-SFXS2LP1.4.0.0
2025-07-11 12:42:34,055 [WARN] PackLoader:240 - Cannot read IP mode file for STMicroelectronics.X-CUBE-AZRTOS-H7.3.3.0
2025-07-11 12:42:34,080 [WARN] PackLoader:240 - Cannot read IP mode file for STMicroelectronics.X-CUBE-IPS.3.0.0
2025-07-11 12:42:34,121 [WARN] ConditionMgr:438 - getConditionDescription Invalid condition id : UX DEVICE CLASS RTOS Condition cause : null
2025-07-11 12:42:34,122 [WARN] ConditionMgr:438 - getConditionDescription Invalid condition id : UX DEVICE CLASS RTOS Condition cause : null
2025-07-11 12:42:34,126 [WARN] PackLoader:240 - Cannot read IP mode file for STMicroelectronics.X-CUBE-AZRTOS-WB.2.0.0
2025-07-11 12:42:34,127 [WARN] ConditionMgr:1044 - genDependencies : Invalid condition id : UX DEVICE CLASS RTOS Condition cause : null
2025-07-11 12:42:34,128 [WARN] ConditionMgr:1044 - genDependencies : Invalid condition id : UX DEVICE CLASS RTOS Condition cause : null
2025-07-11 12:42:34,129 [WARN] ConditionMgr:1044 - genDependencies : Invalid condition id : UX DEVICE CLASS RTOS Condition cause : null
2025-07-11 12:42:34,129 [WARN] ConditionMgr:1044 - genDependencies : Invalid condition id : UX DEVICE CLASS RTOS Condition cause : null
2025-07-11 12:42:34,129 [WARN] ConditionMgr:1044 - genDependencies : Invalid condition id : UX DEVICE CLASS RTOS Condition cause : null
2025-07-11 12:42:34,145 [WARN] PackLoader:240 - Cannot read IP mode file for STMicroelectronics.X-CUBE-GNSS1.7.0.1
2025-07-11 12:42:34,163 [WARN] PackLoader:240 - Cannot read IP mode file for STMicroelectronics.X-CUBE-TOUCHGFX.4.25.0
2025-07-11 12:42:34,180 [WARN] PackLoader:240 - Cannot read IP mode file for STMicroelectronics.FP-SNS-STBOX1.2.0.0
2025-07-11 12:42:34,211 [WARN] PackLoader:240 - Cannot read IP mode file for STMicroelectronics.X-CUBE-SUBG2.5.0.0
2025-07-11 12:42:34,285 [WARN] PackLoader:240 - Cannot read IP mode file for STMicroelectronics.X-CUBE-AZRTOS-H7RS.1.1.0
2025-07-11 12:42:34,305 [WARN] PackLoader:240 - Cannot read IP mode file for Cesanta.I-CUBE-Mongoose.7.13.0
2025-07-11 12:42:34,336 [WARN] PackLoader:240 - Cannot read IP mode file for STMicroelectronics.X-CUBE-AZRTOS-G4.2.0.0
2025-07-11 12:42:34,348 [WARN] PackLoader:240 - Cannot read IP mode file for STMicroelectronics.X-CUBE-NFC7.2.0.0
2025-07-11 12:42:34,373 [WARN] PackLoader:240 - Cannot read IP mode file for STMicroelectronics.X-CUBE-IPS.3.1.0
2025-07-11 12:42:34,393 [WARN] PackLoader:240 - Cannot read IP mode file for STMicroelectronics.X-CUBE-ALS.1.0.2
2025-07-11 12:42:34,407 [WARN] PackLoader:240 - Cannot read IP mode file for STMicroelectronics.X-CUBE-TOUCHGFX.4.24.0
2025-07-11 12:42:34,567 [WARN] PackLoader:240 - Cannot read IP mode file for STMicroelectronics.X-CUBE-TOUCHGFX.4.24.2
2025-07-11 12:42:34,604 [INFO] WebApp:225 - Starting web application
2025-07-11 12:42:34,605 [INFO] WebApp:593 - Web application path used C:\ST\STM32CubeIDE_1.16.1\STM32CubeIDE\plugins\com.st.stm32cube.common.mx_6.14.1.202504091515\db\plugins\mcufinder\reactClient1\index.html
2025-07-11 12:42:34,684 [WARN] PackLoader:240 - Cannot read IP mode file for STMicroelectronics.X-CUBE-TOUCHGFX.4.24.1
2025-07-11 12:42:34,697 [WARN] PackLoader:240 - Cannot read IP mode file for wolfSSL.I-CUBE-wolfTPM.3.4.0
2025-07-11 12:42:34,711 [WARN] PackLoader:240 - Cannot read IP mode file for portGmbH.I-Cube-SoM-uGOAL.1.1.0
2025-07-11 12:42:34,748 [WARN] PackLoader:240 - Cannot read IP mode file for STMicroelectronics.X-CUBE-AZRTOS-H7RS.1.0.0
2025-07-11 12:42:34,776 [WARN] PackLoader:240 - Cannot read IP mode file for STMicroelectronics.X-CUBE-TOF1.3.4.2
2025-07-11 12:42:34,818 [WARN] PackLoader:240 - Cannot read IP mode file for STMicroelectronics.X-CUBE-TOF1.3.4.3
2025-07-11 12:42:34,851 [WARN] PackLoader:240 - Cannot read IP mode file for wolfSSL.I-CUBE-wolfSSH.1.4.17
2025-07-11 12:42:34,852 [INFO] ThirdParty:978 - Integrity check success = true
2025-07-11 12:42:34,852 [INFO] IntegrityCheckThread:100 - exiting critical section [integrity check]
2025-07-11 12:42:34,854 [INFO] IntegrityCheckThread:103 - End integrity checks thread
2025-07-11 12:42:35,093 [INFO] UserAuth:484 - Internet connection configuration mode: 1
2025-07-11 12:43:05,248 [INFO] WebApp:194 - Connection lost
2025-07-11 12:43:05,440 [INFO] WebApp:191 - Connection restablished
2025-07-11 12:43:17,227 [ERROR] LogOutputStream:75 - [STDERR_REDIRECT] 
2025-07-11 12:43:17,228 [ERROR] LogOutputStream:75 - [STDERR_REDIRECT] 
