2025-07-08 09:25:51,675 [INFO] Activator:176 - 


2025-07-08 09:25:51,682 [INFO] Activator:177 - !SESSION log4j initialized
2025-07-08 09:25:59,856 [INFO] LogOutputStream:77 - [STDOUT_REDIRECT] 
2025-07-08 09:26:01,227 [INFO] ApplicationProperties:184 - Using Application install path: C:\ST\STM32CubeIDE_1.16.1\STM32CubeIDE\plugins\com.st.stm32cube.common.mx_6.14.1.202504091515
2025-07-08 09:26:01,248 [INFO] DbMcusXml:78 - Set database path to: C:\ST\STM32CubeIDE_1.16.1\STM32CubeIDE\plugins\com.st.stm32cube.common.mx_6.14.1.202504091515\\db\/mcu/
2025-07-08 09:26:01,249 [INFO] ApiDb:274 - Set plugin database path to: C:\ST\STM32CubeIDE_1.16.1\STM32CubeIDE\plugins\com.st.stm32cube.common.mx_6.14.1.202504091515\\db\/plugins/boardmanager/
2025-07-08 09:26:01,249 [WARN] ApiDb:259 - Overriding images path with different value:  => C:\ST\STM32CubeIDE_1.16.1\STM32CubeIDE\plugins\com.st.stm32cube.common.mx_6.14.1.202504091515\\db\/plugins/mcufinder/images/
2025-07-08 09:26:01,261 [INFO] ApiDb:250 - Set database path to: C:\Users\kjeya\.stmcufinder\plugins\mcufinder//mcu/
2025-07-08 09:26:01,262 [INFO] DbMcusAds:125 - Set database path to: C:\Users\kjeya\.stmcufinder\plugins\mcufinder//mcu/
2025-07-08 09:26:01,264 [INFO] CrossReferenceDbSqlite:203 - Set database path to: C:\Users\kjeya\.stmcufinder\plugins\mcufinder//mcu/cs/
2025-07-08 09:26:01,406 [INFO] RulesReader:64 - Compatibility file has been processed (302 Rules)
2025-07-08 09:26:01,523 [INFO] DbMcusXml:78 - Set database path to: C:\ST\STM32CubeIDE_1.16.1\STM32CubeIDE\plugins\com.st.stm32cube.common.mx_6.14.1.202504091515\\db\/mcu/
2025-07-08 09:26:01,523 [INFO] ApiDb:274 - Set plugin database path to: C:\ST\STM32CubeIDE_1.16.1\STM32CubeIDE\plugins\com.st.stm32cube.common.mx_6.14.1.202504091515\\db\/plugins/boardmanager/
2025-07-08 09:26:01,523 [INFO] ApiDb:261 - Set plugin images path to: C:\ST\STM32CubeIDE_1.16.1\STM32CubeIDE\plugins\com.st.stm32cube.common.mx_6.14.1.202504091515\\db\/plugins/mcufinder/images/
2025-07-08 09:26:01,523 [WARN] DbFile:41 - Overriding database path with different value: C:\Users\kjeya\.stmcufinder\plugins\mcufinder/ => C:\Users\kjeya\.stmcufinder\plugins\mcufinder
2025-07-08 09:26:01,523 [INFO] ApiDb:250 - Set database path to: C:\Users\kjeya\.stmcufinder\plugins\mcufinder//mcu/
2025-07-08 09:26:01,523 [WARN] DbFile:41 - Overriding database path with different value: C:\Users\kjeya\.stmcufinder\plugins\mcufinder/ => C:\Users\kjeya\.stmcufinder\plugins\mcufinder
2025-07-08 09:26:01,523 [INFO] DbMcusAds:125 - Set database path to: C:\Users\kjeya\.stmcufinder\plugins\mcufinder//mcu/
2025-07-08 09:26:01,523 [WARN] DbFile:41 - Overriding database path with different value: C:\Users\kjeya\.stmcufinder\plugins\mcufinder/ => C:\Users\kjeya\.stmcufinder\plugins\mcufinder
2025-07-08 09:26:01,524 [WARN] DbFile:41 - Overriding database path with different value: C:\Users\kjeya\.stmcufinder\plugins\mcufinder/ => C:\Users\kjeya\.stmcufinder\plugins\mcufinder
2025-07-08 09:26:01,524 [INFO] CrossReferenceDbSqlite:203 - Set database path to: C:\Users\kjeya\.stmcufinder\plugins\mcufinder//mcu/cs/
2025-07-08 09:26:01,628 [INFO] MainPanel:272 - HeapMemory: 268435456
2025-07-08 09:26:01,761 [INFO] DbMcusXml:78 - Set database path to: C:\ST\STM32CubeIDE_1.16.1\STM32CubeIDE\plugins\com.st.stm32cube.common.mx_6.14.1.202504091515\\db\/mcu/
2025-07-08 09:26:01,761 [INFO] ApiDb:274 - Set plugin database path to: C:\ST\STM32CubeIDE_1.16.1\STM32CubeIDE\plugins\com.st.stm32cube.common.mx_6.14.1.202504091515\\db\/plugins/boardmanager/
2025-07-08 09:26:01,761 [INFO] ApiDb:261 - Set plugin images path to: C:\ST\STM32CubeIDE_1.16.1\STM32CubeIDE\plugins\com.st.stm32cube.common.mx_6.14.1.202504091515\\db\/plugins/mcufinder/images/
2025-07-08 09:26:01,762 [WARN] DbFile:41 - Overriding database path with different value: C:\Users\kjeya\.stmcufinder\plugins\mcufinder/ => C:\Users\kjeya\.stmcufinder\plugins\mcufinder
2025-07-08 09:26:01,762 [INFO] ApiDb:250 - Set database path to: C:\Users\kjeya\.stmcufinder\plugins\mcufinder//mcu/
2025-07-08 09:26:01,762 [WARN] DbFile:41 - Overriding database path with different value: C:\Users\kjeya\.stmcufinder\plugins\mcufinder/ => C:\Users\kjeya\.stmcufinder\plugins\mcufinder
2025-07-08 09:26:01,762 [INFO] DbMcusAds:125 - Set database path to: C:\Users\kjeya\.stmcufinder\plugins\mcufinder//mcu/
2025-07-08 09:26:01,762 [WARN] DbFile:41 - Overriding database path with different value: C:\Users\kjeya\.stmcufinder\plugins\mcufinder/ => C:\Users\kjeya\.stmcufinder\plugins\mcufinder
2025-07-08 09:26:01,762 [WARN] DbFile:41 - Overriding database path with different value: C:\Users\kjeya\.stmcufinder\plugins\mcufinder/ => C:\Users\kjeya\.stmcufinder\plugins\mcufinder
2025-07-08 09:26:01,762 [INFO] CrossReferenceDbSqlite:203 - Set database path to: C:\Users\kjeya\.stmcufinder\plugins\mcufinder//mcu/cs/
2025-07-08 09:26:01,787 [INFO] ApplicationProperties:184 - Using Application install path: C:\ST\STM32CubeIDE_1.16.1\STM32CubeIDE\plugins\com.st.stm32cube.common.mx_6.14.1.202504091515
2025-07-08 09:26:01,790 [INFO] PluginManage:196 - Search for loadable plugins [exclusion list=, ]
2025-07-08 09:26:01,792 [INFO] PluginManage:310 - Check plugin analytics
2025-07-08 09:26:02,085 [INFO] AnalyticsPlugin:253 - Accepted Software Licenses: STM32CubeMX.6.11.1,STM32CubeMX.6.13.0
2025-07-08 09:26:02,086 [INFO] AnalyticsPlugin:255 - Accepted CMSIS Pack Licenses: STMicroelectronics.X-CUBE-TOUCHGFX.4.24.0,WES.I-CUBE-Cesium.1.3.0,STMicroelectronics.X-CUBE-TOUCHGFX.4.24.2
2025-07-08 09:26:02,086 [INFO] AnalyticsPlugin:257 - Accepted Firmware Licenses: FW.F4.1.28.0,FW.L4.1.18.0,FW.WL.1.3.0,FW.H7.1.11.0,FW.H7.1.12.0
2025-07-08 09:26:02,091 [INFO] PluginManage:359 - Loaded plugin analytics (category:tool,tabindex:-1)
2025-07-08 09:26:02,092 [INFO] PluginManage:310 - Check plugin cadmodel
2025-07-08 09:26:02,101 [INFO] CADModel:105 - Init CAD model plugin
2025-07-08 09:26:02,101 [INFO] PluginManage:359 - Loaded plugin cadmodel (category:power,tabindex:5)
2025-07-08 09:26:02,102 [INFO] PluginManage:310 - Check plugin clock
2025-07-08 09:26:02,119 [INFO] PluginManage:359 - Loaded plugin clock (category:base,tabindex:2)
2025-07-08 09:26:02,119 [INFO] PluginManage:310 - Check plugin ddr
2025-07-08 09:26:02,124 [INFO] PluginManage:359 - Loaded plugin ddr (category:tool,tabindex:6)
2025-07-08 09:26:02,124 [INFO] PluginManage:310 - Check plugin filemanager
2025-07-08 09:26:02,323 [INFO] PluginManage:359 - Loaded plugin filemanager (category:base,tabindex:10)
2025-07-08 09:26:02,323 [INFO] PluginManage:310 - Check plugin ipmanager
2025-07-08 09:26:02,331 [INFO] PluginManage:359 - Loaded plugin ipmanager (category:base,tabindex:5)
2025-07-08 09:26:02,331 [INFO] PluginManage:310 - Check plugin lpbam
2025-07-08 09:26:02,341 [INFO] PluginManage:359 - Loaded plugin lpbam (category:base,tabindex:0)
2025-07-08 09:26:02,341 [INFO] PluginManage:310 - Check plugin memorymap
2025-07-08 09:26:02,359 [INFO] PluginManage:359 - Loaded plugin memorymap (category:base,tabindex:4)
2025-07-08 09:26:02,359 [INFO] PluginManage:310 - Check plugin pinoutandconfiguration
2025-07-08 09:26:02,372 [INFO] PluginManage:359 - Loaded plugin pinoutandconfiguration (category:base,tabindex:1)
2025-07-08 09:26:02,372 [INFO] PluginManage:310 - Check plugin pinoutconfig
2025-07-08 09:26:02,493 [WARN] SupportedApi:132 - Cannot load RTOS API schema: s4s-elt-must-match.1: The content of 'definitions' must match (annotation?, (simpleType | complexType)?, (unique | key | keyref)*)). A problem was found starting at: attribute.
2025-07-08 09:26:02,677 [INFO] PluginManage:359 - Loaded plugin pinoutconfig (category:base,tabindex:0)
2025-07-08 09:26:02,677 [INFO] PluginManage:310 - Check plugin power
2025-07-08 09:26:02,693 [INFO] PluginManage:359 - Loaded plugin power (category:power,tabindex:4)
2025-07-08 09:26:02,693 [INFO] PluginManage:310 - Check plugin projectmanager
2025-07-08 09:26:02,717 [INFO] PluginManage:359 - Loaded plugin projectmanager (category:projectmanager,tabindex:4)
2025-07-08 09:26:02,717 [INFO] PluginManage:310 - Check plugin rif
2025-07-08 09:26:02,733 [INFO] PluginManage:359 - Loaded plugin rif (category:base,tabindex:3)
2025-07-08 09:26:02,733 [INFO] PluginManage:310 - Check plugin thirdparty
2025-07-08 09:26:02,961 [INFO] PluginManage:359 - Loaded plugin thirdparty (category:base,tabindex:-1)
2025-07-08 09:26:02,962 [INFO] PluginManage:310 - Check plugin tools
2025-07-08 09:26:02,961 [WARN] IntegrityCheckThread:84 - waiting for thirdparty lock release [integrity check]
2025-07-08 09:26:02,962 [INFO] IntegrityCheckThread:86 - entering critical section [integrity check]
2025-07-08 09:26:02,963 [INFO] ThirdPartyUpdaterWithRetryManager:70 - Updater plugin not ready yet. [1/15]
2025-07-08 09:26:02,966 [INFO] PluginManage:359 - Loaded plugin tools (category:base,tabindex:7)
2025-07-08 09:26:02,966 [INFO] PluginManage:310 - Check plugin tutovideos
2025-07-08 09:26:03,204 [INFO] PluginManage:359 - Loaded plugin tutovideos (category:base,tabindex:-1)
2025-07-08 09:26:03,204 [INFO] PluginManage:310 - Check plugin updater
2025-07-08 09:26:03,234 [INFO] PluginManage:359 - Loaded plugin updater (category:base,tabindex:12)
2025-07-08 09:26:03,235 [INFO] PluginManage:310 - Check plugin userauth
2025-07-08 09:26:03,242 [INFO] UserAuth:118 - Init User Auth plugin
2025-07-08 09:26:03,243 [INFO] PluginManage:359 - Loaded plugin userauth (category:base,tabindex:14)
2025-07-08 09:26:03,244 [INFO] PluginManage:283 - PluginManage : Loaded plugins [18]
2025-07-08 09:26:03,571 [INFO] PinOutPanel:1589 - setPackage(No Configuration,No Configuration)
2025-07-08 09:26:03,676 [INFO] CADModel:165 - CPN selected for project level
2025-07-08 09:26:03,678 [INFO] CADModel:114 - Register for checkConnection events
2025-07-08 09:26:03,703 [INFO] IPUIPlugin:80 - create IPUIPlugin
2025-07-08 09:26:03,704 [INFO] PluginManager:220 - loadIPPluginJar : add adc
2025-07-08 09:26:03,708 [INFO] IPUIPlugin:80 - create IPUIPlugin
2025-07-08 09:26:03,709 [INFO] PluginManager:220 - loadIPPluginJar : add aes
2025-07-08 09:26:03,713 [INFO] IPUIPlugin:80 - create IPUIPlugin
2025-07-08 09:26:03,713 [INFO] PluginManager:220 - loadIPPluginJar : add can
2025-07-08 09:26:03,716 [INFO] IPUIPlugin:80 - create IPUIPlugin
2025-07-08 09:26:03,716 [INFO] PluginManager:220 - loadIPPluginJar : add comp
2025-07-08 09:26:03,719 [INFO] IPUIPlugin:80 - create IPUIPlugin
2025-07-08 09:26:03,719 [INFO] PluginManager:220 - loadIPPluginJar : add cryp
2025-07-08 09:26:03,724 [INFO] IPUIPlugin:80 - create IPUIPlugin
2025-07-08 09:26:03,724 [INFO] PluginManager:220 - loadIPPluginJar : add ddr_ctrl_phy
2025-07-08 09:26:03,728 [INFO] IPUIPlugin:80 - create IPUIPlugin
2025-07-08 09:26:03,728 [INFO] PluginManager:220 - loadIPPluginJar : add dfsdm
2025-07-08 09:26:03,735 [INFO] IPUIPlugin:80 - create IPUIPlugin
2025-07-08 09:26:03,735 [INFO] PluginManager:220 - loadIPPluginJar : add dma
2025-07-08 09:26:03,739 [INFO] IPUIPlugin:80 - create IPUIPlugin
2025-07-08 09:26:03,739 [INFO] PluginManager:220 - loadIPPluginJar : add dma3
2025-07-08 09:26:03,743 [INFO] IPUIPlugin:80 - create IPUIPlugin
2025-07-08 09:26:03,743 [INFO] PluginManager:220 - loadIPPluginJar : add extmemmanager
2025-07-08 09:26:03,745 [INFO] IPUIPlugin:80 - create IPUIPlugin
2025-07-08 09:26:03,746 [INFO] PluginManager:220 - loadIPPluginJar : add fatfs
2025-07-08 09:26:03,751 [INFO] IPUIPlugin:80 - create IPUIPlugin
2025-07-08 09:26:03,752 [INFO] PluginManager:220 - loadIPPluginJar : add fmc
2025-07-08 09:26:03,761 [INFO] IPUIPlugin:80 - create IPUIPlugin
2025-07-08 09:26:03,761 [INFO] PluginManager:220 - loadIPPluginJar : add freertos
2025-07-08 09:26:03,764 [INFO] IPUIPlugin:80 - create IPUIPlugin
2025-07-08 09:26:03,764 [INFO] PluginManager:220 - loadIPPluginJar : add genericplugin
2025-07-08 09:26:03,767 [INFO] IPUIPlugin:80 - create IPUIPlugin
2025-07-08 09:26:03,768 [INFO] PluginManager:220 - loadIPPluginJar : add gfxmmu
2025-07-08 09:26:03,774 [INFO] IPUIPlugin:80 - create IPUIPlugin
2025-07-08 09:26:03,775 [INFO] PluginManager:220 - loadIPPluginJar : add gic
2025-07-08 09:26:03,780 [INFO] IPUIPlugin:80 - create IPUIPlugin
2025-07-08 09:26:03,780 [INFO] PluginManager:220 - loadIPPluginJar : add gpio
2025-07-08 09:26:03,785 [INFO] IPUIPlugin:80 - create IPUIPlugin
2025-07-08 09:26:03,785 [INFO] PluginManager:220 - loadIPPluginJar : add gtzc
2025-07-08 09:26:03,788 [INFO] IPUIPlugin:80 - create IPUIPlugin
2025-07-08 09:26:03,788 [INFO] PluginManager:220 - loadIPPluginJar : add hash
2025-07-08 09:26:03,792 [INFO] IPUIPlugin:80 - create IPUIPlugin
2025-07-08 09:26:03,794 [INFO] PluginManager:220 - loadIPPluginJar : add i2c
2025-07-08 09:26:03,797 [INFO] IPUIPlugin:80 - create IPUIPlugin
2025-07-08 09:26:03,797 [INFO] PluginManager:220 - loadIPPluginJar : add i2s
2025-07-08 09:26:03,802 [INFO] IPUIPlugin:80 - create IPUIPlugin
2025-07-08 09:26:03,802 [INFO] PluginManager:220 - loadIPPluginJar : add i3c
2025-07-08 09:26:03,806 [INFO] IPUIPlugin:80 - create IPUIPlugin
2025-07-08 09:26:03,807 [INFO] PluginManager:220 - loadIPPluginJar : add ipddr
2025-07-08 09:26:03,817 [INFO] IPUIPlugin:80 - create IPUIPlugin
2025-07-08 09:26:03,817 [INFO] PluginManager:220 - loadIPPluginJar : add linkedlist
2025-07-08 09:26:03,822 [INFO] IPUIPlugin:80 - create IPUIPlugin
2025-07-08 09:26:03,822 [INFO] PluginManager:220 - loadIPPluginJar : add lorawan
2025-07-08 09:26:03,825 [INFO] IPUIPlugin:80 - create IPUIPlugin
2025-07-08 09:26:03,825 [INFO] PluginManager:220 - loadIPPluginJar : add ltdc
2025-07-08 09:26:03,833 [INFO] IPUIPlugin:80 - create IPUIPlugin
2025-07-08 09:26:03,834 [INFO] PluginManager:220 - loadIPPluginJar : add mdma
2025-07-08 09:26:03,842 [INFO] IPUIPlugin:80 - create IPUIPlugin
2025-07-08 09:26:03,842 [INFO] PluginManager:220 - loadIPPluginJar : add nvic
2025-07-08 09:26:03,849 [INFO] IPUIPlugin:80 - create IPUIPlugin
2025-07-08 09:26:03,849 [INFO] PluginManager:220 - loadIPPluginJar : add opamp
2025-07-08 09:26:03,855 [INFO] IPUIPlugin:80 - create IPUIPlugin
2025-07-08 09:26:03,855 [INFO] PluginManager:220 - loadIPPluginJar : add openamp
2025-07-08 09:26:03,861 [INFO] IPUIPlugin:80 - create IPUIPlugin
2025-07-08 09:26:03,861 [INFO] PluginManager:220 - loadIPPluginJar : add pdm2pcm
2025-07-08 09:26:03,870 [INFO] IPUIPlugin:80 - create IPUIPlugin
2025-07-08 09:26:03,874 [INFO] PluginManager:220 - loadIPPluginJar : add plateformsettings
2025-07-08 09:26:03,877 [INFO] IPUIPlugin:80 - create IPUIPlugin
2025-07-08 09:26:03,878 [INFO] PluginManager:220 - loadIPPluginJar : add quadspi
2025-07-08 09:26:03,881 [INFO] IPUIPlugin:80 - create IPUIPlugin
2025-07-08 09:26:03,881 [INFO] PluginManager:220 - loadIPPluginJar : add radio
2025-07-08 09:26:03,887 [INFO] IPUIPlugin:80 - create IPUIPlugin
2025-07-08 09:26:03,887 [INFO] PluginManager:220 - loadIPPluginJar : add resmgrutility
2025-07-08 09:26:03,892 [INFO] IPUIPlugin:80 - create IPUIPlugin
2025-07-08 09:26:03,892 [INFO] PluginManager:220 - loadIPPluginJar : add sai
2025-07-08 09:26:03,896 [INFO] IPUIPlugin:80 - create IPUIPlugin
2025-07-08 09:26:03,896 [INFO] PluginManager:220 - loadIPPluginJar : add spi
2025-07-08 09:26:03,906 [INFO] IPUIPlugin:80 - create IPUIPlugin
2025-07-08 09:26:03,907 [INFO] PluginManager:220 - loadIPPluginJar : add stm32_wpan
2025-07-08 09:26:03,910 [INFO] IPUIPlugin:80 - create IPUIPlugin
2025-07-08 09:26:03,910 [INFO] PluginManager:220 - loadIPPluginJar : add tim
2025-07-08 09:26:03,914 [INFO] IPUIPlugin:80 - create IPUIPlugin
2025-07-08 09:26:03,915 [INFO] PluginManager:220 - loadIPPluginJar : add touchsensing
2025-07-08 09:26:03,918 [INFO] IPUIPlugin:80 - create IPUIPlugin
2025-07-08 09:26:03,918 [INFO] PluginManager:220 - loadIPPluginJar : add tracer_emb
2025-07-08 09:26:03,922 [INFO] IPUIPlugin:80 - create IPUIPlugin
2025-07-08 09:26:03,922 [INFO] PluginManager:220 - loadIPPluginJar : add ts
2025-07-08 09:26:03,925 [INFO] IPUIPlugin:80 - create IPUIPlugin
2025-07-08 09:26:03,925 [INFO] PluginManager:220 - loadIPPluginJar : add tsc
2025-07-08 09:26:03,927 [INFO] IPUIPlugin:80 - create IPUIPlugin
2025-07-08 09:26:03,929 [INFO] PluginManager:220 - loadIPPluginJar : add ucpd
2025-07-08 09:26:03,932 [INFO] IPUIPlugin:80 - create IPUIPlugin
2025-07-08 09:26:03,932 [INFO] PluginManager:220 - loadIPPluginJar : add usart
2025-07-08 09:26:03,937 [INFO] IPUIPlugin:80 - create IPUIPlugin
2025-07-08 09:26:03,937 [INFO] PluginManager:220 - loadIPPluginJar : add usbx
2025-07-08 09:26:04,087 [FATAL] Updater:351 - Updater called before beeing initialized
2025-07-08 09:26:04,146 [INFO] RulesReader:64 - Compatibility file has been processed (302 Rules)
2025-07-08 09:26:04,158 [INFO] RulesReader:64 - Compatibility file has been processed (302 Rules)
2025-07-08 09:26:04,168 [INFO] CADModel:165 - CPN selected for project level
2025-07-08 09:26:04,168 [INFO] CADModel:114 - Register for checkConnection events
2025-07-08 09:26:04,168 [FATAL] Updater:351 - Updater called before beeing initialized
2025-07-08 09:26:04,168 [ERROR] CADModel:125 - Updater not yet initialized, retry later 
2025-07-08 09:26:04,351 [FATAL] Updater:351 - Updater called before beeing initialized
2025-07-08 09:26:04,354 [INFO] CADModel:165 - CPN selected for project level
2025-07-08 09:26:04,354 [INFO] CADModel:114 - Register for checkConnection events
2025-07-08 09:26:04,355 [FATAL] Updater:351 - Updater called before beeing initialized
2025-07-08 09:26:04,355 [ERROR] CADModel:125 - Updater not yet initialized, retry later 
2025-07-08 09:26:04,361 [FATAL] Updater:351 - Updater called before beeing initialized
2025-07-08 09:26:04,501 [FATAL] Updater:351 - Updater called before beeing initialized
2025-07-08 09:26:04,505 [INFO] DbMcusAds:53 - JSON generation date=Thu Jun 19 14:02:37 IST 2025 (1750321957418)
2025-07-08 09:26:04,506 [FATAL] Updater:351 - Updater called before beeing initialized
2025-07-08 09:26:04,543 [WARN] DetailPanel:346 - Failed to get advertising image, set to default
2025-07-08 09:26:04,798 [FATAL] Updater:351 - Updater called before beeing initialized
2025-07-08 09:26:04,804 [FATAL] Updater:351 - Updater called before beeing initialized
2025-07-08 09:26:04,806 [FATAL] Updater:351 - Updater called before beeing initialized
2025-07-08 09:26:04,806 [WARN] DetailPanel:346 - Failed to get advertising image, set to default
2025-07-08 09:26:04,807 [FATAL] Updater:351 - Updater called before beeing initialized
2025-07-08 09:26:04,863 [ERROR] Updater:1198 - MainUpdater not yet initialized. External WinMGr cannot be set.
2025-07-08 09:26:04,867 [INFO] Updater:1134 - Updater Version found : 6.14.1
2025-07-08 09:26:04,893 [INFO] ApplicationProperties:184 - Using Application install path: C:\ST\STM32CubeIDE_1.16.1\STM32CubeIDE\plugins\com.st.stm32cube.common.mx_6.14.1.202504091515
2025-07-08 09:26:05,965 [INFO] ThirdPartyUpdaterWithRetryManager:70 - Updater plugin not ready yet. [2/15]
2025-07-08 09:26:06,476 [ERROR] LogOutputStream:75 - [STDERR_REDIRECT] Jul 08, 2025 9:26:06 AM java.util.prefs.WindowsPreferences <init>
2025-07-08 09:26:06,480 [ERROR] LogOutputStream:75 - [STDERR_REDIRECT] WARNING: Could not open/create prefs root node Software\JavaSoft\Prefs at root 0xffffffff80000002. Windows RegCreateKeyEx(...) returned error code 5.
2025-07-08 09:26:06,480 [ERROR] LogOutputStream:75 - [STDERR_REDIRECT] 
2025-07-08 09:26:07,023 [INFO] MainUpdater:2872 - connection check result : 10
2025-07-08 09:26:07,024 [INFO] MainUpdater:289 - Updater Check For Update Now.
2025-07-08 09:26:07,024 [INFO] MicroXplorer:498 - Change Database Version : DB.6.0.141
2025-07-08 09:26:07,031 [INFO] McuFinderGlobals:63 - Set McuFinder mode to 2 (CubeIDE integrated)
2025-07-08 09:26:07,033 [INFO] UserAuth:484 - Internet connection configuration mode: 1
2025-07-08 09:26:07,080 [INFO] JxBrowserEngine:152 - Initiate JxBrowser Engine with user profile folder
2025-07-08 09:26:07,263 [INFO] CheckServerUpdateThread:120 - End of CheckServer Thread
2025-07-08 09:26:08,782 [INFO] WebApp:169 - Instantiating new browser for Auth
2025-07-08 09:26:09,502 [WARN] PackLoader:240 - Cannot read IP mode file for STMicroelectronics.FP-SNS-MOTENVWB1.1.4.0
2025-07-08 09:26:09,521 [WARN] PackLoader:240 - Cannot read IP mode file for STMicroelectronics.FP-ATR-ASTRA1.2.0.2
2025-07-08 09:26:09,531 [WARN] PackLoader:240 - Cannot read IP mode file for STMicroelectronics.FP-ATR-ASTRA1.2.0.1
2025-07-08 09:26:09,556 [WARN] PackLoader:240 - Cannot read IP mode file for STMicroelectronics.X-CUBE-SMBUS.2.1.0
2025-07-08 09:26:09,572 [WARN] PackLoader:240 - Cannot read IP mode file for STMicroelectronics.X-CUBE-WB05N.1.1.0
2025-07-08 09:26:09,583 [WARN] PackLoader:240 - Cannot read IP mode file for STMicroelectronics.X-CUBE-ST60.1.0.0
2025-07-08 09:26:09,656 [WARN] PackLoader:240 - Cannot read IP mode file for STMicroelectronics.X-CUBE-AZRTOS-F7.1.1.0
2025-07-08 09:26:09,675 [WARN] PackLoader:240 - Cannot read IP mode file for STMicroelectronics.FP-SNS-FLIGHT1.5.0.2
2025-07-08 09:26:09,731 [WARN] PackLoader:240 - Cannot read IP mode file for Infineon.AIROC-Wi-Fi-Bluetooth-STM32.1.7.0
2025-07-08 09:26:09,782 [WARN] PackLoader:240 - Cannot read IP mode file for STMicroelectronics.X-CUBE-AZRTOS-H7.3.4.0
2025-07-08 09:26:09,800 [WARN] PackLoader:240 - Cannot read IP mode file for STMicroelectronics.X-CUBE-DISPLAY.3.0.0
2025-07-08 09:26:09,815 [WARN] PackLoader:240 - Cannot read IP mode file for STMicroelectronics.X-CUBE-BLE1.7.0.0
2025-07-08 09:26:09,827 [WARN] PackLoader:240 - Cannot read IP mode file for STMicroelectronics.X-CUBE-NFC10.1.0.0
2025-07-08 09:26:09,844 [WARN] PackLoader:240 - Cannot read IP mode file for STMicroelectronics.X-CUBE-BLEMGR.4.0.0
2025-07-08 09:26:09,877 [WARN] PackLoader:240 - Cannot read IP mode file for emotas.I-CUBE-CANOPEN.1.3.0
2025-07-08 09:26:09,886 [WARN] PackLoader:240 - Cannot read IP mode file for STMicroelectronics.X-CUBE-AI.10.0.0
2025-07-08 09:26:09,897 [WARN] PackLoader:240 - Cannot read IP mode file for STMicroelectronics.FP-SNS-SMARTAG2.1.2.0
2025-07-08 09:26:09,905 [WARN] PackLoader:240 - Cannot read IP mode file for STMicroelectronics.FP-SNS-FLIGHT1.5.1.0
2025-07-08 09:26:09,999 [WARN] PackLoader:240 - Cannot read IP mode file for STMicroelectronics.X-CUBE-MEMS1.11.1.0
2025-07-08 09:26:10,388 [INFO] LogOutputStream:77 - [STDOUT_REDIRECT] 1 : Invalid condition id : UX_CORESTACK_Condition cause : null
2025-07-08 09:26:10,389 [INFO] LogOutputStream:77 - [STDOUT_REDIRECT] 1 : Invalid condition id : UX_CORESTACK_Condition cause : null
2025-07-08 09:26:10,400 [INFO] LogOutputStream:77 - [STDOUT_REDIRECT] 1 : Invalid condition id : UX_CORESTACK_Condition cause : null
2025-07-08 09:26:10,404 [INFO] LogOutputStream:77 - [STDOUT_REDIRECT] 1 : Invalid condition id : UX_CORESTACK_Condition cause : null
2025-07-08 09:26:10,406 [INFO] LogOutputStream:77 - [STDOUT_REDIRECT] 1 : Invalid condition id : UX_CORESTACK_Condition cause : null
2025-07-08 09:26:10,420 [WARN] PackLoader:240 - Cannot read IP mode file for STMicroelectronics.X-CUBE-AZRTOS-WL.2.0.0
2025-07-08 09:26:10,442 [WARN] PackLoader:240 - Cannot read IP mode file for STMicroelectronics.FP-SNS-MOTENV1.5.0.0
2025-07-08 09:26:10,455 [WARN] PackLoader:240 - Cannot read IP mode file for wolfSSL.I-CUBE-wolfMQTT.1.19.0
2025-07-08 09:26:10,476 [WARN] PackLoader:240 - Cannot read IP mode file for WES.I-CUBE-Cesium.1.3.0
2025-07-08 09:26:10,650 [WARN] PackLoader:240 - Cannot read IP mode file for STMicroelectronics.X-CUBE-BLE2.3.3.0
2025-07-08 09:26:10,666 [WARN] PackLoader:240 - Cannot read IP mode file for STMicroelectronics.X-CUBE-NFC9.1.0.0
2025-07-08 09:26:10,675 [WARN] PackLoader:240 - Cannot read IP mode file for STMicroelectronics.X-CUBE-BLE1.7.1.0
2025-07-08 09:26:10,682 [WARN] PackLoader:240 - Cannot read IP mode file for STMicroelectronics.X-CUBE-AI.10.1.0
2025-07-08 09:26:10,713 [INFO] WebApp:463 - Apply proxy settings
2025-07-08 09:26:10,713 [INFO] WebApp:548 - Chromium requires no authentication
2025-07-08 09:26:10,740 [INFO] WebApp:491 - Direct internet connection detected
2025-07-08 09:26:10,747 [WARN] PackLoader:240 - Cannot read IP mode file for STMicroelectronics.X-CUBE-MEMS1.11.2.0
2025-07-08 09:26:10,818 [INFO] WebApp:894 - Register for checkConnection events
2025-07-08 09:26:10,819 [INFO] WebApp:463 - Apply proxy settings
2025-07-08 09:26:10,819 [INFO] WebApp:548 - Chromium requires no authentication
2025-07-08 09:26:10,820 [INFO] WebApp:491 - Direct internet connection detected
2025-07-08 09:26:10,902 [WARN] PackLoader:240 - Cannot read IP mode file for STMicroelectronics.X-CUBE-AZRTOS-G0.1.1.0
2025-07-08 09:26:10,912 [WARN] PackLoader:240 - Cannot read IP mode file for STMicroelectronics.X-CUBE-SAFEA1.1.2.2
2025-07-08 09:26:10,922 [WARN] PackLoader:240 - Cannot read IP mode file for STMicroelectronics.X-CUBE-NFC4.3.0.0
2025-07-08 09:26:10,940 [WARN] PackLoader:240 - Cannot read IP mode file for EmbeddedOffice.I-CUBE-FS-RTOS.1.0.1
2025-07-08 09:26:10,948 [WARN] PackLoader:240 - Cannot read IP mode file for STMicroelectronics.X-CUBE-WB05N.2.0.0
2025-07-08 09:26:10,956 [WARN] PackLoader:240 - Cannot read IP mode file for STMicroelectronics.X-CUBE-TCPP.4.2.0
2025-07-08 09:26:10,967 [WARN] PackLoader:240 - Cannot read IP mode file for RealThread.X-CUBE-RT-Thread_Nano.4.1.1
2025-07-08 09:26:10,973 [WARN] PackLoader:240 - Cannot read IP mode file for STMicroelectronics.FP-ATR-SIGFOX1.3.2.0
2025-07-08 09:26:10,991 [WARN] ConditionMgr:438 - getConditionDescription Invalid condition id : Cortex-A Device cause : null
2025-07-08 09:26:11,005 [WARN] ConditionMgr:1044 - genDependencies : Invalid condition id : Cortex-A Device cause : null
2025-07-08 09:26:11,006 [WARN] ConditionMgr:1044 - genDependencies : Invalid condition id : Cortex-A Device cause : null
2025-07-08 09:26:11,006 [WARN] ConditionMgr:1044 - genDependencies : Invalid condition id : Cortex-A Device cause : null
2025-07-08 09:26:11,014 [WARN] PackLoader:240 - Cannot read IP mode file for STMicroelectronics.X-CUBE-EEPRMA1.5.1.0
2025-07-08 09:26:11,021 [WARN] PackLoader:240 - Cannot read IP mode file for wolfSSL.I-CUBE-wolfSSL.5.7.4
2025-07-08 09:26:11,032 [WARN] PackLoader:240 - Cannot read IP mode file for ITTIA_DB.I-CUBE-ITTIADB.8.9.0
2025-07-08 09:26:11,042 [WARN] PackLoader:240 - Cannot read IP mode file for STMicroelectronics.X-CUBE-ST67W61.1.0.0
2025-07-08 09:26:11,081 [WARN] PackLoader:240 - Cannot read IP mode file for SEGGER.I-CUBE-embOS.1.3.1
2025-07-08 09:26:11,129 [WARN] PackLoader:240 - Cannot read IP mode file for STMicroelectronics.X-CUBE-ALGOBUILD.1.4.0
2025-07-08 09:26:11,228 [WARN] PackLoader:240 - Cannot read IP mode file for STMicroelectronics.X-CUBE-MEMS1.11.3.0
2025-07-08 09:26:11,310 [INFO] WebApp:191 - Connection restablished
2025-07-08 09:26:11,545 [WARN] PackLoader:240 - Cannot read IP mode file for STMicroelectronics.X-CUBE-AI.9.1.0
2025-07-08 09:26:11,561 [WARN] PackLoader:240 - Cannot read IP mode file for STMicroelectronics.X-CUBE-PM33A1.1.0.0
2025-07-08 09:26:11,596 [WARN] PackLoader:240 - Cannot read IP mode file for STMicroelectronics.X-CUBE-AZRTOS-F4.1.1.0
2025-07-08 09:26:11,625 [WARN] PackLoader:240 - Cannot read IP mode file for Avnet-IotConnect.X-CUBE-IoTC-DA16k-PMOD.1.0.0
2025-07-08 09:26:11,638 [WARN] PackLoader:240 - Cannot read IP mode file for STMicroelectronics.X-CUBE-ISPU.2.1.0
2025-07-08 09:26:11,834 [WARN] PackLoader:240 - Cannot read IP mode file for STMicroelectronics.X-CUBE-AZRTOS-L5.2.0.0
2025-07-08 09:26:11,877 [WARN] PackLoader:240 - Cannot read IP mode file for STMicroelectronics.X-CUBE-NFC6.3.1.0
2025-07-08 09:26:11,916 [WARN] PackLoader:240 - Cannot read IP mode file for STMicroelectronics.X-CUBE-DPower.1.2.0
2025-07-08 09:26:11,940 [WARN] PackLoader:240 - Cannot read IP mode file for STMicroelectronics.X-CUBE-FREERTOS.1.3.1
2025-07-08 09:26:11,956 [WARN] PackLoader:240 - Cannot read IP mode file for STMicroelectronics.X-CUBE-FREERTOS.1.3.0
2025-07-08 09:26:11,969 [WARN] PackLoader:240 - Cannot read IP mode file for STMicroelectronics.X-CUBE-NFC7.1.0.1
2025-07-08 09:26:11,990 [WARN] PackLoader:240 - Cannot read IP mode file for STMicroelectronics.FP-SNS-STAIOTCFT.1.0.0
2025-07-08 09:26:12,000 [WARN] PackLoader:240 - Cannot read IP mode file for STMicroelectronics.X-CUBE-DPower.1.3.0
2025-07-08 09:26:12,035 [WARN] ConditionMgr:438 - getConditionDescription Invalid condition id : LAN8742 Phy interface Condition cause : null
2025-07-08 09:26:12,036 [WARN] PackLoader:240 - Cannot read IP mode file for STMicroelectronics.X-CUBE-AZRTOS-L4.2.0.0
2025-07-08 09:26:12,038 [WARN] ConditionMgr:1044 - genDependencies : Invalid condition id : LAN8742 Phy interface Condition cause : null
2025-07-08 09:26:12,039 [WARN] ConditionMgr:1044 - genDependencies : Invalid condition id : LAN8742 Phy interface Condition cause : null
2025-07-08 09:26:12,040 [WARN] ConditionMgr:1044 - genDependencies : Invalid condition id : LAN8742 Phy interface Condition cause : null
2025-07-08 09:26:12,063 [WARN] PackLoader:240 - Cannot read IP mode file for STMicroelectronics.X-CUBE-SFXS2LP1.4.0.0
2025-07-08 09:26:12,105 [WARN] PackLoader:240 - Cannot read IP mode file for STMicroelectronics.X-CUBE-AZRTOS-H7.3.3.0
2025-07-08 09:26:12,133 [WARN] PackLoader:240 - Cannot read IP mode file for STMicroelectronics.X-CUBE-IPS.3.0.0
2025-07-08 09:26:12,167 [WARN] ConditionMgr:438 - getConditionDescription Invalid condition id : UX DEVICE CLASS RTOS Condition cause : null
2025-07-08 09:26:12,167 [WARN] ConditionMgr:438 - getConditionDescription Invalid condition id : UX DEVICE CLASS RTOS Condition cause : null
2025-07-08 09:26:12,171 [WARN] PackLoader:240 - Cannot read IP mode file for STMicroelectronics.X-CUBE-AZRTOS-WB.2.0.0
2025-07-08 09:26:12,172 [WARN] ConditionMgr:1044 - genDependencies : Invalid condition id : UX DEVICE CLASS RTOS Condition cause : null
2025-07-08 09:26:12,172 [WARN] ConditionMgr:1044 - genDependencies : Invalid condition id : UX DEVICE CLASS RTOS Condition cause : null
2025-07-08 09:26:12,173 [WARN] ConditionMgr:1044 - genDependencies : Invalid condition id : UX DEVICE CLASS RTOS Condition cause : null
2025-07-08 09:26:12,174 [WARN] ConditionMgr:1044 - genDependencies : Invalid condition id : UX DEVICE CLASS RTOS Condition cause : null
2025-07-08 09:26:12,175 [WARN] ConditionMgr:1044 - genDependencies : Invalid condition id : UX DEVICE CLASS RTOS Condition cause : null
2025-07-08 09:26:12,194 [WARN] PackLoader:240 - Cannot read IP mode file for STMicroelectronics.X-CUBE-GNSS1.7.0.1
2025-07-08 09:26:12,206 [WARN] PackLoader:240 - Cannot read IP mode file for STMicroelectronics.X-CUBE-TOUCHGFX.4.25.0
2025-07-08 09:26:12,235 [WARN] PackLoader:240 - Cannot read IP mode file for STMicroelectronics.FP-SNS-STBOX1.2.0.0
2025-07-08 09:26:12,259 [WARN] PackLoader:240 - Cannot read IP mode file for STMicroelectronics.X-CUBE-SUBG2.5.0.0
2025-07-08 09:26:12,300 [WARN] PackLoader:240 - Cannot read IP mode file for STMicroelectronics.X-CUBE-AZRTOS-H7RS.1.1.0
2025-07-08 09:26:12,315 [WARN] PackLoader:240 - Cannot read IP mode file for Cesanta.I-CUBE-Mongoose.7.13.0
2025-07-08 09:26:12,348 [INFO] WebApp:225 - Starting web application
2025-07-08 09:26:12,348 [INFO] WebApp:593 - Web application path used C:\ST\STM32CubeIDE_1.16.1\STM32CubeIDE\plugins\com.st.stm32cube.common.mx_6.14.1.202504091515\db\plugins\mcufinder\reactClient1\index.html
2025-07-08 09:26:12,350 [WARN] PackLoader:240 - Cannot read IP mode file for STMicroelectronics.X-CUBE-AZRTOS-G4.2.0.0
2025-07-08 09:26:12,362 [WARN] PackLoader:240 - Cannot read IP mode file for STMicroelectronics.X-CUBE-NFC7.2.0.0
2025-07-08 09:26:12,386 [WARN] PackLoader:240 - Cannot read IP mode file for STMicroelectronics.X-CUBE-IPS.3.1.0
2025-07-08 09:26:12,405 [WARN] PackLoader:240 - Cannot read IP mode file for STMicroelectronics.X-CUBE-ALS.1.0.2
2025-07-08 09:26:12,416 [WARN] PackLoader:240 - Cannot read IP mode file for STMicroelectronics.X-CUBE-TOUCHGFX.4.24.0
2025-07-08 09:26:12,592 [WARN] PackLoader:240 - Cannot read IP mode file for STMicroelectronics.X-CUBE-TOUCHGFX.4.24.2
2025-07-08 09:26:12,673 [WARN] PackLoader:240 - Cannot read IP mode file for STMicroelectronics.X-CUBE-TOUCHGFX.4.24.1
2025-07-08 09:26:12,682 [WARN] PackLoader:240 - Cannot read IP mode file for wolfSSL.I-CUBE-wolfTPM.3.4.0
2025-07-08 09:26:12,695 [WARN] PackLoader:240 - Cannot read IP mode file for portGmbH.I-Cube-SoM-uGOAL.1.1.0
2025-07-08 09:26:12,728 [WARN] PackLoader:240 - Cannot read IP mode file for STMicroelectronics.X-CUBE-AZRTOS-H7RS.1.0.0
2025-07-08 09:26:12,765 [WARN] PackLoader:240 - Cannot read IP mode file for STMicroelectronics.X-CUBE-TOF1.3.4.2
2025-07-08 09:26:12,812 [WARN] PackLoader:240 - Cannot read IP mode file for STMicroelectronics.X-CUBE-TOF1.3.4.3
2025-07-08 09:26:12,843 [WARN] PackLoader:240 - Cannot read IP mode file for wolfSSL.I-CUBE-wolfSSH.1.4.17
2025-07-08 09:26:12,844 [INFO] ThirdParty:978 - Integrity check success = true
2025-07-08 09:26:12,844 [INFO] IntegrityCheckThread:100 - exiting critical section [integrity check]
2025-07-08 09:26:12,844 [INFO] IntegrityCheckThread:103 - End integrity checks thread
2025-07-08 09:26:13,258 [INFO] UserAuth:484 - Internet connection configuration mode: 1
2025-07-08 09:27:29,866 [ERROR] LogOutputStream:75 - [STDERR_REDIRECT] 
2025-07-08 09:31:44,416 [INFO] Activator:176 - 


2025-07-08 09:31:44,418 [INFO] Activator:177 - !SESSION log4j initialized
2025-07-08 09:31:50,782 [INFO] LogOutputStream:77 - [STDOUT_REDIRECT] 
2025-07-08 09:31:51,870 [INFO] ApplicationProperties:184 - Using Application install path: C:\ST\STM32CubeIDE_1.16.1\STM32CubeIDE\plugins\com.st.stm32cube.common.mx_6.14.1.202504091515
2025-07-08 09:31:51,887 [INFO] DbMcusXml:78 - Set database path to: C:\ST\STM32CubeIDE_1.16.1\STM32CubeIDE\plugins\com.st.stm32cube.common.mx_6.14.1.202504091515\\db\/mcu/
2025-07-08 09:31:51,887 [INFO] ApiDb:274 - Set plugin database path to: C:\ST\STM32CubeIDE_1.16.1\STM32CubeIDE\plugins\com.st.stm32cube.common.mx_6.14.1.202504091515\\db\/plugins/boardmanager/
2025-07-08 09:31:51,887 [WARN] ApiDb:259 - Overriding images path with different value:  => C:\ST\STM32CubeIDE_1.16.1\STM32CubeIDE\plugins\com.st.stm32cube.common.mx_6.14.1.202504091515\\db\/plugins/mcufinder/images/
2025-07-08 09:31:51,892 [INFO] ApiDb:250 - Set database path to: C:\Users\kjeya\.stmcufinder\plugins\mcufinder//mcu/
2025-07-08 09:31:51,895 [INFO] DbMcusAds:125 - Set database path to: C:\Users\kjeya\.stmcufinder\plugins\mcufinder//mcu/
2025-07-08 09:31:51,897 [INFO] CrossReferenceDbSqlite:203 - Set database path to: C:\Users\kjeya\.stmcufinder\plugins\mcufinder//mcu/cs/
2025-07-08 09:31:52,025 [INFO] RulesReader:64 - Compatibility file has been processed (302 Rules)
2025-07-08 09:31:52,115 [INFO] DbMcusXml:78 - Set database path to: C:\ST\STM32CubeIDE_1.16.1\STM32CubeIDE\plugins\com.st.stm32cube.common.mx_6.14.1.202504091515\\db\/mcu/
2025-07-08 09:31:52,115 [INFO] ApiDb:274 - Set plugin database path to: C:\ST\STM32CubeIDE_1.16.1\STM32CubeIDE\plugins\com.st.stm32cube.common.mx_6.14.1.202504091515\\db\/plugins/boardmanager/
2025-07-08 09:31:52,115 [INFO] ApiDb:261 - Set plugin images path to: C:\ST\STM32CubeIDE_1.16.1\STM32CubeIDE\plugins\com.st.stm32cube.common.mx_6.14.1.202504091515\\db\/plugins/mcufinder/images/
2025-07-08 09:31:52,115 [WARN] DbFile:41 - Overriding database path with different value: C:\Users\kjeya\.stmcufinder\plugins\mcufinder/ => C:\Users\kjeya\.stmcufinder\plugins\mcufinder
2025-07-08 09:31:52,115 [INFO] ApiDb:250 - Set database path to: C:\Users\kjeya\.stmcufinder\plugins\mcufinder//mcu/
2025-07-08 09:31:52,115 [WARN] DbFile:41 - Overriding database path with different value: C:\Users\kjeya\.stmcufinder\plugins\mcufinder/ => C:\Users\kjeya\.stmcufinder\plugins\mcufinder
2025-07-08 09:31:52,115 [INFO] DbMcusAds:125 - Set database path to: C:\Users\kjeya\.stmcufinder\plugins\mcufinder//mcu/
2025-07-08 09:31:52,116 [WARN] DbFile:41 - Overriding database path with different value: C:\Users\kjeya\.stmcufinder\plugins\mcufinder/ => C:\Users\kjeya\.stmcufinder\plugins\mcufinder
2025-07-08 09:31:52,116 [WARN] DbFile:41 - Overriding database path with different value: C:\Users\kjeya\.stmcufinder\plugins\mcufinder/ => C:\Users\kjeya\.stmcufinder\plugins\mcufinder
2025-07-08 09:31:52,116 [INFO] CrossReferenceDbSqlite:203 - Set database path to: C:\Users\kjeya\.stmcufinder\plugins\mcufinder//mcu/cs/
2025-07-08 09:31:52,191 [INFO] MainPanel:272 - HeapMemory: 268435456
2025-07-08 09:31:52,279 [INFO] DbMcusXml:78 - Set database path to: C:\ST\STM32CubeIDE_1.16.1\STM32CubeIDE\plugins\com.st.stm32cube.common.mx_6.14.1.202504091515\\db\/mcu/
2025-07-08 09:31:52,280 [INFO] ApiDb:274 - Set plugin database path to: C:\ST\STM32CubeIDE_1.16.1\STM32CubeIDE\plugins\com.st.stm32cube.common.mx_6.14.1.202504091515\\db\/plugins/boardmanager/
2025-07-08 09:31:52,280 [INFO] ApiDb:261 - Set plugin images path to: C:\ST\STM32CubeIDE_1.16.1\STM32CubeIDE\plugins\com.st.stm32cube.common.mx_6.14.1.202504091515\\db\/plugins/mcufinder/images/
2025-07-08 09:31:52,280 [WARN] DbFile:41 - Overriding database path with different value: C:\Users\kjeya\.stmcufinder\plugins\mcufinder/ => C:\Users\kjeya\.stmcufinder\plugins\mcufinder
2025-07-08 09:31:52,280 [INFO] ApiDb:250 - Set database path to: C:\Users\kjeya\.stmcufinder\plugins\mcufinder//mcu/
2025-07-08 09:31:52,280 [WARN] DbFile:41 - Overriding database path with different value: C:\Users\kjeya\.stmcufinder\plugins\mcufinder/ => C:\Users\kjeya\.stmcufinder\plugins\mcufinder
2025-07-08 09:31:52,280 [INFO] DbMcusAds:125 - Set database path to: C:\Users\kjeya\.stmcufinder\plugins\mcufinder//mcu/
2025-07-08 09:31:52,280 [WARN] DbFile:41 - Overriding database path with different value: C:\Users\kjeya\.stmcufinder\plugins\mcufinder/ => C:\Users\kjeya\.stmcufinder\plugins\mcufinder
2025-07-08 09:31:52,280 [WARN] DbFile:41 - Overriding database path with different value: C:\Users\kjeya\.stmcufinder\plugins\mcufinder/ => C:\Users\kjeya\.stmcufinder\plugins\mcufinder
2025-07-08 09:31:52,281 [INFO] CrossReferenceDbSqlite:203 - Set database path to: C:\Users\kjeya\.stmcufinder\plugins\mcufinder//mcu/cs/
2025-07-08 09:31:52,310 [INFO] ApplicationProperties:184 - Using Application install path: C:\ST\STM32CubeIDE_1.16.1\STM32CubeIDE\plugins\com.st.stm32cube.common.mx_6.14.1.202504091515
2025-07-08 09:31:52,312 [INFO] PluginManage:196 - Search for loadable plugins [exclusion list=, ]
2025-07-08 09:31:52,314 [INFO] PluginManage:310 - Check plugin analytics
2025-07-08 09:31:52,595 [INFO] AnalyticsPlugin:253 - Accepted Software Licenses: STM32CubeMX.6.11.1,STM32CubeMX.6.13.0
2025-07-08 09:31:52,595 [INFO] AnalyticsPlugin:255 - Accepted CMSIS Pack Licenses: STMicroelectronics.X-CUBE-TOUCHGFX.4.24.0,WES.I-CUBE-Cesium.1.3.0,STMicroelectronics.X-CUBE-TOUCHGFX.4.24.2
2025-07-08 09:31:52,596 [INFO] AnalyticsPlugin:257 - Accepted Firmware Licenses: FW.F4.1.28.0,FW.L4.1.18.0,FW.WL.1.3.0,FW.H7.1.11.0,FW.H7.1.12.0
2025-07-08 09:31:52,601 [INFO] PluginManage:359 - Loaded plugin analytics (category:tool,tabindex:-1)
2025-07-08 09:31:52,601 [INFO] PluginManage:310 - Check plugin cadmodel
2025-07-08 09:31:52,607 [INFO] CADModel:105 - Init CAD model plugin
2025-07-08 09:31:52,608 [INFO] PluginManage:359 - Loaded plugin cadmodel (category:power,tabindex:5)
2025-07-08 09:31:52,608 [INFO] PluginManage:310 - Check plugin clock
2025-07-08 09:31:52,623 [INFO] PluginManage:359 - Loaded plugin clock (category:base,tabindex:2)
2025-07-08 09:31:52,624 [INFO] PluginManage:310 - Check plugin ddr
2025-07-08 09:31:52,627 [INFO] PluginManage:359 - Loaded plugin ddr (category:tool,tabindex:6)
2025-07-08 09:31:52,627 [INFO] PluginManage:310 - Check plugin filemanager
2025-07-08 09:31:52,786 [INFO] PluginManage:359 - Loaded plugin filemanager (category:base,tabindex:10)
2025-07-08 09:31:52,786 [INFO] PluginManage:310 - Check plugin ipmanager
2025-07-08 09:31:52,793 [INFO] PluginManage:359 - Loaded plugin ipmanager (category:base,tabindex:5)
2025-07-08 09:31:52,793 [INFO] PluginManage:310 - Check plugin lpbam
2025-07-08 09:31:52,801 [INFO] PluginManage:359 - Loaded plugin lpbam (category:base,tabindex:0)
2025-07-08 09:31:52,801 [INFO] PluginManage:310 - Check plugin memorymap
2025-07-08 09:31:52,815 [INFO] PluginManage:359 - Loaded plugin memorymap (category:base,tabindex:4)
2025-07-08 09:31:52,815 [INFO] PluginManage:310 - Check plugin pinoutandconfiguration
2025-07-08 09:31:52,823 [INFO] PluginManage:359 - Loaded plugin pinoutandconfiguration (category:base,tabindex:1)
2025-07-08 09:31:52,824 [INFO] PluginManage:310 - Check plugin pinoutconfig
2025-07-08 09:31:52,938 [WARN] SupportedApi:132 - Cannot load RTOS API schema: s4s-elt-must-match.1: The content of 'definitions' must match (annotation?, (simpleType | complexType)?, (unique | key | keyref)*)). A problem was found starting at: attribute.
2025-07-08 09:31:53,088 [INFO] PluginManage:359 - Loaded plugin pinoutconfig (category:base,tabindex:0)
2025-07-08 09:31:53,088 [INFO] PluginManage:310 - Check plugin power
2025-07-08 09:31:53,100 [INFO] PluginManage:359 - Loaded plugin power (category:power,tabindex:4)
2025-07-08 09:31:53,100 [INFO] PluginManage:310 - Check plugin projectmanager
2025-07-08 09:31:53,125 [INFO] PluginManage:359 - Loaded plugin projectmanager (category:projectmanager,tabindex:4)
2025-07-08 09:31:53,125 [INFO] PluginManage:310 - Check plugin rif
2025-07-08 09:31:53,138 [INFO] PluginManage:359 - Loaded plugin rif (category:base,tabindex:3)
2025-07-08 09:31:53,139 [INFO] PluginManage:310 - Check plugin thirdparty
2025-07-08 09:31:53,306 [INFO] PluginManage:359 - Loaded plugin thirdparty (category:base,tabindex:-1)
2025-07-08 09:31:53,306 [WARN] IntegrityCheckThread:84 - waiting for thirdparty lock release [integrity check]
2025-07-08 09:31:53,306 [INFO] PluginManage:310 - Check plugin tools
2025-07-08 09:31:53,306 [INFO] IntegrityCheckThread:86 - entering critical section [integrity check]
2025-07-08 09:31:53,307 [INFO] ThirdPartyUpdaterWithRetryManager:70 - Updater plugin not ready yet. [1/15]
2025-07-08 09:31:53,309 [INFO] PluginManage:359 - Loaded plugin tools (category:base,tabindex:7)
2025-07-08 09:31:53,309 [INFO] PluginManage:310 - Check plugin tutovideos
2025-07-08 09:31:53,485 [INFO] PluginManage:359 - Loaded plugin tutovideos (category:base,tabindex:-1)
2025-07-08 09:31:53,485 [INFO] PluginManage:310 - Check plugin updater
2025-07-08 09:31:53,513 [INFO] PluginManage:359 - Loaded plugin updater (category:base,tabindex:12)
2025-07-08 09:31:53,513 [INFO] PluginManage:310 - Check plugin userauth
2025-07-08 09:31:53,518 [INFO] UserAuth:118 - Init User Auth plugin
2025-07-08 09:31:53,519 [INFO] PluginManage:359 - Loaded plugin userauth (category:base,tabindex:14)
2025-07-08 09:31:53,520 [INFO] PluginManage:283 - PluginManage : Loaded plugins [18]
2025-07-08 09:31:53,763 [INFO] PinOutPanel:1589 - setPackage(No Configuration,No Configuration)
2025-07-08 09:31:53,863 [INFO] CADModel:165 - CPN selected for project level
2025-07-08 09:31:53,863 [INFO] CADModel:114 - Register for checkConnection events
2025-07-08 09:31:53,911 [INFO] IPUIPlugin:80 - create IPUIPlugin
2025-07-08 09:31:53,911 [INFO] PluginManager:220 - loadIPPluginJar : add adc
2025-07-08 09:31:53,916 [INFO] IPUIPlugin:80 - create IPUIPlugin
2025-07-08 09:31:53,917 [INFO] PluginManager:220 - loadIPPluginJar : add aes
2025-07-08 09:31:53,921 [INFO] IPUIPlugin:80 - create IPUIPlugin
2025-07-08 09:31:53,921 [INFO] PluginManager:220 - loadIPPluginJar : add can
2025-07-08 09:31:53,926 [INFO] IPUIPlugin:80 - create IPUIPlugin
2025-07-08 09:31:53,926 [INFO] PluginManager:220 - loadIPPluginJar : add comp
2025-07-08 09:31:53,929 [INFO] IPUIPlugin:80 - create IPUIPlugin
2025-07-08 09:31:53,929 [INFO] PluginManager:220 - loadIPPluginJar : add cryp
2025-07-08 09:31:53,932 [INFO] IPUIPlugin:80 - create IPUIPlugin
2025-07-08 09:31:53,932 [INFO] PluginManager:220 - loadIPPluginJar : add ddr_ctrl_phy
2025-07-08 09:31:53,935 [INFO] IPUIPlugin:80 - create IPUIPlugin
2025-07-08 09:31:53,935 [INFO] PluginManager:220 - loadIPPluginJar : add dfsdm
2025-07-08 09:31:53,941 [INFO] IPUIPlugin:80 - create IPUIPlugin
2025-07-08 09:31:53,942 [INFO] PluginManager:220 - loadIPPluginJar : add dma
2025-07-08 09:31:53,945 [INFO] IPUIPlugin:80 - create IPUIPlugin
2025-07-08 09:31:53,945 [INFO] PluginManager:220 - loadIPPluginJar : add dma3
2025-07-08 09:31:53,947 [INFO] IPUIPlugin:80 - create IPUIPlugin
2025-07-08 09:31:53,948 [INFO] PluginManager:220 - loadIPPluginJar : add extmemmanager
2025-07-08 09:31:53,950 [INFO] IPUIPlugin:80 - create IPUIPlugin
2025-07-08 09:31:53,950 [INFO] PluginManager:220 - loadIPPluginJar : add fatfs
2025-07-08 09:31:53,958 [INFO] IPUIPlugin:80 - create IPUIPlugin
2025-07-08 09:31:53,958 [INFO] PluginManager:220 - loadIPPluginJar : add fmc
2025-07-08 09:31:53,965 [INFO] IPUIPlugin:80 - create IPUIPlugin
2025-07-08 09:31:53,965 [INFO] PluginManager:220 - loadIPPluginJar : add freertos
2025-07-08 09:31:53,966 [INFO] IPUIPlugin:80 - create IPUIPlugin
2025-07-08 09:31:53,967 [INFO] PluginManager:220 - loadIPPluginJar : add genericplugin
2025-07-08 09:31:53,968 [INFO] IPUIPlugin:80 - create IPUIPlugin
2025-07-08 09:31:53,969 [INFO] PluginManager:220 - loadIPPluginJar : add gfxmmu
2025-07-08 09:31:53,974 [INFO] IPUIPlugin:80 - create IPUIPlugin
2025-07-08 09:31:53,975 [INFO] PluginManager:220 - loadIPPluginJar : add gic
2025-07-08 09:31:53,980 [INFO] IPUIPlugin:80 - create IPUIPlugin
2025-07-08 09:31:53,980 [INFO] PluginManager:220 - loadIPPluginJar : add gpio
2025-07-08 09:31:53,983 [INFO] IPUIPlugin:80 - create IPUIPlugin
2025-07-08 09:31:53,983 [INFO] PluginManager:220 - loadIPPluginJar : add gtzc
2025-07-08 09:31:53,986 [INFO] IPUIPlugin:80 - create IPUIPlugin
2025-07-08 09:31:53,986 [INFO] PluginManager:220 - loadIPPluginJar : add hash
2025-07-08 09:31:53,989 [INFO] IPUIPlugin:80 - create IPUIPlugin
2025-07-08 09:31:53,990 [INFO] PluginManager:220 - loadIPPluginJar : add i2c
2025-07-08 09:31:53,992 [INFO] IPUIPlugin:80 - create IPUIPlugin
2025-07-08 09:31:53,993 [INFO] PluginManager:220 - loadIPPluginJar : add i2s
2025-07-08 09:31:53,996 [INFO] IPUIPlugin:80 - create IPUIPlugin
2025-07-08 09:31:53,996 [INFO] PluginManager:220 - loadIPPluginJar : add i3c
2025-07-08 09:31:54,000 [INFO] IPUIPlugin:80 - create IPUIPlugin
2025-07-08 09:31:54,001 [INFO] PluginManager:220 - loadIPPluginJar : add ipddr
2025-07-08 09:31:54,009 [INFO] IPUIPlugin:80 - create IPUIPlugin
2025-07-08 09:31:54,009 [INFO] PluginManager:220 - loadIPPluginJar : add linkedlist
2025-07-08 09:31:54,013 [INFO] IPUIPlugin:80 - create IPUIPlugin
2025-07-08 09:31:54,013 [INFO] PluginManager:220 - loadIPPluginJar : add lorawan
2025-07-08 09:31:54,015 [INFO] IPUIPlugin:80 - create IPUIPlugin
2025-07-08 09:31:54,015 [INFO] PluginManager:220 - loadIPPluginJar : add ltdc
2025-07-08 09:31:54,024 [INFO] IPUIPlugin:80 - create IPUIPlugin
2025-07-08 09:31:54,024 [INFO] PluginManager:220 - loadIPPluginJar : add mdma
2025-07-08 09:31:54,028 [INFO] IPUIPlugin:80 - create IPUIPlugin
2025-07-08 09:31:54,028 [INFO] PluginManager:220 - loadIPPluginJar : add nvic
2025-07-08 09:31:54,032 [INFO] IPUIPlugin:80 - create IPUIPlugin
2025-07-08 09:31:54,032 [INFO] PluginManager:220 - loadIPPluginJar : add opamp
2025-07-08 09:31:54,037 [INFO] IPUIPlugin:80 - create IPUIPlugin
2025-07-08 09:31:54,038 [INFO] PluginManager:220 - loadIPPluginJar : add openamp
2025-07-08 09:31:54,041 [INFO] IPUIPlugin:80 - create IPUIPlugin
2025-07-08 09:31:54,042 [INFO] PluginManager:220 - loadIPPluginJar : add pdm2pcm
2025-07-08 09:31:54,049 [INFO] IPUIPlugin:80 - create IPUIPlugin
2025-07-08 09:31:54,055 [INFO] PluginManager:220 - loadIPPluginJar : add plateformsettings
2025-07-08 09:31:54,057 [INFO] IPUIPlugin:80 - create IPUIPlugin
2025-07-08 09:31:54,057 [INFO] PluginManager:220 - loadIPPluginJar : add quadspi
2025-07-08 09:31:54,059 [INFO] IPUIPlugin:80 - create IPUIPlugin
2025-07-08 09:31:54,060 [INFO] PluginManager:220 - loadIPPluginJar : add radio
2025-07-08 09:31:54,064 [INFO] IPUIPlugin:80 - create IPUIPlugin
2025-07-08 09:31:54,065 [INFO] PluginManager:220 - loadIPPluginJar : add resmgrutility
2025-07-08 09:31:54,071 [INFO] IPUIPlugin:80 - create IPUIPlugin
2025-07-08 09:31:54,071 [INFO] PluginManager:220 - loadIPPluginJar : add sai
2025-07-08 09:31:54,076 [INFO] IPUIPlugin:80 - create IPUIPlugin
2025-07-08 09:31:54,076 [INFO] PluginManager:220 - loadIPPluginJar : add spi
2025-07-08 09:31:54,084 [INFO] IPUIPlugin:80 - create IPUIPlugin
2025-07-08 09:31:54,084 [INFO] PluginManager:220 - loadIPPluginJar : add stm32_wpan
2025-07-08 09:31:54,087 [INFO] IPUIPlugin:80 - create IPUIPlugin
2025-07-08 09:31:54,088 [INFO] PluginManager:220 - loadIPPluginJar : add tim
2025-07-08 09:31:54,092 [INFO] IPUIPlugin:80 - create IPUIPlugin
2025-07-08 09:31:54,093 [INFO] PluginManager:220 - loadIPPluginJar : add touchsensing
2025-07-08 09:31:54,096 [INFO] IPUIPlugin:80 - create IPUIPlugin
2025-07-08 09:31:54,096 [INFO] PluginManager:220 - loadIPPluginJar : add tracer_emb
2025-07-08 09:31:54,098 [INFO] IPUIPlugin:80 - create IPUIPlugin
2025-07-08 09:31:54,098 [INFO] PluginManager:220 - loadIPPluginJar : add ts
2025-07-08 09:31:54,100 [INFO] IPUIPlugin:80 - create IPUIPlugin
2025-07-08 09:31:54,100 [INFO] PluginManager:220 - loadIPPluginJar : add tsc
2025-07-08 09:31:54,103 [INFO] IPUIPlugin:80 - create IPUIPlugin
2025-07-08 09:31:54,103 [INFO] PluginManager:220 - loadIPPluginJar : add ucpd
2025-07-08 09:31:54,106 [INFO] IPUIPlugin:80 - create IPUIPlugin
2025-07-08 09:31:54,107 [INFO] PluginManager:220 - loadIPPluginJar : add usart
2025-07-08 09:31:54,111 [INFO] IPUIPlugin:80 - create IPUIPlugin
2025-07-08 09:31:54,112 [INFO] PluginManager:220 - loadIPPluginJar : add usbx
2025-07-08 09:31:54,256 [FATAL] Updater:351 - Updater called before beeing initialized
2025-07-08 09:31:54,306 [INFO] RulesReader:64 - Compatibility file has been processed (302 Rules)
2025-07-08 09:31:54,319 [INFO] RulesReader:64 - Compatibility file has been processed (302 Rules)
2025-07-08 09:31:54,329 [INFO] CADModel:165 - CPN selected for project level
2025-07-08 09:31:54,330 [INFO] CADModel:114 - Register for checkConnection events
2025-07-08 09:31:54,330 [FATAL] Updater:351 - Updater called before beeing initialized
2025-07-08 09:31:54,330 [ERROR] CADModel:125 - Updater not yet initialized, retry later 
2025-07-08 09:31:54,509 [FATAL] Updater:351 - Updater called before beeing initialized
2025-07-08 09:31:54,511 [INFO] CADModel:165 - CPN selected for project level
2025-07-08 09:31:54,511 [INFO] CADModel:114 - Register for checkConnection events
2025-07-08 09:31:54,511 [FATAL] Updater:351 - Updater called before beeing initialized
2025-07-08 09:31:54,511 [ERROR] CADModel:125 - Updater not yet initialized, retry later 
2025-07-08 09:31:54,515 [FATAL] Updater:351 - Updater called before beeing initialized
2025-07-08 09:31:54,636 [FATAL] Updater:351 - Updater called before beeing initialized
2025-07-08 09:31:54,640 [INFO] DbMcusAds:53 - JSON generation date=Thu Jun 19 14:02:37 IST 2025 (1750321957418)
2025-07-08 09:31:54,641 [FATAL] Updater:351 - Updater called before beeing initialized
2025-07-08 09:31:54,679 [WARN] DetailPanel:346 - Failed to get advertising image, set to default
2025-07-08 09:31:54,977 [FATAL] Updater:351 - Updater called before beeing initialized
2025-07-08 09:31:54,979 [FATAL] Updater:351 - Updater called before beeing initialized
2025-07-08 09:31:54,979 [FATAL] Updater:351 - Updater called before beeing initialized
2025-07-08 09:31:54,979 [WARN] DetailPanel:346 - Failed to get advertising image, set to default
2025-07-08 09:31:54,980 [FATAL] Updater:351 - Updater called before beeing initialized
2025-07-08 09:31:55,035 [ERROR] Updater:1198 - MainUpdater not yet initialized. External WinMGr cannot be set.
2025-07-08 09:31:55,037 [INFO] Updater:1134 - Updater Version found : 6.14.1
2025-07-08 09:31:55,054 [INFO] ApplicationProperties:184 - Using Application install path: C:\ST\STM32CubeIDE_1.16.1\STM32CubeIDE\plugins\com.st.stm32cube.common.mx_6.14.1.202504091515
2025-07-08 09:31:56,307 [INFO] ThirdPartyUpdaterWithRetryManager:70 - Updater plugin not ready yet. [2/15]
2025-07-08 09:31:56,637 [ERROR] LogOutputStream:75 - [STDERR_REDIRECT] Jul 08, 2025 9:31:56 AM java.util.prefs.WindowsPreferences <init>
2025-07-08 09:31:56,640 [ERROR] LogOutputStream:75 - [STDERR_REDIRECT] WARNING: Could not open/create prefs root node Software\JavaSoft\Prefs at root 0xffffffff80000002. Windows RegCreateKeyEx(...) returned error code 5.
2025-07-08 09:31:56,641 [ERROR] LogOutputStream:75 - [STDERR_REDIRECT] 
2025-07-08 09:31:57,025 [INFO] MainUpdater:2872 - connection check result : 10
2025-07-08 09:31:57,025 [INFO] MainUpdater:289 - Updater Check For Update Now.
2025-07-08 09:31:57,025 [INFO] MicroXplorer:498 - Change Database Version : DB.6.0.141
2025-07-08 09:31:57,038 [INFO] McuFinderGlobals:63 - Set McuFinder mode to 2 (CubeIDE integrated)
2025-07-08 09:31:57,039 [INFO] UserAuth:484 - Internet connection configuration mode: 1
2025-07-08 09:31:57,070 [INFO] JxBrowserEngine:152 - Initiate JxBrowser Engine with user profile folder
2025-07-08 09:31:57,240 [INFO] CheckServerUpdateThread:120 - End of CheckServer Thread
2025-07-08 09:31:57,922 [INFO] WebApp:169 - Instantiating new browser for Auth
2025-07-08 09:31:58,861 [INFO] WebApp:463 - Apply proxy settings
2025-07-08 09:31:58,861 [INFO] WebApp:548 - Chromium requires no authentication
2025-07-08 09:31:58,869 [INFO] WebApp:491 - Direct internet connection detected
2025-07-08 09:31:58,894 [INFO] WebApp:894 - Register for checkConnection events
2025-07-08 09:31:58,894 [INFO] WebApp:463 - Apply proxy settings
2025-07-08 09:31:58,894 [INFO] WebApp:548 - Chromium requires no authentication
2025-07-08 09:31:58,895 [INFO] WebApp:491 - Direct internet connection detected
2025-07-08 09:31:59,078 [INFO] WebApp:225 - Starting web application
2025-07-08 09:31:59,078 [INFO] WebApp:593 - Web application path used C:\ST\STM32CubeIDE_1.16.1\STM32CubeIDE\plugins\com.st.stm32cube.common.mx_6.14.1.202504091515\db\plugins\mcufinder\reactClient1\index.html
2025-07-08 09:31:59,235 [INFO] UserAuth:484 - Internet connection configuration mode: 1
2025-07-08 09:31:59,274 [INFO] WebApp:191 - Connection restablished
2025-07-08 09:31:59,892 [WARN] PackLoader:240 - Cannot read IP mode file for STMicroelectronics.FP-SNS-MOTENVWB1.1.4.0
2025-07-08 09:31:59,916 [WARN] PackLoader:240 - Cannot read IP mode file for STMicroelectronics.FP-ATR-ASTRA1.2.0.2
2025-07-08 09:31:59,925 [WARN] PackLoader:240 - Cannot read IP mode file for STMicroelectronics.FP-ATR-ASTRA1.2.0.1
2025-07-08 09:31:59,943 [WARN] PackLoader:240 - Cannot read IP mode file for STMicroelectronics.X-CUBE-SMBUS.2.1.0
2025-07-08 09:31:59,964 [WARN] PackLoader:240 - Cannot read IP mode file for STMicroelectronics.X-CUBE-WB05N.1.1.0
2025-07-08 09:31:59,979 [WARN] PackLoader:240 - Cannot read IP mode file for STMicroelectronics.X-CUBE-ST60.1.0.0
2025-07-08 09:32:00,057 [WARN] PackLoader:240 - Cannot read IP mode file for STMicroelectronics.X-CUBE-AZRTOS-F7.1.1.0
2025-07-08 09:32:00,080 [WARN] PackLoader:240 - Cannot read IP mode file for STMicroelectronics.FP-SNS-FLIGHT1.5.0.2
2025-07-08 09:32:00,143 [WARN] PackLoader:240 - Cannot read IP mode file for Infineon.AIROC-Wi-Fi-Bluetooth-STM32.1.7.0
2025-07-08 09:32:00,255 [WARN] PackLoader:240 - Cannot read IP mode file for STMicroelectronics.X-CUBE-AZRTOS-H7.3.4.0
2025-07-08 09:32:00,285 [WARN] PackLoader:240 - Cannot read IP mode file for STMicroelectronics.X-CUBE-DISPLAY.3.0.0
2025-07-08 09:32:00,313 [WARN] PackLoader:240 - Cannot read IP mode file for STMicroelectronics.X-CUBE-BLE1.7.0.0
2025-07-08 09:32:00,329 [WARN] PackLoader:240 - Cannot read IP mode file for STMicroelectronics.X-CUBE-NFC10.1.0.0
2025-07-08 09:32:00,356 [WARN] PackLoader:240 - Cannot read IP mode file for STMicroelectronics.X-CUBE-BLEMGR.4.0.0
2025-07-08 09:32:00,373 [WARN] PackLoader:240 - Cannot read IP mode file for emotas.I-CUBE-CANOPEN.1.3.0
2025-07-08 09:32:00,381 [WARN] PackLoader:240 - Cannot read IP mode file for STMicroelectronics.X-CUBE-AI.10.0.0
2025-07-08 09:32:00,426 [WARN] PackLoader:240 - Cannot read IP mode file for STMicroelectronics.FP-SNS-SMARTAG2.1.2.0
2025-07-08 09:32:00,440 [WARN] PackLoader:240 - Cannot read IP mode file for STMicroelectronics.FP-SNS-FLIGHT1.5.1.0
2025-07-08 09:32:00,559 [WARN] PackLoader:240 - Cannot read IP mode file for STMicroelectronics.X-CUBE-MEMS1.11.1.0
2025-07-08 09:32:00,903 [INFO] LogOutputStream:77 - [STDOUT_REDIRECT] 1 : Invalid condition id : UX_CORESTACK_Condition cause : null
2025-07-08 09:32:00,905 [INFO] LogOutputStream:77 - [STDOUT_REDIRECT] 1 : Invalid condition id : UX_CORESTACK_Condition cause : null
2025-07-08 09:32:00,908 [INFO] LogOutputStream:77 - [STDOUT_REDIRECT] 1 : Invalid condition id : UX_CORESTACK_Condition cause : null
2025-07-08 09:32:00,911 [INFO] LogOutputStream:77 - [STDOUT_REDIRECT] 1 : Invalid condition id : UX_CORESTACK_Condition cause : null
2025-07-08 09:32:00,913 [INFO] LogOutputStream:77 - [STDOUT_REDIRECT] 1 : Invalid condition id : UX_CORESTACK_Condition cause : null
2025-07-08 09:32:00,919 [WARN] PackLoader:240 - Cannot read IP mode file for STMicroelectronics.X-CUBE-AZRTOS-WL.2.0.0
2025-07-08 09:32:00,932 [WARN] PackLoader:240 - Cannot read IP mode file for STMicroelectronics.FP-SNS-MOTENV1.5.0.0
2025-07-08 09:32:00,944 [WARN] PackLoader:240 - Cannot read IP mode file for wolfSSL.I-CUBE-wolfMQTT.1.19.0
2025-07-08 09:32:00,964 [WARN] PackLoader:240 - Cannot read IP mode file for WES.I-CUBE-Cesium.1.3.0
2025-07-08 09:32:01,128 [WARN] PackLoader:240 - Cannot read IP mode file for STMicroelectronics.X-CUBE-BLE2.3.3.0
2025-07-08 09:32:01,140 [WARN] PackLoader:240 - Cannot read IP mode file for STMicroelectronics.X-CUBE-NFC9.1.0.0
2025-07-08 09:32:01,147 [WARN] PackLoader:240 - Cannot read IP mode file for STMicroelectronics.X-CUBE-BLE1.7.1.0
2025-07-08 09:32:01,155 [WARN] PackLoader:240 - Cannot read IP mode file for STMicroelectronics.X-CUBE-AI.10.1.0
2025-07-08 09:32:01,213 [WARN] PackLoader:240 - Cannot read IP mode file for STMicroelectronics.X-CUBE-MEMS1.11.2.0
2025-07-08 09:32:01,367 [WARN] PackLoader:240 - Cannot read IP mode file for STMicroelectronics.X-CUBE-AZRTOS-G0.1.1.0
2025-07-08 09:32:01,384 [WARN] PackLoader:240 - Cannot read IP mode file for STMicroelectronics.X-CUBE-SAFEA1.1.2.2
2025-07-08 09:32:01,398 [WARN] PackLoader:240 - Cannot read IP mode file for STMicroelectronics.X-CUBE-NFC4.3.0.0
2025-07-08 09:32:01,420 [WARN] PackLoader:240 - Cannot read IP mode file for EmbeddedOffice.I-CUBE-FS-RTOS.1.0.1
2025-07-08 09:32:01,430 [WARN] PackLoader:240 - Cannot read IP mode file for STMicroelectronics.X-CUBE-WB05N.2.0.0
2025-07-08 09:32:01,444 [WARN] PackLoader:240 - Cannot read IP mode file for STMicroelectronics.X-CUBE-TCPP.4.2.0
2025-07-08 09:32:01,458 [WARN] PackLoader:240 - Cannot read IP mode file for RealThread.X-CUBE-RT-Thread_Nano.4.1.1
2025-07-08 09:32:01,468 [WARN] PackLoader:240 - Cannot read IP mode file for STMicroelectronics.FP-ATR-SIGFOX1.3.2.0
2025-07-08 09:32:01,477 [WARN] ConditionMgr:438 - getConditionDescription Invalid condition id : Cortex-A Device cause : null
2025-07-08 09:32:01,495 [WARN] ConditionMgr:1044 - genDependencies : Invalid condition id : Cortex-A Device cause : null
2025-07-08 09:32:01,496 [WARN] ConditionMgr:1044 - genDependencies : Invalid condition id : Cortex-A Device cause : null
2025-07-08 09:32:01,496 [WARN] ConditionMgr:1044 - genDependencies : Invalid condition id : Cortex-A Device cause : null
2025-07-08 09:32:01,508 [WARN] PackLoader:240 - Cannot read IP mode file for STMicroelectronics.X-CUBE-EEPRMA1.5.1.0
2025-07-08 09:32:01,519 [WARN] PackLoader:240 - Cannot read IP mode file for wolfSSL.I-CUBE-wolfSSL.5.7.4
2025-07-08 09:32:01,530 [WARN] PackLoader:240 - Cannot read IP mode file for ITTIA_DB.I-CUBE-ITTIADB.8.9.0
2025-07-08 09:32:01,544 [WARN] PackLoader:240 - Cannot read IP mode file for STMicroelectronics.X-CUBE-ST67W61.1.0.0
2025-07-08 09:32:01,617 [WARN] PackLoader:240 - Cannot read IP mode file for SEGGER.I-CUBE-embOS.1.3.1
2025-07-08 09:32:01,710 [WARN] PackLoader:240 - Cannot read IP mode file for STMicroelectronics.X-CUBE-ALGOBUILD.1.4.0
2025-07-08 09:32:01,854 [WARN] PackLoader:240 - Cannot read IP mode file for STMicroelectronics.X-CUBE-MEMS1.11.3.0
2025-07-08 09:32:02,090 [WARN] PackLoader:240 - Cannot read IP mode file for STMicroelectronics.X-CUBE-AI.9.1.0
2025-07-08 09:32:02,098 [WARN] PackLoader:240 - Cannot read IP mode file for STMicroelectronics.X-CUBE-PM33A1.1.0.0
2025-07-08 09:32:02,129 [WARN] PackLoader:240 - Cannot read IP mode file for STMicroelectronics.X-CUBE-AZRTOS-F4.1.1.0
2025-07-08 09:32:02,143 [WARN] PackLoader:240 - Cannot read IP mode file for Avnet-IotConnect.X-CUBE-IoTC-DA16k-PMOD.1.0.0
2025-07-08 09:32:02,153 [WARN] PackLoader:240 - Cannot read IP mode file for STMicroelectronics.X-CUBE-ISPU.2.1.0
2025-07-08 09:32:02,177 [WARN] PackLoader:240 - Cannot read IP mode file for STMicroelectronics.X-CUBE-AZRTOS-L5.2.0.0
2025-07-08 09:32:02,194 [WARN] PackLoader:240 - Cannot read IP mode file for STMicroelectronics.X-CUBE-NFC6.3.1.0
2025-07-08 09:32:02,206 [WARN] PackLoader:240 - Cannot read IP mode file for STMicroelectronics.X-CUBE-DPower.1.2.0
2025-07-08 09:32:02,216 [WARN] PackLoader:240 - Cannot read IP mode file for STMicroelectronics.X-CUBE-FREERTOS.1.3.1
2025-07-08 09:32:02,224 [WARN] PackLoader:240 - Cannot read IP mode file for STMicroelectronics.X-CUBE-FREERTOS.1.3.0
2025-07-08 09:32:02,232 [WARN] PackLoader:240 - Cannot read IP mode file for STMicroelectronics.X-CUBE-NFC7.1.0.1
2025-07-08 09:32:02,242 [WARN] PackLoader:240 - Cannot read IP mode file for STMicroelectronics.FP-SNS-STAIOTCFT.1.0.0
2025-07-08 09:32:02,249 [WARN] PackLoader:240 - Cannot read IP mode file for STMicroelectronics.X-CUBE-DPower.1.3.0
2025-07-08 09:32:02,276 [WARN] ConditionMgr:438 - getConditionDescription Invalid condition id : LAN8742 Phy interface Condition cause : null
2025-07-08 09:32:02,277 [WARN] PackLoader:240 - Cannot read IP mode file for STMicroelectronics.X-CUBE-AZRTOS-L4.2.0.0
2025-07-08 09:32:02,279 [WARN] ConditionMgr:1044 - genDependencies : Invalid condition id : LAN8742 Phy interface Condition cause : null
2025-07-08 09:32:02,279 [WARN] ConditionMgr:1044 - genDependencies : Invalid condition id : LAN8742 Phy interface Condition cause : null
2025-07-08 09:32:02,280 [WARN] ConditionMgr:1044 - genDependencies : Invalid condition id : LAN8742 Phy interface Condition cause : null
2025-07-08 09:32:02,293 [WARN] PackLoader:240 - Cannot read IP mode file for STMicroelectronics.X-CUBE-SFXS2LP1.4.0.0
2025-07-08 09:32:02,326 [WARN] PackLoader:240 - Cannot read IP mode file for STMicroelectronics.X-CUBE-AZRTOS-H7.3.3.0
2025-07-08 09:32:02,347 [WARN] PackLoader:240 - Cannot read IP mode file for STMicroelectronics.X-CUBE-IPS.3.0.0
2025-07-08 09:32:02,370 [WARN] ConditionMgr:438 - getConditionDescription Invalid condition id : UX DEVICE CLASS RTOS Condition cause : null
2025-07-08 09:32:02,371 [WARN] ConditionMgr:438 - getConditionDescription Invalid condition id : UX DEVICE CLASS RTOS Condition cause : null
2025-07-08 09:32:02,373 [WARN] PackLoader:240 - Cannot read IP mode file for STMicroelectronics.X-CUBE-AZRTOS-WB.2.0.0
2025-07-08 09:32:02,374 [WARN] ConditionMgr:1044 - genDependencies : Invalid condition id : UX DEVICE CLASS RTOS Condition cause : null
2025-07-08 09:32:02,374 [WARN] ConditionMgr:1044 - genDependencies : Invalid condition id : UX DEVICE CLASS RTOS Condition cause : null
2025-07-08 09:32:02,375 [WARN] ConditionMgr:1044 - genDependencies : Invalid condition id : UX DEVICE CLASS RTOS Condition cause : null
2025-07-08 09:32:02,376 [WARN] ConditionMgr:1044 - genDependencies : Invalid condition id : UX DEVICE CLASS RTOS Condition cause : null
2025-07-08 09:32:02,376 [WARN] ConditionMgr:1044 - genDependencies : Invalid condition id : UX DEVICE CLASS RTOS Condition cause : null
2025-07-08 09:32:02,387 [WARN] PackLoader:240 - Cannot read IP mode file for STMicroelectronics.X-CUBE-GNSS1.7.0.1
2025-07-08 09:32:02,397 [WARN] PackLoader:240 - Cannot read IP mode file for STMicroelectronics.X-CUBE-TOUCHGFX.4.25.0
2025-07-08 09:32:02,405 [WARN] PackLoader:240 - Cannot read IP mode file for STMicroelectronics.FP-SNS-STBOX1.2.0.0
2025-07-08 09:32:02,421 [WARN] PackLoader:240 - Cannot read IP mode file for STMicroelectronics.X-CUBE-SUBG2.5.0.0
2025-07-08 09:32:02,461 [WARN] PackLoader:240 - Cannot read IP mode file for STMicroelectronics.X-CUBE-AZRTOS-H7RS.1.1.0
2025-07-08 09:32:02,471 [WARN] PackLoader:240 - Cannot read IP mode file for Cesanta.I-CUBE-Mongoose.7.13.0
2025-07-08 09:32:02,488 [WARN] PackLoader:240 - Cannot read IP mode file for STMicroelectronics.X-CUBE-AZRTOS-G4.2.0.0
2025-07-08 09:32:02,496 [WARN] PackLoader:240 - Cannot read IP mode file for STMicroelectronics.X-CUBE-NFC7.2.0.0
2025-07-08 09:32:02,510 [WARN] PackLoader:240 - Cannot read IP mode file for STMicroelectronics.X-CUBE-IPS.3.1.0
2025-07-08 09:32:02,521 [WARN] PackLoader:240 - Cannot read IP mode file for STMicroelectronics.X-CUBE-ALS.1.0.2
2025-07-08 09:32:02,526 [WARN] PackLoader:240 - Cannot read IP mode file for STMicroelectronics.X-CUBE-TOUCHGFX.4.24.0
2025-07-08 09:32:02,618 [WARN] PackLoader:240 - Cannot read IP mode file for STMicroelectronics.X-CUBE-TOUCHGFX.4.24.2
2025-07-08 09:32:02,672 [WARN] PackLoader:240 - Cannot read IP mode file for STMicroelectronics.X-CUBE-TOUCHGFX.4.24.1
2025-07-08 09:32:02,677 [WARN] PackLoader:240 - Cannot read IP mode file for wolfSSL.I-CUBE-wolfTPM.3.4.0
2025-07-08 09:32:02,685 [WARN] PackLoader:240 - Cannot read IP mode file for portGmbH.I-Cube-SoM-uGOAL.1.1.0
2025-07-08 09:32:02,699 [WARN] PackLoader:240 - Cannot read IP mode file for STMicroelectronics.X-CUBE-AZRTOS-H7RS.1.0.0
2025-07-08 09:32:02,713 [WARN] PackLoader:240 - Cannot read IP mode file for STMicroelectronics.X-CUBE-TOF1.3.4.2
2025-07-08 09:32:02,735 [WARN] PackLoader:240 - Cannot read IP mode file for STMicroelectronics.X-CUBE-TOF1.3.4.3
2025-07-08 09:32:02,749 [WARN] PackLoader:240 - Cannot read IP mode file for wolfSSL.I-CUBE-wolfSSH.1.4.17
2025-07-08 09:32:02,750 [INFO] ThirdParty:978 - Integrity check success = true
2025-07-08 09:32:02,750 [INFO] IntegrityCheckThread:100 - exiting critical section [integrity check]
2025-07-08 09:32:02,751 [INFO] IntegrityCheckThread:103 - End integrity checks thread
2025-07-08 09:33:55,913 [INFO] WebApp:194 - Connection lost
2025-07-08 09:35:33,187 [INFO] WebApp:191 - Connection restablished
2025-07-08 09:35:33,216 [INFO] WebApp:194 - Connection lost
2025-07-08 09:35:33,355 [INFO] WebApp:191 - Connection restablished
2025-07-08 09:35:39,891 [INFO] WebApp:194 - Connection lost
2025-07-08 09:35:44,183 [INFO] WebApp:191 - Connection restablished
2025-07-08 09:36:02,883 [INFO] WebApp:194 - Connection lost
2025-07-08 09:36:03,020 [INFO] WebApp:191 - Connection restablished
2025-07-08 09:45:24,437 [INFO] WebApp:194 - Connection lost
2025-07-08 09:45:24,638 [INFO] WebApp:191 - Connection restablished
2025-07-08 09:45:45,401 [INFO] WebApp:194 - Connection lost
2025-07-08 09:45:45,543 [INFO] WebApp:191 - Connection restablished
2025-07-08 09:46:07,914 [INFO] WebApp:194 - Connection lost
2025-07-08 09:46:08,061 [INFO] WebApp:191 - Connection restablished
2025-07-08 09:46:26,883 [INFO] WebApp:194 - Connection lost
2025-07-08 09:46:27,026 [INFO] WebApp:191 - Connection restablished
2025-07-08 09:46:57,415 [INFO] WebApp:194 - Connection lost
2025-07-08 09:46:57,611 [INFO] WebApp:191 - Connection restablished
2025-07-08 09:47:19,724 [INFO] WebApp:194 - Connection lost
2025-07-08 09:47:23,374 [INFO] WebApp:191 - Connection restablished
2025-07-08 09:47:25,400 [INFO] WebApp:194 - Connection lost
2025-07-08 09:47:25,529 [INFO] WebApp:191 - Connection restablished
2025-07-08 09:52:17,406 [INFO] WebApp:194 - Connection lost
2025-07-08 09:52:17,839 [INFO] WebApp:191 - Connection restablished
2025-07-08 10:00:14,156 [INFO] WebApp:194 - Connection lost
2025-07-08 10:00:23,559 [INFO] WebApp:191 - Connection restablished
2025-07-08 10:00:24,040 [INFO] WebApp:194 - Connection lost
2025-07-08 10:00:24,772 [INFO] WebApp:191 - Connection restablished
2025-07-08 10:08:35,582 [INFO] WebApp:194 - Connection lost
2025-07-08 10:08:35,790 [INFO] WebApp:191 - Connection restablished
2025-07-08 10:08:38,920 [INFO] WebApp:194 - Connection lost
2025-07-08 10:08:39,058 [INFO] WebApp:191 - Connection restablished
2025-07-08 10:09:05,030 [INFO] WebApp:194 - Connection lost
2025-07-08 10:09:10,896 [INFO] WebApp:191 - Connection restablished
2025-07-08 10:09:12,911 [INFO] WebApp:194 - Connection lost
2025-07-08 10:09:13,106 [INFO] WebApp:191 - Connection restablished
2025-07-08 10:09:41,311 [INFO] WebApp:194 - Connection lost
2025-07-08 10:09:41,487 [INFO] WebApp:191 - Connection restablished
2025-07-08 10:09:43,492 [INFO] WebApp:194 - Connection lost
2025-07-08 10:09:43,649 [INFO] WebApp:191 - Connection restablished
2025-07-08 10:10:40,127 [INFO] WebApp:194 - Connection lost
2025-07-08 10:10:42,887 [INFO] WebApp:191 - Connection restablished
2025-07-08 10:10:48,500 [INFO] WebApp:194 - Connection lost
2025-07-08 10:10:48,637 [INFO] WebApp:191 - Connection restablished
2025-07-08 10:11:00,067 [INFO] WebApp:194 - Connection lost
2025-07-08 10:43:29,823 [INFO] WebApp:191 - Connection restablished
2025-07-08 10:43:31,890 [INFO] WebApp:194 - Connection lost
2025-07-08 10:43:32,038 [INFO] WebApp:191 - Connection restablished
2025-07-08 12:37:40,733 [INFO] McuFinderGlobals:63 - Set McuFinder mode to 2 (CubeIDE integrated)
2025-07-08 12:37:40,751 [INFO] MainUpdater:2872 - connection check result : 10
2025-07-08 12:37:40,751 [INFO] MainUpdater:2872 - connection check result : 10
2025-07-08 12:37:40,887 [INFO] MicroXplorer:468 - Change Database Path : 
2025-07-08 12:37:40,887 [INFO] MicroXplorer:498 - Change Database Version : DB.6.0.141
2025-07-08 12:37:40,910 [WARN] ThirdParty:871 - waiting for thirdparty lock release [close project]
2025-07-08 12:37:40,912 [INFO] ThirdParty:873 - entering critical section [close project]
2025-07-08 12:37:40,921 [INFO] ThirdParty:883 - exiting critical section [close project]
2025-07-08 12:37:40,928 [INFO] PinOutPanel:1589 - setPackage(No Configuration,No Configuration)
2025-07-08 12:37:40,967 [INFO] UtilMem:75 - Begin LoadConfig() Used Memory: 400761264 Bytes (563085312)
2025-07-08 12:37:40,974 [INFO] MicroXplorer:468 - Change Database Path : 
2025-07-08 12:37:40,974 [INFO] MicroXplorer:498 - Change Database Version : DB.6.0.141
2025-07-08 12:37:40,974 [INFO] OpenFileManager:354 - Change cursor
2025-07-08 12:37:41,144 [INFO] Mcu:2011 - Initializing MCU STM32F446R(C-E)Tx STM32F446RETx STM32F446RET6
2025-07-08 12:37:43,621 [INFO] Context:756 - Trying to add GPIOservice into a context  which must be forbidden
2025-07-08 12:37:44,475 [INFO] ImportTextPane:218 - (OptionalMessage_ERROR) Pin19 (VP_RIF_VS_RIF1) cannot be retrieved for this MCU
2025-07-08 12:37:44,623 [INFO] RtosManager:558 - Registered RTOS mode: class=CMSIS, group=RTOS, mode=CMSIS_V1, owner=FREERTOS
2025-07-08 12:37:44,623 [INFO] RtosManager:558 - Registered RTOS mode: class=CMSIS, group=RTOS2, mode=CMSIS_V2, owner=FREERTOS
2025-07-08 12:37:44,623 [INFO] RtosManager:558 - Registered RTOS mode: class=RTOS, group=Core, mode=CMSIS_V1, owner=FREERTOS
2025-07-08 12:37:44,623 [INFO] RtosManager:558 - Registered RTOS mode: class=RTOS, group=Core, mode=CMSIS_V2, owner=FREERTOS
2025-07-08 12:37:44,624 [WARN] ModelIntegratedComponent:184 - Missing modes for component STMicroelectronics:FreeRTOS:0.0.1:STMicroelectronics:RTOS:FreeRTOS:Core:::10.2.0:
2025-07-08 12:37:44,642 [WARN] ModelIntegratedComponent:63 - No mode defined for component null
2025-07-08 12:37:44,643 [WARN] ModelIntegratedComponent:63 - No mode defined for component null
2025-07-08 12:37:44,643 [WARN] ModelIntegratedComponent:63 - No mode defined for component null
2025-07-08 12:37:44,643 [WARN] ModelIntegratedComponent:63 - No mode defined for component null
2025-07-08 12:37:44,643 [WARN] ModelIntegratedComponent:63 - No mode defined for component null
2025-07-08 12:37:44,643 [WARN] ModelIntegratedComponent:63 - No mode defined for component null
2025-07-08 12:37:44,643 [WARN] ModelIntegratedComponent:63 - No mode defined for component null
2025-07-08 12:37:44,643 [WARN] ModelIntegratedComponent:63 - No mode defined for component null
2025-07-08 12:37:44,643 [WARN] ModelIntegratedComponent:63 - No mode defined for component null
2025-07-08 12:37:44,643 [WARN] ModelIntegratedComponent:63 - No mode defined for component null
2025-07-08 12:37:44,645 [WARN] ModelIntegratedComponent:63 - No mode defined for component null
2025-07-08 12:37:44,645 [WARN] ModelIntegratedComponent:63 - No mode defined for component null
2025-07-08 12:37:44,645 [WARN] ModelIntegratedComponent:63 - No mode defined for component null
2025-07-08 12:37:44,645 [WARN] ModelIntegratedComponent:63 - No mode defined for component null
2025-07-08 12:37:44,645 [WARN] ModelIntegratedComponent:63 - No mode defined for component null
2025-07-08 12:37:44,645 [WARN] ModelIntegratedComponent:63 - No mode defined for component null
2025-07-08 12:37:44,645 [WARN] ModelIntegratedComponent:63 - No mode defined for component null
2025-07-08 12:37:44,645 [WARN] ModelIntegratedComponent:63 - No mode defined for component null
2025-07-08 12:37:44,646 [WARN] ModelIntegratedComponent:63 - No mode defined for component null
2025-07-08 12:37:44,646 [WARN] ModelIntegratedComponent:63 - No mode defined for component null
2025-07-08 12:37:44,646 [WARN] ModelIntegratedComponent:63 - No mode defined for component null
2025-07-08 12:37:44,646 [WARN] ModelIntegratedComponent:63 - No mode defined for component null
2025-07-08 12:37:44,646 [WARN] ModelIntegratedComponent:63 - No mode defined for component null
2025-07-08 12:37:44,646 [WARN] ModelIntegratedComponent:63 - No mode defined for component null
2025-07-08 12:37:44,646 [WARN] ModelIntegratedComponent:63 - No mode defined for component null
2025-07-08 12:37:44,647 [WARN] ModelIntegratedComponent:63 - No mode defined for component null
2025-07-08 12:37:44,647 [WARN] ModelIntegratedComponent:63 - No mode defined for component null
2025-07-08 12:37:44,647 [WARN] ModelIntegratedComponent:63 - No mode defined for component null
2025-07-08 12:37:44,647 [WARN] ModelIntegratedComponent:63 - No mode defined for component null
2025-07-08 12:37:44,647 [WARN] ModelIntegratedComponent:63 - No mode defined for component null
2025-07-08 12:37:44,647 [WARN] ModelIntegratedComponent:63 - No mode defined for component null
2025-07-08 12:37:44,648 [WARN] ModelIntegratedComponent:63 - No mode defined for component null
2025-07-08 12:37:44,648 [WARN] ModelIntegratedComponent:63 - No mode defined for component null
2025-07-08 12:37:44,648 [WARN] ModelIntegratedComponent:63 - No mode defined for component null
2025-07-08 12:37:44,648 [WARN] ModelIntegratedComponent:63 - No mode defined for component null
2025-07-08 12:37:44,648 [WARN] ModelPack:524 - Component already loaded: STMicroelectronics:HAL Drivers:0.0.0:STMicroelectronics:Device:STMicro_Driver:XSPI:HAL::0.0.1:HAL_XSPI
2025-07-08 12:37:45,011 [INFO] ThirdPartyModel:298 - Start build external matchings
2025-07-08 12:37:46,096 [INFO] ThirdPartyModel:316 - End build external matchings
2025-07-08 12:37:46,822 [INFO] ApiDb:581 - Connected to CubeFinder SQLite database (C:\Users\kjeya\.stmcufinder\plugins\mcufinder\mcu\cube-finder-db.db)
2025-07-08 12:37:46,956 [INFO] ApiDb:668 - CubeFinder database Data Model version=2.1
2025-07-08 12:37:46,956 [INFO] ApiDb:669 - CubeFinder database Configuration version=3.0.39
2025-07-08 12:37:46,957 [INFO] ApiDb:670 - CubeFinder database generation date=2025-06-16 (1750072209)
2025-07-08 12:37:46,957 [INFO] ApiDb:671 - CubeFinder database FW Pack versions=[FP-ATR-ASTRA1_V2.0.0, FP-SNS-FLIGHT1_V5.1.0, FP-SNS-MOTENV1_V5.0.0, FP-SNS-MOTENVWB1_V1.4.0, FP-SNS-SMARTAG2_V1.2.0, FP-SNS-STBOX1_V2.0.0, STM32Cube_FW_C0_V1.4.0, STM32Cube_FW_F4_V1.28.2, STM32Cube_FW_F7_V1.17.3, STM32Cube_FW_G0_V1.6.2, STM32Cube_FW_G4_V1.6.1, STM32Cube_FW_H5_V1.5.0, STM32Cube_FW_H7RS_V1.2.0, STM32Cube_FW_H7_V1.12.1, STM32Cube_FW_L0_V1.12.2, STM32Cube_FW_L4_V1.18.1, STM32Cube_FW_L5_V1.5.1, STM32Cube_FW_N6_V1.1.1, STM32Cube_FW_U0_V1.2.0, STM32Cube_FW_U3_V1.1.0, STM32Cube_FW_U5_V1.7.0, STM32Cube_FW_WB0_V1.2.0, STM32Cube_FW_WBA_V1.6.0, STM32Cube_FW_WB_V1.22.0, STM32Cube_FW_WL3_V1.1.0, STM32Cube_FW_WL_V1.3.1, X-CUBE-ALGOBUILD_V1.4.0, X-CUBE-ALS_V1.0.2, X-CUBE-AZRTOS-F4_V1.1.0, X-CUBE-AZRTOS-F7_V1.1.0, X-CUBE-AZRTOS-G0_V1.1.0, X-CUBE-AZRTOS-G4_V2.0.0, X-CUBE-AZRTOS-H7RS_V1.1.0, X-CUBE-AZRTOS-H7_V3.3.0, X-CUBE-AZRTOS-L4_V2.0.0, X-CUBE-AZRTOS-L5_V2.0.0, X-CUBE-AZRTOS-WB_V2.0.0, X-CUBE-AZRTOS-WL_V2.0.0, X-CUBE-BLE1_V7.1.0, X-CUBE-BLE2_V3.3.0, X-CUBE-BLEMGR_V4.0.0, X-CUBE-EEPRMA1_V5.1.0, X-CUBE-FREERTOS_V1.3.1, X-CUBE-GNSS1_V6.0.0, X-CUBE-MEMS1_V11.3.0, X-CUBE-NFC4_V3.0.0, X-CUBE-NFC7_V2.0.0, X-CUBE-SFXS2LP1_V4.0.0, X-CUBE-SUBG2_V5.0.0, X-CUBE-TOF1_V3.4.3]
2025-07-08 12:37:47,130 [INFO] DbBoardsSqlite:226 - include board P-NUCLEO-WB55-NUCLEO as a kit item of type 'Nucleo-64'
2025-07-08 12:37:47,131 [INFO] DbBoardsSqlite:226 - include board P-NUCLEO-WB55-USBDONGLE as a kit item of type 'Nucleo USB Dongle'
2025-07-08 12:37:47,132 [INFO] DbBoardsSqlite:226 - include board STEVAL-IDP005V1 as a kit item of type 'Evaluation Board'
2025-07-08 12:37:47,132 [INFO] DbBoardsSqlite:226 - include board STEVAL-IDP005V2 as a kit item of type 'Evaluation Board'
2025-07-08 12:37:47,633 [INFO] ApiDb:240 - Found 895 in-development CPN: [B-G473E-ZEST1S, B-WB1M-WPAN1, B-WBA5M-WPAN, B-WL5M-SUBG1, NUCLEO-C031C6, NUCLEO-C051C8, NUCLEO-C071RB, NUCLEO-C092RC, NUCLEO-H503RB, NUCLEO-H533RE, NUCLEO-H563ZI, NUCLEO-H7S3L8, NUCLEO-N657X0-Q, NUCLEO-U031R8, NUCLEO-U083RC, NUCLEO-U385RG-Q, NUCLEO-U545RE-Q, NUCLEO-U5A5ZJ-Q, NUCLEO-WB05KZ, NUCLEO-WB07CC, NUCLEO-WB09KE, NUCLEO-WBA52CG, NUCLEO-WBA55CG, NUCLEO-WBA65RI, NUCLEO-WL33CC1, NUCLEO-WL33CC2, STEVAL-PROTEUS1, STEVAL-SMARTAG2, STEVAL-STWINBX1, STM320518-EVAL, STM32C0116-DK, STM32C011D6Y3TR, STM32C011D6Y6TR, STM32C011F4P3, STM32C011F4P6, STM32C011F4U3, STM32C011F4U6TR, STM32C011F6P3, STM32C011F6P6, STM32C011F6U3, STM32C011F6U6TR, STM32C011J4M3, STM32C011J4M6, STM32C011J6M3, STM32C011J6M6, STM32C0316-DK, STM32C031C4T3, STM32C031C4T6, STM32C031C4U3, STM32C031C4U6, STM32C031C6T3, STM32C031C6T6, STM32C031C6U3, STM32C031C6U6, STM32C031F4P3, STM32C031F4P6, STM32C031F6P3, STM32C031F6P6, STM32C031G4U3, STM32C031G4U6, STM32C031G6U3, STM32C031G6U6, STM32C031K4T3, STM32C031K4T6, STM32C031K4U3, STM32C031K4U6, STM32C031K6T3, STM32C031K6T6, STM32C031K6U3, STM32C031K6U6, STM32C051C6T6, STM32C051C6U6, STM32C051C8T6, STM32C051C8U6, STM32C051D8Y6TR, STM32C051F6P6, STM32C051F8P6, STM32C051G6U6, STM32C051G8U6, STM32C051K6T6, STM32C051K6U6, STM32C051K8T6, STM32C071C8T6, STM32C071C8T6N, STM32C071C8U6, STM32C071C8U6N, STM32C071CBT6, STM32C071CBT6N, STM32C071CBU6, STM32C071CBU6N, STM32C071F8P6, STM32C071F8P6N, STM32C071FBP6, STM32C071FBP6N, STM32C071FBY6TR, STM32C071G8U6, STM32C071G8U6N, STM32C071GBU6, STM32C071GBU6N, STM32C071K8T6, STM32C071K8T6N, STM32C071K8U6, STM32C071K8U6N, STM32C071KBT6, STM32C071KBT6N, STM32C071KBU6, STM32C071KBU6N, STM32C071R8T6, STM32C071R8T6N, STM32C071RBI6N, STM32C071RBT6, STM32C071RBT6N, STM32C091CBT6, STM32C091CBU6, STM32C091CCT6, STM32C091CCU6, STM32C091ECY6TR, STM32C091FBP6, STM32C091FCP6, STM32C091GBU6, STM32C091GCU6, STM32C091KBT6, STM32C091KBU6, STM32C091KCT6, STM32C091KCU6, STM32C091RBT6, STM32C091RCI6, STM32C091RCT6, STM32C092CBT6, STM32C092CBU6, STM32C092CCT6, STM32C092CCU6, STM32C092ECY6TR, STM32C092FBP6, STM32C092FCP6, STM32C092GBU6, STM32C092GCU6, STM32C092KBT6, STM32C092KBU6, STM32C092KCT6, STM32C092KCU6, STM32C092RBT6, STM32C092RCI6, STM32C092RCT6, STM32G071K8TXN, STM32G071K8UXN, STM32G081GBU6N, STM32G081KBT6N, STM32G081KBUXN, STM32G0B1CCT6N, STM32G0B1KCT6, STM32G0B1NEY6TR, STM32G0B1RCT6N, STM32G0C1CCT6, STM32G0C1CCT6N, STM32G0C1CCU6N, STM32G0C1CET6N, STM32G0C1CEU6N, STM32G0C1KCT6, STM32G0C1NEY6TR, STM32G0C1RCI6N, STM32G0C1RCT6N, STM32G0C1REI6N, STM32G0C1RET6N, STM32G0C1VCI6, STM32G0C1VEI6, STM32G411C6T3, STM32G411C6T6, STM32G411C6U3, STM32G411C6U6, STM32G411C8T3, STM32G411C8T6, STM32G411C8U3, STM32G411C8U6, STM32G411CBT3, STM32G411CBT6, STM32G411CBU3, STM32G411CBU6, STM32G411CCT3, STM32G411CCT6, STM32G411CCU3, STM32G411CCU6, STM32G411K6T3, STM32G411K6T6, STM32G411K6U3, STM32G411K6U6, STM32G411K8T3, STM32G411K8T6, STM32G411K8U3, STM32G411K8U6, STM32G411KBT3, STM32G411KBT6, STM32G411KBU3, STM32G411KBU6, STM32G411M6T3, STM32G411M6T6, STM32G411M8T3, STM32G411M8T6, STM32G411MBT3, STM32G411MBT6, STM32G411MCT3, STM32G411MCT6, STM32G411R6T3, STM32G411R6T6, STM32G411R8T3, STM32G411R8T6, STM32G411RBT3, STM32G411RBT6, STM32G411RCT3, STM32G411RCT6, STM32G414CBT3, STM32G414CBT6, STM32G414CBU3, STM32G414CBU6, STM32G414CCT3, STM32G414CCT6, STM32G414CCU3, STM32G414CCU6, STM32G414MBT3, STM32G414MBT6, STM32G414MCT3, STM32G414MCT6, STM32G414RBT3, STM32G414RBT6, STM32G414RCT3, STM32G414RCT6, STM32G414VBT3, STM32G414VBT6, STM32G414VCT3, STM32G414VCT6, STM32G431CBT3Z, STM32G431RBT3Z, STM32G471CCT6, STM32G471CCU6, STM32G471CET3, STM32G471CET6, STM32G471CEU3, STM32G471CEU6, STM32G471MCT6, STM32G471MET3, STM32G471MET6, STM32G471MEY6TR, STM32G471QCT6, STM32G471QET3, STM32G471RCT6, STM32G471RET3, STM32G471RET6, STM32G471VCH6, STM32G471VCI6, STM32G471VCT6, STM32G471VEH3, STM32G471VEH6, STM32G471VEI3, STM32G471VEI6, STM32G471VET3, STM32G471VET6, STM32G473QET3Z, STM32G473RET3Z, STM32G474CCT6, STM32G491RET3Z, STM32H503CBT6, STM32H503CBU6, STM32H503EBY6TR, STM32H503KBU6, STM32H503RBT6, STM32H523CCT6, STM32H523CCU6, STM32H523CET6, STM32H523CEU6, STM32H523HEY6TR, STM32H523RCT6, STM32H523RET6, STM32H523VCI6, STM32H523VCT6, STM32H523VEI6, STM32H523VET6, STM32H523ZCJ6, STM32H523ZCT6, STM32H523ZEJ6, STM32H523ZET6, STM32H533CET6, STM32H533CEU6, STM32H533HEY6TR, STM32H533RET6, STM32H533VEI6, STM32H533VET6, STM32H533ZEJ6, STM32H533ZET6, STM32H562AGI6, STM32H562AII6, STM32H562IGK6, STM32H562IGT6, STM32H562IIK6, STM32H562IIT6, STM32H562RGT6, STM32H562RGV6, STM32H562RIT6, STM32H562RIV6, STM32H562VGT6, STM32H562VIT6, STM32H562ZGT6, STM32H562ZIT6, STM32H563AGI6, STM32H563AII3Q, STM32H563AII6, STM32H563IGK6, STM32H563IGT6, STM32H563IIK3Q, STM32H563IIK6, STM32H563IIT3Q, STM32H563IIT6, STM32H563MIY3QTR, STM32H563RGT6, STM32H563RGV6, STM32H563RIT6, STM32H563RIV6, STM32H563VGT6, STM32H563VIT3Q, STM32H563VIT6, STM32H563ZGT6, STM32H563ZIT3Q, STM32H563ZIT6, STM32H573AII3Q, STM32H573AII6, STM32H573I-DK, STM32H573IIK3Q, STM32H573IIK6, STM32H573IIT3Q, STM32H573IIT6, STM32H573MIY3QTR, STM32H573RIT6, STM32H573RIV6, STM32H573VIT3Q, STM32H573VIT6, STM32H573ZIT3Q, STM32H573ZIT6, STM32H7R3A8I6, STM32H7R3I8K6, STM32H7R3I8T6, STM32H7R3L8H6, STM32H7R3L8H6H, STM32H7R3R8V6, STM32H7R3V8H6, STM32H7R3V8T6, STM32H7R3V8Y6TR, STM32H7R3Z8J6, STM32H7R3Z8T6, STM32H7R7A8I6, STM32H7R7I8K6, STM32H7R7I8T6, STM32H7R7L8H6, STM32H7R7L8H6H, STM32H7R7Z8J6, STM32H7S3A8I6, STM32H7S3I8K6, STM32H7S3I8T6, STM32H7S3L8H6, STM32H7S3L8H6H, STM32H7S3R8V6, STM32H7S3V8H6, STM32H7S3V8T6, STM32H7S3V8Y6TR, STM32H7S3Z8J6, STM32H7S3Z8T6, STM32H7S78-DK, STM32H7S7A8I6, STM32H7S7I8K6, STM32H7S7I8T6, STM32H7S7L8H6, STM32H7S7L8H6H, STM32H7S7Z8J6, STM32L4R5QGI6STR, STM32MP131AAE3, STM32MP131AAF3, STM32MP131AAG3, STM32MP131CAE3, STM32MP131CAF3, STM32MP131CAG3, STM32MP131DAE7, STM32MP131DAF7, STM32MP131DAG7, STM32MP131FAE7, STM32MP131FAF7, STM32MP131FAG7, STM32MP133AAE3, STM32MP133AAF3, STM32MP133AAG3, STM32MP133CAE3, STM32MP133CAF3, STM32MP133CAG3, STM32MP133DAE7, STM32MP133DAF7, STM32MP133DAG7, STM32MP133FAE7, STM32MP133FAF7, STM32MP133FAG7, STM32MP135AAE3, STM32MP135AAF3, STM32MP135AAG3, STM32MP135CAE3, STM32MP135CAF3, STM32MP135CAG3, STM32MP135DAE7, STM32MP135DAF7, STM32MP135DAG7, STM32MP135F-DK, STM32MP135FAE7, STM32MP135FAF7, STM32MP135FAF7T, STM32MP135FAF7U, STM32MP135FAG7, STM32MP231AAJ3, STM32MP231AAK3, STM32MP231AAL3, STM32MP231CAJ3, STM32MP231CAK3, STM32MP231CAL3, STM32MP231DAJ3, STM32MP231DAK3, STM32MP231DAL3, STM32MP231FAJ3, STM32MP231FAK3, STM32MP231FAL3, STM32MP233AAJ3, STM32MP233AAK3, STM32MP233AAL3, STM32MP233CAJ3, STM32MP233CAK3, STM32MP233CAL3, STM32MP233DAJ3, STM32MP233DAK3, STM32MP233DAL3, STM32MP233FAJ3, STM32MP233FAK3, STM32MP233FAL3, STM32MP235AAJ3, STM32MP235AAK3, STM32MP235AAL3, STM32MP235CAJ3, STM32MP235CAK3, STM32MP235CAL3, STM32MP235DAJ3, STM32MP235DAK3, STM32MP235DAL3, STM32MP235FAJ3, STM32MP235FAK3, STM32MP235FAL3, STM32MP251AAI3, STM32MP251AAJ3, STM32MP251AAK3, STM32MP251AAL3, STM32MP251CAI3, STM32MP251CAJ3, STM32MP251CAK3, STM32MP251CAL3, STM32MP251DAI3, STM32MP251DAJ3, STM32MP251DAK3, STM32MP251DAL3, STM32MP251FAI3, STM32MP251FAJ3, STM32MP251FAK3, STM32MP251FAL3, STM32MP253AAI3, STM32MP253AAJ3, STM32MP253AAK3, STM32MP253AAL3, STM32MP253CAI3, STM32MP253CAJ3, STM32MP253CAK3, STM32MP253CAL3, STM32MP253DAI3, STM32MP253DAJ3, STM32MP253DAK3, STM32MP253DAL3, STM32MP253FAI3, STM32MP253FAJ3, STM32MP253FAK3, STM32MP253FAL3, STM32MP255AAI3, STM32MP255AAJ3, STM32MP255AAK3, STM32MP255AAL3, STM32MP255CAI3, STM32MP255CAJ3, STM32MP255CAK3, STM32MP255CAL3, STM32MP255DAI3, STM32MP255DAJ3, STM32MP255DAK3, STM32MP255DAL3, STM32MP255FAI3, STM32MP255FAJ3, STM32MP255FAK3, STM32MP255FAL3, STM32MP257AAI3, STM32MP257AAJ3, STM32MP257AAK3, STM32MP257AAL3, STM32MP257CAI3, STM32MP257CAJ3, STM32MP257CAK3, STM32MP257CAL3, STM32MP257DAI3, STM32MP257DAJ3, STM32MP257DAK3, STM32MP257DAL3, STM32MP257F-DK, STM32MP257F-EV1, STM32MP257FAI3, STM32MP257FAJ3, STM32MP257FAK3, STM32MP257FAL3, STM32N645A0H3Q, STM32N645B0H3Q, STM32N645I0H3Q, STM32N645L0H3Q, STM32N645X0H3Q, STM32N645Z0H3Q, STM32N647A0H3Q, STM32N647B0H3Q, STM32N647I0H3Q, STM32N647L0H3Q, STM32N647X0H3Q, STM32N647Z0H3Q, STM32N655A0H3Q, STM32N655B0H3Q, STM32N655I0H3Q, STM32N655L0H3Q, STM32N655X0H3Q, STM32N655Z0H3Q, STM32N6570-DK, STM32N657A0H3Q, STM32N657B0H3Q, STM32N657I0H3Q, STM32N657L0H3Q, STM32N657X0H3Q, STM32N657Z0H3Q, STM32U031C6T6, STM32U031C6U6, STM32U031C8T6, STM32U031C8U6, STM32U031F4P6, STM32U031F6P6, STM32U031F8P6, STM32U031G6Y6TR, STM32U031G8Y6TR, STM32U031K4U6, STM32U031K6U6, STM32U031K8U6, STM32U031R6I6, STM32U031R6T6, STM32U031R8I6, STM32U031R8T6, STM32U073C8T6, STM32U073C8U6, STM32U073CBT6, STM32U073CBU6, STM32U073CCT6, STM32U073CCU6, STM32U073H8Y6TR, STM32U073HBY6TR, STM32U073HCY6TR, STM32U073K8U6, STM32U073KBU6, STM32U073KCU6, STM32U073M8I6, STM32U073M8T6, STM32U073MBI6, STM32U073MBT6, STM32U073MCI6, STM32U073MCT6, STM32U073R8I6, STM32U073R8T6, STM32U073RBI6, STM32U073RBT6, STM32U073RCI6, STM32U073RCT6, STM32U083C-DK, STM32U083CCT6, STM32U083CCU6, STM32U083HCY6TR, STM32U083KCU6, STM32U083MCI6, STM32U083MCT6, STM32U083RCI6, STM32U083RCT6, STM32U375CET6, STM32U375CET6Q, STM32U375CEU6, STM32U375CEU6Q, STM32U375CEY6QTR, STM32U375CGT6, STM32U375CGT6Q, STM32U375CGU6, STM32U375CGU6Q, STM32U375CGY6QTR, STM32U375KEU6, STM32U375KGU6, STM32U375REI6, STM32U375REI6Q, STM32U375RET6, STM32U375RET6Q, STM32U375REY6GTR, STM32U375REY6QTR, STM32U375RGI6, STM32U375RGI6Q, STM32U375RGT6, STM32U375RGT6Q, STM32U375RGY6GTR, STM32U375RGY6QTR, STM32U375VEI6, STM32U375VEI6Q, STM32U375VET6, STM32U375VET6Q, STM32U375VGI6, STM32U375VGI6Q, STM32U375VGT6, STM32U375VGT6Q, STM32U385CGT6, STM32U385CGT6Q, STM32U385CGU6, STM32U385CGU6Q, STM32U385CGY6QTR, STM32U385KGU6, STM32U385RGI6, STM32U385RGI6Q, STM32U385RGT6, STM32U385RGT6Q, STM32U385RGY6GTR, STM32U385RGY6QTR, STM32U385VGI6, STM32U385VGI6Q, STM32U385VGT6, STM32U385VGT6Q, STM32U535CBT6, STM32U535CBT6Q, STM32U535CBU6, STM32U535CBU6Q, STM32U535CCT6, STM32U535CCT6Q, STM32U535CCU6, STM32U535CCU6Q, STM32U535CET6, STM32U535CET6Q, STM32U535CEU6, STM32U535CEU6Q, STM32U535JEY6QTR, STM32U535NCY6QTR, STM32U535NEY6QTR, STM32U535RBI6, STM32U535RBI6Q, STM32U535RBT6, STM32U535RBT6Q, STM32U535RCI6, STM32U535RCI6Q, STM32U535RCT6, STM32U535RCT6Q, STM32U535REI6, STM32U535REI6Q, STM32U535RET6, STM32U535RET6Q, STM32U535VCI6, STM32U535VCI6Q, STM32U535VCT6, STM32U535VCT6Q, STM32U535VEI6, STM32U535VEI6Q, STM32U535VET6, STM32U535VET6Q, STM32U545CET6, STM32U545CET6Q, STM32U545CEU6, STM32U545CEU6Q, STM32U545JEY6QTR, STM32U545NEY6QTR, STM32U545REI6, STM32U545REI6Q, STM32U545RET6, STM32U545RET6Q, STM32U545VEI6, STM32U545VEI6Q, STM32U545VET6, STM32U545VET6Q, STM32U595AIH6, STM32U595AIH6Q, STM32U595AJH6, STM32U595AJH6Q, STM32U595QII6, STM32U595QII6Q, STM32U595QJI6, STM32U595QJI6Q, STM32U595RIT6, STM32U595RIT6Q, STM32U595RJT6, STM32U595RJT6Q, STM32U595VIT6, STM32U595VIT6Q, STM32U595VJT6, STM32U595VJT6Q, STM32U595ZIT6, STM32U595ZIT6Q, STM32U595ZIY6QTR, STM32U595ZJT6, STM32U595ZJT6Q, STM32U595ZJY6QTR, STM32U599BJY6QTR, STM32U599NIH6Q, STM32U599NJH6Q, STM32U599VIT6Q, STM32U599VJT6, STM32U599VJT6Q, STM32U599ZIT6Q, STM32U599ZIY6QTR, STM32U599ZJT6Q, STM32U599ZJY6QTR, STM32U5A5AJH6, STM32U5A5AJH6Q, STM32U5A5QII3Q , STM32U5A5QJI6, STM32U5A5QJI6Q, STM32U5A5RJT6, STM32U5A5RJT6Q, STM32U5A5VJT6, STM32U5A5VJT6Q, STM32U5A5ZJT6, STM32U5A5ZJT6Q, STM32U5A5ZJY6QTR, STM32U5A9BJY6QTR, STM32U5A9J-DK, STM32U5A9NJH6Q, STM32U5A9VJT6Q, STM32U5A9ZJT6Q, STM32U5A9ZJY6QTR, STM32U5F7VIT6, STM32U5F7VIT6Q, STM32U5F7VJT6, STM32U5F7VJT6Q, STM32U5F9BJY6QTR, STM32U5F9NJH6Q, STM32U5F9VIT6Q, STM32U5F9VJT6Q, STM32U5F9ZIJ6QTR, STM32U5F9ZIT6Q, STM32U5F9ZJJ6QTR, STM32U5F9ZJT6Q, STM32U5G7VJT6, STM32U5G7VJT6Q, STM32U5G9BJY6QTR, STM32U5G9J-DK1, STM32U5G9J-DK2, STM32U5G9NJH6Q, STM32U5G9VJT6Q, STM32U5G9ZJJ6QTR, STM32U5G9ZJT6Q, STM32WB05KZV6TR, STM32WB05KZV7TR, STM32WB05TZF6TR, STM32WB05TZF7TR, STM32WB06CCF6TR, STM32WB06CCF7TR, STM32WB06CCV6TR, STM32WB06CCV7TR, STM32WB06KCV6TR, STM32WB06KCV7TR, STM32WB07CCF6TR, STM32WB07CCF7TR, STM32WB07CCV6TR, STM32WB07CCV7TR, STM32WB07KCV6TR, STM32WB07KCV7TR, STM32WB09KEV6TR, STM32WB09KEV7TR, STM32WB09TEF6TR, STM32WB09TEF7TR, STM32WB1MMCH6, STM32WBA50KGU6, STM32WBA50KGU6TR, STM32WBA52CEU6, STM32WBA52CEU6TR, STM32WBA52CEU7, STM32WBA52CEU7TR, STM32WBA52CGU6, STM32WBA52CGU6TR, STM32WBA52CGU6U, STM32WBA52CGU7, STM32WBA52CGU7TR, STM32WBA52KEU6, STM32WBA52KEU6TR, STM32WBA52KGU6, STM32WBA52KGU6TR, STM32WBA54CEU6, STM32WBA54CEU6TR, STM32WBA54CEU7, STM32WBA54CEU7TR, STM32WBA54CGU6, STM32WBA54CGU6TR, STM32WBA54CGU7, STM32WBA54CGU7TR, STM32WBA54KEU6, STM32WBA54KEU6TR, STM32WBA54KEU7, STM32WBA54KEU7TR, STM32WBA54KGU6, STM32WBA54KGU6TR, STM32WBA54KGU7, STM32WBA54KGU7TR, STM32WBA55CEU6, STM32WBA55CEU6TR, STM32WBA55CEU7, STM32WBA55CEU7TR, STM32WBA55CGU6, STM32WBA55CGU6TR, STM32WBA55CGU6U, STM32WBA55CGU7, STM32WBA55CGU7TR, STM32WBA55G-DK1, STM32WBA55HEF6, STM32WBA55HEF7, STM32WBA55HGF6, STM32WBA55HGF7, STM32WBA55UEI6, STM32WBA55UEI6TR, STM32WBA55UEI7, STM32WBA55UEI7TR, STM32WBA55UGI6, STM32WBA55UGI6TR, STM32WBA55UGI7, STM32WBA55UGI7TR, STM32WBA5MJGH6TR, STM32WBA62CGU6, STM32WBA62CIU6, STM32WBA62MGF6, STM32WBA62MIF6, STM32WBA62PGI6, STM32WBA62PII6, STM32WBA63CGU6, STM32WBA63CGU7, STM32WBA63CIU6, STM32WBA63CIU7, STM32WBA64CGU6, STM32WBA64CGU7, STM32WBA64CIU6, STM32WBA64CIU7, STM32WBA65CGU6, STM32WBA65CGU7, STM32WBA65CIU6, STM32WBA65CIU7, STM32WBA65I-DK1, STM32WBA65MGF6, STM32WBA65MGF7, STM32WBA65MIF6, STM32WBA65MIF7, STM32WBA65PGI6, STM32WBA65PGI7, STM32WBA65PII6, STM32WBA65PII7, STM32WBA65RGV6, STM32WBA65RGV7, STM32WBA65RIV6, STM32WBA65RIV7, STM32WL30K8V6, STM32WL30KBV6, STM32WL31C8V6, STM32WL31CBV6, STM32WL31K8V6, STM32WL31KBV6, STM32WL33C8V6, STM32WL33C8V6TR, STM32WL33C8V7, STM32WL33C8V7TR, STM32WL33CBV6, STM32WL33CBV6TR, STM32WL33CBV7, STM32WL33CBV7TR, STM32WL33CCV6, STM32WL33CCV6TR, STM32WL33CCV7, STM32WL33CCV7A, STM32WL33CCV7ATR, STM32WL33CCV7TR, STM32WL33K8V6, STM32WL33K8V6TR, STM32WL33K8V7, STM32WL33K8V7TR, STM32WL33KBV6, STM32WL33KBV6TR, STM32WL33KBV7, STM32WL33KBV7TR, STM32WL33KCV6, STM32WL33KCV6TR, STM32WL33KCV7, STM32WL33KCV7TR, STM32WL5MOCH6, STM32WL5MOCH6TR]
2025-07-08 12:37:47,923 [INFO] BoardInfo:889 - No configuration file found for board P-NUCLEO-WB55
2025-07-08 12:37:47,925 [INFO] DbBoards:161 - Kit is not supported: P-NUCLEO-WB55
2025-07-08 12:37:47,934 [INFO] BoardInfo:889 - No configuration file found for board STEVAL-BFA001V1B
2025-07-08 12:37:47,936 [INFO] DbBoards:161 - Kit is not supported: STEVAL-BFA001V1B
2025-07-08 12:37:47,939 [INFO] BoardInfo:889 - No configuration file found for board STEVAL-BFA001V2B
2025-07-08 12:37:47,940 [INFO] DbBoards:161 - Kit is not supported: STEVAL-BFA001V2B
2025-07-08 12:37:48,227 [INFO] DbBoards:168 - Found 211 boards, 208 are supported
2025-07-08 12:37:48,227 [INFO] DbBoards:169 - Found 211 boards, 43 of them is supported for  Bsp
2025-07-08 12:37:48,237 [INFO] ApiDb:668 - CubeFinder database Data Model version=2.1
2025-07-08 12:37:48,237 [INFO] ApiDb:669 - CubeFinder database Configuration version=3.0.39
2025-07-08 12:37:48,238 [INFO] ApiDb:670 - CubeFinder database generation date=2025-06-16 (1750072209)
2025-07-08 12:37:48,238 [INFO] ApiDb:671 - CubeFinder database FW Pack versions=[FP-ATR-ASTRA1_V2.0.0, FP-SNS-FLIGHT1_V5.1.0, FP-SNS-MOTENV1_V5.0.0, FP-SNS-MOTENVWB1_V1.4.0, FP-SNS-SMARTAG2_V1.2.0, FP-SNS-STBOX1_V2.0.0, STM32Cube_FW_C0_V1.4.0, STM32Cube_FW_F4_V1.28.2, STM32Cube_FW_F7_V1.17.3, STM32Cube_FW_G0_V1.6.2, STM32Cube_FW_G4_V1.6.1, STM32Cube_FW_H5_V1.5.0, STM32Cube_FW_H7RS_V1.2.0, STM32Cube_FW_H7_V1.12.1, STM32Cube_FW_L0_V1.12.2, STM32Cube_FW_L4_V1.18.1, STM32Cube_FW_L5_V1.5.1, STM32Cube_FW_N6_V1.1.1, STM32Cube_FW_U0_V1.2.0, STM32Cube_FW_U3_V1.1.0, STM32Cube_FW_U5_V1.7.0, STM32Cube_FW_WB0_V1.2.0, STM32Cube_FW_WBA_V1.6.0, STM32Cube_FW_WB_V1.22.0, STM32Cube_FW_WL3_V1.1.0, STM32Cube_FW_WL_V1.3.1, X-CUBE-ALGOBUILD_V1.4.0, X-CUBE-ALS_V1.0.2, X-CUBE-AZRTOS-F4_V1.1.0, X-CUBE-AZRTOS-F7_V1.1.0, X-CUBE-AZRTOS-G0_V1.1.0, X-CUBE-AZRTOS-G4_V2.0.0, X-CUBE-AZRTOS-H7RS_V1.1.0, X-CUBE-AZRTOS-H7_V3.3.0, X-CUBE-AZRTOS-L4_V2.0.0, X-CUBE-AZRTOS-L5_V2.0.0, X-CUBE-AZRTOS-WB_V2.0.0, X-CUBE-AZRTOS-WL_V2.0.0, X-CUBE-BLE1_V7.1.0, X-CUBE-BLE2_V3.3.0, X-CUBE-BLEMGR_V4.0.0, X-CUBE-EEPRMA1_V5.1.0, X-CUBE-FREERTOS_V1.3.1, X-CUBE-GNSS1_V6.0.0, X-CUBE-MEMS1_V11.3.0, X-CUBE-NFC4_V3.0.0, X-CUBE-NFC7_V2.0.0, X-CUBE-SFXS2LP1_V4.0.0, X-CUBE-SUBG2_V5.0.0, X-CUBE-TOF1_V3.4.3]
2025-07-08 12:37:50,371 [INFO] ApiDb:240 - Found 895 in-development CPN: [B-G473E-ZEST1S, B-WB1M-WPAN1, B-WBA5M-WPAN, B-WL5M-SUBG1, NUCLEO-C031C6, NUCLEO-C051C8, NUCLEO-C071RB, NUCLEO-C092RC, NUCLEO-H503RB, NUCLEO-H533RE, NUCLEO-H563ZI, NUCLEO-H7S3L8, NUCLEO-N657X0-Q, NUCLEO-U031R8, NUCLEO-U083RC, NUCLEO-U385RG-Q, NUCLEO-U545RE-Q, NUCLEO-U5A5ZJ-Q, NUCLEO-WB05KZ, NUCLEO-WB07CC, NUCLEO-WB09KE, NUCLEO-WBA52CG, NUCLEO-WBA55CG, NUCLEO-WBA65RI, NUCLEO-WL33CC1, NUCLEO-WL33CC2, STEVAL-PROTEUS1, STEVAL-SMARTAG2, STEVAL-STWINBX1, STM320518-EVAL, STM32C0116-DK, STM32C011D6Y3TR, STM32C011D6Y6TR, STM32C011F4P3, STM32C011F4P6, STM32C011F4U3, STM32C011F4U6TR, STM32C011F6P3, STM32C011F6P6, STM32C011F6U3, STM32C011F6U6TR, STM32C011J4M3, STM32C011J4M6, STM32C011J6M3, STM32C011J6M6, STM32C0316-DK, STM32C031C4T3, STM32C031C4T6, STM32C031C4U3, STM32C031C4U6, STM32C031C6T3, STM32C031C6T6, STM32C031C6U3, STM32C031C6U6, STM32C031F4P3, STM32C031F4P6, STM32C031F6P3, STM32C031F6P6, STM32C031G4U3, STM32C031G4U6, STM32C031G6U3, STM32C031G6U6, STM32C031K4T3, STM32C031K4T6, STM32C031K4U3, STM32C031K4U6, STM32C031K6T3, STM32C031K6T6, STM32C031K6U3, STM32C031K6U6, STM32C051C6T6, STM32C051C6U6, STM32C051C8T6, STM32C051C8U6, STM32C051D8Y6TR, STM32C051F6P6, STM32C051F8P6, STM32C051G6U6, STM32C051G8U6, STM32C051K6T6, STM32C051K6U6, STM32C051K8T6, STM32C071C8T6, STM32C071C8T6N, STM32C071C8U6, STM32C071C8U6N, STM32C071CBT6, STM32C071CBT6N, STM32C071CBU6, STM32C071CBU6N, STM32C071F8P6, STM32C071F8P6N, STM32C071FBP6, STM32C071FBP6N, STM32C071FBY6TR, STM32C071G8U6, STM32C071G8U6N, STM32C071GBU6, STM32C071GBU6N, STM32C071K8T6, STM32C071K8T6N, STM32C071K8U6, STM32C071K8U6N, STM32C071KBT6, STM32C071KBT6N, STM32C071KBU6, STM32C071KBU6N, STM32C071R8T6, STM32C071R8T6N, STM32C071RBI6N, STM32C071RBT6, STM32C071RBT6N, STM32C091CBT6, STM32C091CBU6, STM32C091CCT6, STM32C091CCU6, STM32C091ECY6TR, STM32C091FBP6, STM32C091FCP6, STM32C091GBU6, STM32C091GCU6, STM32C091KBT6, STM32C091KBU6, STM32C091KCT6, STM32C091KCU6, STM32C091RBT6, STM32C091RCI6, STM32C091RCT6, STM32C092CBT6, STM32C092CBU6, STM32C092CCT6, STM32C092CCU6, STM32C092ECY6TR, STM32C092FBP6, STM32C092FCP6, STM32C092GBU6, STM32C092GCU6, STM32C092KBT6, STM32C092KBU6, STM32C092KCT6, STM32C092KCU6, STM32C092RBT6, STM32C092RCI6, STM32C092RCT6, STM32G071K8TXN, STM32G071K8UXN, STM32G081GBU6N, STM32G081KBT6N, STM32G081KBUXN, STM32G0B1CCT6N, STM32G0B1KCT6, STM32G0B1NEY6TR, STM32G0B1RCT6N, STM32G0C1CCT6, STM32G0C1CCT6N, STM32G0C1CCU6N, STM32G0C1CET6N, STM32G0C1CEU6N, STM32G0C1KCT6, STM32G0C1NEY6TR, STM32G0C1RCI6N, STM32G0C1RCT6N, STM32G0C1REI6N, STM32G0C1RET6N, STM32G0C1VCI6, STM32G0C1VEI6, STM32G411C6T3, STM32G411C6T6, STM32G411C6U3, STM32G411C6U6, STM32G411C8T3, STM32G411C8T6, STM32G411C8U3, STM32G411C8U6, STM32G411CBT3, STM32G411CBT6, STM32G411CBU3, STM32G411CBU6, STM32G411CCT3, STM32G411CCT6, STM32G411CCU3, STM32G411CCU6, STM32G411K6T3, STM32G411K6T6, STM32G411K6U3, STM32G411K6U6, STM32G411K8T3, STM32G411K8T6, STM32G411K8U3, STM32G411K8U6, STM32G411KBT3, STM32G411KBT6, STM32G411KBU3, STM32G411KBU6, STM32G411M6T3, STM32G411M6T6, STM32G411M8T3, STM32G411M8T6, STM32G411MBT3, STM32G411MBT6, STM32G411MCT3, STM32G411MCT6, STM32G411R6T3, STM32G411R6T6, STM32G411R8T3, STM32G411R8T6, STM32G411RBT3, STM32G411RBT6, STM32G411RCT3, STM32G411RCT6, STM32G414CBT3, STM32G414CBT6, STM32G414CBU3, STM32G414CBU6, STM32G414CCT3, STM32G414CCT6, STM32G414CCU3, STM32G414CCU6, STM32G414MBT3, STM32G414MBT6, STM32G414MCT3, STM32G414MCT6, STM32G414RBT3, STM32G414RBT6, STM32G414RCT3, STM32G414RCT6, STM32G414VBT3, STM32G414VBT6, STM32G414VCT3, STM32G414VCT6, STM32G431CBT3Z, STM32G431RBT3Z, STM32G471CCT6, STM32G471CCU6, STM32G471CET3, STM32G471CET6, STM32G471CEU3, STM32G471CEU6, STM32G471MCT6, STM32G471MET3, STM32G471MET6, STM32G471MEY6TR, STM32G471QCT6, STM32G471QET3, STM32G471RCT6, STM32G471RET3, STM32G471RET6, STM32G471VCH6, STM32G471VCI6, STM32G471VCT6, STM32G471VEH3, STM32G471VEH6, STM32G471VEI3, STM32G471VEI6, STM32G471VET3, STM32G471VET6, STM32G473QET3Z, STM32G473RET3Z, STM32G474CCT6, STM32G491RET3Z, STM32H503CBT6, STM32H503CBU6, STM32H503EBY6TR, STM32H503KBU6, STM32H503RBT6, STM32H523CCT6, STM32H523CCU6, STM32H523CET6, STM32H523CEU6, STM32H523HEY6TR, STM32H523RCT6, STM32H523RET6, STM32H523VCI6, STM32H523VCT6, STM32H523VEI6, STM32H523VET6, STM32H523ZCJ6, STM32H523ZCT6, STM32H523ZEJ6, STM32H523ZET6, STM32H533CET6, STM32H533CEU6, STM32H533HEY6TR, STM32H533RET6, STM32H533VEI6, STM32H533VET6, STM32H533ZEJ6, STM32H533ZET6, STM32H562AGI6, STM32H562AII6, STM32H562IGK6, STM32H562IGT6, STM32H562IIK6, STM32H562IIT6, STM32H562RGT6, STM32H562RGV6, STM32H562RIT6, STM32H562RIV6, STM32H562VGT6, STM32H562VIT6, STM32H562ZGT6, STM32H562ZIT6, STM32H563AGI6, STM32H563AII3Q, STM32H563AII6, STM32H563IGK6, STM32H563IGT6, STM32H563IIK3Q, STM32H563IIK6, STM32H563IIT3Q, STM32H563IIT6, STM32H563MIY3QTR, STM32H563RGT6, STM32H563RGV6, STM32H563RIT6, STM32H563RIV6, STM32H563VGT6, STM32H563VIT3Q, STM32H563VIT6, STM32H563ZGT6, STM32H563ZIT3Q, STM32H563ZIT6, STM32H573AII3Q, STM32H573AII6, STM32H573I-DK, STM32H573IIK3Q, STM32H573IIK6, STM32H573IIT3Q, STM32H573IIT6, STM32H573MIY3QTR, STM32H573RIT6, STM32H573RIV6, STM32H573VIT3Q, STM32H573VIT6, STM32H573ZIT3Q, STM32H573ZIT6, STM32H7R3A8I6, STM32H7R3I8K6, STM32H7R3I8T6, STM32H7R3L8H6, STM32H7R3L8H6H, STM32H7R3R8V6, STM32H7R3V8H6, STM32H7R3V8T6, STM32H7R3V8Y6TR, STM32H7R3Z8J6, STM32H7R3Z8T6, STM32H7R7A8I6, STM32H7R7I8K6, STM32H7R7I8T6, STM32H7R7L8H6, STM32H7R7L8H6H, STM32H7R7Z8J6, STM32H7S3A8I6, STM32H7S3I8K6, STM32H7S3I8T6, STM32H7S3L8H6, STM32H7S3L8H6H, STM32H7S3R8V6, STM32H7S3V8H6, STM32H7S3V8T6, STM32H7S3V8Y6TR, STM32H7S3Z8J6, STM32H7S3Z8T6, STM32H7S78-DK, STM32H7S7A8I6, STM32H7S7I8K6, STM32H7S7I8T6, STM32H7S7L8H6, STM32H7S7L8H6H, STM32H7S7Z8J6, STM32L4R5QGI6STR, STM32MP131AAE3, STM32MP131AAF3, STM32MP131AAG3, STM32MP131CAE3, STM32MP131CAF3, STM32MP131CAG3, STM32MP131DAE7, STM32MP131DAF7, STM32MP131DAG7, STM32MP131FAE7, STM32MP131FAF7, STM32MP131FAG7, STM32MP133AAE3, STM32MP133AAF3, STM32MP133AAG3, STM32MP133CAE3, STM32MP133CAF3, STM32MP133CAG3, STM32MP133DAE7, STM32MP133DAF7, STM32MP133DAG7, STM32MP133FAE7, STM32MP133FAF7, STM32MP133FAG7, STM32MP135AAE3, STM32MP135AAF3, STM32MP135AAG3, STM32MP135CAE3, STM32MP135CAF3, STM32MP135CAG3, STM32MP135DAE7, STM32MP135DAF7, STM32MP135DAG7, STM32MP135F-DK, STM32MP135FAE7, STM32MP135FAF7, STM32MP135FAF7T, STM32MP135FAF7U, STM32MP135FAG7, STM32MP231AAJ3, STM32MP231AAK3, STM32MP231AAL3, STM32MP231CAJ3, STM32MP231CAK3, STM32MP231CAL3, STM32MP231DAJ3, STM32MP231DAK3, STM32MP231DAL3, STM32MP231FAJ3, STM32MP231FAK3, STM32MP231FAL3, STM32MP233AAJ3, STM32MP233AAK3, STM32MP233AAL3, STM32MP233CAJ3, STM32MP233CAK3, STM32MP233CAL3, STM32MP233DAJ3, STM32MP233DAK3, STM32MP233DAL3, STM32MP233FAJ3, STM32MP233FAK3, STM32MP233FAL3, STM32MP235AAJ3, STM32MP235AAK3, STM32MP235AAL3, STM32MP235CAJ3, STM32MP235CAK3, STM32MP235CAL3, STM32MP235DAJ3, STM32MP235DAK3, STM32MP235DAL3, STM32MP235FAJ3, STM32MP235FAK3, STM32MP235FAL3, STM32MP251AAI3, STM32MP251AAJ3, STM32MP251AAK3, STM32MP251AAL3, STM32MP251CAI3, STM32MP251CAJ3, STM32MP251CAK3, STM32MP251CAL3, STM32MP251DAI3, STM32MP251DAJ3, STM32MP251DAK3, STM32MP251DAL3, STM32MP251FAI3, STM32MP251FAJ3, STM32MP251FAK3, STM32MP251FAL3, STM32MP253AAI3, STM32MP253AAJ3, STM32MP253AAK3, STM32MP253AAL3, STM32MP253CAI3, STM32MP253CAJ3, STM32MP253CAK3, STM32MP253CAL3, STM32MP253DAI3, STM32MP253DAJ3, STM32MP253DAK3, STM32MP253DAL3, STM32MP253FAI3, STM32MP253FAJ3, STM32MP253FAK3, STM32MP253FAL3, STM32MP255AAI3, STM32MP255AAJ3, STM32MP255AAK3, STM32MP255AAL3, STM32MP255CAI3, STM32MP255CAJ3, STM32MP255CAK3, STM32MP255CAL3, STM32MP255DAI3, STM32MP255DAJ3, STM32MP255DAK3, STM32MP255DAL3, STM32MP255FAI3, STM32MP255FAJ3, STM32MP255FAK3, STM32MP255FAL3, STM32MP257AAI3, STM32MP257AAJ3, STM32MP257AAK3, STM32MP257AAL3, STM32MP257CAI3, STM32MP257CAJ3, STM32MP257CAK3, STM32MP257CAL3, STM32MP257DAI3, STM32MP257DAJ3, STM32MP257DAK3, STM32MP257DAL3, STM32MP257F-DK, STM32MP257F-EV1, STM32MP257FAI3, STM32MP257FAJ3, STM32MP257FAK3, STM32MP257FAL3, STM32N645A0H3Q, STM32N645B0H3Q, STM32N645I0H3Q, STM32N645L0H3Q, STM32N645X0H3Q, STM32N645Z0H3Q, STM32N647A0H3Q, STM32N647B0H3Q, STM32N647I0H3Q, STM32N647L0H3Q, STM32N647X0H3Q, STM32N647Z0H3Q, STM32N655A0H3Q, STM32N655B0H3Q, STM32N655I0H3Q, STM32N655L0H3Q, STM32N655X0H3Q, STM32N655Z0H3Q, STM32N6570-DK, STM32N657A0H3Q, STM32N657B0H3Q, STM32N657I0H3Q, STM32N657L0H3Q, STM32N657X0H3Q, STM32N657Z0H3Q, STM32U031C6T6, STM32U031C6U6, STM32U031C8T6, STM32U031C8U6, STM32U031F4P6, STM32U031F6P6, STM32U031F8P6, STM32U031G6Y6TR, STM32U031G8Y6TR, STM32U031K4U6, STM32U031K6U6, STM32U031K8U6, STM32U031R6I6, STM32U031R6T6, STM32U031R8I6, STM32U031R8T6, STM32U073C8T6, STM32U073C8U6, STM32U073CBT6, STM32U073CBU6, STM32U073CCT6, STM32U073CCU6, STM32U073H8Y6TR, STM32U073HBY6TR, STM32U073HCY6TR, STM32U073K8U6, STM32U073KBU6, STM32U073KCU6, STM32U073M8I6, STM32U073M8T6, STM32U073MBI6, STM32U073MBT6, STM32U073MCI6, STM32U073MCT6, STM32U073R8I6, STM32U073R8T6, STM32U073RBI6, STM32U073RBT6, STM32U073RCI6, STM32U073RCT6, STM32U083C-DK, STM32U083CCT6, STM32U083CCU6, STM32U083HCY6TR, STM32U083KCU6, STM32U083MCI6, STM32U083MCT6, STM32U083RCI6, STM32U083RCT6, STM32U375CET6, STM32U375CET6Q, STM32U375CEU6, STM32U375CEU6Q, STM32U375CEY6QTR, STM32U375CGT6, STM32U375CGT6Q, STM32U375CGU6, STM32U375CGU6Q, STM32U375CGY6QTR, STM32U375KEU6, STM32U375KGU6, STM32U375REI6, STM32U375REI6Q, STM32U375RET6, STM32U375RET6Q, STM32U375REY6GTR, STM32U375REY6QTR, STM32U375RGI6, STM32U375RGI6Q, STM32U375RGT6, STM32U375RGT6Q, STM32U375RGY6GTR, STM32U375RGY6QTR, STM32U375VEI6, STM32U375VEI6Q, STM32U375VET6, STM32U375VET6Q, STM32U375VGI6, STM32U375VGI6Q, STM32U375VGT6, STM32U375VGT6Q, STM32U385CGT6, STM32U385CGT6Q, STM32U385CGU6, STM32U385CGU6Q, STM32U385CGY6QTR, STM32U385KGU6, STM32U385RGI6, STM32U385RGI6Q, STM32U385RGT6, STM32U385RGT6Q, STM32U385RGY6GTR, STM32U385RGY6QTR, STM32U385VGI6, STM32U385VGI6Q, STM32U385VGT6, STM32U385VGT6Q, STM32U535CBT6, STM32U535CBT6Q, STM32U535CBU6, STM32U535CBU6Q, STM32U535CCT6, STM32U535CCT6Q, STM32U535CCU6, STM32U535CCU6Q, STM32U535CET6, STM32U535CET6Q, STM32U535CEU6, STM32U535CEU6Q, STM32U535JEY6QTR, STM32U535NCY6QTR, STM32U535NEY6QTR, STM32U535RBI6, STM32U535RBI6Q, STM32U535RBT6, STM32U535RBT6Q, STM32U535RCI6, STM32U535RCI6Q, STM32U535RCT6, STM32U535RCT6Q, STM32U535REI6, STM32U535REI6Q, STM32U535RET6, STM32U535RET6Q, STM32U535VCI6, STM32U535VCI6Q, STM32U535VCT6, STM32U535VCT6Q, STM32U535VEI6, STM32U535VEI6Q, STM32U535VET6, STM32U535VET6Q, STM32U545CET6, STM32U545CET6Q, STM32U545CEU6, STM32U545CEU6Q, STM32U545JEY6QTR, STM32U545NEY6QTR, STM32U545REI6, STM32U545REI6Q, STM32U545RET6, STM32U545RET6Q, STM32U545VEI6, STM32U545VEI6Q, STM32U545VET6, STM32U545VET6Q, STM32U595AIH6, STM32U595AIH6Q, STM32U595AJH6, STM32U595AJH6Q, STM32U595QII6, STM32U595QII6Q, STM32U595QJI6, STM32U595QJI6Q, STM32U595RIT6, STM32U595RIT6Q, STM32U595RJT6, STM32U595RJT6Q, STM32U595VIT6, STM32U595VIT6Q, STM32U595VJT6, STM32U595VJT6Q, STM32U595ZIT6, STM32U595ZIT6Q, STM32U595ZIY6QTR, STM32U595ZJT6, STM32U595ZJT6Q, STM32U595ZJY6QTR, STM32U599BJY6QTR, STM32U599NIH6Q, STM32U599NJH6Q, STM32U599VIT6Q, STM32U599VJT6, STM32U599VJT6Q, STM32U599ZIT6Q, STM32U599ZIY6QTR, STM32U599ZJT6Q, STM32U599ZJY6QTR, STM32U5A5AJH6, STM32U5A5AJH6Q, STM32U5A5QII3Q , STM32U5A5QJI6, STM32U5A5QJI6Q, STM32U5A5RJT6, STM32U5A5RJT6Q, STM32U5A5VJT6, STM32U5A5VJT6Q, STM32U5A5ZJT6, STM32U5A5ZJT6Q, STM32U5A5ZJY6QTR, STM32U5A9BJY6QTR, STM32U5A9J-DK, STM32U5A9NJH6Q, STM32U5A9VJT6Q, STM32U5A9ZJT6Q, STM32U5A9ZJY6QTR, STM32U5F7VIT6, STM32U5F7VIT6Q, STM32U5F7VJT6, STM32U5F7VJT6Q, STM32U5F9BJY6QTR, STM32U5F9NJH6Q, STM32U5F9VIT6Q, STM32U5F9VJT6Q, STM32U5F9ZIJ6QTR, STM32U5F9ZIT6Q, STM32U5F9ZJJ6QTR, STM32U5F9ZJT6Q, STM32U5G7VJT6, STM32U5G7VJT6Q, STM32U5G9BJY6QTR, STM32U5G9J-DK1, STM32U5G9J-DK2, STM32U5G9NJH6Q, STM32U5G9VJT6Q, STM32U5G9ZJJ6QTR, STM32U5G9ZJT6Q, STM32WB05KZV6TR, STM32WB05KZV7TR, STM32WB05TZF6TR, STM32WB05TZF7TR, STM32WB06CCF6TR, STM32WB06CCF7TR, STM32WB06CCV6TR, STM32WB06CCV7TR, STM32WB06KCV6TR, STM32WB06KCV7TR, STM32WB07CCF6TR, STM32WB07CCF7TR, STM32WB07CCV6TR, STM32WB07CCV7TR, STM32WB07KCV6TR, STM32WB07KCV7TR, STM32WB09KEV6TR, STM32WB09KEV7TR, STM32WB09TEF6TR, STM32WB09TEF7TR, STM32WB1MMCH6, STM32WBA50KGU6, STM32WBA50KGU6TR, STM32WBA52CEU6, STM32WBA52CEU6TR, STM32WBA52CEU7, STM32WBA52CEU7TR, STM32WBA52CGU6, STM32WBA52CGU6TR, STM32WBA52CGU6U, STM32WBA52CGU7, STM32WBA52CGU7TR, STM32WBA52KEU6, STM32WBA52KEU6TR, STM32WBA52KGU6, STM32WBA52KGU6TR, STM32WBA54CEU6, STM32WBA54CEU6TR, STM32WBA54CEU7, STM32WBA54CEU7TR, STM32WBA54CGU6, STM32WBA54CGU6TR, STM32WBA54CGU7, STM32WBA54CGU7TR, STM32WBA54KEU6, STM32WBA54KEU6TR, STM32WBA54KEU7, STM32WBA54KEU7TR, STM32WBA54KGU6, STM32WBA54KGU6TR, STM32WBA54KGU7, STM32WBA54KGU7TR, STM32WBA55CEU6, STM32WBA55CEU6TR, STM32WBA55CEU7, STM32WBA55CEU7TR, STM32WBA55CGU6, STM32WBA55CGU6TR, STM32WBA55CGU6U, STM32WBA55CGU7, STM32WBA55CGU7TR, STM32WBA55G-DK1, STM32WBA55HEF6, STM32WBA55HEF7, STM32WBA55HGF6, STM32WBA55HGF7, STM32WBA55UEI6, STM32WBA55UEI6TR, STM32WBA55UEI7, STM32WBA55UEI7TR, STM32WBA55UGI6, STM32WBA55UGI6TR, STM32WBA55UGI7, STM32WBA55UGI7TR, STM32WBA5MJGH6TR, STM32WBA62CGU6, STM32WBA62CIU6, STM32WBA62MGF6, STM32WBA62MIF6, STM32WBA62PGI6, STM32WBA62PII6, STM32WBA63CGU6, STM32WBA63CGU7, STM32WBA63CIU6, STM32WBA63CIU7, STM32WBA64CGU6, STM32WBA64CGU7, STM32WBA64CIU6, STM32WBA64CIU7, STM32WBA65CGU6, STM32WBA65CGU7, STM32WBA65CIU6, STM32WBA65CIU7, STM32WBA65I-DK1, STM32WBA65MGF6, STM32WBA65MGF7, STM32WBA65MIF6, STM32WBA65MIF7, STM32WBA65PGI6, STM32WBA65PGI7, STM32WBA65PII6, STM32WBA65PII7, STM32WBA65RGV6, STM32WBA65RGV7, STM32WBA65RIV6, STM32WBA65RIV7, STM32WL30K8V6, STM32WL30KBV6, STM32WL31C8V6, STM32WL31CBV6, STM32WL31K8V6, STM32WL31KBV6, STM32WL33C8V6, STM32WL33C8V6TR, STM32WL33C8V7, STM32WL33C8V7TR, STM32WL33CBV6, STM32WL33CBV6TR, STM32WL33CBV7, STM32WL33CBV7TR, STM32WL33CCV6, STM32WL33CCV6TR, STM32WL33CCV7, STM32WL33CCV7A, STM32WL33CCV7ATR, STM32WL33CCV7TR, STM32WL33K8V6, STM32WL33K8V6TR, STM32WL33K8V7, STM32WL33K8V7TR, STM32WL33KBV6, STM32WL33KBV6TR, STM32WL33KBV7, STM32WL33KBV7TR, STM32WL33KCV6, STM32WL33KCV6TR, STM32WL33KCV7, STM32WL33KCV7TR, STM32WL5MOCH6, STM32WL5MOCH6TR]
2025-07-08 12:37:50,376 [INFO] DbMcus:218 - Found 4686 MCUs, 4686 are supported
2025-07-08 12:37:50,377 [INFO] ApiDb:423 - Load user favorites file C:\Users\kjeya/.stm32cubeide/favorites.mcus.txt: 0 item(s)
2025-07-08 12:37:50,377 [INFO] ApiDb:427 - User favorites MCUs=[]
2025-07-08 12:37:50,377 [INFO] DbMcus:224 - Set 0 / 0 favorites MCUs
2025-07-08 12:37:51,036 [INFO] ApiDb:423 - Load user favorites file C:\Users\kjeya/.stm32cubeide/favorites.boards.txt: 0 item(s)
2025-07-08 12:37:51,037 [INFO] ApiDb:427 - User favorites Boards=[]
2025-07-08 12:37:51,037 [INFO] DbBoards:198 - Set 0 / 0 favorites Boards
2025-07-08 12:37:51,126 [INFO] UtilMem:75 - End LoadConfig() Used Memory: 415450312 Bytes (563085312)
2025-07-08 12:37:51,341 [WARN] ThirdParty:833 - waiting for thirdparty lock release [change project]
2025-07-08 12:37:51,341 [INFO] ThirdParty:835 - entering critical section [change project]
2025-07-08 12:37:51,341 [INFO] ThirdParty:1030 - CMSIS Pack Vendor :STMicroelectronics X-CUBE-PM33A1 1.0.0
2025-07-08 12:37:51,341 [INFO] ThirdParty:1030 - CMSIS Pack Vendor :STMicroelectronics USBPD 4.1
2025-07-08 12:37:51,341 [INFO] ThirdParty:1030 - CMSIS Pack Vendor :STMicroelectronics USB_HOST 2.0.0
2025-07-08 12:37:51,342 [INFO] ThirdParty:1030 - CMSIS Pack Vendor :STMicroelectronics FP-SNS-MOTENVWB1 1.4.0
2025-07-08 12:37:51,342 [INFO] ThirdParty:1030 - CMSIS Pack Vendor :STMicroelectronics X-CUBE-AZRTOS-F4 1.1.0
2025-07-08 12:37:51,342 [INFO] ThirdParty:1030 - CMSIS Pack Vendor :STMicroelectronics LIBJPEG 8.0.0
2025-07-08 12:37:51,342 [INFO] ThirdParty:1030 - CMSIS Pack Vendor :STMicroelectronics FP-ATR-ASTRA1 2.0.2
2025-07-08 12:37:51,342 [INFO] ThirdParty:1030 - CMSIS Pack Vendor :STMicroelectronics FP-ATR-ASTRA1 2.0.1
2025-07-08 12:37:51,342 [INFO] ThirdParty:1030 - CMSIS Pack Vendor :Avnet-IotConnect X-CUBE-IoTC-DA16k-PMOD 1.0.0
2025-07-08 12:37:51,342 [INFO] ThirdParty:1030 - CMSIS Pack Vendor :STMicroelectronics X-CUBE-SMBUS 2.1.0
2025-07-08 12:37:51,342 [INFO] ThirdParty:1030 - CMSIS Pack Vendor :STMicroelectronics X-CUBE-WB05N 1.1.0
2025-07-08 12:37:51,342 [INFO] ThirdParty:1030 - CMSIS Pack Vendor :STMicroelectronics X-CUBE-ISPU 2.1.0
2025-07-08 12:37:51,342 [INFO] ThirdParty:1030 - CMSIS Pack Vendor :STMicroelectronics X-CUBE-ST60 1.0.0
2025-07-08 12:37:51,342 [INFO] ThirdParty:1030 - CMSIS Pack Vendor :STMicroelectronics X-CUBE-AZRTOS-F7 1.1.0
2025-07-08 12:37:51,342 [INFO] ThirdParty:1030 - CMSIS Pack Vendor :STMicroelectronics X-CUBE-AZRTOS-L5 2.0.0
2025-07-08 12:37:51,342 [INFO] ThirdParty:1030 - CMSIS Pack Vendor :STMicroelectronics USB_DEVICE 2.0.0
2025-07-08 12:37:51,342 [INFO] ThirdParty:1030 - CMSIS Pack Vendor :STMicroelectronics X-CUBE-NFC6 3.1.0
2025-07-08 12:37:51,342 [INFO] ThirdParty:1030 - CMSIS Pack Vendor :STMicroelectronics FreeRTOS 0.0.1
2025-07-08 12:37:51,342 [INFO] ThirdParty:1030 - CMSIS Pack Vendor :STMicroelectronics X-CUBE-DPower 1.2.0
2025-07-08 12:37:51,342 [INFO] ThirdParty:1030 - CMSIS Pack Vendor :STMicroelectronics FP-SNS-FLIGHT1 5.0.2
2025-07-08 12:37:51,342 [INFO] ThirdParty:1030 - CMSIS Pack Vendor :Infineon AIROC-Wi-Fi-Bluetooth-STM32 1.7.0
2025-07-08 12:37:51,343 [INFO] ThirdParty:1030 - CMSIS Pack Vendor :STMicroelectronics PDM2PCM 3.3.0
2025-07-08 12:37:51,343 [INFO] ThirdParty:1030 - CMSIS Pack Vendor :STMicroelectronics X-CUBE-AZRTOS-H7 3.4.0
2025-07-08 12:37:51,343 [INFO] ThirdParty:1030 - CMSIS Pack Vendor :STMicroelectronics X-CUBE-DISPLAY 3.0.0
2025-07-08 12:37:51,343 [INFO] ThirdParty:1030 - CMSIS Pack Vendor :STMicroelectronics X-CUBE-BLE1 7.0.0
2025-07-08 12:37:51,343 [INFO] ThirdParty:1030 - CMSIS Pack Vendor :STMicroelectronics X-CUBE-NFC10 1.0.0
2025-07-08 12:37:51,343 [INFO] ThirdParty:1030 - CMSIS Pack Vendor :STMicroelectronics X-CUBE-BLEMGR 4.0.0
2025-07-08 12:37:51,343 [INFO] ThirdParty:1030 - CMSIS Pack Vendor :STMicroelectronics X-CUBE-FREERTOS 1.3.1
2025-07-08 12:37:51,343 [INFO] ThirdParty:1030 - CMSIS Pack Vendor :STMicroelectronics HAL Drivers 0.0.0
2025-07-08 12:37:51,343 [INFO] ThirdParty:1030 - CMSIS Pack Vendor :emotas I-CUBE-CANOPEN 1.3.0
2025-07-08 12:37:51,343 [INFO] ThirdParty:1030 - CMSIS Pack Vendor :STMicroelectronics X-CUBE-FREERTOS 1.3.0
2025-07-08 12:37:51,343 [INFO] ThirdParty:1030 - CMSIS Pack Vendor :STMicroelectronics X-CUBE-NFC7 1.0.1
2025-07-08 12:37:51,343 [INFO] ThirdParty:1030 - CMSIS Pack Vendor :STMicroelectronics MBEDTLS 2.14.1
2025-07-08 12:37:51,343 [INFO] ThirdParty:1030 - CMSIS Pack Vendor :STMicroelectronics X-CUBE-AI 10.0.0
2025-07-08 12:37:51,343 [INFO] ThirdParty:1030 - CMSIS Pack Vendor :STMicroelectronics FP-SNS-STAIOTCFT 1.0.0
2025-07-08 12:37:51,343 [INFO] ThirdParty:1030 - CMSIS Pack Vendor :STMicroelectronics FP-SNS-SMARTAG2 1.2.0
2025-07-08 12:37:51,343 [INFO] ThirdParty:1030 - CMSIS Pack Vendor :STMicroelectronics FP-SNS-FLIGHT1 5.1.0
2025-07-08 12:37:51,343 [INFO] ThirdParty:1030 - CMSIS Pack Vendor :STMicroelectronics X-CUBE-MEMS1 11.1.0
2025-07-08 12:37:51,343 [INFO] ThirdParty:1030 - CMSIS Pack Vendor :STMicroelectronics X-CUBE-AZRTOS-WL 2.0.0
2025-07-08 12:37:51,343 [INFO] ThirdParty:1030 - CMSIS Pack Vendor :STMicroelectronics X-CUBE-DPower 1.3.0
2025-07-08 12:37:51,343 [INFO] ThirdParty:1030 - CMSIS Pack Vendor :STMicroelectronics FP-SNS-MOTENV1 5.0.0
2025-07-08 12:37:51,343 [INFO] ThirdParty:1030 - CMSIS Pack Vendor :STMicroelectronics USB_DEVICE 1.0.0
2025-07-08 12:37:51,343 [INFO] ThirdParty:1030 - CMSIS Pack Vendor :wolfSSL I-CUBE-wolfMQTT 1.19.0
2025-07-08 12:37:51,343 [INFO] ThirdParty:1030 - CMSIS Pack Vendor :STMicroelectronics X-CUBE-AZRTOS-L4 2.0.0
2025-07-08 12:37:51,343 [INFO] ThirdParty:1030 - CMSIS Pack Vendor :STMicroelectronics ThreadX 0.0.2
2025-07-08 12:37:51,343 [INFO] ThirdParty:1030 - CMSIS Pack Vendor :WES I-CUBE-Cesium 1.3.0
2025-07-08 12:37:51,343 [INFO] ThirdParty:1030 - CMSIS Pack Vendor :STMicroelectronics lwIP 2.1.2
2025-07-08 12:37:51,343 [INFO] ThirdParty:1030 - CMSIS Pack Vendor :STMicroelectronics X-CUBE-SFXS2LP1 4.0.0
2025-07-08 12:37:51,343 [INFO] ThirdParty:1030 - CMSIS Pack Vendor :STMicroelectronics X-CUBE-BLE2 3.3.0
2025-07-08 12:37:51,343 [INFO] ThirdParty:1030 - CMSIS Pack Vendor :STMicroelectronics PDM2PCM 3.2.0
2025-07-08 12:37:51,345 [INFO] ThirdParty:1030 - CMSIS Pack Vendor :STMicroelectronics X-CUBE-AZRTOS-H7 3.3.0
2025-07-08 12:37:51,345 [INFO] ThirdParty:1030 - CMSIS Pack Vendor :STMicroelectronics X-CUBE-NFC9 1.0.0
2025-07-08 12:37:51,345 [INFO] ThirdParty:1030 - CMSIS Pack Vendor :STMicroelectronics X-CUBE-BLE1 7.1.0
2025-07-08 12:37:51,345 [INFO] ThirdParty:1030 - CMSIS Pack Vendor :STMicroelectronics USB_DEVICE 3.0.0
2025-07-08 12:37:51,345 [INFO] ThirdParty:1030 - CMSIS Pack Vendor :STMicroelectronics X-CUBE-IPS 3.0.0
2025-07-08 12:37:51,345 [INFO] ThirdParty:1030 - CMSIS Pack Vendor :STMicroelectronics X-CUBE-AZRTOS-WB 2.0.0
2025-07-08 12:37:51,345 [INFO] ThirdParty:1030 - CMSIS Pack Vendor :STMicroelectronics X-CUBE-GNSS1 7.0.1
2025-07-08 12:37:51,345 [INFO] ThirdParty:1030 - CMSIS Pack Vendor :STMicroelectronics X-CUBE-TOUCHGFX 4.25.0
2025-07-08 12:37:51,345 [INFO] ThirdParty:1030 - CMSIS Pack Vendor :STMicroelectronics X-CUBE-AI 10.1.0
2025-07-08 12:37:51,345 [INFO] ThirdParty:1030 - CMSIS Pack Vendor :STMicroelectronics FP-SNS-STBOX1 2.0.0
2025-07-08 12:37:51,345 [INFO] ThirdParty:1030 - CMSIS Pack Vendor :STMicroelectronics X-CUBE-MEMS1 11.2.0
2025-07-08 12:37:51,345 [INFO] ThirdParty:1030 - CMSIS Pack Vendor :STMicroelectronics X-CUBE-AZRTOS-G0 1.1.0
2025-07-08 12:37:51,345 [INFO] ThirdParty:1030 - CMSIS Pack Vendor :STMicroelectronics X-CUBE-SAFEA1 1.2.2
2025-07-08 12:37:51,345 [INFO] ThirdParty:1030 - CMSIS Pack Vendor :STMicroelectronics X-CUBE-NFC4 3.0.0
2025-07-08 12:37:51,346 [INFO] ThirdParty:1030 - CMSIS Pack Vendor :STMicroelectronics X-CUBE-SUBG2 5.0.0
2025-07-08 12:37:51,346 [INFO] ThirdParty:1030 - CMSIS Pack Vendor :STMicroelectronics X-CUBE-AZRTOS-H7RS 1.1.0
2025-07-08 12:37:51,346 [INFO] ThirdParty:1030 - CMSIS Pack Vendor :STMicroelectronics STM32_WPAN 1.0.0
2025-07-08 12:37:51,346 [INFO] ThirdParty:1030 - CMSIS Pack Vendor :EmbeddedOffice I-CUBE-FS-RTOS 1.0.1
2025-07-08 12:37:51,346 [INFO] ThirdParty:1030 - CMSIS Pack Vendor :STMicroelectronics lwIP 2.0.3
2025-07-08 12:37:51,346 [INFO] ThirdParty:1030 - CMSIS Pack Vendor :Cesanta I-CUBE-Mongoose 7.13.0
2025-07-08 12:37:51,346 [INFO] ThirdParty:1030 - CMSIS Pack Vendor :STMicroelectronics USB_HOST 1.0.0
2025-07-08 12:37:51,346 [INFO] ThirdParty:1030 - CMSIS Pack Vendor :STMicroelectronics X-CUBE-AZRTOS-G4 2.0.0
2025-07-08 12:37:51,346 [INFO] ThirdParty:1030 - CMSIS Pack Vendor :STMicroelectronics X-CUBE-WB05N 2.0.0
2025-07-08 12:37:51,346 [INFO] ThirdParty:1030 - CMSIS Pack Vendor :STMicroelectronics PDM2PCM 3.1.0
2025-07-08 12:37:51,346 [INFO] ThirdParty:1030 - CMSIS Pack Vendor :STMicroelectronics X-CUBE-NFC7 2.0.0
2025-07-08 12:37:51,346 [INFO] ThirdParty:1030 - CMSIS Pack Vendor :STMicroelectronics X-CUBE-TCPP 4.2.0
2025-07-08 12:37:51,346 [INFO] ThirdParty:1030 - CMSIS Pack Vendor :RealThread X-CUBE-RT-Thread_Nano 4.1.1
2025-07-08 12:37:51,346 [INFO] ThirdParty:1030 - CMSIS Pack Vendor :STMicroelectronics FP-ATR-SIGFOX1 3.2.0
2025-07-08 12:37:51,346 [INFO] ThirdParty:1030 - CMSIS Pack Vendor :quantropi X-CUBE-qispace-sdk-base 1.9.3
2025-07-08 12:37:51,346 [INFO] ThirdParty:1030 - CMSIS Pack Vendor :STMicroelectronics X-CUBE-EEPRMA1 5.1.0
2025-07-08 12:37:51,346 [INFO] ThirdParty:1030 - CMSIS Pack Vendor :STMicroelectronics MBEDTLS 2.16.2
2025-07-08 12:37:51,346 [INFO] ThirdParty:1030 - CMSIS Pack Vendor :STMicroelectronics X-CUBE-IPS 3.1.0
2025-07-08 12:37:51,346 [INFO] ThirdParty:1030 - CMSIS Pack Vendor :STMicroelectronics X-CUBE-ALS 1.0.2
2025-07-08 12:37:51,346 [INFO] ThirdParty:1030 - CMSIS Pack Vendor :wolfSSL I-CUBE-wolfSSL 5.7.4
2025-07-08 12:37:51,346 [INFO] ThirdParty:1030 - CMSIS Pack Vendor :STMicroelectronics X-CUBE-TOUCHGFX 4.24.0
2025-07-08 12:37:51,347 [INFO] ThirdParty:1030 - CMSIS Pack Vendor :ITTIA_DB I-CUBE-ITTIADB 8.9.0
2025-07-08 12:37:51,347 [INFO] ThirdParty:1030 - CMSIS Pack Vendor :STMicroelectronics X-CUBE-TOUCHGFX 4.24.2
2025-07-08 12:37:51,347 [INFO] ThirdParty:1030 - CMSIS Pack Vendor :STMicroelectronics X-CUBE-TOUCHGFX 4.24.1
2025-07-08 12:37:51,347 [INFO] ThirdParty:1030 - CMSIS Pack Vendor :wolfSSL I-CUBE-wolfTPM 3.4.0
2025-07-08 12:37:51,347 [INFO] ThirdParty:1030 - CMSIS Pack Vendor :portGmbH I-Cube-SoM-uGOAL 1.1.0
2025-07-08 12:37:51,347 [INFO] ThirdParty:1030 - CMSIS Pack Vendor :STMicroelectronics X-CUBE-ST67W61 1.0.0
2025-07-08 12:37:51,347 [INFO] ThirdParty:1030 - CMSIS Pack Vendor :STMicroelectronics ThreadX 1.0.0
2025-07-08 12:37:51,347 [INFO] ThirdParty:1030 - CMSIS Pack Vendor :SEGGER I-CUBE-embOS 1.3.1
2025-07-08 12:37:51,347 [INFO] ThirdParty:1030 - CMSIS Pack Vendor :STMicroelectronics X-CUBE-ALGOBUILD 1.4.0
2025-07-08 12:37:51,347 [INFO] ThirdParty:1030 - CMSIS Pack Vendor :STMicroelectronics X-CUBE-MEMS1 11.3.0
2025-07-08 12:37:51,347 [INFO] ThirdParty:1030 - CMSIS Pack Vendor :STMicroelectronics X-CUBE-AZRTOS-H7RS 1.0.0
2025-07-08 12:37:51,347 [INFO] ThirdParty:1030 - CMSIS Pack Vendor :STMicroelectronics X-CUBE-TOF1 3.4.2
2025-07-08 12:37:51,347 [INFO] ThirdParty:1030 - CMSIS Pack Vendor :STMicroelectronics X-CUBE-TOF1 3.4.3
2025-07-08 12:37:51,347 [INFO] ThirdParty:1030 - CMSIS Pack Vendor :STMicroelectronics X-CUBE-AI 9.1.0
2025-07-08 12:37:51,347 [INFO] ThirdParty:1030 - CMSIS Pack Vendor :wolfSSL I-CUBE-wolfSSH 1.4.17
2025-07-08 12:37:51,347 [INFO] ThirdParty:841 - exiting critical section [change project]
2025-07-08 12:37:52,192 [INFO] PinOutPanel:1589 - setPackage(No Configuration,No Configuration)
2025-07-08 12:37:52,197 [INFO] PinOutPanel:1589 - setPackage(STM32F446RETx,LQFP64)
2025-07-08 12:37:53,264 [INFO] UtilMem:75 - Before build in PCC Used Memory: 347146864 Bytes (563085312)
2025-07-08 12:37:54,624 [INFO] UtilMem:75 - After build in PCC Used Memory: 425790064 Bytes (563085312)
2025-07-08 12:37:54,696 [INFO] IPUIPlugin:80 - create IPUIPlugin
2025-07-08 12:37:54,696 [INFO] IPUIPlugin:80 - create IPUIPlugin
2025-07-08 12:37:54,696 [INFO] IPUIPlugin:80 - create IPUIPlugin
2025-07-08 12:37:54,696 [INFO] IPUIPlugin:80 - create IPUIPlugin
2025-07-08 12:37:54,696 [INFO] IPUIPlugin:80 - create IPUIPlugin
2025-07-08 12:37:54,697 [INFO] IPUIPlugin:80 - create IPUIPlugin
2025-07-08 12:37:54,697 [INFO] IPUIPlugin:80 - create IPUIPlugin
2025-07-08 12:37:54,697 [INFO] IPUIPlugin:80 - create IPUIPlugin
2025-07-08 12:37:54,699 [INFO] IPUIPlugin:80 - create IPUIPlugin
2025-07-08 12:37:54,699 [INFO] IPUIPlugin:80 - create IPUIPlugin
2025-07-08 12:37:54,700 [INFO] IPUIPlugin:80 - create IPUIPlugin
2025-07-08 12:37:54,701 [INFO] IPUIPlugin:80 - create IPUIPlugin
2025-07-08 12:37:54,701 [INFO] IPUIPlugin:80 - create IPUIPlugin
2025-07-08 12:37:54,702 [INFO] IPUIPlugin:80 - create IPUIPlugin
2025-07-08 12:37:54,702 [INFO] IPUIPlugin:80 - create IPUIPlugin
2025-07-08 12:37:54,702 [INFO] IPUIPlugin:80 - create IPUIPlugin
2025-07-08 12:37:54,702 [INFO] IPUIPlugin:80 - create IPUIPlugin
2025-07-08 12:37:54,703 [INFO] IPUIPlugin:80 - create IPUIPlugin
2025-07-08 12:37:54,703 [INFO] IPUIPlugin:80 - create IPUIPlugin
2025-07-08 12:37:54,703 [INFO] IPUIPlugin:80 - create IPUIPlugin
2025-07-08 12:37:54,703 [INFO] IPUIPlugin:80 - create IPUIPlugin
2025-07-08 12:37:54,704 [INFO] IPUIPlugin:80 - create IPUIPlugin
2025-07-08 12:37:54,704 [INFO] IPUIPlugin:80 - create IPUIPlugin
2025-07-08 12:37:54,704 [INFO] IPUIPlugin:80 - create IPUIPlugin
2025-07-08 12:37:54,705 [INFO] IPUIPlugin:80 - create IPUIPlugin
2025-07-08 12:37:54,705 [INFO] IPUIPlugin:80 - create IPUIPlugin
2025-07-08 12:37:54,706 [INFO] IPUIPlugin:80 - create IPUIPlugin
2025-07-08 12:37:54,706 [INFO] IPUIPlugin:80 - create IPUIPlugin
2025-07-08 12:37:54,706 [INFO] IPUIPlugin:80 - create IPUIPlugin
2025-07-08 12:37:54,707 [INFO] IPUIPlugin:80 - create IPUIPlugin
2025-07-08 12:37:54,707 [INFO] IPUIPlugin:80 - create IPUIPlugin
2025-07-08 12:37:54,707 [INFO] IPUIPlugin:80 - create IPUIPlugin
2025-07-08 12:37:54,707 [INFO] IPUIPlugin:80 - create IPUIPlugin
2025-07-08 12:37:54,708 [INFO] IPUIPlugin:80 - create IPUIPlugin
2025-07-08 12:37:54,708 [INFO] IPUIPlugin:80 - create IPUIPlugin
2025-07-08 12:37:54,708 [INFO] IPUIPlugin:80 - create IPUIPlugin
2025-07-08 12:37:54,709 [INFO] IPUIPlugin:80 - create IPUIPlugin
2025-07-08 12:37:54,709 [INFO] IPUIPlugin:80 - create IPUIPlugin
2025-07-08 12:37:54,709 [INFO] IPUIPlugin:80 - create IPUIPlugin
2025-07-08 12:37:54,710 [INFO] IPUIPlugin:80 - create IPUIPlugin
2025-07-08 12:37:54,710 [INFO] IPUIPlugin:80 - create IPUIPlugin
2025-07-08 12:37:54,710 [INFO] IPUIPlugin:80 - create IPUIPlugin
2025-07-08 12:37:54,711 [INFO] IPUIPlugin:80 - create IPUIPlugin
2025-07-08 12:37:54,711 [INFO] IPUIPlugin:80 - create IPUIPlugin
2025-07-08 12:37:54,711 [INFO] IPUIPlugin:80 - create IPUIPlugin
2025-07-08 12:37:54,711 [INFO] IPUIPlugin:80 - create IPUIPlugin
2025-07-08 12:37:54,712 [INFO] IPUIPlugin:80 - create IPUIPlugin
2025-07-08 12:37:54,712 [INFO] IPUIPlugin:80 - create IPUIPlugin
2025-07-08 12:37:54,712 [INFO] IPUIPlugin:80 - create IPUIPlugin
2025-07-08 12:37:54,713 [INFO] IPUIPlugin:80 - create IPUIPlugin
2025-07-08 12:37:54,713 [INFO] IPUIPlugin:80 - create IPUIPlugin
2025-07-08 12:37:54,713 [INFO] IPUIPlugin:80 - create IPUIPlugin
2025-07-08 12:37:54,714 [INFO] IPUIPlugin:80 - create IPUIPlugin
2025-07-08 12:37:54,714 [INFO] IPUIPlugin:80 - create IPUIPlugin
2025-07-08 12:37:54,715 [INFO] IPUIPlugin:80 - create IPUIPlugin
2025-07-08 12:37:54,715 [INFO] IPUIPlugin:80 - create IPUIPlugin
2025-07-08 12:37:54,716 [INFO] IPUIPlugin:80 - create IPUIPlugin
2025-07-08 12:37:54,717 [INFO] IPUIPlugin:80 - create IPUIPlugin
2025-07-08 12:37:54,717 [INFO] IPUIPlugin:80 - create IPUIPlugin
2025-07-08 12:37:54,717 [INFO] IPUIPlugin:80 - create IPUIPlugin
2025-07-08 12:37:54,849 [INFO] ApiDbMcu:508 - Load IP Config File for PDM2PCM
2025-07-08 12:37:55,326 [INFO] CADModel:165 - CPN selected for project levelSTM32F446RET6
2025-07-08 12:37:55,328 [INFO] CADModel:114 - Register for checkConnection events
2025-07-08 12:37:55,411 [INFO] OpenFileManager:385 - Restore cursor
2025-07-08 18:15:06,681 [ERROR] LogOutputStream:75 - [STDERR_REDIRECT] 
