2025-08-11 14:11:15,841 [INFO] Activator:176 - 


2025-08-11 14:11:15,847 [INFO] Activator:177 - !SESSION log4j initialized
2025-08-11 14:11:23,703 [INFO] LogOutputStream:77 - [STDOUT_REDIRECT] 
2025-08-11 14:11:26,912 [INFO] ApplicationProperties:184 - Using Application install path: C:\ST\STM32CubeIDE_1.16.1\STM32CubeIDE\plugins\com.st.stm32cube.common.mx_6.15.0.202507011659
2025-08-11 14:11:26,944 [INFO] DbMcusXml:78 - Set database path to: C:\ST\STM32CubeIDE_1.16.1\STM32CubeIDE\plugins\com.st.stm32cube.common.mx_6.15.0.202507011659\\db\/mcu/
2025-08-11 14:11:26,946 [INFO] ApiDb:274 - Set plugin database path to: C:\ST\STM32CubeIDE_1.16.1\STM32CubeIDE\plugins\com.st.stm32cube.common.mx_6.15.0.202507011659\\db\/plugins/boardmanager/
2025-08-11 14:11:26,947 [WARN] ApiDb:259 - Overriding images path with different value:  => C:\ST\STM32CubeIDE_1.16.1\STM32CubeIDE\plugins\com.st.stm32cube.common.mx_6.15.0.202507011659\\db\/plugins/mcufinder/images/
2025-08-11 14:11:26,965 [INFO] ApiDb:250 - Set database path to: C:\Users\kjeya\.stmcufinder\plugins\mcufinder//mcu/
2025-08-11 14:11:26,967 [INFO] DbMcusAds:125 - Set database path to: C:\Users\kjeya\.stmcufinder\plugins\mcufinder//mcu/
2025-08-11 14:11:26,971 [INFO] CrossReferenceDbSqlite:203 - Set database path to: C:\Users\kjeya\.stmcufinder\plugins\mcufinder//mcu/cs/
2025-08-11 14:11:27,149 [INFO] RulesReader:64 - Compatibility file has been processed (317 Rules)
2025-08-11 14:11:27,278 [INFO] DbMcusXml:78 - Set database path to: C:\ST\STM32CubeIDE_1.16.1\STM32CubeIDE\plugins\com.st.stm32cube.common.mx_6.15.0.202507011659\\db\/mcu/
2025-08-11 14:11:27,278 [INFO] ApiDb:274 - Set plugin database path to: C:\ST\STM32CubeIDE_1.16.1\STM32CubeIDE\plugins\com.st.stm32cube.common.mx_6.15.0.202507011659\\db\/plugins/boardmanager/
2025-08-11 14:11:27,278 [INFO] ApiDb:261 - Set plugin images path to: C:\ST\STM32CubeIDE_1.16.1\STM32CubeIDE\plugins\com.st.stm32cube.common.mx_6.15.0.202507011659\\db\/plugins/mcufinder/images/
2025-08-11 14:11:27,280 [WARN] DbFile:41 - Overriding database path with different value: C:\Users\kjeya\.stmcufinder\plugins\mcufinder/ => C:\Users\kjeya\.stmcufinder\plugins\mcufinder
2025-08-11 14:11:27,280 [INFO] ApiDb:250 - Set database path to: C:\Users\kjeya\.stmcufinder\plugins\mcufinder//mcu/
2025-08-11 14:11:27,280 [WARN] DbFile:41 - Overriding database path with different value: C:\Users\kjeya\.stmcufinder\plugins\mcufinder/ => C:\Users\kjeya\.stmcufinder\plugins\mcufinder
2025-08-11 14:11:27,280 [INFO] DbMcusAds:125 - Set database path to: C:\Users\kjeya\.stmcufinder\plugins\mcufinder//mcu/
2025-08-11 14:11:27,280 [WARN] DbFile:41 - Overriding database path with different value: C:\Users\kjeya\.stmcufinder\plugins\mcufinder/ => C:\Users\kjeya\.stmcufinder\plugins\mcufinder
2025-08-11 14:11:27,280 [WARN] DbFile:41 - Overriding database path with different value: C:\Users\kjeya\.stmcufinder\plugins\mcufinder/ => C:\Users\kjeya\.stmcufinder\plugins\mcufinder
2025-08-11 14:11:27,280 [INFO] CrossReferenceDbSqlite:203 - Set database path to: C:\Users\kjeya\.stmcufinder\plugins\mcufinder//mcu/cs/
2025-08-11 14:11:27,404 [INFO] MainPanel:274 - HeapMemory: 268435456
2025-08-11 14:11:27,588 [INFO] DbMcusXml:78 - Set database path to: C:\ST\STM32CubeIDE_1.16.1\STM32CubeIDE\plugins\com.st.stm32cube.common.mx_6.15.0.202507011659\\db\/mcu/
2025-08-11 14:11:27,589 [INFO] ApiDb:274 - Set plugin database path to: C:\ST\STM32CubeIDE_1.16.1\STM32CubeIDE\plugins\com.st.stm32cube.common.mx_6.15.0.202507011659\\db\/plugins/boardmanager/
2025-08-11 14:11:27,589 [INFO] ApiDb:261 - Set plugin images path to: C:\ST\STM32CubeIDE_1.16.1\STM32CubeIDE\plugins\com.st.stm32cube.common.mx_6.15.0.202507011659\\db\/plugins/mcufinder/images/
2025-08-11 14:11:27,589 [WARN] DbFile:41 - Overriding database path with different value: C:\Users\kjeya\.stmcufinder\plugins\mcufinder/ => C:\Users\kjeya\.stmcufinder\plugins\mcufinder
2025-08-11 14:11:27,589 [INFO] ApiDb:250 - Set database path to: C:\Users\kjeya\.stmcufinder\plugins\mcufinder//mcu/
2025-08-11 14:11:27,590 [WARN] DbFile:41 - Overriding database path with different value: C:\Users\kjeya\.stmcufinder\plugins\mcufinder/ => C:\Users\kjeya\.stmcufinder\plugins\mcufinder
2025-08-11 14:11:27,590 [INFO] DbMcusAds:125 - Set database path to: C:\Users\kjeya\.stmcufinder\plugins\mcufinder//mcu/
2025-08-11 14:11:27,590 [WARN] DbFile:41 - Overriding database path with different value: C:\Users\kjeya\.stmcufinder\plugins\mcufinder/ => C:\Users\kjeya\.stmcufinder\plugins\mcufinder
2025-08-11 14:11:27,590 [WARN] DbFile:41 - Overriding database path with different value: C:\Users\kjeya\.stmcufinder\plugins\mcufinder/ => C:\Users\kjeya\.stmcufinder\plugins\mcufinder
2025-08-11 14:11:27,590 [INFO] CrossReferenceDbSqlite:203 - Set database path to: C:\Users\kjeya\.stmcufinder\plugins\mcufinder//mcu/cs/
2025-08-11 14:11:27,623 [INFO] ApplicationProperties:184 - Using Application install path: C:\ST\STM32CubeIDE_1.16.1\STM32CubeIDE\plugins\com.st.stm32cube.common.mx_6.15.0.202507011659
2025-08-11 14:11:27,626 [INFO] PluginManage:196 - Search for loadable plugins [exclusion list=, ]
2025-08-11 14:11:27,629 [INFO] PluginManage:310 - Check plugin analytics
2025-08-11 14:11:28,028 [INFO] AnalyticsPlugin:253 - Accepted Software Licenses: STM32CubeMX.6.11.1,STM32CubeMX.6.13.0
2025-08-11 14:11:28,029 [INFO] AnalyticsPlugin:255 - Accepted CMSIS Pack Licenses: STMicroelectronics.X-CUBE-TOUCHGFX.4.24.0,WES.I-CUBE-Cesium.1.3.0,STMicroelectronics.X-CUBE-TOUCHGFX.4.24.2
2025-08-11 14:11:28,029 [INFO] AnalyticsPlugin:257 - Accepted Firmware Licenses: FW.F4.1.28.0,FW.L4.1.18.0,FW.WL.1.3.0,FW.H7.1.11.0,FW.H7.1.12.0
2025-08-11 14:11:28,036 [INFO] PluginManage:359 - Loaded plugin analytics (category:tool,tabindex:-1)
2025-08-11 14:11:28,037 [INFO] PluginManage:310 - Check plugin cadmodel
2025-08-11 14:11:28,049 [INFO] CADModel:105 - Init CAD model plugin
2025-08-11 14:11:28,050 [INFO] PluginManage:359 - Loaded plugin cadmodel (category:power,tabindex:5)
2025-08-11 14:11:28,050 [INFO] PluginManage:310 - Check plugin clock
2025-08-11 14:11:28,073 [INFO] PluginManage:359 - Loaded plugin clock (category:base,tabindex:2)
2025-08-11 14:11:28,073 [INFO] PluginManage:310 - Check plugin ddr
2025-08-11 14:11:28,077 [INFO] PluginManage:359 - Loaded plugin ddr (category:tool,tabindex:6)
2025-08-11 14:11:28,077 [INFO] PluginManage:310 - Check plugin filemanager
2025-08-11 14:11:28,320 [INFO] PluginManage:359 - Loaded plugin filemanager (category:base,tabindex:10)
2025-08-11 14:11:28,322 [INFO] PluginManage:310 - Check plugin ipmanager
2025-08-11 14:11:28,334 [INFO] PluginManage:359 - Loaded plugin ipmanager (category:base,tabindex:5)
2025-08-11 14:11:28,335 [INFO] PluginManage:310 - Check plugin lpbam
2025-08-11 14:11:28,355 [INFO] PluginManage:359 - Loaded plugin lpbam (category:base,tabindex:0)
2025-08-11 14:11:28,355 [INFO] PluginManage:310 - Check plugin memorymap
2025-08-11 14:11:28,383 [INFO] PluginManage:359 - Loaded plugin memorymap (category:base,tabindex:4)
2025-08-11 14:11:28,384 [INFO] PluginManage:310 - Check plugin pinoutandconfiguration
2025-08-11 14:11:28,400 [INFO] PluginManage:359 - Loaded plugin pinoutandconfiguration (category:base,tabindex:1)
2025-08-11 14:11:28,401 [INFO] PluginManage:310 - Check plugin pinoutconfig
2025-08-11 14:11:28,550 [WARN] SupportedApi:132 - Cannot load RTOS API schema: s4s-elt-must-match.1: The content of 'definitions' must match (annotation?, (simpleType | complexType)?, (unique | key | keyref)*)). A problem was found starting at: attribute.
2025-08-11 14:11:28,772 [INFO] PluginManage:359 - Loaded plugin pinoutconfig (category:base,tabindex:0)
2025-08-11 14:11:28,773 [INFO] PluginManage:310 - Check plugin power
2025-08-11 14:11:28,792 [INFO] PluginManage:359 - Loaded plugin power (category:power,tabindex:4)
2025-08-11 14:11:28,793 [INFO] PluginManage:310 - Check plugin projectmanager
2025-08-11 14:11:28,827 [INFO] PluginManage:359 - Loaded plugin projectmanager (category:projectmanager,tabindex:4)
2025-08-11 14:11:28,827 [INFO] PluginManage:310 - Check plugin rif
2025-08-11 14:11:28,847 [INFO] PluginManage:359 - Loaded plugin rif (category:base,tabindex:3)
2025-08-11 14:11:28,848 [INFO] PluginManage:310 - Check plugin thirdparty
2025-08-11 14:11:29,108 [INFO] PluginManage:359 - Loaded plugin thirdparty (category:base,tabindex:-1)
2025-08-11 14:11:29,107 [WARN] IntegrityCheckThread:84 - waiting for thirdparty lock release [integrity check]
2025-08-11 14:11:29,108 [INFO] PluginManage:310 - Check plugin tools
2025-08-11 14:11:29,108 [INFO] IntegrityCheckThread:86 - entering critical section [integrity check]
2025-08-11 14:11:29,109 [INFO] ThirdPartyUpdaterWithRetryManager:70 - Updater plugin not ready yet. [1/15]
2025-08-11 14:11:29,114 [INFO] PluginManage:359 - Loaded plugin tools (category:base,tabindex:7)
2025-08-11 14:11:29,115 [INFO] PluginManage:310 - Check plugin tutovideos
2025-08-11 14:11:29,477 [INFO] PluginManage:359 - Loaded plugin tutovideos (category:base,tabindex:-1)
2025-08-11 14:11:29,478 [INFO] PluginManage:310 - Check plugin updater
2025-08-11 14:11:29,532 [INFO] PluginManage:359 - Loaded plugin updater (category:base,tabindex:12)
2025-08-11 14:11:29,532 [INFO] PluginManage:310 - Check plugin userauth
2025-08-11 14:11:29,543 [INFO] UserAuth:118 - Init User Auth plugin
2025-08-11 14:11:29,547 [INFO] PluginManage:359 - Loaded plugin userauth (category:base,tabindex:14)
2025-08-11 14:11:29,548 [INFO] PluginManage:283 - PluginManage : Loaded plugins [18]
2025-08-11 14:11:29,972 [INFO] PinOutPanel:1589 - setPackage(No Configuration,No Configuration)
2025-08-11 14:11:30,190 [INFO] CADModel:165 - CPN selected for project level
2025-08-11 14:11:30,191 [INFO] CADModel:114 - Register for checkConnection events
2025-08-11 14:11:30,237 [INFO] IPUIPlugin:80 - create IPUIPlugin
2025-08-11 14:11:30,237 [INFO] PluginManager:220 - loadIPPluginJar : add adc
2025-08-11 14:11:30,243 [INFO] IPUIPlugin:80 - create IPUIPlugin
2025-08-11 14:11:30,243 [INFO] PluginManager:220 - loadIPPluginJar : add aes
2025-08-11 14:11:30,250 [INFO] IPUIPlugin:80 - create IPUIPlugin
2025-08-11 14:11:30,250 [INFO] PluginManager:220 - loadIPPluginJar : add can
2025-08-11 14:11:30,254 [INFO] IPUIPlugin:80 - create IPUIPlugin
2025-08-11 14:11:30,254 [INFO] PluginManager:220 - loadIPPluginJar : add comp
2025-08-11 14:11:30,260 [INFO] IPUIPlugin:80 - create IPUIPlugin
2025-08-11 14:11:30,260 [INFO] PluginManager:220 - loadIPPluginJar : add cryp
2025-08-11 14:11:30,269 [INFO] IPUIPlugin:80 - create IPUIPlugin
2025-08-11 14:11:30,269 [INFO] PluginManager:220 - loadIPPluginJar : add ddr_ctrl_phy
2025-08-11 14:11:30,275 [INFO] IPUIPlugin:80 - create IPUIPlugin
2025-08-11 14:11:30,275 [INFO] PluginManager:220 - loadIPPluginJar : add dfsdm
2025-08-11 14:11:30,287 [INFO] IPUIPlugin:80 - create IPUIPlugin
2025-08-11 14:11:30,288 [INFO] PluginManager:220 - loadIPPluginJar : add dma
2025-08-11 14:11:30,293 [INFO] IPUIPlugin:80 - create IPUIPlugin
2025-08-11 14:11:30,293 [INFO] PluginManager:220 - loadIPPluginJar : add dma3
2025-08-11 14:11:30,298 [INFO] IPUIPlugin:80 - create IPUIPlugin
2025-08-11 14:11:30,299 [INFO] PluginManager:220 - loadIPPluginJar : add extmemmanager
2025-08-11 14:11:30,302 [INFO] IPUIPlugin:80 - create IPUIPlugin
2025-08-11 14:11:30,302 [INFO] PluginManager:220 - loadIPPluginJar : add fatfs
2025-08-11 14:11:30,313 [INFO] IPUIPlugin:80 - create IPUIPlugin
2025-08-11 14:11:30,313 [INFO] PluginManager:220 - loadIPPluginJar : add fmc
2025-08-11 14:11:30,326 [INFO] IPUIPlugin:80 - create IPUIPlugin
2025-08-11 14:11:30,327 [INFO] PluginManager:220 - loadIPPluginJar : add freertos
2025-08-11 14:11:30,330 [INFO] IPUIPlugin:80 - create IPUIPlugin
2025-08-11 14:11:30,331 [INFO] PluginManager:220 - loadIPPluginJar : add genericplugin
2025-08-11 14:11:30,335 [INFO] IPUIPlugin:80 - create IPUIPlugin
2025-08-11 14:11:30,335 [INFO] PluginManager:220 - loadIPPluginJar : add gfxmmu
2025-08-11 14:11:30,344 [INFO] IPUIPlugin:80 - create IPUIPlugin
2025-08-11 14:11:30,345 [INFO] PluginManager:220 - loadIPPluginJar : add gic
2025-08-11 14:11:30,352 [INFO] IPUIPlugin:80 - create IPUIPlugin
2025-08-11 14:11:30,352 [INFO] PluginManager:220 - loadIPPluginJar : add gpio
2025-08-11 14:11:30,357 [INFO] IPUIPlugin:80 - create IPUIPlugin
2025-08-11 14:11:30,357 [INFO] PluginManager:220 - loadIPPluginJar : add gtzc
2025-08-11 14:11:30,363 [INFO] IPUIPlugin:80 - create IPUIPlugin
2025-08-11 14:11:30,364 [INFO] PluginManager:220 - loadIPPluginJar : add hash
2025-08-11 14:11:30,372 [INFO] IPUIPlugin:80 - create IPUIPlugin
2025-08-11 14:11:30,372 [INFO] PluginManager:220 - loadIPPluginJar : add i2c
2025-08-11 14:11:30,381 [INFO] IPUIPlugin:80 - create IPUIPlugin
2025-08-11 14:11:30,382 [INFO] PluginManager:220 - loadIPPluginJar : add i2s
2025-08-11 14:11:30,389 [INFO] IPUIPlugin:80 - create IPUIPlugin
2025-08-11 14:11:30,389 [INFO] PluginManager:220 - loadIPPluginJar : add i3c
2025-08-11 14:11:30,397 [INFO] IPUIPlugin:80 - create IPUIPlugin
2025-08-11 14:11:30,397 [INFO] PluginManager:220 - loadIPPluginJar : add ipddr
2025-08-11 14:11:30,411 [INFO] IPUIPlugin:80 - create IPUIPlugin
2025-08-11 14:11:30,411 [INFO] PluginManager:220 - loadIPPluginJar : add linkedlist
2025-08-11 14:11:30,418 [INFO] IPUIPlugin:80 - create IPUIPlugin
2025-08-11 14:11:30,418 [INFO] PluginManager:220 - loadIPPluginJar : add lorawan
2025-08-11 14:11:30,422 [INFO] IPUIPlugin:80 - create IPUIPlugin
2025-08-11 14:11:30,422 [INFO] PluginManager:220 - loadIPPluginJar : add ltdc
2025-08-11 14:11:30,434 [INFO] IPUIPlugin:80 - create IPUIPlugin
2025-08-11 14:11:30,434 [INFO] PluginManager:220 - loadIPPluginJar : add mdma
2025-08-11 14:11:30,445 [INFO] IPUIPlugin:80 - create IPUIPlugin
2025-08-11 14:11:30,445 [INFO] PluginManager:220 - loadIPPluginJar : add nvic
2025-08-11 14:11:30,451 [INFO] IPUIPlugin:80 - create IPUIPlugin
2025-08-11 14:11:30,452 [INFO] PluginManager:220 - loadIPPluginJar : add opamp
2025-08-11 14:11:30,458 [INFO] IPUIPlugin:80 - create IPUIPlugin
2025-08-11 14:11:30,459 [INFO] PluginManager:220 - loadIPPluginJar : add openamp
2025-08-11 14:11:30,467 [INFO] IPUIPlugin:80 - create IPUIPlugin
2025-08-11 14:11:30,467 [INFO] PluginManager:220 - loadIPPluginJar : add pdm2pcm
2025-08-11 14:11:30,479 [INFO] IPUIPlugin:80 - create IPUIPlugin
2025-08-11 14:11:30,485 [INFO] PluginManager:220 - loadIPPluginJar : add plateformsettings
2025-08-11 14:11:30,489 [INFO] IPUIPlugin:80 - create IPUIPlugin
2025-08-11 14:11:30,489 [INFO] PluginManager:220 - loadIPPluginJar : add quadspi
2025-08-11 14:11:30,493 [INFO] IPUIPlugin:80 - create IPUIPlugin
2025-08-11 14:11:30,495 [INFO] PluginManager:220 - loadIPPluginJar : add radio
2025-08-11 14:11:30,504 [INFO] IPUIPlugin:80 - create IPUIPlugin
2025-08-11 14:11:30,504 [INFO] PluginManager:220 - loadIPPluginJar : add resmgrutility
2025-08-11 14:11:30,510 [INFO] IPUIPlugin:80 - create IPUIPlugin
2025-08-11 14:11:30,511 [INFO] PluginManager:220 - loadIPPluginJar : add sai
2025-08-11 14:11:30,516 [INFO] IPUIPlugin:80 - create IPUIPlugin
2025-08-11 14:11:30,516 [INFO] PluginManager:220 - loadIPPluginJar : add spi
2025-08-11 14:11:30,532 [INFO] IPUIPlugin:80 - create IPUIPlugin
2025-08-11 14:11:30,532 [INFO] PluginManager:220 - loadIPPluginJar : add stm32_wpan
2025-08-11 14:11:30,537 [INFO] IPUIPlugin:80 - create IPUIPlugin
2025-08-11 14:11:30,537 [INFO] PluginManager:220 - loadIPPluginJar : add tim
2025-08-11 14:11:30,543 [INFO] IPUIPlugin:80 - create IPUIPlugin
2025-08-11 14:11:30,543 [INFO] PluginManager:220 - loadIPPluginJar : add touchsensing
2025-08-11 14:11:30,549 [INFO] IPUIPlugin:80 - create IPUIPlugin
2025-08-11 14:11:30,549 [INFO] PluginManager:220 - loadIPPluginJar : add tracer_emb
2025-08-11 14:11:30,553 [INFO] IPUIPlugin:80 - create IPUIPlugin
2025-08-11 14:11:30,553 [INFO] PluginManager:220 - loadIPPluginJar : add ts
2025-08-11 14:11:30,557 [INFO] IPUIPlugin:80 - create IPUIPlugin
2025-08-11 14:11:30,557 [INFO] PluginManager:220 - loadIPPluginJar : add tsc
2025-08-11 14:11:30,562 [INFO] IPUIPlugin:80 - create IPUIPlugin
2025-08-11 14:11:30,563 [INFO] PluginManager:220 - loadIPPluginJar : add ucpd
2025-08-11 14:11:30,569 [INFO] IPUIPlugin:80 - create IPUIPlugin
2025-08-11 14:11:30,570 [INFO] PluginManager:220 - loadIPPluginJar : add usart
2025-08-11 14:11:30,575 [INFO] IPUIPlugin:80 - create IPUIPlugin
2025-08-11 14:11:30,576 [INFO] PluginManager:220 - loadIPPluginJar : add usbx
2025-08-11 14:11:30,765 [FATAL] Updater:351 - Updater called before beeing initialized
2025-08-11 14:11:30,822 [INFO] RulesReader:64 - Compatibility file has been processed (317 Rules)
2025-08-11 14:11:30,846 [INFO] RulesReader:64 - Compatibility file has been processed (317 Rules)
2025-08-11 14:11:30,866 [INFO] CADModel:165 - CPN selected for project level
2025-08-11 14:11:30,867 [INFO] CADModel:114 - Register for checkConnection events
2025-08-11 14:11:30,867 [FATAL] Updater:351 - Updater called before beeing initialized
2025-08-11 14:11:30,867 [ERROR] CADModel:125 - Updater not yet initialized, retry later 
2025-08-11 14:11:31,133 [FATAL] Updater:351 - Updater called before beeing initialized
2025-08-11 14:11:31,137 [INFO] CADModel:165 - CPN selected for project level
2025-08-11 14:11:31,137 [INFO] CADModel:114 - Register for checkConnection events
2025-08-11 14:11:31,138 [FATAL] Updater:351 - Updater called before beeing initialized
2025-08-11 14:11:31,138 [ERROR] CADModel:125 - Updater not yet initialized, retry later 
2025-08-11 14:11:31,143 [FATAL] Updater:351 - Updater called before beeing initialized
2025-08-11 14:11:31,330 [FATAL] Updater:351 - Updater called before beeing initialized
2025-08-11 14:11:31,337 [INFO] DbMcusAds:53 - JSON generation date=Tue Jul 08 13:44:23 IST 2025 (1751962463562)
2025-08-11 14:11:31,337 [FATAL] Updater:351 - Updater called before beeing initialized
2025-08-11 14:11:31,402 [WARN] DetailPanel:346 - Failed to get advertising image, set to default
2025-08-11 14:11:31,544 [FATAL] Updater:351 - Updater called before beeing initialized
2025-08-11 14:11:31,546 [FATAL] Updater:351 - Updater called before beeing initialized
2025-08-11 14:11:31,547 [FATAL] Updater:351 - Updater called before beeing initialized
2025-08-11 14:11:31,547 [WARN] DetailPanel:346 - Failed to get advertising image, set to default
2025-08-11 14:11:31,548 [FATAL] Updater:351 - Updater called before beeing initialized
2025-08-11 14:11:31,623 [ERROR] Updater:1198 - MainUpdater not yet initialized. External WinMGr cannot be set.
2025-08-11 14:11:31,627 [INFO] Updater:1134 - Updater Version found : 6.15.0
2025-08-11 14:11:31,663 [INFO] ApplicationProperties:184 - Using Application install path: C:\ST\STM32CubeIDE_1.16.1\STM32CubeIDE\plugins\com.st.stm32cube.common.mx_6.15.0.202507011659
2025-08-11 14:11:32,110 [INFO] ThirdPartyUpdaterWithRetryManager:70 - Updater plugin not ready yet. [2/15]
2025-08-11 14:11:33,253 [ERROR] LogOutputStream:75 - [STDERR_REDIRECT] Aug 11, 2025 2:11:33 PM java.util.prefs.WindowsPreferences <init>
2025-08-11 14:11:33,254 [ERROR] LogOutputStream:75 - [STDERR_REDIRECT] WARNING: Could not open/create prefs root node Software\JavaSoft\Prefs at root 0xffffffff80000002. Windows RegCreateKeyEx(...) returned error code 5.
2025-08-11 14:11:33,254 [ERROR] LogOutputStream:75 - [STDERR_REDIRECT] 
2025-08-11 14:11:33,982 [INFO] MainUpdater:2872 - connection check result : 10
2025-08-11 14:11:33,983 [INFO] MainUpdater:289 - Updater Check For Update Now.
2025-08-11 14:11:33,983 [INFO] MicroXplorer:498 - Change Database Version : DB.6.0.150
2025-08-11 14:11:33,994 [INFO] McuFinderGlobals:63 - Set McuFinder mode to 2 (CubeIDE integrated)
2025-08-11 14:11:33,998 [INFO] UserAuth:487 - Internet connection configuration mode: 1
2025-08-11 14:11:34,045 [INFO] JxBrowserEngine:152 - Initiate JxBrowser Engine with user profile folder
2025-08-11 14:11:34,268 [INFO] CheckServerUpdateThread:120 - End of CheckServer Thread
2025-08-11 14:11:35,863 [WARN] PackLoader:240 - Cannot read IP mode file for STMicroelectronics.FP-SNS-MOTENVWB1.1.4.0
2025-08-11 14:11:35,894 [WARN] PackLoader:240 - Cannot read IP mode file for STMicroelectronics.FP-ATR-ASTRA1.2.0.2
2025-08-11 14:11:35,905 [WARN] PackLoader:240 - Cannot read IP mode file for STMicroelectronics.FP-ATR-ASTRA1.2.0.1
2025-08-11 14:11:35,927 [WARN] PackLoader:240 - Cannot read IP mode file for STMicroelectronics.X-CUBE-SMBUS.2.1.0
2025-08-11 14:11:35,946 [WARN] PackLoader:240 - Cannot read IP mode file for STMicroelectronics.X-CUBE-WB05N.1.1.0
2025-08-11 14:11:35,962 [WARN] PackLoader:240 - Cannot read IP mode file for STMicroelectronics.X-CUBE-ST60.1.0.0
2025-08-11 14:11:36,041 [WARN] PackLoader:240 - Cannot read IP mode file for STMicroelectronics.X-CUBE-AZRTOS-F7.1.1.0
2025-08-11 14:11:36,081 [WARN] PackLoader:240 - Cannot read IP mode file for STMicroelectronics.FP-SNS-FLIGHT1.5.0.2
2025-08-11 14:11:36,118 [INFO] WebApp:169 - Instantiating new browser for Auth
2025-08-11 14:11:36,155 [WARN] PackLoader:240 - Cannot read IP mode file for Infineon.AIROC-Wi-Fi-Bluetooth-STM32.1.7.0
2025-08-11 14:11:36,333 [WARN] PackLoader:240 - Cannot read IP mode file for STMicroelectronics.X-CUBE-AZRTOS-H7.3.4.0
2025-08-11 14:11:36,363 [WARN] PackLoader:240 - Cannot read IP mode file for STMicroelectronics.X-CUBE-DISPLAY.3.0.0
2025-08-11 14:11:36,389 [WARN] PackLoader:240 - Cannot read IP mode file for STMicroelectronics.X-CUBE-BLE1.7.0.0
2025-08-11 14:11:36,411 [WARN] PackLoader:240 - Cannot read IP mode file for STMicroelectronics.X-CUBE-NFC10.1.0.0
2025-08-11 14:11:36,449 [WARN] PackLoader:240 - Cannot read IP mode file for STMicroelectronics.X-CUBE-BLEMGR.4.0.0
2025-08-11 14:11:36,474 [WARN] PackLoader:240 - Cannot read IP mode file for emotas.I-CUBE-CANOPEN.1.3.0
2025-08-11 14:11:36,484 [WARN] PackLoader:240 - Cannot read IP mode file for STMicroelectronics.X-CUBE-AI.10.0.0
2025-08-11 14:11:36,501 [WARN] PackLoader:240 - Cannot read IP mode file for STMicroelectronics.FP-SNS-STBOX1.2.1.0
2025-08-11 14:11:36,517 [WARN] PackLoader:240 - Cannot read IP mode file for STMicroelectronics.FP-SNS-SMARTAG2.1.2.0
2025-08-11 14:11:36,526 [WARN] PackLoader:240 - Cannot read IP mode file for STMicroelectronics.FP-SNS-FLIGHT1.5.1.0
2025-08-11 14:11:36,647 [WARN] PackLoader:240 - Cannot read IP mode file for STMicroelectronics.X-CUBE-MEMS1.11.1.0
2025-08-11 14:11:37,181 [INFO] LogOutputStream:77 - [STDOUT_REDIRECT] 1 : Invalid condition id : UX_CORESTACK_Condition cause : null
2025-08-11 14:11:37,183 [INFO] LogOutputStream:77 - [STDOUT_REDIRECT] 1 : Invalid condition id : UX_CORESTACK_Condition cause : null
2025-08-11 14:11:37,191 [INFO] LogOutputStream:77 - [STDOUT_REDIRECT] 1 : Invalid condition id : UX_CORESTACK_Condition cause : null
2025-08-11 14:11:37,194 [INFO] LogOutputStream:77 - [STDOUT_REDIRECT] 1 : Invalid condition id : UX_CORESTACK_Condition cause : null
2025-08-11 14:11:37,200 [INFO] LogOutputStream:77 - [STDOUT_REDIRECT] 1 : Invalid condition id : UX_CORESTACK_Condition cause : null
2025-08-11 14:11:37,215 [WARN] PackLoader:240 - Cannot read IP mode file for STMicroelectronics.X-CUBE-AZRTOS-WL.2.0.0
2025-08-11 14:11:37,236 [WARN] PackLoader:240 - Cannot read IP mode file for STMicroelectronics.FP-SNS-MOTENV1.5.0.0
2025-08-11 14:11:37,253 [WARN] PackLoader:240 - Cannot read IP mode file for wolfSSL.I-CUBE-wolfMQTT.1.19.0
2025-08-11 14:11:37,296 [WARN] PackLoader:240 - Cannot read IP mode file for WES.I-CUBE-Cesium.1.3.0
2025-08-11 14:11:37,473 [WARN] PackLoader:240 - Cannot read IP mode file for STMicroelectronics.X-CUBE-BLE2.3.3.0
2025-08-11 14:11:37,486 [WARN] PackLoader:240 - Cannot read IP mode file for STMicroelectronics.X-CUBE-NFC9.1.0.0
2025-08-11 14:11:37,501 [WARN] PackLoader:240 - Cannot read IP mode file for STMicroelectronics.X-CUBE-BLE1.7.1.0
2025-08-11 14:11:37,517 [WARN] PackLoader:240 - Cannot read IP mode file for STMicroelectronics.X-CUBE-EEPRMA1.5.2.0
2025-08-11 14:11:37,526 [WARN] PackLoader:240 - Cannot read IP mode file for STMicroelectronics.X-CUBE-AI.10.1.0
2025-08-11 14:11:37,638 [WARN] PackLoader:240 - Cannot read IP mode file for STMicroelectronics.X-CUBE-MEMS1.11.2.0
2025-08-11 14:11:37,851 [WARN] PackLoader:240 - Cannot read IP mode file for STMicroelectronics.X-CUBE-AZRTOS-G0.1.1.0
2025-08-11 14:11:37,865 [WARN] PackLoader:240 - Cannot read IP mode file for STMicroelectronics.X-CUBE-SAFEA1.1.2.2
2025-08-11 14:11:37,877 [WARN] PackLoader:240 - Cannot read IP mode file for STMicroelectronics.X-CUBE-NFC4.3.0.0
2025-08-11 14:11:37,907 [WARN] PackLoader:240 - Cannot read IP mode file for EmbeddedOffice.I-CUBE-FS-RTOS.1.0.1
2025-08-11 14:11:37,919 [WARN] PackLoader:240 - Cannot read IP mode file for STMicroelectronics.X-CUBE-WB05N.2.0.0
2025-08-11 14:11:37,934 [WARN] PackLoader:240 - Cannot read IP mode file for STMicroelectronics.X-CUBE-TCPP.4.2.0
2025-08-11 14:11:37,950 [WARN] PackLoader:240 - Cannot read IP mode file for RealThread.X-CUBE-RT-Thread_Nano.4.1.1
2025-08-11 14:11:37,959 [WARN] PackLoader:240 - Cannot read IP mode file for STMicroelectronics.FP-ATR-SIGFOX1.3.2.0
2025-08-11 14:11:37,971 [WARN] ConditionMgr:438 - getConditionDescription Invalid condition id : Cortex-A Device cause : null
2025-08-11 14:11:37,992 [WARN] ConditionMgr:1044 - genDependencies : Invalid condition id : Cortex-A Device cause : null
2025-08-11 14:11:37,992 [WARN] ConditionMgr:1044 - genDependencies : Invalid condition id : Cortex-A Device cause : null
2025-08-11 14:11:37,993 [WARN] ConditionMgr:1044 - genDependencies : Invalid condition id : Cortex-A Device cause : null
2025-08-11 14:11:38,011 [WARN] PackLoader:240 - Cannot read IP mode file for STMicroelectronics.X-CUBE-EEPRMA1.5.1.0
2025-08-11 14:11:38,025 [WARN] PackLoader:240 - Cannot read IP mode file for wolfSSL.I-CUBE-wolfSSL.5.7.4
2025-08-11 14:11:38,037 [WARN] PackLoader:240 - Cannot read IP mode file for ITTIA_DB.I-CUBE-ITTIADB.8.9.0
2025-08-11 14:11:38,052 [WARN] PackLoader:240 - Cannot read IP mode file for STMicroelectronics.X-CUBE-ST67W61.1.0.0
2025-08-11 14:11:38,064 [WARN] PackLoader:240 - Cannot read IP mode file for STMicroelectronics.X-CUBE-AI.10.2.0
2025-08-11 14:11:38,134 [WARN] PackLoader:240 - Cannot read IP mode file for SEGGER.I-CUBE-embOS.1.3.1
2025-08-11 14:11:38,225 [WARN] PackLoader:240 - Cannot read IP mode file for STMicroelectronics.X-CUBE-ALGOBUILD.1.4.0
2025-08-11 14:11:38,361 [WARN] PackLoader:240 - Cannot read IP mode file for STMicroelectronics.X-CUBE-MEMS1.11.3.0
2025-08-11 14:11:38,624 [WARN] PackLoader:240 - Cannot read IP mode file for STMicroelectronics.X-CUBE-AI.9.1.0
2025-08-11 14:11:38,634 [WARN] PackLoader:240 - Cannot read IP mode file for STMicroelectronics.X-CUBE-PM33A1.1.0.0
2025-08-11 14:11:38,676 [WARN] PackLoader:240 - Cannot read IP mode file for STMicroelectronics.X-CUBE-AZRTOS-F4.1.1.0
2025-08-11 14:11:38,765 [WARN] PackLoader:240 - Cannot read IP mode file for Avnet-IotConnect.X-CUBE-IoTC-DA16k-PMOD.1.0.0
2025-08-11 14:11:38,808 [WARN] PackLoader:240 - Cannot read IP mode file for STMicroelectronics.X-CUBE-ISPU.2.1.0
2025-08-11 14:11:38,870 [WARN] PackLoader:240 - Cannot read IP mode file for STMicroelectronics.X-CUBE-NFC12.1.0.0
2025-08-11 14:11:38,924 [WARN] PackLoader:240 - Cannot read IP mode file for STMicroelectronics.X-CUBE-AZRTOS-L5.2.0.0
2025-08-11 14:11:38,944 [WARN] PackLoader:240 - Cannot read IP mode file for STMicroelectronics.X-CUBE-NFC6.3.1.0
2025-08-11 14:11:38,968 [WARN] PackLoader:240 - Cannot read IP mode file for STMicroelectronics.X-CUBE-DPower.1.2.0
2025-08-11 14:11:38,983 [WARN] PackLoader:240 - Cannot read IP mode file for STMicroelectronics.X-CUBE-FREERTOS.1.3.1
2025-08-11 14:11:38,993 [WARN] PackLoader:240 - Cannot read IP mode file for STMicroelectronics.X-CUBE-FREERTOS.1.3.0
2025-08-11 14:11:39,012 [WARN] PackLoader:240 - Cannot read IP mode file for STMicroelectronics.X-CUBE-NFC7.1.0.1
2025-08-11 14:11:39,029 [WARN] PackLoader:240 - Cannot read IP mode file for STMicroelectronics.FP-SNS-STAIOTCFT.1.0.0
2025-08-11 14:11:39,042 [WARN] PackLoader:240 - Cannot read IP mode file for STMicroelectronics.X-CUBE-DPower.1.3.0
2025-08-11 14:11:39,083 [WARN] ConditionMgr:438 - getConditionDescription Invalid condition id : LAN8742 Phy interface Condition cause : null
2025-08-11 14:11:39,084 [WARN] PackLoader:240 - Cannot read IP mode file for STMicroelectronics.X-CUBE-AZRTOS-L4.2.0.0
2025-08-11 14:11:39,086 [WARN] ConditionMgr:1044 - genDependencies : Invalid condition id : LAN8742 Phy interface Condition cause : null
2025-08-11 14:11:39,087 [WARN] ConditionMgr:1044 - genDependencies : Invalid condition id : LAN8742 Phy interface Condition cause : null
2025-08-11 14:11:39,088 [WARN] ConditionMgr:1044 - genDependencies : Invalid condition id : LAN8742 Phy interface Condition cause : null
2025-08-11 14:11:39,105 [WARN] PackLoader:240 - Cannot read IP mode file for STMicroelectronics.X-CUBE-SFXS2LP1.4.0.0
2025-08-11 14:11:39,143 [WARN] PackLoader:240 - Cannot read IP mode file for STMicroelectronics.X-CUBE-AZRTOS-H7.3.3.0
2025-08-11 14:11:39,158 [INFO] WebApp:463 - Apply proxy settings
2025-08-11 14:11:39,160 [INFO] WebApp:548 - Chromium requires no authentication
2025-08-11 14:11:39,173 [WARN] PackLoader:240 - Cannot read IP mode file for STMicroelectronics.X-CUBE-BLEMGR.4.1.0
2025-08-11 14:11:39,189 [INFO] WebApp:491 - Direct internet connection detected
2025-08-11 14:11:39,202 [WARN] PackLoader:240 - Cannot read IP mode file for STMicroelectronics.X-CUBE-IPS.3.0.0
2025-08-11 14:11:39,232 [WARN] ConditionMgr:438 - getConditionDescription Invalid condition id : UX DEVICE CLASS RTOS Condition cause : null
2025-08-11 14:11:39,233 [WARN] ConditionMgr:438 - getConditionDescription Invalid condition id : UX DEVICE CLASS RTOS Condition cause : null
2025-08-11 14:11:39,237 [WARN] PackLoader:240 - Cannot read IP mode file for STMicroelectronics.X-CUBE-AZRTOS-WB.2.0.0
2025-08-11 14:11:39,238 [WARN] ConditionMgr:1044 - genDependencies : Invalid condition id : UX DEVICE CLASS RTOS Condition cause : null
2025-08-11 14:11:39,239 [WARN] ConditionMgr:1044 - genDependencies : Invalid condition id : UX DEVICE CLASS RTOS Condition cause : null
2025-08-11 14:11:39,239 [WARN] ConditionMgr:1044 - genDependencies : Invalid condition id : UX DEVICE CLASS RTOS Condition cause : null
2025-08-11 14:11:39,240 [WARN] ConditionMgr:1044 - genDependencies : Invalid condition id : UX DEVICE CLASS RTOS Condition cause : null
2025-08-11 14:11:39,240 [WARN] ConditionMgr:1044 - genDependencies : Invalid condition id : UX DEVICE CLASS RTOS Condition cause : null
2025-08-11 14:11:39,252 [WARN] PackLoader:240 - Cannot read IP mode file for STMicroelectronics.X-CUBE-GNSS1.7.0.1
2025-08-11 14:11:39,266 [WARN] PackLoader:240 - Cannot read IP mode file for STMicroelectronics.X-CUBE-TOUCHGFX.4.25.0
2025-08-11 14:11:39,278 [INFO] WebApp:900 - Register for checkConnection events
2025-08-11 14:11:39,279 [INFO] WebApp:463 - Apply proxy settings
2025-08-11 14:11:39,279 [INFO] WebApp:548 - Chromium requires no authentication
2025-08-11 14:11:39,279 [WARN] PackLoader:240 - Cannot read IP mode file for STMicroelectronics.FP-SNS-STBOX1.2.0.0
2025-08-11 14:11:39,280 [INFO] WebApp:491 - Direct internet connection detected
2025-08-11 14:11:39,304 [WARN] PackLoader:240 - Cannot read IP mode file for STMicroelectronics.X-CUBE-SUBG2.5.0.0
2025-08-11 14:11:39,344 [WARN] PackLoader:240 - Cannot read IP mode file for STMicroelectronics.X-CUBE-AZRTOS-H7RS.1.1.0
2025-08-11 14:11:39,359 [WARN] PackLoader:240 - Cannot read IP mode file for Cesanta.I-CUBE-Mongoose.7.13.0
2025-08-11 14:11:39,384 [WARN] PackLoader:240 - Cannot read IP mode file for STMicroelectronics.X-CUBE-AZRTOS-G4.2.0.0
2025-08-11 14:11:39,393 [WARN] PackLoader:240 - Cannot read IP mode file for STMicroelectronics.X-CUBE-NFC7.2.0.0
2025-08-11 14:11:39,411 [WARN] PackLoader:240 - Cannot read IP mode file for STMicroelectronics.X-CUBE-IPS.3.1.0
2025-08-11 14:11:39,432 [WARN] PackLoader:240 - Cannot read IP mode file for STMicroelectronics.X-CUBE-ALS.1.0.2
2025-08-11 14:11:39,458 [WARN] PackLoader:240 - Cannot read IP mode file for STMicroelectronics.X-CUBE-TOUCHGFX.4.24.0
2025-08-11 14:11:39,565 [INFO] WebApp:191 - Connection restablished
2025-08-11 14:11:39,769 [WARN] PackLoader:240 - Cannot read IP mode file for STMicroelectronics.X-CUBE-TOUCHGFX.4.24.2
2025-08-11 14:11:40,627 [WARN] PackLoader:240 - Cannot read IP mode file for STMicroelectronics.X-CUBE-TOUCHGFX.4.24.1
2025-08-11 14:11:40,663 [WARN] PackLoader:240 - Cannot read IP mode file for wolfSSL.I-CUBE-wolfTPM.3.4.0
2025-08-11 14:11:40,811 [WARN] PackLoader:240 - Cannot read IP mode file for portGmbH.I-Cube-SoM-uGOAL.1.1.0
2025-08-11 14:11:40,889 [WARN] PackLoader:240 - Cannot read IP mode file for STMicroelectronics.X-CUBE-AZRTOS-H7RS.1.0.0
2025-08-11 14:11:40,957 [WARN] PackLoader:240 - Cannot read IP mode file for STMicroelectronics.X-CUBE-TOF1.3.4.2
2025-08-11 14:11:41,024 [WARN] PackLoader:240 - Cannot read IP mode file for STMicroelectronics.X-CUBE-TOF1.3.4.3
2025-08-11 14:11:41,062 [INFO] WebApp:225 - Starting web application
2025-08-11 14:11:41,063 [INFO] WebApp:593 - Web application path used C:\ST\STM32CubeIDE_1.16.1\STM32CubeIDE\plugins\com.st.stm32cube.common.mx_6.15.0.202507011659\db\plugins\mcufinder\reactClient1\index.html
2025-08-11 14:11:41,064 [WARN] PackLoader:240 - Cannot read IP mode file for wolfSSL.I-CUBE-wolfSSH.1.4.17
2025-08-11 14:11:41,065 [INFO] ThirdParty:978 - Integrity check success = true
2025-08-11 14:11:41,065 [INFO] IntegrityCheckThread:100 - exiting critical section [integrity check]
2025-08-11 14:11:41,065 [INFO] IntegrityCheckThread:103 - End integrity checks thread
2025-08-11 14:11:41,577 [INFO] UserAuth:487 - Internet connection configuration mode: 1
2025-08-11 16:16:01,769 [INFO] McuFinderGlobals:63 - Set McuFinder mode to 2 (CubeIDE integrated)
2025-08-11 16:16:01,784 [INFO] MainUpdater:2872 - connection check result : 10
2025-08-11 16:16:01,786 [INFO] MainUpdater:2872 - connection check result : 10
2025-08-11 16:16:01,886 [INFO] MicroXplorer:468 - Change Database Path : 
2025-08-11 16:16:01,887 [INFO] MicroXplorer:498 - Change Database Version : DB.6.0.150
2025-08-11 16:16:01,900 [WARN] ThirdParty:871 - waiting for thirdparty lock release [close project]
2025-08-11 16:16:01,900 [INFO] ThirdParty:873 - entering critical section [close project]
2025-08-11 16:16:01,906 [INFO] ThirdParty:883 - exiting critical section [close project]
2025-08-11 16:16:01,916 [INFO] PinOutPanel:1589 - setPackage(No Configuration,No Configuration)
2025-08-11 16:16:01,925 [INFO] UtilMem:75 - Begin LoadConfig() Used Memory: 182066040 Bytes (489684992)
2025-08-11 16:16:01,932 [INFO] MicroXplorer:468 - Change Database Path : 
2025-08-11 16:16:01,932 [INFO] MicroXplorer:498 - Change Database Version : DB.6.0.150
2025-08-11 16:16:01,933 [INFO] OpenFileManager:355 - Change cursor
2025-08-11 16:16:02,060 [INFO] Mcu:2029 - Initializing MCU STM32F446R(C-E)Tx STM32F446RETx STM32F446RET6
2025-08-11 16:16:06,263 [INFO] Context:786 - Trying to add GPIOservice into a context  which must be forbidden
2025-08-11 16:16:07,380 [INFO] ImportTextPane:234 - (OptionalMessage_ERROR) Pin34 (VP_RIF_VS_RIF1) cannot be retrieved for this MCU
2025-08-11 16:16:07,587 [INFO] RtosManager:558 - Registered RTOS mode: class=CMSIS, group=RTOS, mode=CMSIS_V1, owner=FREERTOS
2025-08-11 16:16:07,591 [INFO] RtosManager:558 - Registered RTOS mode: class=CMSIS, group=RTOS2, mode=CMSIS_V2, owner=FREERTOS
2025-08-11 16:16:07,591 [INFO] RtosManager:558 - Registered RTOS mode: class=RTOS, group=Core, mode=CMSIS_V1, owner=FREERTOS
2025-08-11 16:16:07,591 [INFO] RtosManager:558 - Registered RTOS mode: class=RTOS, group=Core, mode=CMSIS_V2, owner=FREERTOS
2025-08-11 16:16:07,591 [WARN] ModelIntegratedComponent:184 - Missing modes for component STMicroelectronics:FreeRTOS:0.0.1:STMicroelectronics:RTOS:FreeRTOS:Core:::10.2.0:
2025-08-11 16:16:07,612 [WARN] ModelIntegratedComponent:63 - No mode defined for component null
2025-08-11 16:16:07,612 [WARN] ModelIntegratedComponent:63 - No mode defined for component null
2025-08-11 16:16:07,612 [WARN] ModelIntegratedComponent:63 - No mode defined for component null
2025-08-11 16:16:07,612 [WARN] ModelIntegratedComponent:63 - No mode defined for component null
2025-08-11 16:16:07,612 [WARN] ModelIntegratedComponent:63 - No mode defined for component null
2025-08-11 16:16:07,612 [WARN] ModelIntegratedComponent:63 - No mode defined for component null
2025-08-11 16:16:07,612 [WARN] ModelIntegratedComponent:63 - No mode defined for component null
2025-08-11 16:16:07,612 [WARN] ModelIntegratedComponent:63 - No mode defined for component null
2025-08-11 16:16:07,612 [WARN] ModelIntegratedComponent:63 - No mode defined for component null
2025-08-11 16:16:07,612 [WARN] ModelIntegratedComponent:63 - No mode defined for component null
2025-08-11 16:16:07,612 [WARN] ModelIntegratedComponent:63 - No mode defined for component null
2025-08-11 16:16:07,612 [WARN] ModelIntegratedComponent:63 - No mode defined for component null
2025-08-11 16:16:07,612 [WARN] ModelIntegratedComponent:63 - No mode defined for component null
2025-08-11 16:16:07,612 [WARN] ModelIntegratedComponent:63 - No mode defined for component null
2025-08-11 16:16:07,612 [WARN] ModelIntegratedComponent:63 - No mode defined for component null
2025-08-11 16:16:07,612 [WARN] ModelIntegratedComponent:63 - No mode defined for component null
2025-08-11 16:16:07,612 [WARN] ModelIntegratedComponent:63 - No mode defined for component null
2025-08-11 16:16:07,612 [WARN] ModelIntegratedComponent:63 - No mode defined for component null
2025-08-11 16:16:07,612 [WARN] ModelIntegratedComponent:63 - No mode defined for component null
2025-08-11 16:16:07,612 [WARN] ModelIntegratedComponent:63 - No mode defined for component null
2025-08-11 16:16:07,612 [WARN] ModelIntegratedComponent:63 - No mode defined for component null
2025-08-11 16:16:07,612 [WARN] ModelIntegratedComponent:63 - No mode defined for component null
2025-08-11 16:16:07,612 [WARN] ModelIntegratedComponent:63 - No mode defined for component null
2025-08-11 16:16:07,612 [WARN] ModelIntegratedComponent:63 - No mode defined for component null
2025-08-11 16:16:07,612 [WARN] ModelIntegratedComponent:63 - No mode defined for component null
2025-08-11 16:16:07,616 [WARN] ModelIntegratedComponent:63 - No mode defined for component null
2025-08-11 16:16:07,616 [WARN] ModelIntegratedComponent:63 - No mode defined for component null
2025-08-11 16:16:07,616 [WARN] ModelIntegratedComponent:63 - No mode defined for component null
2025-08-11 16:16:07,616 [WARN] ModelIntegratedComponent:63 - No mode defined for component null
2025-08-11 16:16:07,616 [WARN] ModelIntegratedComponent:63 - No mode defined for component null
2025-08-11 16:16:07,616 [WARN] ModelIntegratedComponent:63 - No mode defined for component null
2025-08-11 16:16:07,616 [WARN] ModelIntegratedComponent:63 - No mode defined for component null
2025-08-11 16:16:07,616 [WARN] ModelIntegratedComponent:63 - No mode defined for component null
2025-08-11 16:16:07,616 [WARN] ModelIntegratedComponent:63 - No mode defined for component null
2025-08-11 16:16:07,616 [WARN] ModelIntegratedComponent:63 - No mode defined for component null
2025-08-11 16:16:07,616 [WARN] ModelPack:524 - Component already loaded: STMicroelectronics:HAL Drivers:0.0.0:STMicroelectronics:Device:STMicro_Driver:XSPI:HAL::0.0.1:HAL_XSPI
2025-08-11 16:16:08,069 [INFO] ThirdPartyModel:298 - Start build external matchings
2025-08-11 16:16:09,397 [INFO] ThirdPartyModel:316 - End build external matchings
2025-08-11 16:16:10,066 [INFO] ApiDb:581 - Connected to CubeFinder SQLite database (C:\Users\kjeya\.stmcufinder\plugins\mcufinder\mcu\cube-finder-db.db)
2025-08-11 16:16:10,194 [INFO] ApiDb:668 - CubeFinder database Data Model version=2.1
2025-08-11 16:16:10,194 [INFO] ApiDb:669 - CubeFinder database Configuration version=3.0.39
2025-08-11 16:16:10,195 [INFO] ApiDb:670 - CubeFinder database generation date=2025-07-24 (1753349077)
2025-08-11 16:16:10,196 [INFO] ApiDb:671 - CubeFinder database FW Pack versions=[FP-ATR-ASTRA1_V2.0.0, FP-SNS-FLIGHT1_V5.1.0, FP-SNS-MOTENV1_V5.0.0, FP-SNS-MOTENVWB1_V1.4.0, FP-SNS-SMARTAG2_V1.2.0, FP-SNS-STBOX1_V2.0.0, STM32Cube_FW_C0_V1.4.0, STM32Cube_FW_F4_V1.28.2, STM32Cube_FW_F7_V1.17.3, STM32Cube_FW_G0_V1.6.2, STM32Cube_FW_G4_V1.6.1, STM32Cube_FW_H5_V1.5.0, STM32Cube_FW_H7RS_V1.2.0, STM32Cube_FW_H7_V1.12.1, STM32Cube_FW_L0_V1.12.2, STM32Cube_FW_L4_V1.18.1, STM32Cube_FW_L5_V1.5.1, STM32Cube_FW_N6_V1.2.0, STM32Cube_FW_U0_V1.3.0, STM32Cube_FW_U3_V1.2.0, STM32Cube_FW_U5_V1.8.0, STM32Cube_FW_WB0_V1.3.0, STM32Cube_FW_WBA_V1.7.0, STM32Cube_FW_WB_V1.23.0, STM32Cube_FW_WL3_V1.2.0, STM32Cube_FW_WL_V1.3.1, X-CUBE-ALGOBUILD_V1.4.0, X-CUBE-ALS_V1.0.2, X-CUBE-AZRTOS-F4_V1.1.0, X-CUBE-AZRTOS-F7_V1.1.0, X-CUBE-AZRTOS-G0_V1.1.0, X-CUBE-AZRTOS-G4_V2.0.0, X-CUBE-AZRTOS-H7RS_V1.1.0, X-CUBE-AZRTOS-H7_V3.4.0, X-CUBE-AZRTOS-L4_V2.0.0, X-CUBE-AZRTOS-L5_V2.0.0, X-CUBE-AZRTOS-WB_V2.0.0, X-CUBE-AZRTOS-WL_V2.0.0, X-CUBE-BLE1_V7.1.0, X-CUBE-BLE2_V3.3.0, X-CUBE-BLEMGR_V4.1.0, X-CUBE-EEPRMA1_V5.2.0, X-CUBE-FREERTOS_V1.3.1, X-CUBE-GNSS1_V6.0.0, X-CUBE-MEMS1_V11.3.0, X-CUBE-NFC4_V3.0.0, X-CUBE-NFC7_V2.0.0, X-CUBE-SFXS2LP1_V4.0.0, X-CUBE-ST67W61_V1.0.0, X-CUBE-SUBG2_V5.0.0, X-CUBE-TOF1_V3.4.3]
2025-08-11 16:16:10,333 [INFO] DbBoardsSqlite:226 - include board P-NUCLEO-WB55-NUCLEO as a kit item of type 'Nucleo-64'
2025-08-11 16:16:10,333 [INFO] DbBoardsSqlite:226 - include board P-NUCLEO-WB55-USBDONGLE as a kit item of type 'Nucleo USB Dongle'
2025-08-11 16:16:10,334 [INFO] DbBoardsSqlite:226 - include board STEVAL-IDP005V1 as a kit item of type 'Evaluation Board'
2025-08-11 16:16:10,334 [INFO] DbBoardsSqlite:226 - include board STEVAL-IDP005V2 as a kit item of type 'Evaluation Board'
2025-08-11 16:16:10,810 [INFO] ApiDb:240 - Found 880 in-development CPN: [B-G473E-ZEST1S, B-WB1M-WPAN1, B-WBA5M-WPAN, B-WL5M-SUBG1, NUCLEO-C031C6, NUCLEO-C051C8, NUCLEO-C071RB, NUCLEO-C092RC, NUCLEO-H503RB, NUCLEO-H533RE, NUCLEO-H563ZI, NUCLEO-H7S3L8, NUCLEO-N657X0-Q, NUCLEO-U031R8, NUCLEO-U083RC, NUCLEO-U385RG-Q, NUCLEO-U545RE-Q, NUCLEO-U5A5ZJ-Q, NUCLEO-WB05KZ, NUCLEO-WB07CC, NUCLEO-WB09KE, NUCLEO-WBA52CG, NUCLEO-WBA55CG, NUCLEO-WL33CC1, NUCLEO-WL33CC2, STEVAL-PROTEUS1, STEVAL-SMARTAG2, STEVAL-STWINBX1, STM320518-EVAL, STM32C0116-DK, STM32C011D6Y3TR, STM32C011D6Y6TR, STM32C011F4P3, STM32C011F4P6, STM32C011F4U3, STM32C011F4U6TR, STM32C011F6P3, STM32C011F6P6, STM32C011F6U3, STM32C011F6U6TR, STM32C011J4M3, STM32C011J4M6, STM32C011J6M3, STM32C011J6M6, STM32C0316-DK, STM32C031C4T3, STM32C031C4T6, STM32C031C4U3, STM32C031C4U6, STM32C031C6T3, STM32C031C6T6, STM32C031C6U3, STM32C031C6U6, STM32C031F4P3, STM32C031F4P6, STM32C031F6P3, STM32C031F6P6, STM32C031G4U3, STM32C031G4U6, STM32C031G6U3, STM32C031G6U6, STM32C031K4T3, STM32C031K4T6, STM32C031K4U3, STM32C031K4U6, STM32C031K6T3, STM32C031K6T6, STM32C031K6U3, STM32C031K6U6, STM32C051C6T6, STM32C051C6U6, STM32C051C8T6, STM32C051C8U6, STM32C051D8Y6TR, STM32C051F6P6, STM32C051F8P6, STM32C051G6U6, STM32C051G8U6, STM32C051K6T6, STM32C051K6U6, STM32C051K8T6, STM32C071C8T6, STM32C071C8T6N, STM32C071C8U6, STM32C071C8U6N, STM32C071CBT6, STM32C071CBT6N, STM32C071CBU6, STM32C071CBU6N, STM32C071F8P6, STM32C071F8P6N, STM32C071FBP6, STM32C071FBP6N, STM32C071FBY6TR, STM32C071G8U6, STM32C071G8U6N, STM32C071GBU6, STM32C071GBU6N, STM32C071K8T6, STM32C071K8T6N, STM32C071K8U6, STM32C071K8U6N, STM32C071KBT6, STM32C071KBT6N, STM32C071KBU6, STM32C071KBU6N, STM32C071R8T6, STM32C071R8T6N, STM32C071RBI6N, STM32C071RBT6, STM32C071RBT6N, STM32C091CBT6, STM32C091CBU6, STM32C091CCT6, STM32C091CCU6, STM32C091ECY6TR, STM32C091FBP6, STM32C091FCP6, STM32C091GBU6, STM32C091GCU6, STM32C091KBT6, STM32C091KBU6, STM32C091KCT6, STM32C091KCU6, STM32C091RBT6, STM32C091RCI6, STM32C091RCT6, STM32C092CBT6, STM32C092CBU6, STM32C092CCT6, STM32C092CCU6, STM32C092ECY6TR, STM32C092FBP6, STM32C092FCP6, STM32C092GBU6, STM32C092GCU6, STM32C092KBT6, STM32C092KBU6, STM32C092KCT6, STM32C092KCU6, STM32C092RBT6, STM32C092RCI6, STM32C092RCT6, STM32G071K8TXN, STM32G071K8UXN, STM32G081GBU6N, STM32G081KBT6N, STM32G081KBUXN, STM32G0B1CCT6N, STM32G0B1KCT6, STM32G0B1NEY6TR, STM32G0B1RCT6N, STM32G0C1CCT6, STM32G0C1CCT6N, STM32G0C1CCU6N, STM32G0C1CET6N, STM32G0C1CEU6N, STM32G0C1KCT6, STM32G0C1NEY6TR, STM32G0C1RCI6N, STM32G0C1RCT6N, STM32G0C1REI6N, STM32G0C1RET6N, STM32G0C1VCI6, STM32G0C1VEI6, STM32G411C6T3, STM32G411C6T6, STM32G411C6U3, STM32G411C6U6, STM32G411C8T3, STM32G411C8T6, STM32G411C8U3, STM32G411C8U6, STM32G411CBT3, STM32G411CBT6, STM32G411CBU3, STM32G411CBU6, STM32G411K6T3, STM32G411K6T6, STM32G411K6U3, STM32G411K6U6, STM32G411K8T3, STM32G411K8T6, STM32G411K8U3, STM32G411K8U6, STM32G411KBT3, STM32G411KBT6, STM32G411KBU3, STM32G411KBU6, STM32G411M6T3, STM32G411M6T6, STM32G411M8T3, STM32G411M8T6, STM32G411MBT3, STM32G411MBT6, STM32G411R6T3, STM32G411R6T6, STM32G411R8T3, STM32G411R8T6, STM32G411RBT3, STM32G411RBT6, STM32G414CBT3, STM32G414CBT6, STM32G414CBU3, STM32G414CBU6, STM32G414CCT3, STM32G414CCT6, STM32G414CCU3, STM32G414CCU6, STM32G414MBT3, STM32G414MBT6, STM32G414MCT3, STM32G414MCT6, STM32G414RBT3, STM32G414RBT6, STM32G414RCT3, STM32G414RCT6, STM32G414VBT3, STM32G414VBT6, STM32G414VCT3, STM32G414VCT6, STM32G431CBT3Z, STM32G431RBT3Z, STM32G471CCT6, STM32G471CCU6, STM32G471CET3, STM32G471CET6, STM32G471CEU3, STM32G471CEU6, STM32G471MCT6, STM32G471MET3, STM32G471MET6, STM32G471MEY6TR, STM32G471QCT6, STM32G471QET3, STM32G471RCT6, STM32G471RET3, STM32G471RET6, STM32G471VCH6, STM32G471VCI6, STM32G471VCT6, STM32G471VEH3, STM32G471VEH6, STM32G471VEI3, STM32G471VEI6, STM32G471VET3, STM32G471VET6, STM32G473QET3Z, STM32G473RET3Z, STM32G474CCT6, STM32G491RET3Z, STM32H503CBT6, STM32H503CBU6, STM32H503EBY6TR, STM32H503KBU6, STM32H503RBT6, STM32H523CCT6, STM32H523CCU6, STM32H523CET6, STM32H523CEU6, STM32H523HEY6TR, STM32H523RCT6, STM32H523RET6, STM32H523VCI6, STM32H523VCT6, STM32H523VEI6, STM32H523VET6, STM32H523ZCJ6, STM32H523ZCT6, STM32H523ZEJ6, STM32H523ZET6, STM32H533CET6, STM32H533CEU6, STM32H533HEY6TR, STM32H533RET6, STM32H533VEI6, STM32H533VET6, STM32H533ZEJ6, STM32H533ZET6, STM32H562AGI6, STM32H562AII6, STM32H562IGK6, STM32H562IGT6, STM32H562IIK6, STM32H562IIT6, STM32H562RGT6, STM32H562RGV6, STM32H562RIT6, STM32H562RIV6, STM32H562VGT6, STM32H562VIT6, STM32H562ZGT6, STM32H562ZIT6, STM32H563AGI6, STM32H563AII3Q, STM32H563AII6, STM32H563IGK6, STM32H563IGT6, STM32H563IIK3Q, STM32H563IIK6, STM32H563IIT3Q, STM32H563IIT6, STM32H563MIY3QTR, STM32H563RGT6, STM32H563RGV6, STM32H563RIT6, STM32H563RIV6, STM32H563VGT6, STM32H563VIT3Q, STM32H563VIT6, STM32H563ZGT6, STM32H563ZIT3Q, STM32H563ZIT6, STM32H573AII3Q, STM32H573AII6, STM32H573I-DK, STM32H573IIK3Q, STM32H573IIK6, STM32H573IIT3Q, STM32H573IIT6, STM32H573MIY3QTR, STM32H573RIT6, STM32H573RIV6, STM32H573VIT3Q, STM32H573VIT6, STM32H573ZIT3Q, STM32H573ZIT6, STM32H7R3A8I6, STM32H7R3I8K6, STM32H7R3I8T6, STM32H7R3L8H6, STM32H7R3L8H6H, STM32H7R3R8V6, STM32H7R3V8H6, STM32H7R3V8T6, STM32H7R3V8Y6TR, STM32H7R3Z8J6, STM32H7R3Z8T6, STM32H7R7A8I6, STM32H7R7I8K6, STM32H7R7I8T6, STM32H7R7L8H6, STM32H7R7L8H6H, STM32H7R7Z8J6, STM32H7S3A8I6, STM32H7S3I8K6, STM32H7S3I8T6, STM32H7S3L8H6, STM32H7S3L8H6H, STM32H7S3R8V6, STM32H7S3V8H6, STM32H7S3V8T6, STM32H7S3V8Y6TR, STM32H7S3Z8J6, STM32H7S3Z8T6, STM32H7S78-DK, STM32H7S7A8I6, STM32H7S7I8K6, STM32H7S7I8T6, STM32H7S7L8H6, STM32H7S7L8H6H, STM32H7S7Z8J6, STM32L4R5QGI6STR, STM32MP131AAE3, STM32MP131AAF3, STM32MP131AAG3, STM32MP131CAE3, STM32MP131CAF3, STM32MP131CAG3, STM32MP131DAE7, STM32MP131DAF7, STM32MP131DAG7, STM32MP131FAE7, STM32MP131FAF7, STM32MP131FAG7, STM32MP133AAE3, STM32MP133AAF3, STM32MP133AAG3, STM32MP133CAE3, STM32MP133CAF3, STM32MP133CAG3, STM32MP133DAE7, STM32MP133DAF7, STM32MP133DAG7, STM32MP133FAE7, STM32MP133FAF7, STM32MP133FAG7, STM32MP135AAE3, STM32MP135AAF3, STM32MP135AAG3, STM32MP135CAE3, STM32MP135CAF3, STM32MP135CAG3, STM32MP135DAE7, STM32MP135DAF7, STM32MP135DAG7, STM32MP135F-DK, STM32MP135FAE7, STM32MP135FAF7, STM32MP135FAF7T, STM32MP135FAF7U, STM32MP135FAG7, STM32MP211AAL3, STM32MP211AAM3, STM32MP211AAN3, STM32MP211AAO3, STM32MP211CAL3, STM32MP211CAM3, STM32MP211CAN3, STM32MP211CAO3, STM32MP211DAL3, STM32MP211DAM3, STM32MP211DAN3, STM32MP211DAO3, STM32MP211FAL3, STM32MP211FAM3, STM32MP211FAN3, STM32MP211FAO3, STM32MP213AAL3, STM32MP213AAM3, STM32MP213AAN3, STM32MP213AAO3, STM32MP213CAL3, STM32MP213CAM3, STM32MP213CAN3, STM32MP213CAO3, STM32MP213DAL3, STM32MP213DAM3, STM32MP213DAN3, STM32MP213DAO3, STM32MP213FAL3, STM32MP213FAM3, STM32MP213FAN3, STM32MP213FAO3, STM32MP215AAL3, STM32MP215AAM3, STM32MP215AAN3, STM32MP215AAO3, STM32MP215CAL3, STM32MP215CAM3, STM32MP215CAN3, STM32MP215CAO3, STM32MP215DAL3, STM32MP215DAM3, STM32MP215DAN3, STM32MP215DAO3, STM32MP215F-DK, STM32MP215FAL3, STM32MP215FAM3, STM32MP215FAN3, STM32MP215FAO3, STM32MP231AAJ3, STM32MP231AAK3, STM32MP231AAL3, STM32MP231CAJ3, STM32MP231CAK3, STM32MP231CAL3, STM32MP231DAJ3, STM32MP231DAK3, STM32MP231DAL3, STM32MP231FAJ3, STM32MP231FAK3, STM32MP231FAL3, STM32MP233AAJ3, STM32MP233AAK3, STM32MP233AAL3, STM32MP233CAJ3, STM32MP233CAK3, STM32MP233CAL3, STM32MP233DAJ3, STM32MP233DAK3, STM32MP233DAL3, STM32MP233FAJ3, STM32MP233FAK3, STM32MP233FAL3, STM32MP235AAJ3, STM32MP235AAK3, STM32MP235AAL3, STM32MP235CAJ3, STM32MP235CAK3, STM32MP235CAL3, STM32MP235DAJ3, STM32MP235DAK3, STM32MP235DAL3, STM32MP235FAJ3, STM32MP235FAK3, STM32MP235FAL3, STM32MP251AAI3, STM32MP251AAK3, STM32MP251AAL3, STM32MP251CAI3, STM32MP251CAK3, STM32MP251CAL3, STM32MP251DAI3, STM32MP251DAK3, STM32MP251DAL3, STM32MP251FAI3, STM32MP251FAK3, STM32MP251FAL3, STM32MP253AAI3, STM32MP253AAK3, STM32MP253AAL3, STM32MP253CAI3, STM32MP253CAK3, STM32MP253CAL3, STM32MP253DAI3, STM32MP253DAK3, STM32MP253DAL3, STM32MP253FAI3, STM32MP253FAK3, STM32MP253FAL3, STM32MP255AAI3, STM32MP255AAK3, STM32MP255AAL3, STM32MP255CAI3, STM32MP255CAK3, STM32MP255CAL3, STM32MP255DAI3, STM32MP255DAK3, STM32MP255DAL3, STM32MP255FAI3, STM32MP255FAK3, STM32MP255FAL3, STM32MP257AAI3, STM32MP257AAK3, STM32MP257AAL3, STM32MP257CAI3, STM32MP257CAK3, STM32MP257CAL3, STM32MP257DAI3, STM32MP257DAK3, STM32MP257DAL3, STM32MP257F-DK, STM32MP257F-EV1, STM32MP257FAI3, STM32MP257FAK3, STM32MP257FAL3, STM32N645A0H3Q, STM32N645B0H3Q, STM32N645I0H3Q, STM32N645L0H3Q, STM32N645X0H3Q, STM32N645Z0H3Q, STM32N647A0H3Q, STM32N647B0H3Q, STM32N647I0H3Q, STM32N647L0H3Q, STM32N647X0H3Q, STM32N647Z0H3Q, STM32N655A0H3Q, STM32N655B0H3Q, STM32N655I0H3Q, STM32N655L0H3Q, STM32N655X0H3Q, STM32N655Z0H3Q, STM32N6570-DK, STM32N657A0H3Q, STM32N657B0H3Q, STM32N657I0H3Q, STM32N657L0H3Q, STM32N657X0H3Q, STM32N657Z0H3Q, STM32U031C6T6, STM32U031C6U6, STM32U031C8T6, STM32U031C8U6, STM32U031F4P6, STM32U031F6P6, STM32U031F8P6, STM32U031G6Y6TR, STM32U031G8Y6TR, STM32U031K4U6, STM32U031K6U6, STM32U031K8U6, STM32U031R6I6, STM32U031R6T6, STM32U031R8I6, STM32U031R8T6, STM32U073C8T6, STM32U073C8U6, STM32U073CBT6, STM32U073CBU6, STM32U073CCT6, STM32U073CCU6, STM32U073H8Y6TR, STM32U073HBY6TR, STM32U073HCY6TR, STM32U073K8U6, STM32U073KBU6, STM32U073KCU6, STM32U073M8I6, STM32U073M8T6, STM32U073MBI6, STM32U073MBT6, STM32U073MCI6, STM32U073MCT6, STM32U073R8I6, STM32U073R8T6, STM32U073RBI6, STM32U073RBT6, STM32U073RCI6, STM32U073RCT6, STM32U083C-DK, STM32U083CCT6, STM32U083CCU6, STM32U083HCY6TR, STM32U083KCU6, STM32U083MCI6, STM32U083MCT6, STM32U083RCI6, STM32U083RCT6, STM32U375CET6, STM32U375CET6Q, STM32U375CEU6, STM32U375CEU6Q, STM32U375CEY6QTR, STM32U375CGT6, STM32U375CGT6Q, STM32U375CGU6, STM32U375CGU6Q, STM32U375CGY6QTR, STM32U375KEU6, STM32U375KGU6, STM32U375REI6, STM32U375REI6Q, STM32U375RET6, STM32U375RET6Q, STM32U375REY6GTR, STM32U375REY6QTR, STM32U375RGI6, STM32U375RGI6Q, STM32U375RGT6, STM32U375RGT6Q, STM32U375RGY6GTR, STM32U375RGY6QTR, STM32U375VEI6, STM32U375VEI6Q, STM32U375VET6, STM32U375VET6Q, STM32U375VGI6, STM32U375VGI6Q, STM32U375VGT6, STM32U375VGT6Q, STM32U385CGT6, STM32U385CGT6Q, STM32U385CGU6, STM32U385CGU6Q, STM32U385CGY6QTR, STM32U385KGU6, STM32U385RGI6, STM32U385RGI6Q, STM32U385RGT6, STM32U385RGT6Q, STM32U385RGY6GTR, STM32U385RGY6QTR, STM32U385VGI6, STM32U385VGI6Q, STM32U385VGT6, STM32U385VGT6Q, STM32U535CBT6, STM32U535CBT6Q, STM32U535CBU6, STM32U535CBU6Q, STM32U535CCT6, STM32U535CCT6Q, STM32U535CCU6, STM32U535CCU6Q, STM32U535CET6, STM32U535CET6Q, STM32U535CEU6, STM32U535CEU6Q, STM32U535JEY6QTR, STM32U535NCY6QTR, STM32U535NEY6QTR, STM32U535RBI6, STM32U535RBI6Q, STM32U535RBT6, STM32U535RBT6Q, STM32U535RCI6, STM32U535RCI6Q, STM32U535RCT6, STM32U535RCT6Q, STM32U535REI6, STM32U535REI6Q, STM32U535RET6, STM32U535RET6Q, STM32U535VCI6, STM32U535VCI6Q, STM32U535VCT6, STM32U535VCT6Q, STM32U535VEI6, STM32U535VEI6Q, STM32U535VET6, STM32U535VET6Q, STM32U545CET6, STM32U545CET6Q, STM32U545CEU6, STM32U545CEU6Q, STM32U545JEY6QTR, STM32U545NEY6QTR, STM32U545REI6, STM32U545REI6Q, STM32U545RET6, STM32U545RET6Q, STM32U545VEI6, STM32U545VEI6Q, STM32U545VET6, STM32U545VET6Q, STM32U595AIH6, STM32U595AIH6Q, STM32U595AJH6, STM32U595AJH6Q, STM32U595QII6, STM32U595QII6Q, STM32U595QJI6, STM32U595QJI6Q, STM32U595RIT6, STM32U595RIT6Q, STM32U595RJT6, STM32U595RJT6Q, STM32U595VIT6, STM32U595VIT6Q, STM32U595VJT6, STM32U595VJT6Q, STM32U595ZIT6, STM32U595ZIT6Q, STM32U595ZIY6QTR, STM32U595ZJT6, STM32U595ZJT6Q, STM32U595ZJY6QTR, STM32U599BJY6QTR, STM32U599NIH6Q, STM32U599NJH6Q, STM32U599VIT6Q, STM32U599VJT6, STM32U599VJT6Q, STM32U599ZIT6Q, STM32U599ZIY6QTR, STM32U599ZJT6Q, STM32U599ZJY6QTR, STM32U5A5AJH6, STM32U5A5AJH6Q, STM32U5A5QII3Q , STM32U5A5QJI6, STM32U5A5QJI6Q, STM32U5A5RJT6, STM32U5A5RJT6Q, STM32U5A5VJT6, STM32U5A5VJT6Q, STM32U5A5ZJT6, STM32U5A5ZJT6Q, STM32U5A5ZJY6QTR, STM32U5A9BJY6QTR, STM32U5A9J-DK, STM32U5A9NJH6Q, STM32U5A9VJT6Q, STM32U5A9ZJT6Q, STM32U5A9ZJY6QTR, STM32U5F7VIT6, STM32U5F7VIT6Q, STM32U5F7VJT6, STM32U5F7VJT6Q, STM32U5F9BJY6QTR, STM32U5F9NJH6Q, STM32U5F9VIT6Q, STM32U5F9VJT6Q, STM32U5F9ZIJ6QTR, STM32U5F9ZIT6Q, STM32U5F9ZJJ6QTR, STM32U5F9ZJT6Q, STM32U5G7VJT6, STM32U5G7VJT6Q, STM32U5G9BJY6QTR, STM32U5G9J-DK1, STM32U5G9J-DK2, STM32U5G9NJH6Q, STM32U5G9VJT6Q, STM32U5G9ZJJ6QTR, STM32U5G9ZJT6Q, STM32WB05KZV6TR, STM32WB05KZV7TR, STM32WB05TZF6TR, STM32WB05TZF7TR, STM32WB06CCF6TR, STM32WB06CCF7TR, STM32WB06CCV6TR, STM32WB06CCV7TR, STM32WB06KCV6TR, STM32WB06KCV7TR, STM32WB07CCF6TR, STM32WB07CCF7TR, STM32WB07CCV6TR, STM32WB07CCV7TR, STM32WB07KCV6TR, STM32WB07KCV7TR, STM32WB09KEV6TR, STM32WB09KEV7TR, STM32WB09TEF6TR, STM32WB09TEF7TR, STM32WB1MMCH6, STM32WBA50KGU6, STM32WBA50KGU6TR, STM32WBA52CEU6, STM32WBA52CEU6TR, STM32WBA52CEU7, STM32WBA52CEU7TR, STM32WBA52CGU6, STM32WBA52CGU6TR, STM32WBA52CGU6U, STM32WBA52CGU7, STM32WBA52CGU7TR, STM32WBA52KEU6, STM32WBA52KEU6TR, STM32WBA52KGU6, STM32WBA52KGU6TR, STM32WBA54CEU6, STM32WBA54CEU6TR, STM32WBA54CEU7, STM32WBA54CEU7TR, STM32WBA54CGU6, STM32WBA54CGU6TR, STM32WBA54CGU7, STM32WBA54CGU7TR, STM32WBA54KEU6, STM32WBA54KEU6TR, STM32WBA54KEU7, STM32WBA54KEU7TR, STM32WBA54KGU6, STM32WBA54KGU6TR, STM32WBA54KGU7, STM32WBA54KGU7TR, STM32WBA55CEU6, STM32WBA55CEU6TR, STM32WBA55CEU7, STM32WBA55CEU7TR, STM32WBA55CGU6, STM32WBA55CGU6TR, STM32WBA55CGU6U, STM32WBA55CGU7, STM32WBA55CGU7TR, STM32WBA55G-DK1, STM32WBA55HEF6, STM32WBA55HEF7, STM32WBA55HGF6, STM32WBA55HGF7, STM32WBA55UEI6, STM32WBA55UEI6TR, STM32WBA55UEI7, STM32WBA55UEI7TR, STM32WBA55UGI6, STM32WBA55UGI6TR, STM32WBA55UGI7, STM32WBA55UGI7TR, STM32WBA5MMGH6TR, STM32WBA62MGF6, STM32WBA62MIF6, STM32WBA65MGF7, STM32WBA65MIF6, STM32WBA65MIF7, STM32WL30K8V6, STM32WL30KBV6, STM32WL31C8V6, STM32WL31CBV6, STM32WL31K8V6, STM32WL31KBV6, STM32WL33C8V6, STM32WL33C8V6X, STM32WL33CBV6, STM32WL33CBV6X, STM32WL33CCV6, STM32WL33CCV6A, STM32WL33CCV6X, STM32WL33K8V7, STM32WL33K8V7X, STM32WL33KBV7 , STM32WL33KBV7X, STM32WL33KCV7, STM32WL33KCV7X, STM32WL5MOCH6, STM32WL5MOCH6TR]
2025-08-11 16:16:11,132 [INFO] BoardInfo:889 - No configuration file found for board P-NUCLEO-WB55
2025-08-11 16:16:11,134 [INFO] DbBoards:161 - Kit is not supported: P-NUCLEO-WB55
2025-08-11 16:16:11,147 [INFO] BoardInfo:889 - No configuration file found for board STEVAL-BFA001V1B
2025-08-11 16:16:11,149 [INFO] DbBoards:161 - Kit is not supported: STEVAL-BFA001V1B
2025-08-11 16:16:11,150 [INFO] BoardInfo:889 - No configuration file found for board STEVAL-BFA001V2B
2025-08-11 16:16:11,152 [INFO] DbBoards:161 - Kit is not supported: STEVAL-BFA001V2B
2025-08-11 16:16:11,440 [INFO] DbBoards:168 - Found 212 boards, 209 are supported
2025-08-11 16:16:11,441 [INFO] DbBoards:169 - Found 212 boards, 43 of them is supported for  Bsp
2025-08-11 16:16:11,447 [INFO] ApiDb:668 - CubeFinder database Data Model version=2.1
2025-08-11 16:16:11,447 [INFO] ApiDb:669 - CubeFinder database Configuration version=3.0.39
2025-08-11 16:16:11,447 [INFO] ApiDb:670 - CubeFinder database generation date=2025-07-24 (1753349077)
2025-08-11 16:16:11,447 [INFO] ApiDb:671 - CubeFinder database FW Pack versions=[FP-ATR-ASTRA1_V2.0.0, FP-SNS-FLIGHT1_V5.1.0, FP-SNS-MOTENV1_V5.0.0, FP-SNS-MOTENVWB1_V1.4.0, FP-SNS-SMARTAG2_V1.2.0, FP-SNS-STBOX1_V2.0.0, STM32Cube_FW_C0_V1.4.0, STM32Cube_FW_F4_V1.28.2, STM32Cube_FW_F7_V1.17.3, STM32Cube_FW_G0_V1.6.2, STM32Cube_FW_G4_V1.6.1, STM32Cube_FW_H5_V1.5.0, STM32Cube_FW_H7RS_V1.2.0, STM32Cube_FW_H7_V1.12.1, STM32Cube_FW_L0_V1.12.2, STM32Cube_FW_L4_V1.18.1, STM32Cube_FW_L5_V1.5.1, STM32Cube_FW_N6_V1.2.0, STM32Cube_FW_U0_V1.3.0, STM32Cube_FW_U3_V1.2.0, STM32Cube_FW_U5_V1.8.0, STM32Cube_FW_WB0_V1.3.0, STM32Cube_FW_WBA_V1.7.0, STM32Cube_FW_WB_V1.23.0, STM32Cube_FW_WL3_V1.2.0, STM32Cube_FW_WL_V1.3.1, X-CUBE-ALGOBUILD_V1.4.0, X-CUBE-ALS_V1.0.2, X-CUBE-AZRTOS-F4_V1.1.0, X-CUBE-AZRTOS-F7_V1.1.0, X-CUBE-AZRTOS-G0_V1.1.0, X-CUBE-AZRTOS-G4_V2.0.0, X-CUBE-AZRTOS-H7RS_V1.1.0, X-CUBE-AZRTOS-H7_V3.4.0, X-CUBE-AZRTOS-L4_V2.0.0, X-CUBE-AZRTOS-L5_V2.0.0, X-CUBE-AZRTOS-WB_V2.0.0, X-CUBE-AZRTOS-WL_V2.0.0, X-CUBE-BLE1_V7.1.0, X-CUBE-BLE2_V3.3.0, X-CUBE-BLEMGR_V4.1.0, X-CUBE-EEPRMA1_V5.2.0, X-CUBE-FREERTOS_V1.3.1, X-CUBE-GNSS1_V6.0.0, X-CUBE-MEMS1_V11.3.0, X-CUBE-NFC4_V3.0.0, X-CUBE-NFC7_V2.0.0, X-CUBE-SFXS2LP1_V4.0.0, X-CUBE-ST67W61_V1.0.0, X-CUBE-SUBG2_V5.0.0, X-CUBE-TOF1_V3.4.3]
2025-08-11 16:16:13,869 [INFO] ApiDb:240 - Found 880 in-development CPN: [B-G473E-ZEST1S, B-WB1M-WPAN1, B-WBA5M-WPAN, B-WL5M-SUBG1, NUCLEO-C031C6, NUCLEO-C051C8, NUCLEO-C071RB, NUCLEO-C092RC, NUCLEO-H503RB, NUCLEO-H533RE, NUCLEO-H563ZI, NUCLEO-H7S3L8, NUCLEO-N657X0-Q, NUCLEO-U031R8, NUCLEO-U083RC, NUCLEO-U385RG-Q, NUCLEO-U545RE-Q, NUCLEO-U5A5ZJ-Q, NUCLEO-WB05KZ, NUCLEO-WB07CC, NUCLEO-WB09KE, NUCLEO-WBA52CG, NUCLEO-WBA55CG, NUCLEO-WL33CC1, NUCLEO-WL33CC2, STEVAL-PROTEUS1, STEVAL-SMARTAG2, STEVAL-STWINBX1, STM320518-EVAL, STM32C0116-DK, STM32C011D6Y3TR, STM32C011D6Y6TR, STM32C011F4P3, STM32C011F4P6, STM32C011F4U3, STM32C011F4U6TR, STM32C011F6P3, STM32C011F6P6, STM32C011F6U3, STM32C011F6U6TR, STM32C011J4M3, STM32C011J4M6, STM32C011J6M3, STM32C011J6M6, STM32C0316-DK, STM32C031C4T3, STM32C031C4T6, STM32C031C4U3, STM32C031C4U6, STM32C031C6T3, STM32C031C6T6, STM32C031C6U3, STM32C031C6U6, STM32C031F4P3, STM32C031F4P6, STM32C031F6P3, STM32C031F6P6, STM32C031G4U3, STM32C031G4U6, STM32C031G6U3, STM32C031G6U6, STM32C031K4T3, STM32C031K4T6, STM32C031K4U3, STM32C031K4U6, STM32C031K6T3, STM32C031K6T6, STM32C031K6U3, STM32C031K6U6, STM32C051C6T6, STM32C051C6U6, STM32C051C8T6, STM32C051C8U6, STM32C051D8Y6TR, STM32C051F6P6, STM32C051F8P6, STM32C051G6U6, STM32C051G8U6, STM32C051K6T6, STM32C051K6U6, STM32C051K8T6, STM32C071C8T6, STM32C071C8T6N, STM32C071C8U6, STM32C071C8U6N, STM32C071CBT6, STM32C071CBT6N, STM32C071CBU6, STM32C071CBU6N, STM32C071F8P6, STM32C071F8P6N, STM32C071FBP6, STM32C071FBP6N, STM32C071FBY6TR, STM32C071G8U6, STM32C071G8U6N, STM32C071GBU6, STM32C071GBU6N, STM32C071K8T6, STM32C071K8T6N, STM32C071K8U6, STM32C071K8U6N, STM32C071KBT6, STM32C071KBT6N, STM32C071KBU6, STM32C071KBU6N, STM32C071R8T6, STM32C071R8T6N, STM32C071RBI6N, STM32C071RBT6, STM32C071RBT6N, STM32C091CBT6, STM32C091CBU6, STM32C091CCT6, STM32C091CCU6, STM32C091ECY6TR, STM32C091FBP6, STM32C091FCP6, STM32C091GBU6, STM32C091GCU6, STM32C091KBT6, STM32C091KBU6, STM32C091KCT6, STM32C091KCU6, STM32C091RBT6, STM32C091RCI6, STM32C091RCT6, STM32C092CBT6, STM32C092CBU6, STM32C092CCT6, STM32C092CCU6, STM32C092ECY6TR, STM32C092FBP6, STM32C092FCP6, STM32C092GBU6, STM32C092GCU6, STM32C092KBT6, STM32C092KBU6, STM32C092KCT6, STM32C092KCU6, STM32C092RBT6, STM32C092RCI6, STM32C092RCT6, STM32G071K8TXN, STM32G071K8UXN, STM32G081GBU6N, STM32G081KBT6N, STM32G081KBUXN, STM32G0B1CCT6N, STM32G0B1KCT6, STM32G0B1NEY6TR, STM32G0B1RCT6N, STM32G0C1CCT6, STM32G0C1CCT6N, STM32G0C1CCU6N, STM32G0C1CET6N, STM32G0C1CEU6N, STM32G0C1KCT6, STM32G0C1NEY6TR, STM32G0C1RCI6N, STM32G0C1RCT6N, STM32G0C1REI6N, STM32G0C1RET6N, STM32G0C1VCI6, STM32G0C1VEI6, STM32G411C6T3, STM32G411C6T6, STM32G411C6U3, STM32G411C6U6, STM32G411C8T3, STM32G411C8T6, STM32G411C8U3, STM32G411C8U6, STM32G411CBT3, STM32G411CBT6, STM32G411CBU3, STM32G411CBU6, STM32G411K6T3, STM32G411K6T6, STM32G411K6U3, STM32G411K6U6, STM32G411K8T3, STM32G411K8T6, STM32G411K8U3, STM32G411K8U6, STM32G411KBT3, STM32G411KBT6, STM32G411KBU3, STM32G411KBU6, STM32G411M6T3, STM32G411M6T6, STM32G411M8T3, STM32G411M8T6, STM32G411MBT3, STM32G411MBT6, STM32G411R6T3, STM32G411R6T6, STM32G411R8T3, STM32G411R8T6, STM32G411RBT3, STM32G411RBT6, STM32G414CBT3, STM32G414CBT6, STM32G414CBU3, STM32G414CBU6, STM32G414CCT3, STM32G414CCT6, STM32G414CCU3, STM32G414CCU6, STM32G414MBT3, STM32G414MBT6, STM32G414MCT3, STM32G414MCT6, STM32G414RBT3, STM32G414RBT6, STM32G414RCT3, STM32G414RCT6, STM32G414VBT3, STM32G414VBT6, STM32G414VCT3, STM32G414VCT6, STM32G431CBT3Z, STM32G431RBT3Z, STM32G471CCT6, STM32G471CCU6, STM32G471CET3, STM32G471CET6, STM32G471CEU3, STM32G471CEU6, STM32G471MCT6, STM32G471MET3, STM32G471MET6, STM32G471MEY6TR, STM32G471QCT6, STM32G471QET3, STM32G471RCT6, STM32G471RET3, STM32G471RET6, STM32G471VCH6, STM32G471VCI6, STM32G471VCT6, STM32G471VEH3, STM32G471VEH6, STM32G471VEI3, STM32G471VEI6, STM32G471VET3, STM32G471VET6, STM32G473QET3Z, STM32G473RET3Z, STM32G474CCT6, STM32G491RET3Z, STM32H503CBT6, STM32H503CBU6, STM32H503EBY6TR, STM32H503KBU6, STM32H503RBT6, STM32H523CCT6, STM32H523CCU6, STM32H523CET6, STM32H523CEU6, STM32H523HEY6TR, STM32H523RCT6, STM32H523RET6, STM32H523VCI6, STM32H523VCT6, STM32H523VEI6, STM32H523VET6, STM32H523ZCJ6, STM32H523ZCT6, STM32H523ZEJ6, STM32H523ZET6, STM32H533CET6, STM32H533CEU6, STM32H533HEY6TR, STM32H533RET6, STM32H533VEI6, STM32H533VET6, STM32H533ZEJ6, STM32H533ZET6, STM32H562AGI6, STM32H562AII6, STM32H562IGK6, STM32H562IGT6, STM32H562IIK6, STM32H562IIT6, STM32H562RGT6, STM32H562RGV6, STM32H562RIT6, STM32H562RIV6, STM32H562VGT6, STM32H562VIT6, STM32H562ZGT6, STM32H562ZIT6, STM32H563AGI6, STM32H563AII3Q, STM32H563AII6, STM32H563IGK6, STM32H563IGT6, STM32H563IIK3Q, STM32H563IIK6, STM32H563IIT3Q, STM32H563IIT6, STM32H563MIY3QTR, STM32H563RGT6, STM32H563RGV6, STM32H563RIT6, STM32H563RIV6, STM32H563VGT6, STM32H563VIT3Q, STM32H563VIT6, STM32H563ZGT6, STM32H563ZIT3Q, STM32H563ZIT6, STM32H573AII3Q, STM32H573AII6, STM32H573I-DK, STM32H573IIK3Q, STM32H573IIK6, STM32H573IIT3Q, STM32H573IIT6, STM32H573MIY3QTR, STM32H573RIT6, STM32H573RIV6, STM32H573VIT3Q, STM32H573VIT6, STM32H573ZIT3Q, STM32H573ZIT6, STM32H7R3A8I6, STM32H7R3I8K6, STM32H7R3I8T6, STM32H7R3L8H6, STM32H7R3L8H6H, STM32H7R3R8V6, STM32H7R3V8H6, STM32H7R3V8T6, STM32H7R3V8Y6TR, STM32H7R3Z8J6, STM32H7R3Z8T6, STM32H7R7A8I6, STM32H7R7I8K6, STM32H7R7I8T6, STM32H7R7L8H6, STM32H7R7L8H6H, STM32H7R7Z8J6, STM32H7S3A8I6, STM32H7S3I8K6, STM32H7S3I8T6, STM32H7S3L8H6, STM32H7S3L8H6H, STM32H7S3R8V6, STM32H7S3V8H6, STM32H7S3V8T6, STM32H7S3V8Y6TR, STM32H7S3Z8J6, STM32H7S3Z8T6, STM32H7S78-DK, STM32H7S7A8I6, STM32H7S7I8K6, STM32H7S7I8T6, STM32H7S7L8H6, STM32H7S7L8H6H, STM32H7S7Z8J6, STM32L4R5QGI6STR, STM32MP131AAE3, STM32MP131AAF3, STM32MP131AAG3, STM32MP131CAE3, STM32MP131CAF3, STM32MP131CAG3, STM32MP131DAE7, STM32MP131DAF7, STM32MP131DAG7, STM32MP131FAE7, STM32MP131FAF7, STM32MP131FAG7, STM32MP133AAE3, STM32MP133AAF3, STM32MP133AAG3, STM32MP133CAE3, STM32MP133CAF3, STM32MP133CAG3, STM32MP133DAE7, STM32MP133DAF7, STM32MP133DAG7, STM32MP133FAE7, STM32MP133FAF7, STM32MP133FAG7, STM32MP135AAE3, STM32MP135AAF3, STM32MP135AAG3, STM32MP135CAE3, STM32MP135CAF3, STM32MP135CAG3, STM32MP135DAE7, STM32MP135DAF7, STM32MP135DAG7, STM32MP135F-DK, STM32MP135FAE7, STM32MP135FAF7, STM32MP135FAF7T, STM32MP135FAF7U, STM32MP135FAG7, STM32MP211AAL3, STM32MP211AAM3, STM32MP211AAN3, STM32MP211AAO3, STM32MP211CAL3, STM32MP211CAM3, STM32MP211CAN3, STM32MP211CAO3, STM32MP211DAL3, STM32MP211DAM3, STM32MP211DAN3, STM32MP211DAO3, STM32MP211FAL3, STM32MP211FAM3, STM32MP211FAN3, STM32MP211FAO3, STM32MP213AAL3, STM32MP213AAM3, STM32MP213AAN3, STM32MP213AAO3, STM32MP213CAL3, STM32MP213CAM3, STM32MP213CAN3, STM32MP213CAO3, STM32MP213DAL3, STM32MP213DAM3, STM32MP213DAN3, STM32MP213DAO3, STM32MP213FAL3, STM32MP213FAM3, STM32MP213FAN3, STM32MP213FAO3, STM32MP215AAL3, STM32MP215AAM3, STM32MP215AAN3, STM32MP215AAO3, STM32MP215CAL3, STM32MP215CAM3, STM32MP215CAN3, STM32MP215CAO3, STM32MP215DAL3, STM32MP215DAM3, STM32MP215DAN3, STM32MP215DAO3, STM32MP215F-DK, STM32MP215FAL3, STM32MP215FAM3, STM32MP215FAN3, STM32MP215FAO3, STM32MP231AAJ3, STM32MP231AAK3, STM32MP231AAL3, STM32MP231CAJ3, STM32MP231CAK3, STM32MP231CAL3, STM32MP231DAJ3, STM32MP231DAK3, STM32MP231DAL3, STM32MP231FAJ3, STM32MP231FAK3, STM32MP231FAL3, STM32MP233AAJ3, STM32MP233AAK3, STM32MP233AAL3, STM32MP233CAJ3, STM32MP233CAK3, STM32MP233CAL3, STM32MP233DAJ3, STM32MP233DAK3, STM32MP233DAL3, STM32MP233FAJ3, STM32MP233FAK3, STM32MP233FAL3, STM32MP235AAJ3, STM32MP235AAK3, STM32MP235AAL3, STM32MP235CAJ3, STM32MP235CAK3, STM32MP235CAL3, STM32MP235DAJ3, STM32MP235DAK3, STM32MP235DAL3, STM32MP235FAJ3, STM32MP235FAK3, STM32MP235FAL3, STM32MP251AAI3, STM32MP251AAK3, STM32MP251AAL3, STM32MP251CAI3, STM32MP251CAK3, STM32MP251CAL3, STM32MP251DAI3, STM32MP251DAK3, STM32MP251DAL3, STM32MP251FAI3, STM32MP251FAK3, STM32MP251FAL3, STM32MP253AAI3, STM32MP253AAK3, STM32MP253AAL3, STM32MP253CAI3, STM32MP253CAK3, STM32MP253CAL3, STM32MP253DAI3, STM32MP253DAK3, STM32MP253DAL3, STM32MP253FAI3, STM32MP253FAK3, STM32MP253FAL3, STM32MP255AAI3, STM32MP255AAK3, STM32MP255AAL3, STM32MP255CAI3, STM32MP255CAK3, STM32MP255CAL3, STM32MP255DAI3, STM32MP255DAK3, STM32MP255DAL3, STM32MP255FAI3, STM32MP255FAK3, STM32MP255FAL3, STM32MP257AAI3, STM32MP257AAK3, STM32MP257AAL3, STM32MP257CAI3, STM32MP257CAK3, STM32MP257CAL3, STM32MP257DAI3, STM32MP257DAK3, STM32MP257DAL3, STM32MP257F-DK, STM32MP257F-EV1, STM32MP257FAI3, STM32MP257FAK3, STM32MP257FAL3, STM32N645A0H3Q, STM32N645B0H3Q, STM32N645I0H3Q, STM32N645L0H3Q, STM32N645X0H3Q, STM32N645Z0H3Q, STM32N647A0H3Q, STM32N647B0H3Q, STM32N647I0H3Q, STM32N647L0H3Q, STM32N647X0H3Q, STM32N647Z0H3Q, STM32N655A0H3Q, STM32N655B0H3Q, STM32N655I0H3Q, STM32N655L0H3Q, STM32N655X0H3Q, STM32N655Z0H3Q, STM32N6570-DK, STM32N657A0H3Q, STM32N657B0H3Q, STM32N657I0H3Q, STM32N657L0H3Q, STM32N657X0H3Q, STM32N657Z0H3Q, STM32U031C6T6, STM32U031C6U6, STM32U031C8T6, STM32U031C8U6, STM32U031F4P6, STM32U031F6P6, STM32U031F8P6, STM32U031G6Y6TR, STM32U031G8Y6TR, STM32U031K4U6, STM32U031K6U6, STM32U031K8U6, STM32U031R6I6, STM32U031R6T6, STM32U031R8I6, STM32U031R8T6, STM32U073C8T6, STM32U073C8U6, STM32U073CBT6, STM32U073CBU6, STM32U073CCT6, STM32U073CCU6, STM32U073H8Y6TR, STM32U073HBY6TR, STM32U073HCY6TR, STM32U073K8U6, STM32U073KBU6, STM32U073KCU6, STM32U073M8I6, STM32U073M8T6, STM32U073MBI6, STM32U073MBT6, STM32U073MCI6, STM32U073MCT6, STM32U073R8I6, STM32U073R8T6, STM32U073RBI6, STM32U073RBT6, STM32U073RCI6, STM32U073RCT6, STM32U083C-DK, STM32U083CCT6, STM32U083CCU6, STM32U083HCY6TR, STM32U083KCU6, STM32U083MCI6, STM32U083MCT6, STM32U083RCI6, STM32U083RCT6, STM32U375CET6, STM32U375CET6Q, STM32U375CEU6, STM32U375CEU6Q, STM32U375CEY6QTR, STM32U375CGT6, STM32U375CGT6Q, STM32U375CGU6, STM32U375CGU6Q, STM32U375CGY6QTR, STM32U375KEU6, STM32U375KGU6, STM32U375REI6, STM32U375REI6Q, STM32U375RET6, STM32U375RET6Q, STM32U375REY6GTR, STM32U375REY6QTR, STM32U375RGI6, STM32U375RGI6Q, STM32U375RGT6, STM32U375RGT6Q, STM32U375RGY6GTR, STM32U375RGY6QTR, STM32U375VEI6, STM32U375VEI6Q, STM32U375VET6, STM32U375VET6Q, STM32U375VGI6, STM32U375VGI6Q, STM32U375VGT6, STM32U375VGT6Q, STM32U385CGT6, STM32U385CGT6Q, STM32U385CGU6, STM32U385CGU6Q, STM32U385CGY6QTR, STM32U385KGU6, STM32U385RGI6, STM32U385RGI6Q, STM32U385RGT6, STM32U385RGT6Q, STM32U385RGY6GTR, STM32U385RGY6QTR, STM32U385VGI6, STM32U385VGI6Q, STM32U385VGT6, STM32U385VGT6Q, STM32U535CBT6, STM32U535CBT6Q, STM32U535CBU6, STM32U535CBU6Q, STM32U535CCT6, STM32U535CCT6Q, STM32U535CCU6, STM32U535CCU6Q, STM32U535CET6, STM32U535CET6Q, STM32U535CEU6, STM32U535CEU6Q, STM32U535JEY6QTR, STM32U535NCY6QTR, STM32U535NEY6QTR, STM32U535RBI6, STM32U535RBI6Q, STM32U535RBT6, STM32U535RBT6Q, STM32U535RCI6, STM32U535RCI6Q, STM32U535RCT6, STM32U535RCT6Q, STM32U535REI6, STM32U535REI6Q, STM32U535RET6, STM32U535RET6Q, STM32U535VCI6, STM32U535VCI6Q, STM32U535VCT6, STM32U535VCT6Q, STM32U535VEI6, STM32U535VEI6Q, STM32U535VET6, STM32U535VET6Q, STM32U545CET6, STM32U545CET6Q, STM32U545CEU6, STM32U545CEU6Q, STM32U545JEY6QTR, STM32U545NEY6QTR, STM32U545REI6, STM32U545REI6Q, STM32U545RET6, STM32U545RET6Q, STM32U545VEI6, STM32U545VEI6Q, STM32U545VET6, STM32U545VET6Q, STM32U595AIH6, STM32U595AIH6Q, STM32U595AJH6, STM32U595AJH6Q, STM32U595QII6, STM32U595QII6Q, STM32U595QJI6, STM32U595QJI6Q, STM32U595RIT6, STM32U595RIT6Q, STM32U595RJT6, STM32U595RJT6Q, STM32U595VIT6, STM32U595VIT6Q, STM32U595VJT6, STM32U595VJT6Q, STM32U595ZIT6, STM32U595ZIT6Q, STM32U595ZIY6QTR, STM32U595ZJT6, STM32U595ZJT6Q, STM32U595ZJY6QTR, STM32U599BJY6QTR, STM32U599NIH6Q, STM32U599NJH6Q, STM32U599VIT6Q, STM32U599VJT6, STM32U599VJT6Q, STM32U599ZIT6Q, STM32U599ZIY6QTR, STM32U599ZJT6Q, STM32U599ZJY6QTR, STM32U5A5AJH6, STM32U5A5AJH6Q, STM32U5A5QII3Q , STM32U5A5QJI6, STM32U5A5QJI6Q, STM32U5A5RJT6, STM32U5A5RJT6Q, STM32U5A5VJT6, STM32U5A5VJT6Q, STM32U5A5ZJT6, STM32U5A5ZJT6Q, STM32U5A5ZJY6QTR, STM32U5A9BJY6QTR, STM32U5A9J-DK, STM32U5A9NJH6Q, STM32U5A9VJT6Q, STM32U5A9ZJT6Q, STM32U5A9ZJY6QTR, STM32U5F7VIT6, STM32U5F7VIT6Q, STM32U5F7VJT6, STM32U5F7VJT6Q, STM32U5F9BJY6QTR, STM32U5F9NJH6Q, STM32U5F9VIT6Q, STM32U5F9VJT6Q, STM32U5F9ZIJ6QTR, STM32U5F9ZIT6Q, STM32U5F9ZJJ6QTR, STM32U5F9ZJT6Q, STM32U5G7VJT6, STM32U5G7VJT6Q, STM32U5G9BJY6QTR, STM32U5G9J-DK1, STM32U5G9J-DK2, STM32U5G9NJH6Q, STM32U5G9VJT6Q, STM32U5G9ZJJ6QTR, STM32U5G9ZJT6Q, STM32WB05KZV6TR, STM32WB05KZV7TR, STM32WB05TZF6TR, STM32WB05TZF7TR, STM32WB06CCF6TR, STM32WB06CCF7TR, STM32WB06CCV6TR, STM32WB06CCV7TR, STM32WB06KCV6TR, STM32WB06KCV7TR, STM32WB07CCF6TR, STM32WB07CCF7TR, STM32WB07CCV6TR, STM32WB07CCV7TR, STM32WB07KCV6TR, STM32WB07KCV7TR, STM32WB09KEV6TR, STM32WB09KEV7TR, STM32WB09TEF6TR, STM32WB09TEF7TR, STM32WB1MMCH6, STM32WBA50KGU6, STM32WBA50KGU6TR, STM32WBA52CEU6, STM32WBA52CEU6TR, STM32WBA52CEU7, STM32WBA52CEU7TR, STM32WBA52CGU6, STM32WBA52CGU6TR, STM32WBA52CGU6U, STM32WBA52CGU7, STM32WBA52CGU7TR, STM32WBA52KEU6, STM32WBA52KEU6TR, STM32WBA52KGU6, STM32WBA52KGU6TR, STM32WBA54CEU6, STM32WBA54CEU6TR, STM32WBA54CEU7, STM32WBA54CEU7TR, STM32WBA54CGU6, STM32WBA54CGU6TR, STM32WBA54CGU7, STM32WBA54CGU7TR, STM32WBA54KEU6, STM32WBA54KEU6TR, STM32WBA54KEU7, STM32WBA54KEU7TR, STM32WBA54KGU6, STM32WBA54KGU6TR, STM32WBA54KGU7, STM32WBA54KGU7TR, STM32WBA55CEU6, STM32WBA55CEU6TR, STM32WBA55CEU7, STM32WBA55CEU7TR, STM32WBA55CGU6, STM32WBA55CGU6TR, STM32WBA55CGU6U, STM32WBA55CGU7, STM32WBA55CGU7TR, STM32WBA55G-DK1, STM32WBA55HEF6, STM32WBA55HEF7, STM32WBA55HGF6, STM32WBA55HGF7, STM32WBA55UEI6, STM32WBA55UEI6TR, STM32WBA55UEI7, STM32WBA55UEI7TR, STM32WBA55UGI6, STM32WBA55UGI6TR, STM32WBA55UGI7, STM32WBA55UGI7TR, STM32WBA5MMGH6TR, STM32WBA62MGF6, STM32WBA62MIF6, STM32WBA65MGF7, STM32WBA65MIF6, STM32WBA65MIF7, STM32WL30K8V6, STM32WL30KBV6, STM32WL31C8V6, STM32WL31CBV6, STM32WL31K8V6, STM32WL31KBV6, STM32WL33C8V6, STM32WL33C8V6X, STM32WL33CBV6, STM32WL33CBV6X, STM32WL33CCV6, STM32WL33CCV6A, STM32WL33CCV6X, STM32WL33K8V7, STM32WL33K8V7X, STM32WL33KBV7 , STM32WL33KBV7X, STM32WL33KCV7, STM32WL33KCV7X, STM32WL5MOCH6, STM32WL5MOCH6TR]
2025-08-11 16:16:13,875 [INFO] DbMcus:218 - Found 4801 MCUs, 4801 are supported
2025-08-11 16:16:13,876 [INFO] ApiDb:423 - Load user favorites file C:\Users\kjeya/.stm32cubeide/favorites.mcus.txt: 0 item(s)
2025-08-11 16:16:13,876 [INFO] ApiDb:427 - User favorites MCUs=[]
2025-08-11 16:16:13,876 [INFO] DbMcus:224 - Set 0 / 0 favorites MCUs
2025-08-11 16:16:14,763 [INFO] ApiDb:423 - Load user favorites file C:\Users\kjeya/.stm32cubeide/favorites.boards.txt: 0 item(s)
2025-08-11 16:16:14,763 [INFO] ApiDb:427 - User favorites Boards=[]
2025-08-11 16:16:14,763 [INFO] DbBoards:198 - Set 0 / 0 favorites Boards
2025-08-11 16:16:14,863 [INFO] UtilMem:75 - End LoadConfig() Used Memory: 208414592 Bytes (489684992)
2025-08-11 16:16:15,065 [WARN] ThirdParty:833 - waiting for thirdparty lock release [change project]
2025-08-11 16:16:15,065 [INFO] ThirdParty:835 - entering critical section [change project]
2025-08-11 16:16:15,065 [INFO] ThirdParty:1030 - CMSIS Pack Vendor :STMicroelectronics X-CUBE-PM33A1 1.0.0
2025-08-11 16:16:15,065 [INFO] ThirdParty:1030 - CMSIS Pack Vendor :STMicroelectronics USBPD 4.1
2025-08-11 16:16:15,065 [INFO] ThirdParty:1030 - CMSIS Pack Vendor :STMicroelectronics USB_HOST 2.0.0
2025-08-11 16:16:15,065 [INFO] ThirdParty:1030 - CMSIS Pack Vendor :STMicroelectronics FP-SNS-MOTENVWB1 1.4.0
2025-08-11 16:16:15,065 [INFO] ThirdParty:1030 - CMSIS Pack Vendor :STMicroelectronics X-CUBE-AZRTOS-F4 1.1.0
2025-08-11 16:16:15,065 [INFO] ThirdParty:1030 - CMSIS Pack Vendor :STMicroelectronics LIBJPEG 8.0.0
2025-08-11 16:16:15,065 [INFO] ThirdParty:1030 - CMSIS Pack Vendor :STMicroelectronics FP-ATR-ASTRA1 2.0.2
2025-08-11 16:16:15,065 [INFO] ThirdParty:1030 - CMSIS Pack Vendor :STMicroelectronics FP-ATR-ASTRA1 2.0.1
2025-08-11 16:16:15,065 [INFO] ThirdParty:1030 - CMSIS Pack Vendor :Avnet-IotConnect X-CUBE-IoTC-DA16k-PMOD 1.0.0
2025-08-11 16:16:15,065 [INFO] ThirdParty:1030 - CMSIS Pack Vendor :STMicroelectronics X-CUBE-SMBUS 2.1.0
2025-08-11 16:16:15,065 [INFO] ThirdParty:1030 - CMSIS Pack Vendor :STMicroelectronics X-CUBE-WB05N 1.1.0
2025-08-11 16:16:15,065 [INFO] ThirdParty:1030 - CMSIS Pack Vendor :STMicroelectronics X-CUBE-ISPU 2.1.0
2025-08-11 16:16:15,067 [INFO] ThirdParty:1030 - CMSIS Pack Vendor :STMicroelectronics X-CUBE-ST60 1.0.0
2025-08-11 16:16:15,067 [INFO] ThirdParty:1030 - CMSIS Pack Vendor :STMicroelectronics X-CUBE-NFC12 1.0.0
2025-08-11 16:16:15,067 [INFO] ThirdParty:1030 - CMSIS Pack Vendor :STMicroelectronics X-CUBE-AZRTOS-F7 1.1.0
2025-08-11 16:16:15,067 [INFO] ThirdParty:1030 - CMSIS Pack Vendor :STMicroelectronics X-CUBE-AZRTOS-L5 2.0.0
2025-08-11 16:16:15,067 [INFO] ThirdParty:1030 - CMSIS Pack Vendor :STMicroelectronics USB_DEVICE 2.0.0
2025-08-11 16:16:15,067 [INFO] ThirdParty:1030 - CMSIS Pack Vendor :STMicroelectronics X-CUBE-NFC6 3.1.0
2025-08-11 16:16:15,067 [INFO] ThirdParty:1030 - CMSIS Pack Vendor :STMicroelectronics FreeRTOS 0.0.1
2025-08-11 16:16:15,067 [INFO] ThirdParty:1030 - CMSIS Pack Vendor :STMicroelectronics X-CUBE-DPower 1.2.0
2025-08-11 16:16:15,067 [INFO] ThirdParty:1030 - CMSIS Pack Vendor :STMicroelectronics FP-SNS-FLIGHT1 5.0.2
2025-08-11 16:16:15,067 [INFO] ThirdParty:1030 - CMSIS Pack Vendor :Infineon AIROC-Wi-Fi-Bluetooth-STM32 1.7.0
2025-08-11 16:16:15,067 [INFO] ThirdParty:1030 - CMSIS Pack Vendor :STMicroelectronics PDM2PCM 3.3.0
2025-08-11 16:16:15,067 [INFO] ThirdParty:1030 - CMSIS Pack Vendor :STMicroelectronics X-CUBE-AZRTOS-H7 3.4.0
2025-08-11 16:16:15,067 [INFO] ThirdParty:1030 - CMSIS Pack Vendor :STMicroelectronics X-CUBE-DISPLAY 3.0.0
2025-08-11 16:16:15,067 [INFO] ThirdParty:1030 - CMSIS Pack Vendor :STMicroelectronics X-CUBE-BLE1 7.0.0
2025-08-11 16:16:15,067 [INFO] ThirdParty:1030 - CMSIS Pack Vendor :STMicroelectronics X-CUBE-NFC10 1.0.0
2025-08-11 16:16:15,067 [INFO] ThirdParty:1030 - CMSIS Pack Vendor :STMicroelectronics X-CUBE-BLEMGR 4.0.0
2025-08-11 16:16:15,067 [INFO] ThirdParty:1030 - CMSIS Pack Vendor :STMicroelectronics X-CUBE-FREERTOS 1.3.1
2025-08-11 16:16:15,067 [INFO] ThirdParty:1030 - CMSIS Pack Vendor :STMicroelectronics HAL Drivers 0.0.0
2025-08-11 16:16:15,067 [INFO] ThirdParty:1030 - CMSIS Pack Vendor :emotas I-CUBE-CANOPEN 1.3.0
2025-08-11 16:16:15,067 [INFO] ThirdParty:1030 - CMSIS Pack Vendor :STMicroelectronics X-CUBE-FREERTOS 1.3.0
2025-08-11 16:16:15,067 [INFO] ThirdParty:1030 - CMSIS Pack Vendor :STMicroelectronics X-CUBE-NFC7 1.0.1
2025-08-11 16:16:15,067 [INFO] ThirdParty:1030 - CMSIS Pack Vendor :STMicroelectronics MBEDTLS 2.14.1
2025-08-11 16:16:15,067 [INFO] ThirdParty:1030 - CMSIS Pack Vendor :STMicroelectronics X-CUBE-AI 10.0.0
2025-08-11 16:16:15,067 [INFO] ThirdParty:1030 - CMSIS Pack Vendor :STMicroelectronics FP-SNS-STBOX1 2.1.0
2025-08-11 16:16:15,067 [INFO] ThirdParty:1030 - CMSIS Pack Vendor :STMicroelectronics FP-SNS-STAIOTCFT 1.0.0
2025-08-11 16:16:15,067 [INFO] ThirdParty:1030 - CMSIS Pack Vendor :STMicroelectronics FP-SNS-SMARTAG2 1.2.0
2025-08-11 16:16:15,067 [INFO] ThirdParty:1030 - CMSIS Pack Vendor :STMicroelectronics FP-SNS-FLIGHT1 5.1.0
2025-08-11 16:16:15,067 [INFO] ThirdParty:1030 - CMSIS Pack Vendor :STMicroelectronics X-CUBE-MEMS1 11.1.0
2025-08-11 16:16:15,067 [INFO] ThirdParty:1030 - CMSIS Pack Vendor :STMicroelectronics X-CUBE-AZRTOS-WL 2.0.0
2025-08-11 16:16:15,067 [INFO] ThirdParty:1030 - CMSIS Pack Vendor :STMicroelectronics X-CUBE-DPower 1.3.0
2025-08-11 16:16:15,067 [INFO] ThirdParty:1030 - CMSIS Pack Vendor :STMicroelectronics FP-SNS-MOTENV1 5.0.0
2025-08-11 16:16:15,067 [INFO] ThirdParty:1030 - CMSIS Pack Vendor :STMicroelectronics USB_DEVICE 1.0.0
2025-08-11 16:16:15,067 [INFO] ThirdParty:1030 - CMSIS Pack Vendor :wolfSSL I-CUBE-wolfMQTT 1.19.0
2025-08-11 16:16:15,067 [INFO] ThirdParty:1030 - CMSIS Pack Vendor :STMicroelectronics X-CUBE-AZRTOS-L4 2.0.0
2025-08-11 16:16:15,067 [INFO] ThirdParty:1030 - CMSIS Pack Vendor :STMicroelectronics ThreadX 0.0.2
2025-08-11 16:16:15,067 [INFO] ThirdParty:1030 - CMSIS Pack Vendor :WES I-CUBE-Cesium 1.3.0
2025-08-11 16:16:15,067 [INFO] ThirdParty:1030 - CMSIS Pack Vendor :STMicroelectronics lwIP 2.1.2
2025-08-11 16:16:15,067 [INFO] ThirdParty:1030 - CMSIS Pack Vendor :STMicroelectronics X-CUBE-SFXS2LP1 4.0.0
2025-08-11 16:16:15,067 [INFO] ThirdParty:1030 - CMSIS Pack Vendor :STMicroelectronics X-CUBE-BLE2 3.3.0
2025-08-11 16:16:15,067 [INFO] ThirdParty:1030 - CMSIS Pack Vendor :STMicroelectronics PDM2PCM 3.2.0
2025-08-11 16:16:15,069 [INFO] ThirdParty:1030 - CMSIS Pack Vendor :STMicroelectronics X-CUBE-AZRTOS-H7 3.3.0
2025-08-11 16:16:15,069 [INFO] ThirdParty:1030 - CMSIS Pack Vendor :STMicroelectronics X-CUBE-NFC9 1.0.0
2025-08-11 16:16:15,069 [INFO] ThirdParty:1030 - CMSIS Pack Vendor :STMicroelectronics X-CUBE-BLE1 7.1.0
2025-08-11 16:16:15,069 [INFO] ThirdParty:1030 - CMSIS Pack Vendor :STMicroelectronics USB_DEVICE 3.0.0
2025-08-11 16:16:15,069 [INFO] ThirdParty:1030 - CMSIS Pack Vendor :STMicroelectronics X-CUBE-EEPRMA1 5.2.0
2025-08-11 16:16:15,069 [INFO] ThirdParty:1030 - CMSIS Pack Vendor :STMicroelectronics X-CUBE-BLEMGR 4.1.0
2025-08-11 16:16:15,069 [INFO] ThirdParty:1030 - CMSIS Pack Vendor :STMicroelectronics X-CUBE-IPS 3.0.0
2025-08-11 16:16:15,069 [INFO] ThirdParty:1030 - CMSIS Pack Vendor :STMicroelectronics X-CUBE-AZRTOS-WB 2.0.0
2025-08-11 16:16:15,069 [INFO] ThirdParty:1030 - CMSIS Pack Vendor :STMicroelectronics X-CUBE-GNSS1 7.0.1
2025-08-11 16:16:15,069 [INFO] ThirdParty:1030 - CMSIS Pack Vendor :STMicroelectronics X-CUBE-TOUCHGFX 4.25.0
2025-08-11 16:16:15,069 [INFO] ThirdParty:1030 - CMSIS Pack Vendor :STMicroelectronics X-CUBE-AI 10.1.0
2025-08-11 16:16:15,069 [INFO] ThirdParty:1030 - CMSIS Pack Vendor :STMicroelectronics FP-SNS-STBOX1 2.0.0
2025-08-11 16:16:15,069 [INFO] ThirdParty:1030 - CMSIS Pack Vendor :STMicroelectronics X-CUBE-MEMS1 11.2.0
2025-08-11 16:16:15,069 [INFO] ThirdParty:1030 - CMSIS Pack Vendor :STMicroelectronics X-CUBE-AZRTOS-G0 1.1.0
2025-08-11 16:16:15,069 [INFO] ThirdParty:1030 - CMSIS Pack Vendor :STMicroelectronics X-CUBE-SAFEA1 1.2.2
2025-08-11 16:16:15,069 [INFO] ThirdParty:1030 - CMSIS Pack Vendor :STMicroelectronics X-CUBE-NFC4 3.0.0
2025-08-11 16:16:15,069 [INFO] ThirdParty:1030 - CMSIS Pack Vendor :STMicroelectronics X-CUBE-SUBG2 5.0.0
2025-08-11 16:16:15,069 [INFO] ThirdParty:1030 - CMSIS Pack Vendor :STMicroelectronics X-CUBE-AZRTOS-H7RS 1.1.0
2025-08-11 16:16:15,069 [INFO] ThirdParty:1030 - CMSIS Pack Vendor :STMicroelectronics STM32_WPAN 1.0.0
2025-08-11 16:16:15,069 [INFO] ThirdParty:1030 - CMSIS Pack Vendor :EmbeddedOffice I-CUBE-FS-RTOS 1.0.1
2025-08-11 16:16:15,069 [INFO] ThirdParty:1030 - CMSIS Pack Vendor :STMicroelectronics lwIP 2.0.3
2025-08-11 16:16:15,069 [INFO] ThirdParty:1030 - CMSIS Pack Vendor :Cesanta I-CUBE-Mongoose 7.13.0
2025-08-11 16:16:15,069 [INFO] ThirdParty:1030 - CMSIS Pack Vendor :STMicroelectronics USB_HOST 1.0.0
2025-08-11 16:16:15,069 [INFO] ThirdParty:1030 - CMSIS Pack Vendor :STMicroelectronics X-CUBE-AZRTOS-G4 2.0.0
2025-08-11 16:16:15,069 [INFO] ThirdParty:1030 - CMSIS Pack Vendor :STMicroelectronics X-CUBE-WB05N 2.0.0
2025-08-11 16:16:15,069 [INFO] ThirdParty:1030 - CMSIS Pack Vendor :STMicroelectronics PDM2PCM 3.1.0
2025-08-11 16:16:15,069 [INFO] ThirdParty:1030 - CMSIS Pack Vendor :STMicroelectronics X-CUBE-NFC7 2.0.0
2025-08-11 16:16:15,071 [INFO] ThirdParty:1030 - CMSIS Pack Vendor :STMicroelectronics X-CUBE-TCPP 4.2.0
2025-08-11 16:16:15,071 [INFO] ThirdParty:1030 - CMSIS Pack Vendor :RealThread X-CUBE-RT-Thread_Nano 4.1.1
2025-08-11 16:16:15,071 [INFO] ThirdParty:1030 - CMSIS Pack Vendor :STMicroelectronics FP-ATR-SIGFOX1 3.2.0
2025-08-11 16:16:15,071 [INFO] ThirdParty:1030 - CMSIS Pack Vendor :quantropi X-CUBE-qispace-sdk-base 1.9.3
2025-08-11 16:16:15,071 [INFO] ThirdParty:1030 - CMSIS Pack Vendor :STMicroelectronics X-CUBE-EEPRMA1 5.1.0
2025-08-11 16:16:15,071 [INFO] ThirdParty:1030 - CMSIS Pack Vendor :STMicroelectronics MBEDTLS 2.16.2
2025-08-11 16:16:15,073 [INFO] ThirdParty:1030 - CMSIS Pack Vendor :STMicroelectronics X-CUBE-IPS 3.1.0
2025-08-11 16:16:15,073 [INFO] ThirdParty:1030 - CMSIS Pack Vendor :STMicroelectronics X-CUBE-ALS 1.0.2
2025-08-11 16:16:15,073 [INFO] ThirdParty:1030 - CMSIS Pack Vendor :wolfSSL I-CUBE-wolfSSL 5.7.4
2025-08-11 16:16:15,073 [INFO] ThirdParty:1030 - CMSIS Pack Vendor :STMicroelectronics X-CUBE-TOUCHGFX 4.24.0
2025-08-11 16:16:15,073 [INFO] ThirdParty:1030 - CMSIS Pack Vendor :ITTIA_DB I-CUBE-ITTIADB 8.9.0
2025-08-11 16:16:15,073 [INFO] ThirdParty:1030 - CMSIS Pack Vendor :STMicroelectronics X-CUBE-TOUCHGFX 4.24.2
2025-08-11 16:16:15,073 [INFO] ThirdParty:1030 - CMSIS Pack Vendor :STMicroelectronics X-CUBE-TOUCHGFX 4.24.1
2025-08-11 16:16:15,073 [INFO] ThirdParty:1030 - CMSIS Pack Vendor :wolfSSL I-CUBE-wolfTPM 3.4.0
2025-08-11 16:16:15,073 [INFO] ThirdParty:1030 - CMSIS Pack Vendor :portGmbH I-Cube-SoM-uGOAL 1.1.0
2025-08-11 16:16:15,073 [INFO] ThirdParty:1030 - CMSIS Pack Vendor :STMicroelectronics X-CUBE-ST67W61 1.0.0
2025-08-11 16:16:15,073 [INFO] ThirdParty:1030 - CMSIS Pack Vendor :STMicroelectronics X-CUBE-AI 10.2.0
2025-08-11 16:16:15,073 [INFO] ThirdParty:1030 - CMSIS Pack Vendor :STMicroelectronics ThreadX 1.0.0
2025-08-11 16:16:15,073 [INFO] ThirdParty:1030 - CMSIS Pack Vendor :SEGGER I-CUBE-embOS 1.3.1
2025-08-11 16:16:15,073 [INFO] ThirdParty:1030 - CMSIS Pack Vendor :STMicroelectronics X-CUBE-ALGOBUILD 1.4.0
2025-08-11 16:16:15,073 [INFO] ThirdParty:1030 - CMSIS Pack Vendor :STMicroelectronics X-CUBE-MEMS1 11.3.0
2025-08-11 16:16:15,074 [INFO] ThirdParty:1030 - CMSIS Pack Vendor :STMicroelectronics X-CUBE-AZRTOS-H7RS 1.0.0
2025-08-11 16:16:15,074 [INFO] ThirdParty:1030 - CMSIS Pack Vendor :STMicroelectronics X-CUBE-TOF1 3.4.2
2025-08-11 16:16:15,074 [INFO] ThirdParty:1030 - CMSIS Pack Vendor :STMicroelectronics X-CUBE-TOF1 3.4.3
2025-08-11 16:16:15,074 [INFO] ThirdParty:1030 - CMSIS Pack Vendor :STMicroelectronics X-CUBE-AI 9.1.0
2025-08-11 16:16:15,074 [INFO] ThirdParty:1030 - CMSIS Pack Vendor :wolfSSL I-CUBE-wolfSSH 1.4.17
2025-08-11 16:16:15,074 [INFO] ThirdParty:841 - exiting critical section [change project]
2025-08-11 16:16:15,980 [INFO] PinOutPanel:1589 - setPackage(No Configuration,No Configuration)
2025-08-11 16:16:15,983 [INFO] PinOutPanel:1589 - setPackage(STM32F446RETx,LQFP64)
2025-08-11 16:16:17,114 [INFO] UtilMem:75 - Before build in PCC Used Memory: 233253384 Bytes (489684992)
2025-08-11 16:16:18,589 [INFO] UtilMem:75 - After build in PCC Used Memory: 312714440 Bytes (489684992)
2025-08-11 16:16:18,787 [INFO] ApiDbMcu:532 - Load IP Config File for FATFS
2025-08-11 16:16:18,860 [INFO] IPUIPlugin:80 - create IPUIPlugin
2025-08-11 16:16:18,861 [INFO] IPUIPlugin:80 - create IPUIPlugin
2025-08-11 16:16:18,861 [INFO] IPUIPlugin:80 - create IPUIPlugin
2025-08-11 16:16:18,861 [INFO] IPUIPlugin:80 - create IPUIPlugin
2025-08-11 16:16:18,861 [INFO] IPUIPlugin:80 - create IPUIPlugin
2025-08-11 16:16:18,861 [INFO] IPUIPlugin:80 - create IPUIPlugin
2025-08-11 16:16:18,861 [INFO] IPUIPlugin:80 - create IPUIPlugin
2025-08-11 16:16:18,863 [INFO] IPUIPlugin:80 - create IPUIPlugin
2025-08-11 16:16:18,863 [INFO] IPUIPlugin:80 - create IPUIPlugin
2025-08-11 16:16:18,863 [INFO] IPUIPlugin:80 - create IPUIPlugin
2025-08-11 16:16:18,864 [INFO] IPUIPlugin:80 - create IPUIPlugin
2025-08-11 16:16:18,864 [INFO] IPUIPlugin:80 - create IPUIPlugin
2025-08-11 16:16:18,864 [INFO] IPUIPlugin:80 - create IPUIPlugin
2025-08-11 16:16:18,865 [INFO] IPUIPlugin:80 - create IPUIPlugin
2025-08-11 16:16:18,865 [INFO] IPUIPlugin:80 - create IPUIPlugin
2025-08-11 16:16:18,865 [INFO] IPUIPlugin:80 - create IPUIPlugin
2025-08-11 16:16:18,865 [INFO] IPUIPlugin:80 - create IPUIPlugin
2025-08-11 16:16:18,866 [INFO] IPUIPlugin:80 - create IPUIPlugin
2025-08-11 16:16:18,866 [INFO] IPUIPlugin:80 - create IPUIPlugin
2025-08-11 16:16:18,866 [INFO] IPUIPlugin:80 - create IPUIPlugin
2025-08-11 16:16:18,867 [INFO] IPUIPlugin:80 - create IPUIPlugin
2025-08-11 16:16:18,867 [INFO] IPUIPlugin:80 - create IPUIPlugin
2025-08-11 16:16:18,867 [INFO] IPUIPlugin:80 - create IPUIPlugin
2025-08-11 16:16:18,869 [INFO] IPUIPlugin:80 - create IPUIPlugin
2025-08-11 16:16:18,870 [INFO] IPUIPlugin:80 - create IPUIPlugin
2025-08-11 16:16:18,871 [INFO] IPUIPlugin:80 - create IPUIPlugin
2025-08-11 16:16:18,872 [INFO] IPUIPlugin:80 - create IPUIPlugin
2025-08-11 16:16:18,872 [INFO] IPUIPlugin:80 - create IPUIPlugin
2025-08-11 16:16:18,873 [INFO] IPUIPlugin:80 - create IPUIPlugin
2025-08-11 16:16:18,873 [INFO] IPUIPlugin:80 - create IPUIPlugin
2025-08-11 16:16:18,873 [INFO] IPUIPlugin:80 - create IPUIPlugin
2025-08-11 16:16:18,874 [INFO] IPUIPlugin:80 - create IPUIPlugin
2025-08-11 16:16:18,874 [INFO] IPUIPlugin:80 - create IPUIPlugin
2025-08-11 16:16:18,874 [INFO] IPUIPlugin:80 - create IPUIPlugin
2025-08-11 16:16:18,874 [INFO] IPUIPlugin:80 - create IPUIPlugin
2025-08-11 16:16:18,875 [INFO] IPUIPlugin:80 - create IPUIPlugin
2025-08-11 16:16:18,875 [INFO] IPUIPlugin:80 - create IPUIPlugin
2025-08-11 16:16:18,875 [INFO] IPUIPlugin:80 - create IPUIPlugin
2025-08-11 16:16:18,875 [INFO] IPUIPlugin:80 - create IPUIPlugin
2025-08-11 16:16:18,876 [INFO] IPUIPlugin:80 - create IPUIPlugin
2025-08-11 16:16:18,876 [INFO] IPUIPlugin:80 - create IPUIPlugin
2025-08-11 16:16:18,876 [INFO] IPUIPlugin:80 - create IPUIPlugin
2025-08-11 16:16:18,876 [INFO] IPUIPlugin:80 - create IPUIPlugin
2025-08-11 16:16:18,877 [INFO] IPUIPlugin:80 - create IPUIPlugin
2025-08-11 16:16:18,877 [INFO] IPUIPlugin:80 - create IPUIPlugin
2025-08-11 16:16:18,877 [INFO] IPUIPlugin:80 - create IPUIPlugin
2025-08-11 16:16:18,877 [INFO] IPUIPlugin:80 - create IPUIPlugin
2025-08-11 16:16:18,878 [INFO] IPUIPlugin:80 - create IPUIPlugin
2025-08-11 16:16:18,878 [INFO] IPUIPlugin:80 - create IPUIPlugin
2025-08-11 16:16:18,879 [INFO] IPUIPlugin:80 - create IPUIPlugin
2025-08-11 16:16:18,879 [INFO] IPUIPlugin:80 - create IPUIPlugin
2025-08-11 16:16:18,879 [INFO] IPUIPlugin:80 - create IPUIPlugin
2025-08-11 16:16:18,881 [INFO] IPUIPlugin:80 - create IPUIPlugin
2025-08-11 16:16:18,881 [INFO] IPUIPlugin:80 - create IPUIPlugin
2025-08-11 16:16:18,881 [INFO] IPUIPlugin:80 - create IPUIPlugin
2025-08-11 16:16:18,882 [INFO] IPUIPlugin:80 - create IPUIPlugin
2025-08-11 16:16:18,882 [INFO] IPUIPlugin:80 - create IPUIPlugin
2025-08-11 16:16:18,883 [INFO] IPUIPlugin:80 - create IPUIPlugin
2025-08-11 16:16:18,883 [INFO] IPUIPlugin:80 - create IPUIPlugin
2025-08-11 16:16:18,884 [INFO] IPUIPlugin:80 - create IPUIPlugin
2025-08-11 16:16:18,943 [INFO] ApiDbMcu:532 - Load IP Config File for PDM2PCM
2025-08-11 16:16:19,421 [INFO] CADModel:165 - CPN selected for project levelSTM32F446RET6
2025-08-11 16:16:19,421 [INFO] CADModel:114 - Register for checkConnection events
2025-08-11 16:16:19,506 [INFO] OpenFileManager:386 - Restore cursor
2025-08-11 16:35:12,825 [INFO] MainUpdater:2872 - connection check result : 10
2025-08-11 16:35:12,826 [INFO] MainUpdater:2872 - connection check result : 10
2025-08-11 16:35:12,888 [INFO] MicroXplorer:468 - Change Database Path : 
2025-08-11 16:35:12,889 [INFO] MicroXplorer:498 - Change Database Version : DB.6.0.150
2025-08-11 16:35:12,959 [ERROR] ProjectManagerView:395 - 
java.lang.NullPointerException: Cannot invoke "javax.swing.JTextField.getText()" because the return value of "java.util.List.get(int)" is null
	at com.st.microxplorer.plugins.projectmanager.gui.ProjectChoiceTab$9.caretUpdate(ProjectChoiceTab.java:2706) ~[filemanager.jar:?]
	at javax.swing.text.JTextComponent.fireCaretUpdate(JTextComponent.java:408) ~[?:?]
	at javax.swing.text.JTextComponent$MutableCaretEvent.fire(JTextComponent.java:4484) ~[?:?]
	at javax.swing.text.JTextComponent$MutableCaretEvent.stateChanged(JTextComponent.java:4506) ~[?:?]
	at javax.swing.text.DefaultCaret.fireStateChanged(DefaultCaret.java:857) ~[?:?]
	at javax.swing.text.DefaultCaret.changeCaretPosition(DefaultCaret.java:1343) ~[?:?]
	at javax.swing.text.DefaultCaret.handleSetDot(DefaultCaret.java:1242) ~[?:?]
	at javax.swing.text.DefaultCaret.setDot(DefaultCaret.java:1223) ~[?:?]
	at javax.swing.text.DefaultCaret$Handler.insertUpdate(DefaultCaret.java:1819) ~[?:?]
	at javax.swing.text.AbstractDocument.fireInsertUpdate(AbstractDocument.java:227) ~[?:?]
	at javax.swing.text.AbstractDocument.handleInsertString(AbstractDocument.java:781) ~[?:?]
	at javax.swing.text.AbstractDocument.insertString(AbstractDocument.java:740) ~[?:?]
	at javax.swing.text.PlainDocument.insertString(PlainDocument.java:131) ~[?:?]
	at javax.swing.text.AbstractDocument.replace(AbstractDocument.java:699) ~[?:?]
	at javax.swing.text.JTextComponent.setText(JTextComponent.java:1725) ~[?:?]
	at com.st.microxplorer.plugins.projectmanager.gui.ProjectChoiceTab.createHeapStackFields(ProjectChoiceTab.java:993) ~[filemanager.jar:?]
	at com.st.microxplorer.plugins.projectmanager.gui.ProjectChoiceTab.buildLinkSettingsPanel(ProjectChoiceTab.java:3813) ~[filemanager.jar:?]
	at com.st.microxplorer.plugins.projectmanager.gui.ProjectChoiceTab.defineWindowsFields(ProjectChoiceTab.java:1987) ~[filemanager.jar:?]
	at com.st.microxplorer.plugins.projectmanager.gui.ProjectChoiceTab.updateSettings(ProjectChoiceTab.java:558) ~[filemanager.jar:?]
	at com.st.microxplorer.plugins.projectmanager.gui.ProjectSettingsPanel.UpdateDialog(ProjectSettingsPanel.java:247) ~[filemanager.jar:?]
	at com.st.microxplorer.plugins.projectmanager.ProjectManagerView.propertyChange(ProjectManagerView.java:392) ~[filemanager.jar:?]
	at java.beans.PropertyChangeSupport.fire(PropertyChangeSupport.java:343) ~[?:?]
	at java.beans.PropertyChangeSupport.firePropertyChange(PropertyChangeSupport.java:335) ~[?:?]
	at java.beans.PropertyChangeSupport.firePropertyChange(PropertyChangeSupport.java:268) ~[?:?]
	at com.st.microxplorer.util.MXPropertyChangeSupport.firePropertyChange(MXPropertyChangeSupport.java:54) ~[STM32CubeMX.jar:?]
	at com.st.microxplorer.mxsystem.MxSystem.closeConfig(MxSystem.java:899) ~[STM32CubeMX.jar:?]
	at com.st.microxplorer.maingui.MainPanel.closeConfig(MainPanel.java:792) ~[STM32CubeMX.jar:?]
	at com.st.microxplorer.plugins.filemanager.engine.OpenFileManager.loadConfigurationFile(OpenFileManager.java:288) ~[filemanager.jar:?]
	at com.st.microxplorer.plugins.filemanager.engine.MainFileManager.userLoadConfig(MainFileManager.java:364) ~[filemanager.jar:?]
	at com.st.microxplorer.plugins.filemanager.engine.MainFileManager.userLoadConfig(MainFileManager.java:342) ~[filemanager.jar:?]
	at com.st.microxplorer.plugins.filemanager.FileManagerView.getSpecificTask(FileManagerView.java:264) ~[filemanager.jar:?]
	at com.st.stm32cube.common.mx.editor.CubeMxEditor.getMxTabbedPaneInstance(CubeMxEditor.java:1198) ~[com.st.stm32cube.common.mx_6.15.0.202507011659/:?]
	at com.st.stm32cube.common.mx.editor.CubeMxEditor$12$1.createSwingComponent(CubeMxEditor.java:1068) ~[com.st.stm32cube.common.mx_6.15.0.202507011659/:?]
	at com.st.stm32cube.common.mx.oss.core.awtswtbridge.EmbeddedSwingComposite.doComponentCreation(EmbeddedSwingComposite.java:492) ~[com.st.stm32cube.common.mx.oss_6.15.0.202507011659/:?]
	at com.st.stm32cube.common.mx.oss.core.awtswtbridge.EmbeddedSwingComposite$4.run(EmbeddedSwingComposite.java:291) ~[com.st.stm32cube.common.mx.oss_6.15.0.202507011659/:?]
	at com.st.stm32cube.common.mx.oss.core.awtswtbridge.AwtEnvironment$2.run(AwtEnvironment.java:166) ~[com.st.stm32cube.common.mx.oss_6.15.0.202507011659/:?]
	at java.awt.event.InvocationEvent.dispatch(InvocationEvent.java:318) ~[?:?]
	at java.awt.EventQueue.dispatchEventImpl(EventQueue.java:773) ~[?:?]
	at java.awt.EventQueue$4.run(EventQueue.java:720) ~[?:?]
	at java.awt.EventQueue$4.run(EventQueue.java:714) ~[?:?]
	at java.security.AccessController.doPrivileged(AccessController.java:400) ~[?:?]
	at java.security.ProtectionDomain$JavaSecurityAccessImpl.doIntersectionPrivilege(ProtectionDomain.java:87) ~[?:?]
	at java.awt.EventQueue.dispatchEvent(EventQueue.java:742) ~[?:?]
	at java.awt.EventDispatchThread.pumpOneEventForFilters(EventDispatchThread.java:203) ~[?:?]
	at java.awt.EventDispatchThread.pumpEventsForFilter(EventDispatchThread.java:124) ~[?:?]
	at java.awt.EventDispatchThread.pumpEventsForHierarchy(EventDispatchThread.java:113) ~[?:?]
	at java.awt.EventDispatchThread.pumpEvents(EventDispatchThread.java:109) ~[?:?]
	at java.awt.EventDispatchThread.pumpEvents(EventDispatchThread.java:101) ~[?:?]
	at java.awt.EventDispatchThread.run(EventDispatchThread.java:90) ~[?:?]
2025-08-11 16:35:12,990 [WARN] ThirdParty:871 - waiting for thirdparty lock release [close project]
2025-08-11 16:35:12,991 [INFO] ThirdParty:873 - entering critical section [close project]
2025-08-11 16:35:12,991 [INFO] ThirdParty:883 - exiting critical section [close project]
2025-08-11 16:35:12,994 [INFO] PinOutPanel:1589 - setPackage(No Configuration,No Configuration)
2025-08-11 16:35:13,040 [WARN] IpParametersView:155 - Warning: This peripheral hasn't parameters
2025-08-11 16:35:13,083 [WARN] MainPanel:289 - <html><b><center>Warning: This peripheral has no parameters to be configured<br></b></html>
2025-08-11 16:35:13,103 [INFO] UtilMem:75 - Begin LoadConfig() Used Memory: 394998672 Bytes (493879296)
2025-08-11 16:35:13,195 [INFO] MicroXplorer:468 - Change Database Path : C:/Users/kjeya/.stm32cubemx/databases/DB.6.0.130/db/
2025-08-11 16:35:13,195 [INFO] MicroXplorer:498 - Change Database Version : DB.6.0.130
2025-08-11 16:35:17,968 [INFO] MicroXplorer:468 - Change Database Path : 
2025-08-11 16:35:17,968 [INFO] MicroXplorer:498 - Change Database Version : DB.6.0.150
2025-08-11 16:35:17,968 [INFO] OpenFileManager:355 - Change cursor
2025-08-11 16:35:18,015 [INFO] Mcu:2029 - Initializing MCU STM32L073R(B-Z)Tx STM32L073RZTx STM32L073RZT6
2025-08-11 16:35:19,906 [INFO] Context:786 - Trying to add GPIOservice into a context  which must be forbidden
2025-08-11 16:35:20,568 [INFO] Rule:233 - rule Adapt Old IOC before rework replace old CORTEX_M33/CORTEX_M55 attributes by the new one. is applicable
2025-08-11 16:35:20,569 [INFO] Rule:233 - rule Rename parametre of RCC RCC_APBDBG_DIV2 to RCC_TIMPRES_DIV2 is applicable
2025-08-11 16:35:20,569 [INFO] Rule:233 - rule Rename DIE493 pin PA10 [PA12] -> PA10 is applicable
2025-08-11 16:35:20,569 [INFO] Rule:233 - rule Rename DIE493 pin PA9 [PA11] -> PA9 is applicable
2025-08-11 16:35:20,569 [INFO] Rule:233 - rule Rename DIE492 PartNumber CPN STM32WBA5MJGHx -> STM32WBA5MMGHx is applicable
2025-08-11 16:35:20,569 [INFO] Rule:233 - rule Rename DIE492 PartNumber  Name STM32WBA5MJGHx -> STM32WBA5MMGHx is applicable
2025-08-11 16:35:20,569 [INFO] Rule:233 - rule Rename DIE492 PartNumber UserName STM32WBA5MJGHx -> STM32WBA5MMGHx is applicable
2025-08-11 16:35:20,569 [INFO] Rule:233 - rule Rename DIE492 PartNumber DeviceId STM32WBA5MJGHx -> STM32WBA5MMGHx is applicable
2025-08-11 16:35:20,570 [INFO] Rule:233 - rule Adapt Old IOC CSI. is applicable
2025-08-11 16:35:20,570 [INFO] Rule:233 - rule Adapt Old IOC DCMIPP. is applicable
2025-08-11 16:35:20,570 [INFO] Rule:233 - rule Adapt Old IOC DCMIPP Mode Parallel. is applicable
2025-08-11 16:35:20,570 [INFO] Rule:233 - rule Adapt Old IOC LTDC. is applicable
2025-08-11 16:35:20,570 [INFO] Rule:233 - rule Rename STM32MP2 RIF Peripheral LTDC RIF.RISUP.LTDC_L0L1.Privilege -> RIF.RISUP.LTDC_L1L2.Privilege is applicable
2025-08-11 16:35:20,570 [INFO] Rule:233 - rule Rename STM32MP2 RIF Peripheral LTDC RIF.RISUP.LTDC_L0L1.Privilege -> RIF.RISUP.LTDC_L1L2.Privilege is applicable
2025-08-11 16:35:20,570 [INFO] Rule:233 - rule Rename STM32MP2 RIF Peripheral LTDC RIF.RISUP.LTDC_L0L1.Lock -> RIF.RISUP.LTDC_L1L2.Lock is applicable
2025-08-11 16:35:20,570 [INFO] Rule:233 - rule Rename STM32MP2 RIF Peripheral LTDC RIF.RISUP.LTDC_L2.Lock -> RIF.RISUP.LTDC_L3.Lock is applicable
2025-08-11 16:35:20,571 [INFO] Rule:233 - rule Adapt the old IOC example for updating the SYS when it is misconfigured. is applicable
2025-08-11 16:35:20,571 [INFO] Rule:233 - rule Rename STM32C09 Mcu.Package LQFP64 -> LQFP48 is applicable
2025-08-11 16:35:20,571 [INFO] Rule:233 - rule Adapt the old IOC example for updating the SYS when it is misconfigured. is applicable
2025-08-11 16:35:20,571 [INFO] Rule:233 - rule Adapt the old IOC example for updating the SYS when it is misconfigured. is applicable
2025-08-11 16:35:20,579 [INFO] DbConfProperties:307 - Apply Compatibility (4/20 Rules)
2025-08-11 16:35:20,602 [INFO] ImportTextPane:234 - (OptionalMessage_ERROR) Pin11 (VP_RIF_VS_RIF1) cannot be retrieved for this MCU
2025-08-11 16:35:20,657 [INFO] RtosManager:558 - Registered RTOS mode: class=CMSIS, group=RTOS, mode=CMSIS_V1, owner=FREERTOS
2025-08-11 16:35:20,657 [INFO] RtosManager:558 - Registered RTOS mode: class=CMSIS, group=RTOS2, mode=CMSIS_V2, owner=FREERTOS
2025-08-11 16:35:20,657 [INFO] RtosManager:558 - Registered RTOS mode: class=RTOS, group=Core, mode=CMSIS_V1, owner=FREERTOS
2025-08-11 16:35:20,657 [INFO] RtosManager:558 - Registered RTOS mode: class=RTOS, group=Core, mode=CMSIS_V2, owner=FREERTOS
2025-08-11 16:35:20,657 [WARN] ModelIntegratedComponent:184 - Missing modes for component STMicroelectronics:FreeRTOS:0.0.1:STMicroelectronics:RTOS:FreeRTOS:Core:::10.2.0:
2025-08-11 16:35:20,684 [WARN] ModelIntegratedComponent:63 - No mode defined for component null
2025-08-11 16:35:20,684 [WARN] ModelIntegratedComponent:63 - No mode defined for component null
2025-08-11 16:35:20,684 [WARN] ModelIntegratedComponent:63 - No mode defined for component null
2025-08-11 16:35:20,684 [WARN] ModelIntegratedComponent:63 - No mode defined for component null
2025-08-11 16:35:20,684 [WARN] ModelIntegratedComponent:63 - No mode defined for component null
2025-08-11 16:35:20,684 [WARN] ModelIntegratedComponent:63 - No mode defined for component null
2025-08-11 16:35:20,684 [WARN] ModelIntegratedComponent:63 - No mode defined for component null
2025-08-11 16:35:20,684 [WARN] ModelIntegratedComponent:63 - No mode defined for component null
2025-08-11 16:35:20,684 [WARN] ModelIntegratedComponent:63 - No mode defined for component null
2025-08-11 16:35:20,684 [WARN] ModelIntegratedComponent:63 - No mode defined for component null
2025-08-11 16:35:20,684 [WARN] ModelIntegratedComponent:63 - No mode defined for component null
2025-08-11 16:35:20,684 [WARN] ModelIntegratedComponent:63 - No mode defined for component null
2025-08-11 16:35:20,684 [WARN] ModelIntegratedComponent:63 - No mode defined for component null
2025-08-11 16:35:20,684 [WARN] ModelIntegratedComponent:63 - No mode defined for component null
2025-08-11 16:35:20,684 [WARN] ModelIntegratedComponent:63 - No mode defined for component null
2025-08-11 16:35:20,684 [WARN] ModelIntegratedComponent:63 - No mode defined for component null
2025-08-11 16:35:20,684 [WARN] ModelIntegratedComponent:63 - No mode defined for component null
2025-08-11 16:35:20,684 [WARN] ModelIntegratedComponent:63 - No mode defined for component null
2025-08-11 16:35:20,684 [WARN] ModelIntegratedComponent:63 - No mode defined for component null
2025-08-11 16:35:20,684 [WARN] ModelIntegratedComponent:63 - No mode defined for component null
2025-08-11 16:35:20,684 [WARN] ModelIntegratedComponent:63 - No mode defined for component null
2025-08-11 16:35:20,684 [WARN] ModelIntegratedComponent:63 - No mode defined for component null
2025-08-11 16:35:20,684 [WARN] ModelIntegratedComponent:63 - No mode defined for component null
2025-08-11 16:35:20,684 [WARN] ModelIntegratedComponent:63 - No mode defined for component null
2025-08-11 16:35:20,684 [WARN] ModelIntegratedComponent:63 - No mode defined for component null
2025-08-11 16:35:20,684 [WARN] ModelIntegratedComponent:63 - No mode defined for component null
2025-08-11 16:35:20,684 [WARN] ModelIntegratedComponent:63 - No mode defined for component null
2025-08-11 16:35:20,684 [WARN] ModelIntegratedComponent:63 - No mode defined for component null
2025-08-11 16:35:20,684 [WARN] ModelIntegratedComponent:63 - No mode defined for component null
2025-08-11 16:35:20,692 [WARN] ModelIntegratedComponent:63 - No mode defined for component null
2025-08-11 16:35:20,692 [WARN] ModelIntegratedComponent:63 - No mode defined for component null
2025-08-11 16:35:20,692 [WARN] ModelIntegratedComponent:63 - No mode defined for component null
2025-08-11 16:35:20,692 [WARN] ModelIntegratedComponent:63 - No mode defined for component null
2025-08-11 16:35:20,692 [WARN] ModelIntegratedComponent:63 - No mode defined for component null
2025-08-11 16:35:20,692 [WARN] ModelIntegratedComponent:63 - No mode defined for component null
2025-08-11 16:35:20,692 [WARN] ModelPack:524 - Component already loaded: STMicroelectronics:HAL Drivers:0.0.0:STMicroelectronics:Device:STMicro_Driver:XSPI:HAL::0.0.1:HAL_XSPI
2025-08-11 16:35:21,100 [INFO] ThirdPartyModel:298 - Start build external matchings
2025-08-11 16:35:22,367 [INFO] ThirdPartyModel:316 - End build external matchings
2025-08-11 16:35:22,929 [INFO] UtilMem:75 - End LoadConfig() Used Memory: 364827904 Bytes (542113792)
2025-08-11 16:35:23,177 [WARN] ThirdParty:833 - waiting for thirdparty lock release [change project]
2025-08-11 16:35:23,178 [INFO] ThirdParty:835 - entering critical section [change project]
2025-08-11 16:35:23,178 [INFO] ThirdParty:1030 - CMSIS Pack Vendor :STMicroelectronics X-CUBE-PM33A1 1.0.0
2025-08-11 16:35:23,178 [INFO] ThirdParty:1030 - CMSIS Pack Vendor :STMicroelectronics USBPD 4.1
2025-08-11 16:35:23,178 [INFO] ThirdParty:1030 - CMSIS Pack Vendor :STMicroelectronics USB_HOST 2.0.0
2025-08-11 16:35:23,178 [INFO] ThirdParty:1030 - CMSIS Pack Vendor :STMicroelectronics FP-SNS-MOTENVWB1 1.4.0
2025-08-11 16:35:23,178 [INFO] ThirdParty:1030 - CMSIS Pack Vendor :STMicroelectronics X-CUBE-AZRTOS-F4 1.1.0
2025-08-11 16:35:23,178 [INFO] ThirdParty:1030 - CMSIS Pack Vendor :STMicroelectronics LIBJPEG 8.0.0
2025-08-11 16:35:23,178 [INFO] ThirdParty:1030 - CMSIS Pack Vendor :STMicroelectronics FP-ATR-ASTRA1 2.0.2
2025-08-11 16:35:23,178 [INFO] ThirdParty:1030 - CMSIS Pack Vendor :STMicroelectronics FP-ATR-ASTRA1 2.0.1
2025-08-11 16:35:23,179 [INFO] ThirdParty:1030 - CMSIS Pack Vendor :Avnet-IotConnect X-CUBE-IoTC-DA16k-PMOD 1.0.0
2025-08-11 16:35:23,179 [INFO] ThirdParty:1030 - CMSIS Pack Vendor :STMicroelectronics X-CUBE-SMBUS 2.1.0
2025-08-11 16:35:23,179 [INFO] ThirdParty:1030 - CMSIS Pack Vendor :STMicroelectronics X-CUBE-WB05N 1.1.0
2025-08-11 16:35:23,179 [INFO] ThirdParty:1030 - CMSIS Pack Vendor :STMicroelectronics X-CUBE-ISPU 2.1.0
2025-08-11 16:35:23,179 [INFO] ThirdParty:1030 - CMSIS Pack Vendor :STMicroelectronics X-CUBE-ST60 1.0.0
2025-08-11 16:35:23,179 [INFO] ThirdParty:1030 - CMSIS Pack Vendor :STMicroelectronics X-CUBE-NFC12 1.0.0
2025-08-11 16:35:23,179 [INFO] ThirdParty:1030 - CMSIS Pack Vendor :STMicroelectronics X-CUBE-AZRTOS-F7 1.1.0
2025-08-11 16:35:23,180 [INFO] ThirdParty:1030 - CMSIS Pack Vendor :STMicroelectronics X-CUBE-AZRTOS-L5 2.0.0
2025-08-11 16:35:23,180 [INFO] ThirdParty:1030 - CMSIS Pack Vendor :STMicroelectronics USB_DEVICE 2.0.0
2025-08-11 16:35:23,180 [INFO] ThirdParty:1030 - CMSIS Pack Vendor :STMicroelectronics X-CUBE-NFC6 3.1.0
2025-08-11 16:35:23,180 [INFO] ThirdParty:1030 - CMSIS Pack Vendor :STMicroelectronics FreeRTOS 0.0.1
2025-08-11 16:35:23,180 [INFO] ThirdParty:1030 - CMSIS Pack Vendor :STMicroelectronics X-CUBE-DPower 1.2.0
2025-08-11 16:35:23,180 [INFO] ThirdParty:1030 - CMSIS Pack Vendor :STMicroelectronics FP-SNS-FLIGHT1 5.0.2
2025-08-11 16:35:23,180 [INFO] ThirdParty:1030 - CMSIS Pack Vendor :Infineon AIROC-Wi-Fi-Bluetooth-STM32 1.7.0
2025-08-11 16:35:23,180 [INFO] ThirdParty:1030 - CMSIS Pack Vendor :STMicroelectronics PDM2PCM 3.3.0
2025-08-11 16:35:23,180 [INFO] ThirdParty:1030 - CMSIS Pack Vendor :STMicroelectronics X-CUBE-AZRTOS-H7 3.4.0
2025-08-11 16:35:23,181 [INFO] ThirdParty:1030 - CMSIS Pack Vendor :STMicroelectronics X-CUBE-DISPLAY 3.0.0
2025-08-11 16:35:23,181 [INFO] ThirdParty:1030 - CMSIS Pack Vendor :STMicroelectronics X-CUBE-BLE1 7.0.0
2025-08-11 16:35:23,181 [INFO] ThirdParty:1030 - CMSIS Pack Vendor :STMicroelectronics X-CUBE-NFC10 1.0.0
2025-08-11 16:35:23,181 [INFO] ThirdParty:1030 - CMSIS Pack Vendor :STMicroelectronics X-CUBE-BLEMGR 4.0.0
2025-08-11 16:35:23,181 [INFO] ThirdParty:1030 - CMSIS Pack Vendor :STMicroelectronics X-CUBE-FREERTOS 1.3.1
2025-08-11 16:35:23,181 [INFO] ThirdParty:1030 - CMSIS Pack Vendor :STMicroelectronics HAL Drivers 0.0.0
2025-08-11 16:35:23,181 [INFO] ThirdParty:1030 - CMSIS Pack Vendor :emotas I-CUBE-CANOPEN 1.3.0
2025-08-11 16:35:23,181 [INFO] ThirdParty:1030 - CMSIS Pack Vendor :STMicroelectronics X-CUBE-FREERTOS 1.3.0
2025-08-11 16:35:23,182 [INFO] ThirdParty:1030 - CMSIS Pack Vendor :STMicroelectronics X-CUBE-NFC7 1.0.1
2025-08-11 16:35:23,182 [INFO] ThirdParty:1030 - CMSIS Pack Vendor :STMicroelectronics MBEDTLS 2.14.1
2025-08-11 16:35:23,182 [INFO] ThirdParty:1030 - CMSIS Pack Vendor :STMicroelectronics X-CUBE-AI 10.0.0
2025-08-11 16:35:23,182 [INFO] ThirdParty:1030 - CMSIS Pack Vendor :STMicroelectronics FP-SNS-STBOX1 2.1.0
2025-08-11 16:35:23,182 [INFO] ThirdParty:1030 - CMSIS Pack Vendor :STMicroelectronics FP-SNS-STAIOTCFT 1.0.0
2025-08-11 16:35:23,182 [INFO] ThirdParty:1030 - CMSIS Pack Vendor :STMicroelectronics FP-SNS-SMARTAG2 1.2.0
2025-08-11 16:35:23,182 [INFO] ThirdParty:1030 - CMSIS Pack Vendor :STMicroelectronics FP-SNS-FLIGHT1 5.1.0
2025-08-11 16:35:23,182 [INFO] ThirdParty:1030 - CMSIS Pack Vendor :STMicroelectronics X-CUBE-MEMS1 11.1.0
2025-08-11 16:35:23,182 [INFO] ThirdParty:1030 - CMSIS Pack Vendor :STMicroelectronics X-CUBE-AZRTOS-WL 2.0.0
2025-08-11 16:35:23,182 [INFO] ThirdParty:1030 - CMSIS Pack Vendor :STMicroelectronics X-CUBE-DPower 1.3.0
2025-08-11 16:35:23,182 [INFO] ThirdParty:1030 - CMSIS Pack Vendor :STMicroelectronics FP-SNS-MOTENV1 5.0.0
2025-08-11 16:35:23,182 [INFO] ThirdParty:1030 - CMSIS Pack Vendor :STMicroelectronics USB_DEVICE 1.0.0
2025-08-11 16:35:23,182 [INFO] ThirdParty:1030 - CMSIS Pack Vendor :wolfSSL I-CUBE-wolfMQTT 1.19.0
2025-08-11 16:35:23,183 [INFO] ThirdParty:1030 - CMSIS Pack Vendor :STMicroelectronics X-CUBE-AZRTOS-L4 2.0.0
2025-08-11 16:35:23,183 [INFO] ThirdParty:1030 - CMSIS Pack Vendor :STMicroelectronics ThreadX 0.0.2
2025-08-11 16:35:23,183 [INFO] ThirdParty:1030 - CMSIS Pack Vendor :WES I-CUBE-Cesium 1.3.0
2025-08-11 16:35:23,183 [INFO] ThirdParty:1030 - CMSIS Pack Vendor :STMicroelectronics lwIP 2.1.2
2025-08-11 16:35:23,183 [INFO] ThirdParty:1030 - CMSIS Pack Vendor :STMicroelectronics X-CUBE-SFXS2LP1 4.0.0
2025-08-11 16:35:23,183 [INFO] ThirdParty:1030 - CMSIS Pack Vendor :STMicroelectronics X-CUBE-BLE2 3.3.0
2025-08-11 16:35:23,183 [INFO] ThirdParty:1030 - CMSIS Pack Vendor :STMicroelectronics PDM2PCM 3.2.0
2025-08-11 16:35:23,183 [INFO] ThirdParty:1030 - CMSIS Pack Vendor :STMicroelectronics X-CUBE-AZRTOS-H7 3.3.0
2025-08-11 16:35:23,183 [INFO] ThirdParty:1030 - CMSIS Pack Vendor :STMicroelectronics X-CUBE-NFC9 1.0.0
2025-08-11 16:35:23,183 [INFO] ThirdParty:1030 - CMSIS Pack Vendor :STMicroelectronics X-CUBE-BLE1 7.1.0
2025-08-11 16:35:23,183 [INFO] ThirdParty:1030 - CMSIS Pack Vendor :STMicroelectronics USB_DEVICE 3.0.0
2025-08-11 16:35:23,183 [INFO] ThirdParty:1030 - CMSIS Pack Vendor :STMicroelectronics X-CUBE-EEPRMA1 5.2.0
2025-08-11 16:35:23,183 [INFO] ThirdParty:1030 - CMSIS Pack Vendor :STMicroelectronics X-CUBE-BLEMGR 4.1.0
2025-08-11 16:35:23,184 [INFO] ThirdParty:1030 - CMSIS Pack Vendor :STMicroelectronics X-CUBE-IPS 3.0.0
2025-08-11 16:35:23,184 [INFO] ThirdParty:1030 - CMSIS Pack Vendor :STMicroelectronics X-CUBE-AZRTOS-WB 2.0.0
2025-08-11 16:35:23,184 [INFO] ThirdParty:1030 - CMSIS Pack Vendor :STMicroelectronics X-CUBE-GNSS1 7.0.1
2025-08-11 16:35:23,184 [INFO] ThirdParty:1030 - CMSIS Pack Vendor :STMicroelectronics X-CUBE-TOUCHGFX 4.25.0
2025-08-11 16:35:23,184 [INFO] ThirdParty:1030 - CMSIS Pack Vendor :STMicroelectronics X-CUBE-AI 10.1.0
2025-08-11 16:35:23,184 [INFO] ThirdParty:1030 - CMSIS Pack Vendor :STMicroelectronics FP-SNS-STBOX1 2.0.0
2025-08-11 16:35:23,184 [INFO] ThirdParty:1030 - CMSIS Pack Vendor :STMicroelectronics X-CUBE-MEMS1 11.2.0
2025-08-11 16:35:23,184 [INFO] ThirdParty:1030 - CMSIS Pack Vendor :STMicroelectronics X-CUBE-AZRTOS-G0 1.1.0
2025-08-11 16:35:23,184 [INFO] ThirdParty:1030 - CMSIS Pack Vendor :STMicroelectronics X-CUBE-SAFEA1 1.2.2
2025-08-11 16:35:23,184 [INFO] ThirdParty:1030 - CMSIS Pack Vendor :STMicroelectronics X-CUBE-NFC4 3.0.0
2025-08-11 16:35:23,184 [INFO] ThirdParty:1030 - CMSIS Pack Vendor :STMicroelectronics X-CUBE-SUBG2 5.0.0
2025-08-11 16:35:23,185 [INFO] ThirdParty:1030 - CMSIS Pack Vendor :STMicroelectronics X-CUBE-AZRTOS-H7RS 1.1.0
2025-08-11 16:35:23,185 [INFO] ThirdParty:1030 - CMSIS Pack Vendor :STMicroelectronics STM32_WPAN 1.0.0
2025-08-11 16:35:23,185 [INFO] ThirdParty:1030 - CMSIS Pack Vendor :EmbeddedOffice I-CUBE-FS-RTOS 1.0.1
2025-08-11 16:35:23,185 [INFO] ThirdParty:1030 - CMSIS Pack Vendor :STMicroelectronics lwIP 2.0.3
2025-08-11 16:35:23,185 [INFO] ThirdParty:1030 - CMSIS Pack Vendor :Cesanta I-CUBE-Mongoose 7.13.0
2025-08-11 16:35:23,185 [INFO] ThirdParty:1030 - CMSIS Pack Vendor :STMicroelectronics USB_HOST 1.0.0
2025-08-11 16:35:23,185 [INFO] ThirdParty:1030 - CMSIS Pack Vendor :STMicroelectronics X-CUBE-AZRTOS-G4 2.0.0
2025-08-11 16:35:23,185 [INFO] ThirdParty:1030 - CMSIS Pack Vendor :STMicroelectronics X-CUBE-WB05N 2.0.0
2025-08-11 16:35:23,185 [INFO] ThirdParty:1030 - CMSIS Pack Vendor :STMicroelectronics PDM2PCM 3.1.0
2025-08-11 16:35:23,185 [INFO] ThirdParty:1030 - CMSIS Pack Vendor :STMicroelectronics X-CUBE-NFC7 2.0.0
2025-08-11 16:35:23,185 [INFO] ThirdParty:1030 - CMSIS Pack Vendor :STMicroelectronics X-CUBE-TCPP 4.2.0
2025-08-11 16:35:23,185 [INFO] ThirdParty:1030 - CMSIS Pack Vendor :RealThread X-CUBE-RT-Thread_Nano 4.1.1
2025-08-11 16:35:23,186 [INFO] ThirdParty:1030 - CMSIS Pack Vendor :STMicroelectronics FP-ATR-SIGFOX1 3.2.0
2025-08-11 16:35:23,186 [INFO] ThirdParty:1030 - CMSIS Pack Vendor :quantropi X-CUBE-qispace-sdk-base 1.9.3
2025-08-11 16:35:23,186 [INFO] ThirdParty:1030 - CMSIS Pack Vendor :STMicroelectronics X-CUBE-EEPRMA1 5.1.0
2025-08-11 16:35:23,186 [INFO] ThirdParty:1030 - CMSIS Pack Vendor :STMicroelectronics MBEDTLS 2.16.2
2025-08-11 16:35:23,186 [INFO] ThirdParty:1030 - CMSIS Pack Vendor :STMicroelectronics X-CUBE-IPS 3.1.0
2025-08-11 16:35:23,186 [INFO] ThirdParty:1030 - CMSIS Pack Vendor :STMicroelectronics X-CUBE-ALS 1.0.2
2025-08-11 16:35:23,186 [INFO] ThirdParty:1030 - CMSIS Pack Vendor :wolfSSL I-CUBE-wolfSSL 5.7.4
2025-08-11 16:35:23,186 [INFO] ThirdParty:1030 - CMSIS Pack Vendor :STMicroelectronics X-CUBE-TOUCHGFX 4.24.0
2025-08-11 16:35:23,186 [INFO] ThirdParty:1030 - CMSIS Pack Vendor :ITTIA_DB I-CUBE-ITTIADB 8.9.0
2025-08-11 16:35:23,186 [INFO] ThirdParty:1030 - CMSIS Pack Vendor :STMicroelectronics X-CUBE-TOUCHGFX 4.24.2
2025-08-11 16:35:23,186 [INFO] ThirdParty:1030 - CMSIS Pack Vendor :STMicroelectronics X-CUBE-TOUCHGFX 4.24.1
2025-08-11 16:35:23,186 [INFO] ThirdParty:1030 - CMSIS Pack Vendor :wolfSSL I-CUBE-wolfTPM 3.4.0
2025-08-11 16:35:23,187 [INFO] ThirdParty:1030 - CMSIS Pack Vendor :portGmbH I-Cube-SoM-uGOAL 1.1.0
2025-08-11 16:35:23,187 [INFO] ThirdParty:1030 - CMSIS Pack Vendor :STMicroelectronics X-CUBE-ST67W61 1.0.0
2025-08-11 16:35:23,187 [INFO] ThirdParty:1030 - CMSIS Pack Vendor :STMicroelectronics X-CUBE-AI 10.2.0
2025-08-11 16:35:23,187 [INFO] ThirdParty:1030 - CMSIS Pack Vendor :STMicroelectronics ThreadX 1.0.0
2025-08-11 16:35:23,187 [INFO] ThirdParty:1030 - CMSIS Pack Vendor :SEGGER I-CUBE-embOS 1.3.1
2025-08-11 16:35:23,187 [INFO] ThirdParty:1030 - CMSIS Pack Vendor :STMicroelectronics X-CUBE-ALGOBUILD 1.4.0
2025-08-11 16:35:23,188 [INFO] ThirdParty:1030 - CMSIS Pack Vendor :STMicroelectronics X-CUBE-MEMS1 11.3.0
2025-08-11 16:35:23,188 [INFO] ThirdParty:1030 - CMSIS Pack Vendor :STMicroelectronics X-CUBE-AZRTOS-H7RS 1.0.0
2025-08-11 16:35:23,188 [INFO] ThirdParty:1030 - CMSIS Pack Vendor :STMicroelectronics X-CUBE-TOF1 3.4.2
2025-08-11 16:35:23,188 [INFO] ThirdParty:1030 - CMSIS Pack Vendor :STMicroelectronics X-CUBE-TOF1 3.4.3
2025-08-11 16:35:23,189 [INFO] ThirdParty:1030 - CMSIS Pack Vendor :STMicroelectronics X-CUBE-AI 9.1.0
2025-08-11 16:35:23,189 [INFO] ThirdParty:1030 - CMSIS Pack Vendor :wolfSSL I-CUBE-wolfSSH 1.4.17
2025-08-11 16:35:23,190 [INFO] ThirdParty:841 - exiting critical section [change project]
2025-08-11 16:35:23,694 [INFO] PinOutPanel:1589 - setPackage(No Configuration,No Configuration)
2025-08-11 16:35:23,696 [INFO] PinOutPanel:1589 - setPackage(STM32L073RZTx,LQFP64)
2025-08-11 16:35:24,144 [INFO] UtilMem:75 - Before build in PCC Used Memory: 346792704 Bytes (542113792)
2025-08-11 16:35:24,645 [INFO] UtilMem:75 - After build in PCC Used Memory: 399747840 Bytes (542113792)
2025-08-11 16:35:24,699 [INFO] IPUIPlugin:80 - create IPUIPlugin
2025-08-11 16:35:24,699 [INFO] IPUIPlugin:80 - create IPUIPlugin
2025-08-11 16:35:24,699 [INFO] IPUIPlugin:80 - create IPUIPlugin
2025-08-11 16:35:24,700 [INFO] IPUIPlugin:80 - create IPUIPlugin
2025-08-11 16:35:24,700 [INFO] IPUIPlugin:80 - create IPUIPlugin
2025-08-11 16:35:24,700 [INFO] IPUIPlugin:80 - create IPUIPlugin
2025-08-11 16:35:24,700 [INFO] IPUIPlugin:80 - create IPUIPlugin
2025-08-11 16:35:24,700 [INFO] IPUIPlugin:80 - create IPUIPlugin
2025-08-11 16:35:24,701 [INFO] IPUIPlugin:80 - create IPUIPlugin
2025-08-11 16:35:24,701 [INFO] IPUIPlugin:80 - create IPUIPlugin
2025-08-11 16:35:24,702 [INFO] IPUIPlugin:80 - create IPUIPlugin
2025-08-11 16:35:24,702 [INFO] IPUIPlugin:80 - create IPUIPlugin
2025-08-11 16:35:24,702 [INFO] IPUIPlugin:80 - create IPUIPlugin
2025-08-11 16:35:24,702 [INFO] IPUIPlugin:80 - create IPUIPlugin
2025-08-11 16:35:24,703 [INFO] IPUIPlugin:80 - create IPUIPlugin
2025-08-11 16:35:24,703 [INFO] IPUIPlugin:80 - create IPUIPlugin
2025-08-11 16:35:24,705 [INFO] IPUIPlugin:80 - create IPUIPlugin
2025-08-11 16:35:24,706 [INFO] IPUIPlugin:80 - create IPUIPlugin
2025-08-11 16:35:24,707 [INFO] IPUIPlugin:80 - create IPUIPlugin
2025-08-11 16:35:24,707 [INFO] IPUIPlugin:80 - create IPUIPlugin
2025-08-11 16:35:24,708 [INFO] IPUIPlugin:80 - create IPUIPlugin
2025-08-11 16:35:24,708 [INFO] IPUIPlugin:80 - create IPUIPlugin
2025-08-11 16:35:24,709 [INFO] IPUIPlugin:80 - create IPUIPlugin
2025-08-11 16:35:24,709 [INFO] IPUIPlugin:80 - create IPUIPlugin
2025-08-11 16:35:24,710 [INFO] IPUIPlugin:80 - create IPUIPlugin
2025-08-11 16:35:24,710 [INFO] IPUIPlugin:80 - create IPUIPlugin
2025-08-11 16:35:24,711 [INFO] IPUIPlugin:80 - create IPUIPlugin
2025-08-11 16:35:24,711 [INFO] IPUIPlugin:80 - create IPUIPlugin
2025-08-11 16:35:24,712 [INFO] IPUIPlugin:80 - create IPUIPlugin
2025-08-11 16:35:24,712 [INFO] IPUIPlugin:80 - create IPUIPlugin
2025-08-11 16:35:24,713 [INFO] IPUIPlugin:80 - create IPUIPlugin
2025-08-11 16:35:24,713 [INFO] IPUIPlugin:80 - create IPUIPlugin
2025-08-11 16:35:24,714 [INFO] IPUIPlugin:80 - create IPUIPlugin
2025-08-11 16:35:24,714 [INFO] IPUIPlugin:80 - create IPUIPlugin
2025-08-11 16:35:24,714 [INFO] IPUIPlugin:80 - create IPUIPlugin
2025-08-11 16:35:24,715 [INFO] IPUIPlugin:80 - create IPUIPlugin
2025-08-11 16:35:24,715 [INFO] IPUIPlugin:80 - create IPUIPlugin
2025-08-11 16:35:24,715 [INFO] IPUIPlugin:80 - create IPUIPlugin
2025-08-11 16:35:24,716 [INFO] IPUIPlugin:80 - create IPUIPlugin
2025-08-11 16:35:24,912 [INFO] CADModel:165 - CPN selected for project levelSTM32L073RZT6
2025-08-11 16:35:24,913 [INFO] CADModel:114 - Register for checkConnection events
2025-08-11 16:35:25,000 [INFO] OpenFileManager:386 - Restore cursor
2025-08-11 16:37:28,845 [INFO] UtilMem:75 - End SaveConfig() Used Memory: 240951112 Bytes (575668224)
2025-08-11 16:37:34,550 [INFO] UtilMem:75 - End SaveConfig() Used Memory: 397546448 Bytes (575668224)
2025-08-11 16:37:35,597 [INFO] BlockDiagram:2775 - set Specific Code input for plugin: SPI
2025-08-11 16:37:35,597 [INFO] BlockDiagram:2775 - set Specific Code input for plugin: SYS
2025-08-11 16:37:35,598 [INFO] BlockDiagram:2775 - set Specific Code input for plugin: RCC
2025-08-11 16:37:35,598 [INFO] BlockDiagram:2775 - set Specific Code input for plugin: NVIC
2025-08-11 16:37:35,598 [INFO] BlockDiagram:2775 - set Specific Code input for plugin: USART
2025-08-11 16:37:35,600 [INFO] BlockDiagram:2775 - set Specific Code input for plugin: GPIO
2025-08-11 16:37:35,605 [INFO] CodeGenerator:892 - code generatio: config db path: C:\ST\STM32CubeIDE_1.16.1\STM32CubeIDE\plugins\com.st.stm32cube.common.mx_6.15.0.202507011659\\db\
2025-08-11 16:37:35,972 [INFO] CodeEngine:265 - oldGeneratedFile, C:\Users\kjeya\Documents\MCU_INTEGRATION\WIRELESS_RF_SWITCH\MXTmpFiles\license.tmp_save
2025-08-11 16:37:36,674 [INFO] CodeEngine:289 - Generated code: C:\Users\kjeya\Documents\MCU_INTEGRATION\WIRELESS_RF_SWITCH\MXTmpFiles\license.tmp
2025-08-11 16:37:36,920 [INFO] CodeEngine:265 - oldGeneratedFile, C:\Users\kjeya\Documents\MCU_INTEGRATION\WIRELESS_RF_SWITCH\MXTmpFiles\gpio.tmp_save
2025-08-11 16:37:37,167 [INFO] CodeEngine:289 - Generated code: C:\Users\kjeya\Documents\MCU_INTEGRATION\WIRELESS_RF_SWITCH\MXTmpFiles\gpio.tmp
2025-08-11 16:37:37,458 [INFO] CodeEngine:265 - oldGeneratedFile, C:\Users\kjeya\Documents\MCU_INTEGRATION\WIRELESS_RF_SWITCH\Core\Src\stm32l0xx_it.c_save
2025-08-11 16:37:37,697 [INFO] CodeEngine:289 - Generated code: C:\Users\kjeya\Documents\MCU_INTEGRATION\WIRELESS_RF_SWITCH\Core\Src\stm32l0xx_it.c
2025-08-11 16:37:37,720 [INFO] CodeEngine:265 - oldGeneratedFile, C:\Users\kjeya\Documents\MCU_INTEGRATION\WIRELESS_RF_SWITCH\Core\Inc\stm32l0xx_it.h_save
2025-08-11 16:37:37,911 [INFO] CodeEngine:289 - Generated code: C:\Users\kjeya\Documents\MCU_INTEGRATION\WIRELESS_RF_SWITCH\Core\Inc\stm32l0xx_it.h
2025-08-11 16:37:37,946 [INFO] CodeEngine:265 - oldGeneratedFile, C:\Users\kjeya\Documents\MCU_INTEGRATION\WIRELESS_RF_SWITCH\Core\Src\stm32l0xx_hal_msp.c_save
2025-08-11 16:37:38,248 [INFO] CodeEngine:289 - Generated code: C:\Users\kjeya\Documents\MCU_INTEGRATION\WIRELESS_RF_SWITCH\Core\Src\stm32l0xx_hal_msp.c
2025-08-11 16:37:38,265 [INFO] CodeEngine:265 - oldGeneratedFile, C:\Users\kjeya\Documents\MCU_INTEGRATION\WIRELESS_RF_SWITCH\MXTmpFiles\system.tmp_save
2025-08-11 16:37:38,431 [INFO] CodeEngine:289 - Generated code: C:\Users\kjeya\Documents\MCU_INTEGRATION\WIRELESS_RF_SWITCH\MXTmpFiles\system.tmp
2025-08-11 16:37:38,461 [INFO] CodeEngine:321 - oldGeneratedFile, C:\Users\kjeya\Documents\MCU_INTEGRATION\WIRELESS_RF_SWITCH\Core\Inc\stm32l0xx_hal_conf.h_save
2025-08-11 16:37:38,639 [INFO] CodeEngine:345 - Generated code: C:\Users\kjeya\Documents\MCU_INTEGRATION\WIRELESS_RF_SWITCH\Core\Inc\stm32l0xx_hal_conf.h
2025-08-11 16:37:38,690 [INFO] ApiDbMcu:532 - Load IP Config File for SPI1
2025-08-11 16:37:38,705 [INFO] ApiDbMcu:532 - Load IP Config File for USART2
2025-08-11 16:37:38,711 [INFO] ApiDbMcu:532 - Load IP Config File for RCC
2025-08-11 16:37:38,734 [INFO] CodeEngine:265 - oldGeneratedFile, C:\Users\kjeya\Documents\MCU_INTEGRATION\WIRELESS_RF_SWITCH\Core\Inc\main.h_save
2025-08-11 16:37:38,936 [INFO] CodeEngine:289 - Generated code: C:\Users\kjeya\Documents\MCU_INTEGRATION\WIRELESS_RF_SWITCH\Core\Inc\main.h
2025-08-11 16:37:38,948 [INFO] CodeEngine:265 - oldGeneratedFile, C:\Users\kjeya\Documents\MCU_INTEGRATION\WIRELESS_RF_SWITCH\Core\Src\main.c_save
2025-08-11 16:37:39,226 [INFO] CodeEngine:289 - Generated code: C:\Users\kjeya\Documents\MCU_INTEGRATION\WIRELESS_RF_SWITCH\Core\Src\main.c
2025-08-11 16:37:40,125 [INFO] ProjectBuilder:3606 - Time for Copy HAL[1] : 278mS.
2025-08-11 16:37:40,137 [INFO] ProjectBuilder:5216 - Project Generator version: 4.7.0-B52
2025-08-11 16:37:40,351 [INFO] ConfigFileManager:1595 - The Die is : DIE447
2025-08-11 16:37:40,363 [INFO] ApiDbMcu:532 - Load IP Config File for FATFS
2025-08-11 16:37:40,371 [INFO] ApiDbMcu:532 - Load IP Config File for FREERTOS
2025-08-11 16:37:40,386 [INFO] ApiDbMcu:532 - Load IP Config File for TOUCHSENSING
2025-08-11 16:37:40,396 [INFO] ApiDbMcu:532 - Load IP Config File for USB_DEVICE
2025-08-11 16:37:41,074 [INFO] LogOutputStream:77 - [STDOUT_REDIRECT] 
2025-08-11 16:37:43,021 [INFO] ProjectBuilder:5496 - Time for Generating toolchain IDE Files: 2881mS.
2025-08-11 16:37:43,023 [INFO] ProjectBuilder:3463 - Time for Copy CMSIS : 1mS.
2025-08-11 16:37:43,027 [INFO] ProjectBuilder:3463 - Time for Copy CMSIS : 0mS.
2025-08-11 16:41:23,881 [INFO] Gpio:278 - dependency for GPIO [SPI1, USART2]
2025-08-11 16:41:31,087 [INFO] NvicIntPanel:101 - NVIC parent = com.st.microxplorer.plugins.ip.nvic.MultiNvicIntPanel[,2,27,416x376,layout=javax.swing.BoxLayout,alignmentX=0.0,alignmentY=0.0,border=,flags=9,maximumSize=,minimumSize=,preferredSize=]
2025-08-11 16:41:32,809 [INFO] Gpio:278 - dependency for GPIO [SPI1, USART2]
2025-08-11 16:41:48,493 [INFO] UtilMem:75 - End SaveConfig() Used Memory: 345863000 Bytes (613416960)
2025-08-11 16:41:53,274 [INFO] UtilMem:75 - End SaveConfig() Used Memory: 489517912 Bytes (613416960)
2025-08-11 16:41:53,684 [INFO] BlockDiagram:2775 - set Specific Code input for plugin: SPI
2025-08-11 16:41:53,686 [INFO] BlockDiagram:2775 - set Specific Code input for plugin: SYS
2025-08-11 16:41:53,687 [INFO] BlockDiagram:2775 - set Specific Code input for plugin: RCC
2025-08-11 16:41:53,687 [INFO] BlockDiagram:2775 - set Specific Code input for plugin: NVIC
2025-08-11 16:41:53,688 [INFO] BlockDiagram:2775 - set Specific Code input for plugin: USART
2025-08-11 16:41:53,688 [INFO] BlockDiagram:2775 - set Specific Code input for plugin: GPIO
2025-08-11 16:41:53,690 [INFO] CodeGenerator:892 - code generatio: config db path: C:\ST\STM32CubeIDE_1.16.1\STM32CubeIDE\plugins\com.st.stm32cube.common.mx_6.15.0.202507011659\\db\
2025-08-11 16:41:53,828 [INFO] CodeEngine:265 - oldGeneratedFile, C:\Users\kjeya\Documents\MCU_INTEGRATION\WIRELESS_RF_SWITCH\MXTmpFiles\license.tmp_save
2025-08-11 16:41:54,140 [INFO] CodeEngine:289 - Generated code: C:\Users\kjeya\Documents\MCU_INTEGRATION\WIRELESS_RF_SWITCH\MXTmpFiles\license.tmp
2025-08-11 16:41:54,257 [INFO] CodeEngine:265 - oldGeneratedFile, C:\Users\kjeya\Documents\MCU_INTEGRATION\WIRELESS_RF_SWITCH\MXTmpFiles\gpio.tmp_save
2025-08-11 16:41:54,419 [INFO] CodeEngine:289 - Generated code: C:\Users\kjeya\Documents\MCU_INTEGRATION\WIRELESS_RF_SWITCH\MXTmpFiles\gpio.tmp
2025-08-11 16:41:54,624 [INFO] CodeEngine:265 - oldGeneratedFile, C:\Users\kjeya\Documents\MCU_INTEGRATION\WIRELESS_RF_SWITCH\Core\Src\stm32l0xx_it.c_save
2025-08-11 16:41:54,785 [INFO] CodeEngine:289 - Generated code: C:\Users\kjeya\Documents\MCU_INTEGRATION\WIRELESS_RF_SWITCH\Core\Src\stm32l0xx_it.c
2025-08-11 16:41:54,797 [INFO] CodeEngine:265 - oldGeneratedFile, C:\Users\kjeya\Documents\MCU_INTEGRATION\WIRELESS_RF_SWITCH\Core\Inc\stm32l0xx_it.h_save
2025-08-11 16:41:54,915 [INFO] CodeEngine:289 - Generated code: C:\Users\kjeya\Documents\MCU_INTEGRATION\WIRELESS_RF_SWITCH\Core\Inc\stm32l0xx_it.h
2025-08-11 16:41:54,940 [INFO] CodeEngine:265 - oldGeneratedFile, C:\Users\kjeya\Documents\MCU_INTEGRATION\WIRELESS_RF_SWITCH\Core\Src\stm32l0xx_hal_msp.c_save
2025-08-11 16:41:55,112 [INFO] CodeEngine:289 - Generated code: C:\Users\kjeya\Documents\MCU_INTEGRATION\WIRELESS_RF_SWITCH\Core\Src\stm32l0xx_hal_msp.c
2025-08-11 16:41:55,124 [INFO] CodeEngine:265 - oldGeneratedFile, C:\Users\kjeya\Documents\MCU_INTEGRATION\WIRELESS_RF_SWITCH\MXTmpFiles\system.tmp_save
2025-08-11 16:41:55,220 [INFO] CodeEngine:289 - Generated code: C:\Users\kjeya\Documents\MCU_INTEGRATION\WIRELESS_RF_SWITCH\MXTmpFiles\system.tmp
2025-08-11 16:41:55,245 [INFO] CodeEngine:321 - oldGeneratedFile, C:\Users\kjeya\Documents\MCU_INTEGRATION\WIRELESS_RF_SWITCH\Core\Inc\stm32l0xx_hal_conf.h_save
2025-08-11 16:41:55,355 [INFO] CodeEngine:345 - Generated code: C:\Users\kjeya\Documents\MCU_INTEGRATION\WIRELESS_RF_SWITCH\Core\Inc\stm32l0xx_hal_conf.h
2025-08-11 16:41:55,398 [INFO] CodeEngine:265 - oldGeneratedFile, C:\Users\kjeya\Documents\MCU_INTEGRATION\WIRELESS_RF_SWITCH\Core\Inc\main.h_save
2025-08-11 16:41:55,510 [INFO] CodeEngine:289 - Generated code: C:\Users\kjeya\Documents\MCU_INTEGRATION\WIRELESS_RF_SWITCH\Core\Inc\main.h
2025-08-11 16:41:55,522 [INFO] CodeEngine:265 - oldGeneratedFile, C:\Users\kjeya\Documents\MCU_INTEGRATION\WIRELESS_RF_SWITCH\Core\Src\main.c_save
2025-08-11 16:41:55,676 [INFO] CodeEngine:289 - Generated code: C:\Users\kjeya\Documents\MCU_INTEGRATION\WIRELESS_RF_SWITCH\Core\Src\main.c
2025-08-11 16:41:56,129 [INFO] ProjectBuilder:3606 - Time for Copy HAL[1] : 209mS.
2025-08-11 16:41:56,135 [INFO] ProjectBuilder:5216 - Project Generator version: 4.7.0-B52
2025-08-11 16:41:56,250 [INFO] ConfigFileManager:1595 - The Die is : DIE447
2025-08-11 16:41:57,673 [INFO] ProjectBuilder:5496 - Time for Generating toolchain IDE Files: 1539mS.
2025-08-11 16:41:57,674 [INFO] ProjectBuilder:3463 - Time for Copy CMSIS : 0mS.
2025-08-11 16:41:57,681 [INFO] ProjectBuilder:3463 - Time for Copy CMSIS : 0mS.
2025-08-11 17:25:25,341 [INFO] Gpio:278 - dependency for GPIO [SPI1, USART2]
2025-08-11 17:25:25,475 [INFO] NvicIntPanel:101 - NVIC parent = com.st.microxplorer.plugins.ip.nvic.MultiNvicIntPanel[,0,0,0x0,invalid,layout=javax.swing.BoxLayout,alignmentX=0.0,alignmentY=0.0,border=,flags=9,maximumSize=,minimumSize=,preferredSize=]
2025-08-11 17:26:16,913 [INFO] Gpio:278 - dependency for GPIO [SPI1, USART2]
2025-08-11 17:26:16,999 [INFO] NvicIntPanel:101 - NVIC parent = com.st.microxplorer.plugins.ip.nvic.MultiNvicIntPanel[,0,0,0x0,invalid,layout=javax.swing.BoxLayout,alignmentX=0.0,alignmentY=0.0,border=,flags=9,maximumSize=,minimumSize=,preferredSize=]
2025-08-11 17:26:56,081 [INFO] UtilMem:75 - End SaveConfig() Used Memory: 558323120 Bytes (680525824)
2025-08-11 17:26:59,209 [INFO] UtilMem:75 - End SaveConfig() Used Memory: 283143440 Bytes (680525824)
2025-08-11 17:26:59,944 [INFO] BlockDiagram:2775 - set Specific Code input for plugin: SPI
2025-08-11 17:26:59,944 [INFO] BlockDiagram:2775 - set Specific Code input for plugin: SYS
2025-08-11 17:26:59,944 [INFO] BlockDiagram:2775 - set Specific Code input for plugin: RCC
2025-08-11 17:26:59,945 [INFO] BlockDiagram:2775 - set Specific Code input for plugin: NVIC
2025-08-11 17:26:59,945 [INFO] BlockDiagram:2775 - set Specific Code input for plugin: USART
2025-08-11 17:26:59,945 [INFO] BlockDiagram:2775 - set Specific Code input for plugin: GPIO
2025-08-11 17:26:59,946 [INFO] CodeGenerator:892 - code generatio: config db path: C:\ST\STM32CubeIDE_1.16.1\STM32CubeIDE\plugins\com.st.stm32cube.common.mx_6.15.0.202507011659\\db\
2025-08-11 17:27:00,096 [INFO] CodeEngine:265 - oldGeneratedFile, C:\Users\kjeya\Documents\MCU_INTEGRATION\WIRELESS_RF_SWITCH\MXTmpFiles\license.tmp_save
2025-08-11 17:27:00,678 [INFO] CodeEngine:289 - Generated code: C:\Users\kjeya\Documents\MCU_INTEGRATION\WIRELESS_RF_SWITCH\MXTmpFiles\license.tmp
2025-08-11 17:27:00,802 [INFO] CodeEngine:265 - oldGeneratedFile, C:\Users\kjeya\Documents\MCU_INTEGRATION\WIRELESS_RF_SWITCH\MXTmpFiles\gpio.tmp_save
2025-08-11 17:27:01,161 [INFO] CodeEngine:289 - Generated code: C:\Users\kjeya\Documents\MCU_INTEGRATION\WIRELESS_RF_SWITCH\MXTmpFiles\gpio.tmp
2025-08-11 17:27:01,480 [INFO] CodeEngine:265 - oldGeneratedFile, C:\Users\kjeya\Documents\MCU_INTEGRATION\WIRELESS_RF_SWITCH\Core\Src\stm32l0xx_it.c_save
2025-08-11 17:27:01,936 [INFO] CodeEngine:289 - Generated code: C:\Users\kjeya\Documents\MCU_INTEGRATION\WIRELESS_RF_SWITCH\Core\Src\stm32l0xx_it.c
2025-08-11 17:27:01,957 [INFO] CodeEngine:265 - oldGeneratedFile, C:\Users\kjeya\Documents\MCU_INTEGRATION\WIRELESS_RF_SWITCH\Core\Inc\stm32l0xx_it.h_save
2025-08-11 17:27:02,113 [INFO] CodeEngine:289 - Generated code: C:\Users\kjeya\Documents\MCU_INTEGRATION\WIRELESS_RF_SWITCH\Core\Inc\stm32l0xx_it.h
2025-08-11 17:27:02,142 [INFO] CodeEngine:265 - oldGeneratedFile, C:\Users\kjeya\Documents\MCU_INTEGRATION\WIRELESS_RF_SWITCH\Core\Src\stm32l0xx_hal_msp.c_save
2025-08-11 17:27:02,389 [INFO] CodeEngine:289 - Generated code: C:\Users\kjeya\Documents\MCU_INTEGRATION\WIRELESS_RF_SWITCH\Core\Src\stm32l0xx_hal_msp.c
2025-08-11 17:27:02,399 [INFO] CodeEngine:265 - oldGeneratedFile, C:\Users\kjeya\Documents\MCU_INTEGRATION\WIRELESS_RF_SWITCH\MXTmpFiles\system.tmp_save
2025-08-11 17:27:02,516 [INFO] CodeEngine:289 - Generated code: C:\Users\kjeya\Documents\MCU_INTEGRATION\WIRELESS_RF_SWITCH\MXTmpFiles\system.tmp
2025-08-11 17:27:02,545 [INFO] CodeEngine:321 - oldGeneratedFile, C:\Users\kjeya\Documents\MCU_INTEGRATION\WIRELESS_RF_SWITCH\Core\Inc\stm32l0xx_hal_conf.h_save
2025-08-11 17:27:02,675 [INFO] CodeEngine:345 - Generated code: C:\Users\kjeya\Documents\MCU_INTEGRATION\WIRELESS_RF_SWITCH\Core\Inc\stm32l0xx_hal_conf.h
2025-08-11 17:27:02,733 [INFO] CodeEngine:265 - oldGeneratedFile, C:\Users\kjeya\Documents\MCU_INTEGRATION\WIRELESS_RF_SWITCH\Core\Inc\main.h_save
2025-08-11 17:27:02,920 [INFO] CodeEngine:289 - Generated code: C:\Users\kjeya\Documents\MCU_INTEGRATION\WIRELESS_RF_SWITCH\Core\Inc\main.h
2025-08-11 17:27:02,934 [INFO] CodeEngine:265 - oldGeneratedFile, C:\Users\kjeya\Documents\MCU_INTEGRATION\WIRELESS_RF_SWITCH\Core\Src\main.c_save
2025-08-11 17:27:03,157 [INFO] CodeEngine:289 - Generated code: C:\Users\kjeya\Documents\MCU_INTEGRATION\WIRELESS_RF_SWITCH\Core\Src\main.c
2025-08-11 17:27:03,903 [INFO] ProjectBuilder:3606 - Time for Copy HAL[1] : 221mS.
2025-08-11 17:27:03,909 [INFO] ProjectBuilder:5216 - Project Generator version: 4.7.0-B52
2025-08-11 17:27:04,054 [INFO] ConfigFileManager:1595 - The Die is : DIE447
2025-08-11 17:27:05,646 [INFO] ProjectBuilder:5496 - Time for Generating toolchain IDE Files: 1737mS.
2025-08-11 17:27:05,649 [INFO] ProjectBuilder:3463 - Time for Copy CMSIS : 2mS.
2025-08-11 17:27:05,656 [INFO] ProjectBuilder:3463 - Time for Copy CMSIS : 1mS.
2025-08-11 17:28:26,592 [INFO] MainUpdater:2872 - connection check result : 10
2025-08-11 17:28:26,592 [INFO] MainUpdater:2872 - connection check result : 10
2025-08-11 17:28:26,628 [INFO] MicroXplorer:468 - Change Database Path : 
2025-08-11 17:28:26,628 [INFO] MicroXplorer:498 - Change Database Version : DB.6.0.150
2025-08-11 17:28:26,671 [ERROR] ProjectManagerView:395 - 
java.lang.NullPointerException: Cannot invoke "javax.swing.JTextField.getText()" because the return value of "java.util.List.get(int)" is null
	at com.st.microxplorer.plugins.projectmanager.gui.ProjectChoiceTab$9.caretUpdate(ProjectChoiceTab.java:2706) ~[filemanager.jar:?]
	at javax.swing.text.JTextComponent.fireCaretUpdate(JTextComponent.java:408) ~[?:?]
	at javax.swing.text.JTextComponent$MutableCaretEvent.fire(JTextComponent.java:4484) ~[?:?]
	at javax.swing.text.JTextComponent$MutableCaretEvent.stateChanged(JTextComponent.java:4506) ~[?:?]
	at javax.swing.text.DefaultCaret.fireStateChanged(DefaultCaret.java:857) ~[?:?]
	at javax.swing.text.DefaultCaret.changeCaretPosition(DefaultCaret.java:1343) ~[?:?]
	at javax.swing.text.DefaultCaret.handleSetDot(DefaultCaret.java:1242) ~[?:?]
	at javax.swing.text.DefaultCaret.setDot(DefaultCaret.java:1223) ~[?:?]
	at javax.swing.text.DefaultCaret$Handler.insertUpdate(DefaultCaret.java:1819) ~[?:?]
	at javax.swing.text.AbstractDocument.fireInsertUpdate(AbstractDocument.java:227) ~[?:?]
	at javax.swing.text.AbstractDocument.handleInsertString(AbstractDocument.java:781) ~[?:?]
	at javax.swing.text.AbstractDocument.insertString(AbstractDocument.java:740) ~[?:?]
	at javax.swing.text.PlainDocument.insertString(PlainDocument.java:131) ~[?:?]
	at javax.swing.text.AbstractDocument.replace(AbstractDocument.java:699) ~[?:?]
	at javax.swing.text.JTextComponent.setText(JTextComponent.java:1725) ~[?:?]
	at com.st.microxplorer.plugins.projectmanager.gui.ProjectChoiceTab.createHeapStackFields(ProjectChoiceTab.java:993) ~[filemanager.jar:?]
	at com.st.microxplorer.plugins.projectmanager.gui.ProjectChoiceTab.buildLinkSettingsPanel(ProjectChoiceTab.java:3813) ~[filemanager.jar:?]
	at com.st.microxplorer.plugins.projectmanager.gui.ProjectChoiceTab.defineWindowsFields(ProjectChoiceTab.java:1987) ~[filemanager.jar:?]
	at com.st.microxplorer.plugins.projectmanager.gui.ProjectChoiceTab.updateSettings(ProjectChoiceTab.java:558) ~[filemanager.jar:?]
	at com.st.microxplorer.plugins.projectmanager.gui.ProjectSettingsPanel.UpdateDialog(ProjectSettingsPanel.java:247) ~[filemanager.jar:?]
	at com.st.microxplorer.plugins.projectmanager.ProjectManagerView.propertyChange(ProjectManagerView.java:392) ~[filemanager.jar:?]
	at java.beans.PropertyChangeSupport.fire(PropertyChangeSupport.java:343) ~[?:?]
	at java.beans.PropertyChangeSupport.firePropertyChange(PropertyChangeSupport.java:335) ~[?:?]
	at java.beans.PropertyChangeSupport.firePropertyChange(PropertyChangeSupport.java:268) ~[?:?]
	at com.st.microxplorer.util.MXPropertyChangeSupport.firePropertyChange(MXPropertyChangeSupport.java:54) ~[STM32CubeMX.jar:?]
	at com.st.microxplorer.mxsystem.MxSystem.closeConfig(MxSystem.java:899) ~[STM32CubeMX.jar:?]
	at com.st.microxplorer.maingui.MainPanel.closeConfig(MainPanel.java:792) ~[STM32CubeMX.jar:?]
	at com.st.microxplorer.plugins.filemanager.engine.OpenFileManager.loadConfigurationFile(OpenFileManager.java:288) ~[filemanager.jar:?]
	at com.st.microxplorer.plugins.filemanager.engine.MainFileManager.userLoadConfig(MainFileManager.java:364) ~[filemanager.jar:?]
	at com.st.microxplorer.plugins.filemanager.engine.MainFileManager.userLoadConfig(MainFileManager.java:342) ~[filemanager.jar:?]
	at com.st.microxplorer.plugins.filemanager.FileManagerView.getSpecificTask(FileManagerView.java:264) ~[filemanager.jar:?]
	at com.st.stm32cube.common.mx.editor.CubeMxEditor.getMxTabbedPaneInstance(CubeMxEditor.java:1198) ~[com.st.stm32cube.common.mx_6.15.0.202507011659/:?]
	at com.st.stm32cube.common.mx.editor.CubeMxEditor$12$1.createSwingComponent(CubeMxEditor.java:1068) ~[com.st.stm32cube.common.mx_6.15.0.202507011659/:?]
	at com.st.stm32cube.common.mx.oss.core.awtswtbridge.EmbeddedSwingComposite.doComponentCreation(EmbeddedSwingComposite.java:492) ~[com.st.stm32cube.common.mx.oss_6.15.0.202507011659/:?]
	at com.st.stm32cube.common.mx.oss.core.awtswtbridge.EmbeddedSwingComposite$4.run(EmbeddedSwingComposite.java:291) ~[com.st.stm32cube.common.mx.oss_6.15.0.202507011659/:?]
	at com.st.stm32cube.common.mx.oss.core.awtswtbridge.AwtEnvironment$2.run(AwtEnvironment.java:166) ~[com.st.stm32cube.common.mx.oss_6.15.0.202507011659/:?]
	at java.awt.event.InvocationEvent.dispatch(InvocationEvent.java:318) ~[?:?]
	at java.awt.EventQueue.dispatchEventImpl(EventQueue.java:773) ~[?:?]
	at java.awt.EventQueue$4.run(EventQueue.java:720) ~[?:?]
	at java.awt.EventQueue$4.run(EventQueue.java:714) ~[?:?]
	at java.security.AccessController.doPrivileged(AccessController.java:400) ~[?:?]
	at java.security.ProtectionDomain$JavaSecurityAccessImpl.doIntersectionPrivilege(ProtectionDomain.java:87) ~[?:?]
	at java.awt.EventQueue.dispatchEvent(EventQueue.java:742) ~[?:?]
	at java.awt.EventDispatchThread.pumpOneEventForFilters(EventDispatchThread.java:203) ~[?:?]
	at java.awt.EventDispatchThread.pumpEventsForFilter(EventDispatchThread.java:124) ~[?:?]
	at java.awt.EventDispatchThread.pumpEventsForHierarchy(EventDispatchThread.java:113) ~[?:?]
	at java.awt.EventDispatchThread.pumpEvents(EventDispatchThread.java:109) ~[?:?]
	at java.awt.EventDispatchThread.pumpEvents(EventDispatchThread.java:101) ~[?:?]
	at java.awt.EventDispatchThread.run(EventDispatchThread.java:90) ~[?:?]
2025-08-11 17:28:26,673 [WARN] ThirdParty:871 - waiting for thirdparty lock release [close project]
2025-08-11 17:28:26,673 [INFO] ThirdParty:873 - entering critical section [close project]
2025-08-11 17:28:26,673 [INFO] ThirdParty:883 - exiting critical section [close project]
2025-08-11 17:28:26,676 [INFO] PinOutPanel:1589 - setPackage(No Configuration,No Configuration)
2025-08-11 17:28:26,686 [INFO] UtilMem:75 - Begin LoadConfig() Used Memory: 373119440 Bytes (680525824)
2025-08-11 17:28:26,687 [INFO] MicroXplorer:468 - Change Database Path : 
2025-08-11 17:28:26,687 [INFO] MicroXplorer:498 - Change Database Version : DB.6.0.150
2025-08-11 17:28:26,687 [INFO] OpenFileManager:355 - Change cursor
2025-08-11 17:28:26,738 [INFO] RulesReader:64 - Compatibility file has been processed (317 Rules)
2025-08-11 17:28:26,748 [INFO] Mcu:2029 - Initializing MCU STM32F446R(C-E)Tx STM32F446RETx STM32F446RET6
2025-08-11 17:28:28,588 [INFO] Context:786 - Trying to add GPIOservice into a context  which must be forbidden
2025-08-11 17:28:29,635 [INFO] ImportTextPane:234 - (OptionalMessage_ERROR) Pin34 (VP_RIF_VS_RIF1) cannot be retrieved for this MCU
2025-08-11 17:28:29,711 [INFO] RtosManager:558 - Registered RTOS mode: class=CMSIS, group=RTOS, mode=CMSIS_V1, owner=FREERTOS
2025-08-11 17:28:29,712 [INFO] RtosManager:558 - Registered RTOS mode: class=CMSIS, group=RTOS2, mode=CMSIS_V2, owner=FREERTOS
2025-08-11 17:28:29,712 [INFO] RtosManager:558 - Registered RTOS mode: class=RTOS, group=Core, mode=CMSIS_V1, owner=FREERTOS
2025-08-11 17:28:29,712 [INFO] RtosManager:558 - Registered RTOS mode: class=RTOS, group=Core, mode=CMSIS_V2, owner=FREERTOS
2025-08-11 17:28:29,713 [WARN] ModelIntegratedComponent:184 - Missing modes for component STMicroelectronics:FreeRTOS:0.0.1:STMicroelectronics:RTOS:FreeRTOS:Core:::10.2.0:
2025-08-11 17:28:29,737 [WARN] ModelIntegratedComponent:63 - No mode defined for component null
2025-08-11 17:28:29,737 [WARN] ModelIntegratedComponent:63 - No mode defined for component null
2025-08-11 17:28:29,737 [WARN] ModelIntegratedComponent:63 - No mode defined for component null
2025-08-11 17:28:29,737 [WARN] ModelIntegratedComponent:63 - No mode defined for component null
2025-08-11 17:28:29,737 [WARN] ModelIntegratedComponent:63 - No mode defined for component null
2025-08-11 17:28:29,738 [WARN] ModelIntegratedComponent:63 - No mode defined for component null
2025-08-11 17:28:29,738 [WARN] ModelIntegratedComponent:63 - No mode defined for component null
2025-08-11 17:28:29,738 [WARN] ModelIntegratedComponent:63 - No mode defined for component null
2025-08-11 17:28:29,738 [WARN] ModelIntegratedComponent:63 - No mode defined for component null
2025-08-11 17:28:29,738 [WARN] ModelIntegratedComponent:63 - No mode defined for component null
2025-08-11 17:28:29,738 [WARN] ModelIntegratedComponent:63 - No mode defined for component null
2025-08-11 17:28:29,738 [WARN] ModelIntegratedComponent:63 - No mode defined for component null
2025-08-11 17:28:29,738 [WARN] ModelIntegratedComponent:63 - No mode defined for component null
2025-08-11 17:28:29,739 [WARN] ModelIntegratedComponent:63 - No mode defined for component null
2025-08-11 17:28:29,739 [WARN] ModelIntegratedComponent:63 - No mode defined for component null
2025-08-11 17:28:29,739 [WARN] ModelIntegratedComponent:63 - No mode defined for component null
2025-08-11 17:28:29,739 [WARN] ModelIntegratedComponent:63 - No mode defined for component null
2025-08-11 17:28:29,739 [WARN] ModelIntegratedComponent:63 - No mode defined for component null
2025-08-11 17:28:29,739 [WARN] ModelIntegratedComponent:63 - No mode defined for component null
2025-08-11 17:28:29,739 [WARN] ModelIntegratedComponent:63 - No mode defined for component null
2025-08-11 17:28:29,739 [WARN] ModelIntegratedComponent:63 - No mode defined for component null
2025-08-11 17:28:29,739 [WARN] ModelIntegratedComponent:63 - No mode defined for component null
2025-08-11 17:28:29,739 [WARN] ModelIntegratedComponent:63 - No mode defined for component null
2025-08-11 17:28:29,739 [WARN] ModelIntegratedComponent:63 - No mode defined for component null
2025-08-11 17:28:29,741 [WARN] ModelIntegratedComponent:63 - No mode defined for component null
2025-08-11 17:28:29,741 [WARN] ModelIntegratedComponent:63 - No mode defined for component null
2025-08-11 17:28:29,741 [WARN] ModelIntegratedComponent:63 - No mode defined for component null
2025-08-11 17:28:29,741 [WARN] ModelIntegratedComponent:63 - No mode defined for component null
2025-08-11 17:28:29,741 [WARN] ModelIntegratedComponent:63 - No mode defined for component null
2025-08-11 17:28:29,741 [WARN] ModelIntegratedComponent:63 - No mode defined for component null
2025-08-11 17:28:29,741 [WARN] ModelIntegratedComponent:63 - No mode defined for component null
2025-08-11 17:28:29,741 [WARN] ModelIntegratedComponent:63 - No mode defined for component null
2025-08-11 17:28:29,741 [WARN] ModelIntegratedComponent:63 - No mode defined for component null
2025-08-11 17:28:29,741 [WARN] ModelIntegratedComponent:63 - No mode defined for component null
2025-08-11 17:28:29,741 [WARN] ModelIntegratedComponent:63 - No mode defined for component null
2025-08-11 17:28:29,741 [WARN] ModelPack:524 - Component already loaded: STMicroelectronics:HAL Drivers:0.0.0:STMicroelectronics:Device:STMicro_Driver:XSPI:HAL::0.0.1:HAL_XSPI
2025-08-11 17:28:30,161 [INFO] ThirdPartyModel:298 - Start build external matchings
2025-08-11 17:28:31,850 [INFO] ThirdPartyModel:316 - End build external matchings
2025-08-11 17:28:32,348 [INFO] UtilMem:75 - End LoadConfig() Used Memory: 557054232 Bytes (680525824)
2025-08-11 17:28:32,452 [WARN] ThirdParty:833 - waiting for thirdparty lock release [change project]
2025-08-11 17:28:32,453 [INFO] ThirdParty:835 - entering critical section [change project]
2025-08-11 17:28:32,453 [INFO] ThirdParty:1030 - CMSIS Pack Vendor :STMicroelectronics X-CUBE-PM33A1 1.0.0
2025-08-11 17:28:32,453 [INFO] ThirdParty:1030 - CMSIS Pack Vendor :STMicroelectronics USBPD 4.1
2025-08-11 17:28:32,453 [INFO] ThirdParty:1030 - CMSIS Pack Vendor :STMicroelectronics USB_HOST 2.0.0
2025-08-11 17:28:32,454 [INFO] ThirdParty:1030 - CMSIS Pack Vendor :STMicroelectronics FP-SNS-MOTENVWB1 1.4.0
2025-08-11 17:28:32,454 [INFO] ThirdParty:1030 - CMSIS Pack Vendor :STMicroelectronics X-CUBE-AZRTOS-F4 1.1.0
2025-08-11 17:28:32,454 [INFO] ThirdParty:1030 - CMSIS Pack Vendor :STMicroelectronics LIBJPEG 8.0.0
2025-08-11 17:28:32,454 [INFO] ThirdParty:1030 - CMSIS Pack Vendor :STMicroelectronics FP-ATR-ASTRA1 2.0.2
2025-08-11 17:28:32,454 [INFO] ThirdParty:1030 - CMSIS Pack Vendor :STMicroelectronics FP-ATR-ASTRA1 2.0.1
2025-08-11 17:28:32,454 [INFO] ThirdParty:1030 - CMSIS Pack Vendor :Avnet-IotConnect X-CUBE-IoTC-DA16k-PMOD 1.0.0
2025-08-11 17:28:32,454 [INFO] ThirdParty:1030 - CMSIS Pack Vendor :STMicroelectronics X-CUBE-SMBUS 2.1.0
2025-08-11 17:28:32,454 [INFO] ThirdParty:1030 - CMSIS Pack Vendor :STMicroelectronics X-CUBE-WB05N 1.1.0
2025-08-11 17:28:32,454 [INFO] ThirdParty:1030 - CMSIS Pack Vendor :STMicroelectronics X-CUBE-ISPU 2.1.0
2025-08-11 17:28:32,454 [INFO] ThirdParty:1030 - CMSIS Pack Vendor :STMicroelectronics X-CUBE-ST60 1.0.0
2025-08-11 17:28:32,454 [INFO] ThirdParty:1030 - CMSIS Pack Vendor :STMicroelectronics X-CUBE-NFC12 1.0.0
2025-08-11 17:28:32,454 [INFO] ThirdParty:1030 - CMSIS Pack Vendor :STMicroelectronics X-CUBE-AZRTOS-F7 1.1.0
2025-08-11 17:28:32,455 [INFO] ThirdParty:1030 - CMSIS Pack Vendor :STMicroelectronics X-CUBE-AZRTOS-L5 2.0.0
2025-08-11 17:28:32,455 [INFO] ThirdParty:1030 - CMSIS Pack Vendor :STMicroelectronics USB_DEVICE 2.0.0
2025-08-11 17:28:32,455 [INFO] ThirdParty:1030 - CMSIS Pack Vendor :STMicroelectronics X-CUBE-NFC6 3.1.0
2025-08-11 17:28:32,455 [INFO] ThirdParty:1030 - CMSIS Pack Vendor :STMicroelectronics FreeRTOS 0.0.1
2025-08-11 17:28:32,455 [INFO] ThirdParty:1030 - CMSIS Pack Vendor :STMicroelectronics X-CUBE-DPower 1.2.0
2025-08-11 17:28:32,455 [INFO] ThirdParty:1030 - CMSIS Pack Vendor :STMicroelectronics FP-SNS-FLIGHT1 5.0.2
2025-08-11 17:28:32,455 [INFO] ThirdParty:1030 - CMSIS Pack Vendor :Infineon AIROC-Wi-Fi-Bluetooth-STM32 1.7.0
2025-08-11 17:28:32,455 [INFO] ThirdParty:1030 - CMSIS Pack Vendor :STMicroelectronics PDM2PCM 3.3.0
2025-08-11 17:28:32,456 [INFO] ThirdParty:1030 - CMSIS Pack Vendor :STMicroelectronics X-CUBE-AZRTOS-H7 3.4.0
2025-08-11 17:28:32,456 [INFO] ThirdParty:1030 - CMSIS Pack Vendor :STMicroelectronics X-CUBE-DISPLAY 3.0.0
2025-08-11 17:28:32,456 [INFO] ThirdParty:1030 - CMSIS Pack Vendor :STMicroelectronics X-CUBE-BLE1 7.0.0
2025-08-11 17:28:32,456 [INFO] ThirdParty:1030 - CMSIS Pack Vendor :STMicroelectronics X-CUBE-NFC10 1.0.0
2025-08-11 17:28:32,456 [INFO] ThirdParty:1030 - CMSIS Pack Vendor :STMicroelectronics X-CUBE-BLEMGR 4.0.0
2025-08-11 17:28:32,456 [INFO] ThirdParty:1030 - CMSIS Pack Vendor :STMicroelectronics X-CUBE-FREERTOS 1.3.1
2025-08-11 17:28:32,457 [INFO] ThirdParty:1030 - CMSIS Pack Vendor :STMicroelectronics HAL Drivers 0.0.0
2025-08-11 17:28:32,457 [INFO] ThirdParty:1030 - CMSIS Pack Vendor :emotas I-CUBE-CANOPEN 1.3.0
2025-08-11 17:28:32,457 [INFO] ThirdParty:1030 - CMSIS Pack Vendor :STMicroelectronics X-CUBE-FREERTOS 1.3.0
2025-08-11 17:28:32,457 [INFO] ThirdParty:1030 - CMSIS Pack Vendor :STMicroelectronics X-CUBE-NFC7 1.0.1
2025-08-11 17:28:32,457 [INFO] ThirdParty:1030 - CMSIS Pack Vendor :STMicroelectronics MBEDTLS 2.14.1
2025-08-11 17:28:32,457 [INFO] ThirdParty:1030 - CMSIS Pack Vendor :STMicroelectronics X-CUBE-AI 10.0.0
2025-08-11 17:28:32,457 [INFO] ThirdParty:1030 - CMSIS Pack Vendor :STMicroelectronics FP-SNS-STBOX1 2.1.0
2025-08-11 17:28:32,457 [INFO] ThirdParty:1030 - CMSIS Pack Vendor :STMicroelectronics FP-SNS-STAIOTCFT 1.0.0
2025-08-11 17:28:32,457 [INFO] ThirdParty:1030 - CMSIS Pack Vendor :STMicroelectronics FP-SNS-SMARTAG2 1.2.0
2025-08-11 17:28:32,457 [INFO] ThirdParty:1030 - CMSIS Pack Vendor :STMicroelectronics FP-SNS-FLIGHT1 5.1.0
2025-08-11 17:28:32,457 [INFO] ThirdParty:1030 - CMSIS Pack Vendor :STMicroelectronics X-CUBE-MEMS1 11.1.0
2025-08-11 17:28:32,458 [INFO] ThirdParty:1030 - CMSIS Pack Vendor :STMicroelectronics X-CUBE-AZRTOS-WL 2.0.0
2025-08-11 17:28:32,458 [INFO] ThirdParty:1030 - CMSIS Pack Vendor :STMicroelectronics X-CUBE-DPower 1.3.0
2025-08-11 17:28:32,458 [INFO] ThirdParty:1030 - CMSIS Pack Vendor :STMicroelectronics FP-SNS-MOTENV1 5.0.0
2025-08-11 17:28:32,458 [INFO] ThirdParty:1030 - CMSIS Pack Vendor :STMicroelectronics USB_DEVICE 1.0.0
2025-08-11 17:28:32,458 [INFO] ThirdParty:1030 - CMSIS Pack Vendor :wolfSSL I-CUBE-wolfMQTT 1.19.0
2025-08-11 17:28:32,458 [INFO] ThirdParty:1030 - CMSIS Pack Vendor :STMicroelectronics X-CUBE-AZRTOS-L4 2.0.0
2025-08-11 17:28:32,458 [INFO] ThirdParty:1030 - CMSIS Pack Vendor :STMicroelectronics ThreadX 0.0.2
2025-08-11 17:28:32,458 [INFO] ThirdParty:1030 - CMSIS Pack Vendor :WES I-CUBE-Cesium 1.3.0
2025-08-11 17:28:32,459 [INFO] ThirdParty:1030 - CMSIS Pack Vendor :STMicroelectronics lwIP 2.1.2
2025-08-11 17:28:32,459 [INFO] ThirdParty:1030 - CMSIS Pack Vendor :STMicroelectronics X-CUBE-SFXS2LP1 4.0.0
2025-08-11 17:28:32,459 [INFO] ThirdParty:1030 - CMSIS Pack Vendor :STMicroelectronics X-CUBE-BLE2 3.3.0
2025-08-11 17:28:32,459 [INFO] ThirdParty:1030 - CMSIS Pack Vendor :STMicroelectronics PDM2PCM 3.2.0
2025-08-11 17:28:32,459 [INFO] ThirdParty:1030 - CMSIS Pack Vendor :STMicroelectronics X-CUBE-AZRTOS-H7 3.3.0
2025-08-11 17:28:32,459 [INFO] ThirdParty:1030 - CMSIS Pack Vendor :STMicroelectronics X-CUBE-NFC9 1.0.0
2025-08-11 17:28:32,459 [INFO] ThirdParty:1030 - CMSIS Pack Vendor :STMicroelectronics X-CUBE-BLE1 7.1.0
2025-08-11 17:28:32,460 [INFO] ThirdParty:1030 - CMSIS Pack Vendor :STMicroelectronics USB_DEVICE 3.0.0
2025-08-11 17:28:32,461 [INFO] ThirdParty:1030 - CMSIS Pack Vendor :STMicroelectronics X-CUBE-EEPRMA1 5.2.0
2025-08-11 17:28:32,462 [INFO] ThirdParty:1030 - CMSIS Pack Vendor :STMicroelectronics X-CUBE-BLEMGR 4.1.0
2025-08-11 17:28:32,462 [INFO] ThirdParty:1030 - CMSIS Pack Vendor :STMicroelectronics X-CUBE-IPS 3.0.0
2025-08-11 17:28:32,463 [INFO] ThirdParty:1030 - CMSIS Pack Vendor :STMicroelectronics X-CUBE-AZRTOS-WB 2.0.0
2025-08-11 17:28:32,463 [INFO] ThirdParty:1030 - CMSIS Pack Vendor :STMicroelectronics X-CUBE-GNSS1 7.0.1
2025-08-11 17:28:32,463 [INFO] ThirdParty:1030 - CMSIS Pack Vendor :STMicroelectronics X-CUBE-TOUCHGFX 4.25.0
2025-08-11 17:28:32,463 [INFO] ThirdParty:1030 - CMSIS Pack Vendor :STMicroelectronics X-CUBE-AI 10.1.0
2025-08-11 17:28:32,463 [INFO] ThirdParty:1030 - CMSIS Pack Vendor :STMicroelectronics FP-SNS-STBOX1 2.0.0
2025-08-11 17:28:32,463 [INFO] ThirdParty:1030 - CMSIS Pack Vendor :STMicroelectronics X-CUBE-MEMS1 11.2.0
2025-08-11 17:28:32,463 [INFO] ThirdParty:1030 - CMSIS Pack Vendor :STMicroelectronics X-CUBE-AZRTOS-G0 1.1.0
2025-08-11 17:28:32,463 [INFO] ThirdParty:1030 - CMSIS Pack Vendor :STMicroelectronics X-CUBE-SAFEA1 1.2.2
2025-08-11 17:28:32,463 [INFO] ThirdParty:1030 - CMSIS Pack Vendor :STMicroelectronics X-CUBE-NFC4 3.0.0
2025-08-11 17:28:32,464 [INFO] ThirdParty:1030 - CMSIS Pack Vendor :STMicroelectronics X-CUBE-SUBG2 5.0.0
2025-08-11 17:28:32,464 [INFO] ThirdParty:1030 - CMSIS Pack Vendor :STMicroelectronics X-CUBE-AZRTOS-H7RS 1.1.0
2025-08-11 17:28:32,464 [INFO] ThirdParty:1030 - CMSIS Pack Vendor :STMicroelectronics STM32_WPAN 1.0.0
2025-08-11 17:28:32,464 [INFO] ThirdParty:1030 - CMSIS Pack Vendor :EmbeddedOffice I-CUBE-FS-RTOS 1.0.1
2025-08-11 17:28:32,464 [INFO] ThirdParty:1030 - CMSIS Pack Vendor :STMicroelectronics lwIP 2.0.3
2025-08-11 17:28:32,464 [INFO] ThirdParty:1030 - CMSIS Pack Vendor :Cesanta I-CUBE-Mongoose 7.13.0
2025-08-11 17:28:32,464 [INFO] ThirdParty:1030 - CMSIS Pack Vendor :STMicroelectronics USB_HOST 1.0.0
2025-08-11 17:28:32,465 [INFO] ThirdParty:1030 - CMSIS Pack Vendor :STMicroelectronics X-CUBE-AZRTOS-G4 2.0.0
2025-08-11 17:28:32,465 [INFO] ThirdParty:1030 - CMSIS Pack Vendor :STMicroelectronics X-CUBE-WB05N 2.0.0
2025-08-11 17:28:32,465 [INFO] ThirdParty:1030 - CMSIS Pack Vendor :STMicroelectronics PDM2PCM 3.1.0
2025-08-11 17:28:32,465 [INFO] ThirdParty:1030 - CMSIS Pack Vendor :STMicroelectronics X-CUBE-NFC7 2.0.0
2025-08-11 17:28:32,465 [INFO] ThirdParty:1030 - CMSIS Pack Vendor :STMicroelectronics X-CUBE-TCPP 4.2.0
2025-08-11 17:28:32,465 [INFO] ThirdParty:1030 - CMSIS Pack Vendor :RealThread X-CUBE-RT-Thread_Nano 4.1.1
2025-08-11 17:28:32,465 [INFO] ThirdParty:1030 - CMSIS Pack Vendor :STMicroelectronics FP-ATR-SIGFOX1 3.2.0
2025-08-11 17:28:32,465 [INFO] ThirdParty:1030 - CMSIS Pack Vendor :quantropi X-CUBE-qispace-sdk-base 1.9.3
2025-08-11 17:28:32,465 [INFO] ThirdParty:1030 - CMSIS Pack Vendor :STMicroelectronics X-CUBE-EEPRMA1 5.1.0
2025-08-11 17:28:32,466 [INFO] ThirdParty:1030 - CMSIS Pack Vendor :STMicroelectronics MBEDTLS 2.16.2
2025-08-11 17:28:32,466 [INFO] ThirdParty:1030 - CMSIS Pack Vendor :STMicroelectronics X-CUBE-IPS 3.1.0
2025-08-11 17:28:32,467 [INFO] ThirdParty:1030 - CMSIS Pack Vendor :STMicroelectronics X-CUBE-ALS 1.0.2
2025-08-11 17:28:32,467 [INFO] ThirdParty:1030 - CMSIS Pack Vendor :wolfSSL I-CUBE-wolfSSL 5.7.4
2025-08-11 17:28:32,467 [INFO] ThirdParty:1030 - CMSIS Pack Vendor :STMicroelectronics X-CUBE-TOUCHGFX 4.24.0
2025-08-11 17:28:32,467 [INFO] ThirdParty:1030 - CMSIS Pack Vendor :ITTIA_DB I-CUBE-ITTIADB 8.9.0
2025-08-11 17:28:32,467 [INFO] ThirdParty:1030 - CMSIS Pack Vendor :STMicroelectronics X-CUBE-TOUCHGFX 4.24.2
2025-08-11 17:28:32,467 [INFO] ThirdParty:1030 - CMSIS Pack Vendor :STMicroelectronics X-CUBE-TOUCHGFX 4.24.1
2025-08-11 17:28:32,468 [INFO] ThirdParty:1030 - CMSIS Pack Vendor :wolfSSL I-CUBE-wolfTPM 3.4.0
2025-08-11 17:28:32,468 [INFO] ThirdParty:1030 - CMSIS Pack Vendor :portGmbH I-Cube-SoM-uGOAL 1.1.0
2025-08-11 17:28:32,468 [INFO] ThirdParty:1030 - CMSIS Pack Vendor :STMicroelectronics X-CUBE-ST67W61 1.0.0
2025-08-11 17:28:32,468 [INFO] ThirdParty:1030 - CMSIS Pack Vendor :STMicroelectronics X-CUBE-AI 10.2.0
2025-08-11 17:28:32,468 [INFO] ThirdParty:1030 - CMSIS Pack Vendor :STMicroelectronics ThreadX 1.0.0
2025-08-11 17:28:32,468 [INFO] ThirdParty:1030 - CMSIS Pack Vendor :SEGGER I-CUBE-embOS 1.3.1
2025-08-11 17:28:32,468 [INFO] ThirdParty:1030 - CMSIS Pack Vendor :STMicroelectronics X-CUBE-ALGOBUILD 1.4.0
2025-08-11 17:28:32,468 [INFO] ThirdParty:1030 - CMSIS Pack Vendor :STMicroelectronics X-CUBE-MEMS1 11.3.0
2025-08-11 17:28:32,470 [INFO] ThirdParty:1030 - CMSIS Pack Vendor :STMicroelectronics X-CUBE-AZRTOS-H7RS 1.0.0
2025-08-11 17:28:32,470 [INFO] ThirdParty:1030 - CMSIS Pack Vendor :STMicroelectronics X-CUBE-TOF1 3.4.2
2025-08-11 17:28:32,470 [INFO] ThirdParty:1030 - CMSIS Pack Vendor :STMicroelectronics X-CUBE-TOF1 3.4.3
2025-08-11 17:28:32,470 [INFO] ThirdParty:1030 - CMSIS Pack Vendor :STMicroelectronics X-CUBE-AI 9.1.0
2025-08-11 17:28:32,470 [INFO] ThirdParty:1030 - CMSIS Pack Vendor :wolfSSL I-CUBE-wolfSSH 1.4.17
2025-08-11 17:28:32,470 [INFO] ThirdParty:841 - exiting critical section [change project]
2025-08-11 17:28:32,912 [INFO] PinOutPanel:1589 - setPackage(No Configuration,No Configuration)
2025-08-11 17:28:32,913 [INFO] PinOutPanel:1589 - setPackage(STM32F446RETx,LQFP64)
2025-08-11 17:28:33,444 [INFO] UtilMem:75 - Before build in PCC Used Memory: 403765200 Bytes (680525824)
2025-08-11 17:28:33,943 [INFO] UtilMem:75 - After build in PCC Used Memory: 453570512 Bytes (680525824)
2025-08-11 17:28:33,947 [INFO] ApiDbMcu:532 - Load IP Config File for FATFS
2025-08-11 17:28:33,995 [INFO] IPUIPlugin:80 - create IPUIPlugin
2025-08-11 17:28:33,996 [INFO] IPUIPlugin:80 - create IPUIPlugin
2025-08-11 17:28:33,996 [INFO] IPUIPlugin:80 - create IPUIPlugin
2025-08-11 17:28:33,996 [INFO] IPUIPlugin:80 - create IPUIPlugin
2025-08-11 17:28:33,996 [INFO] IPUIPlugin:80 - create IPUIPlugin
2025-08-11 17:28:33,996 [INFO] IPUIPlugin:80 - create IPUIPlugin
2025-08-11 17:28:33,997 [INFO] IPUIPlugin:80 - create IPUIPlugin
2025-08-11 17:28:33,997 [INFO] IPUIPlugin:80 - create IPUIPlugin
2025-08-11 17:28:33,997 [INFO] IPUIPlugin:80 - create IPUIPlugin
2025-08-11 17:28:33,997 [INFO] IPUIPlugin:80 - create IPUIPlugin
2025-08-11 17:28:33,998 [INFO] IPUIPlugin:80 - create IPUIPlugin
2025-08-11 17:28:33,998 [INFO] IPUIPlugin:80 - create IPUIPlugin
2025-08-11 17:28:33,999 [INFO] IPUIPlugin:80 - create IPUIPlugin
2025-08-11 17:28:33,999 [INFO] IPUIPlugin:80 - create IPUIPlugin
2025-08-11 17:28:33,999 [INFO] IPUIPlugin:80 - create IPUIPlugin
2025-08-11 17:28:33,999 [INFO] IPUIPlugin:80 - create IPUIPlugin
2025-08-11 17:28:34,000 [INFO] IPUIPlugin:80 - create IPUIPlugin
2025-08-11 17:28:34,000 [INFO] IPUIPlugin:80 - create IPUIPlugin
2025-08-11 17:28:34,000 [INFO] IPUIPlugin:80 - create IPUIPlugin
2025-08-11 17:28:34,000 [INFO] IPUIPlugin:80 - create IPUIPlugin
2025-08-11 17:28:34,001 [INFO] IPUIPlugin:80 - create IPUIPlugin
2025-08-11 17:28:34,001 [INFO] IPUIPlugin:80 - create IPUIPlugin
2025-08-11 17:28:34,001 [INFO] IPUIPlugin:80 - create IPUIPlugin
2025-08-11 17:28:34,001 [INFO] IPUIPlugin:80 - create IPUIPlugin
2025-08-11 17:28:34,002 [INFO] IPUIPlugin:80 - create IPUIPlugin
2025-08-11 17:28:34,002 [INFO] IPUIPlugin:80 - create IPUIPlugin
2025-08-11 17:28:34,002 [INFO] IPUIPlugin:80 - create IPUIPlugin
2025-08-11 17:28:34,003 [INFO] IPUIPlugin:80 - create IPUIPlugin
2025-08-11 17:28:34,003 [INFO] IPUIPlugin:80 - create IPUIPlugin
2025-08-11 17:28:34,003 [INFO] IPUIPlugin:80 - create IPUIPlugin
2025-08-11 17:28:34,004 [INFO] IPUIPlugin:80 - create IPUIPlugin
2025-08-11 17:28:34,004 [INFO] IPUIPlugin:80 - create IPUIPlugin
2025-08-11 17:28:34,004 [INFO] IPUIPlugin:80 - create IPUIPlugin
2025-08-11 17:28:34,005 [INFO] IPUIPlugin:80 - create IPUIPlugin
2025-08-11 17:28:34,005 [INFO] IPUIPlugin:80 - create IPUIPlugin
2025-08-11 17:28:34,005 [INFO] IPUIPlugin:80 - create IPUIPlugin
2025-08-11 17:28:34,006 [INFO] IPUIPlugin:80 - create IPUIPlugin
2025-08-11 17:28:34,006 [INFO] IPUIPlugin:80 - create IPUIPlugin
2025-08-11 17:28:34,007 [INFO] IPUIPlugin:80 - create IPUIPlugin
2025-08-11 17:28:34,010 [INFO] IPUIPlugin:80 - create IPUIPlugin
2025-08-11 17:28:34,010 [INFO] IPUIPlugin:80 - create IPUIPlugin
2025-08-11 17:28:34,010 [INFO] IPUIPlugin:80 - create IPUIPlugin
2025-08-11 17:28:34,010 [INFO] IPUIPlugin:80 - create IPUIPlugin
2025-08-11 17:28:34,012 [INFO] IPUIPlugin:80 - create IPUIPlugin
2025-08-11 17:28:34,013 [INFO] IPUIPlugin:80 - create IPUIPlugin
2025-08-11 17:28:34,013 [INFO] IPUIPlugin:80 - create IPUIPlugin
2025-08-11 17:28:34,014 [INFO] IPUIPlugin:80 - create IPUIPlugin
2025-08-11 17:28:34,014 [INFO] IPUIPlugin:80 - create IPUIPlugin
2025-08-11 17:28:34,014 [INFO] IPUIPlugin:80 - create IPUIPlugin
2025-08-11 17:28:34,015 [INFO] IPUIPlugin:80 - create IPUIPlugin
2025-08-11 17:28:34,016 [INFO] IPUIPlugin:80 - create IPUIPlugin
2025-08-11 17:28:34,017 [INFO] IPUIPlugin:80 - create IPUIPlugin
2025-08-11 17:28:34,017 [INFO] IPUIPlugin:80 - create IPUIPlugin
2025-08-11 17:28:34,018 [INFO] IPUIPlugin:80 - create IPUIPlugin
2025-08-11 17:28:34,019 [INFO] IPUIPlugin:80 - create IPUIPlugin
2025-08-11 17:28:34,020 [INFO] IPUIPlugin:80 - create IPUIPlugin
2025-08-11 17:28:34,021 [INFO] IPUIPlugin:80 - create IPUIPlugin
2025-08-11 17:28:34,021 [INFO] IPUIPlugin:80 - create IPUIPlugin
2025-08-11 17:28:34,023 [INFO] IPUIPlugin:80 - create IPUIPlugin
2025-08-11 17:28:34,023 [INFO] IPUIPlugin:80 - create IPUIPlugin
2025-08-11 17:28:34,030 [INFO] ApiDbMcu:532 - Load IP Config File for PDM2PCM
2025-08-11 17:28:34,168 [INFO] CADModel:165 - CPN selected for project levelSTM32F446RET6
2025-08-11 17:28:34,168 [INFO] CADModel:114 - Register for checkConnection events
2025-08-11 17:28:34,254 [INFO] OpenFileManager:386 - Restore cursor
2025-08-11 17:28:48,751 [INFO] Gpio:278 - dependency for GPIO [SPI1, SPI2, SPI3, UART4, USART1, USART2, USART3]
2025-08-11 17:29:11,890 [INFO] MainUpdater:2872 - connection check result : 10
2025-08-11 17:29:11,891 [INFO] MainUpdater:2872 - connection check result : 10
2025-08-11 17:29:11,924 [INFO] MicroXplorer:468 - Change Database Path : 
2025-08-11 17:29:11,924 [INFO] MicroXplorer:498 - Change Database Version : DB.6.0.150
2025-08-11 17:29:11,936 [ERROR] ProjectManagerView:395 - 
java.lang.NullPointerException: Cannot invoke "javax.swing.JTextField.getText()" because the return value of "java.util.List.get(int)" is null
	at com.st.microxplorer.plugins.projectmanager.gui.ProjectChoiceTab$9.caretUpdate(ProjectChoiceTab.java:2706) ~[filemanager.jar:?]
	at javax.swing.text.JTextComponent.fireCaretUpdate(JTextComponent.java:408) ~[?:?]
	at javax.swing.text.JTextComponent$MutableCaretEvent.fire(JTextComponent.java:4484) ~[?:?]
	at javax.swing.text.JTextComponent$MutableCaretEvent.stateChanged(JTextComponent.java:4506) ~[?:?]
	at javax.swing.text.DefaultCaret.fireStateChanged(DefaultCaret.java:857) ~[?:?]
	at javax.swing.text.DefaultCaret.changeCaretPosition(DefaultCaret.java:1343) ~[?:?]
	at javax.swing.text.DefaultCaret.handleSetDot(DefaultCaret.java:1242) ~[?:?]
	at javax.swing.text.DefaultCaret.setDot(DefaultCaret.java:1223) ~[?:?]
	at javax.swing.text.DefaultCaret$Handler.insertUpdate(DefaultCaret.java:1819) ~[?:?]
	at javax.swing.text.AbstractDocument.fireInsertUpdate(AbstractDocument.java:227) ~[?:?]
	at javax.swing.text.AbstractDocument.handleInsertString(AbstractDocument.java:781) ~[?:?]
	at javax.swing.text.AbstractDocument.insertString(AbstractDocument.java:740) ~[?:?]
	at javax.swing.text.PlainDocument.insertString(PlainDocument.java:131) ~[?:?]
	at javax.swing.text.AbstractDocument.replace(AbstractDocument.java:699) ~[?:?]
	at javax.swing.text.JTextComponent.setText(JTextComponent.java:1725) ~[?:?]
	at com.st.microxplorer.plugins.projectmanager.gui.ProjectChoiceTab.createHeapStackFields(ProjectChoiceTab.java:993) ~[filemanager.jar:?]
	at com.st.microxplorer.plugins.projectmanager.gui.ProjectChoiceTab.buildLinkSettingsPanel(ProjectChoiceTab.java:3813) ~[filemanager.jar:?]
	at com.st.microxplorer.plugins.projectmanager.gui.ProjectChoiceTab.defineWindowsFields(ProjectChoiceTab.java:1987) ~[filemanager.jar:?]
	at com.st.microxplorer.plugins.projectmanager.gui.ProjectChoiceTab.updateSettings(ProjectChoiceTab.java:558) ~[filemanager.jar:?]
	at com.st.microxplorer.plugins.projectmanager.gui.ProjectSettingsPanel.UpdateDialog(ProjectSettingsPanel.java:247) ~[filemanager.jar:?]
	at com.st.microxplorer.plugins.projectmanager.ProjectManagerView.propertyChange(ProjectManagerView.java:392) ~[filemanager.jar:?]
	at java.beans.PropertyChangeSupport.fire(PropertyChangeSupport.java:343) ~[?:?]
	at java.beans.PropertyChangeSupport.firePropertyChange(PropertyChangeSupport.java:335) ~[?:?]
	at java.beans.PropertyChangeSupport.firePropertyChange(PropertyChangeSupport.java:268) ~[?:?]
	at com.st.microxplorer.util.MXPropertyChangeSupport.firePropertyChange(MXPropertyChangeSupport.java:54) ~[STM32CubeMX.jar:?]
	at com.st.microxplorer.mxsystem.MxSystem.closeConfig(MxSystem.java:899) ~[STM32CubeMX.jar:?]
	at com.st.microxplorer.maingui.MainPanel.closeConfig(MainPanel.java:792) ~[STM32CubeMX.jar:?]
	at com.st.microxplorer.plugins.filemanager.engine.OpenFileManager.loadConfigurationFile(OpenFileManager.java:288) ~[filemanager.jar:?]
	at com.st.microxplorer.plugins.filemanager.engine.MainFileManager.userLoadConfig(MainFileManager.java:364) ~[filemanager.jar:?]
	at com.st.microxplorer.plugins.filemanager.engine.MainFileManager.userLoadConfig(MainFileManager.java:342) ~[filemanager.jar:?]
	at com.st.microxplorer.plugins.filemanager.FileManagerView.getSpecificTask(FileManagerView.java:264) ~[filemanager.jar:?]
	at com.st.stm32cube.common.mx.editor.CubeMxEditor.getMxTabbedPaneInstance(CubeMxEditor.java:1198) ~[com.st.stm32cube.common.mx_6.15.0.202507011659/:?]
	at com.st.stm32cube.common.mx.editor.CubeMxEditor$12$1.createSwingComponent(CubeMxEditor.java:1068) ~[com.st.stm32cube.common.mx_6.15.0.202507011659/:?]
	at com.st.stm32cube.common.mx.oss.core.awtswtbridge.EmbeddedSwingComposite.doComponentCreation(EmbeddedSwingComposite.java:492) ~[com.st.stm32cube.common.mx.oss_6.15.0.202507011659/:?]
	at com.st.stm32cube.common.mx.oss.core.awtswtbridge.EmbeddedSwingComposite$4.run(EmbeddedSwingComposite.java:291) ~[com.st.stm32cube.common.mx.oss_6.15.0.202507011659/:?]
	at com.st.stm32cube.common.mx.oss.core.awtswtbridge.AwtEnvironment$2.run(AwtEnvironment.java:166) ~[com.st.stm32cube.common.mx.oss_6.15.0.202507011659/:?]
	at java.awt.event.InvocationEvent.dispatch(InvocationEvent.java:318) ~[?:?]
	at java.awt.EventQueue.dispatchEventImpl(EventQueue.java:773) ~[?:?]
	at java.awt.EventQueue$4.run(EventQueue.java:720) ~[?:?]
	at java.awt.EventQueue$4.run(EventQueue.java:714) ~[?:?]
	at java.security.AccessController.doPrivileged(AccessController.java:400) ~[?:?]
	at java.security.ProtectionDomain$JavaSecurityAccessImpl.doIntersectionPrivilege(ProtectionDomain.java:87) ~[?:?]
	at java.awt.EventQueue.dispatchEvent(EventQueue.java:742) ~[?:?]
	at java.awt.EventDispatchThread.pumpOneEventForFilters(EventDispatchThread.java:203) ~[?:?]
	at java.awt.EventDispatchThread.pumpEventsForFilter(EventDispatchThread.java:124) ~[?:?]
	at java.awt.EventDispatchThread.pumpEventsForHierarchy(EventDispatchThread.java:113) ~[?:?]
	at java.awt.EventDispatchThread.pumpEvents(EventDispatchThread.java:109) ~[?:?]
	at java.awt.EventDispatchThread.pumpEvents(EventDispatchThread.java:101) ~[?:?]
	at java.awt.EventDispatchThread.run(EventDispatchThread.java:90) ~[?:?]
2025-08-11 17:29:11,938 [WARN] ThirdParty:871 - waiting for thirdparty lock release [close project]
2025-08-11 17:29:11,938 [INFO] ThirdParty:873 - entering critical section [close project]
2025-08-11 17:29:11,938 [INFO] ThirdParty:883 - exiting critical section [close project]
2025-08-11 17:29:11,940 [INFO] PinOutPanel:1589 - setPackage(No Configuration,No Configuration)
2025-08-11 17:29:11,945 [WARN] IpParametersView:155 - Warning: This peripheral hasn't parameters
2025-08-11 17:29:11,950 [WARN] MainPanel:289 - <html><b><center>Warning: This peripheral has no parameters to be configured<br></b></html>
2025-08-11 17:29:11,956 [INFO] UtilMem:75 - Begin LoadConfig() Used Memory: 424743864 Bytes (680525824)
2025-08-11 17:29:11,957 [INFO] MicroXplorer:468 - Change Database Path : 
2025-08-11 17:29:11,957 [INFO] MicroXplorer:498 - Change Database Version : DB.6.0.150
2025-08-11 17:29:11,958 [INFO] OpenFileManager:355 - Change cursor
2025-08-11 17:29:11,970 [INFO] Mcu:2029 - Initializing MCU STM32L073R(B-Z)Tx STM32L073RZTx STM32L073RZT6
2025-08-11 17:29:13,404 [INFO] Context:786 - Trying to add GPIOservice into a context  which must be forbidden
2025-08-11 17:29:13,843 [INFO] ImportTextPane:234 - (OptionalMessage_ERROR) Pin11 (VP_RIF_VS_RIF1) cannot be retrieved for this MCU
2025-08-11 17:29:13,897 [INFO] RtosManager:558 - Registered RTOS mode: class=CMSIS, group=RTOS, mode=CMSIS_V1, owner=FREERTOS
2025-08-11 17:29:13,897 [INFO] RtosManager:558 - Registered RTOS mode: class=CMSIS, group=RTOS2, mode=CMSIS_V2, owner=FREERTOS
2025-08-11 17:29:13,897 [INFO] RtosManager:558 - Registered RTOS mode: class=RTOS, group=Core, mode=CMSIS_V1, owner=FREERTOS
2025-08-11 17:29:13,897 [INFO] RtosManager:558 - Registered RTOS mode: class=RTOS, group=Core, mode=CMSIS_V2, owner=FREERTOS
2025-08-11 17:29:13,897 [WARN] ModelIntegratedComponent:184 - Missing modes for component STMicroelectronics:FreeRTOS:0.0.1:STMicroelectronics:RTOS:FreeRTOS:Core:::10.2.0:
2025-08-11 17:29:13,905 [WARN] ModelIntegratedComponent:63 - No mode defined for component null
2025-08-11 17:29:13,905 [WARN] ModelIntegratedComponent:63 - No mode defined for component null
2025-08-11 17:29:13,905 [WARN] ModelIntegratedComponent:63 - No mode defined for component null
2025-08-11 17:29:13,905 [WARN] ModelIntegratedComponent:63 - No mode defined for component null
2025-08-11 17:29:13,905 [WARN] ModelIntegratedComponent:63 - No mode defined for component null
2025-08-11 17:29:13,905 [WARN] ModelIntegratedComponent:63 - No mode defined for component null
2025-08-11 17:29:13,906 [WARN] ModelIntegratedComponent:63 - No mode defined for component null
2025-08-11 17:29:13,906 [WARN] ModelIntegratedComponent:63 - No mode defined for component null
2025-08-11 17:29:13,906 [WARN] ModelIntegratedComponent:63 - No mode defined for component null
2025-08-11 17:29:13,906 [WARN] ModelIntegratedComponent:63 - No mode defined for component null
2025-08-11 17:29:13,906 [WARN] ModelIntegratedComponent:63 - No mode defined for component null
2025-08-11 17:29:13,906 [WARN] ModelIntegratedComponent:63 - No mode defined for component null
2025-08-11 17:29:13,907 [WARN] ModelIntegratedComponent:63 - No mode defined for component null
2025-08-11 17:29:13,907 [WARN] ModelIntegratedComponent:63 - No mode defined for component null
2025-08-11 17:29:13,907 [WARN] ModelIntegratedComponent:63 - No mode defined for component null
2025-08-11 17:29:13,907 [WARN] ModelIntegratedComponent:63 - No mode defined for component null
2025-08-11 17:29:13,907 [WARN] ModelIntegratedComponent:63 - No mode defined for component null
2025-08-11 17:29:13,907 [WARN] ModelIntegratedComponent:63 - No mode defined for component null
2025-08-11 17:29:13,907 [WARN] ModelIntegratedComponent:63 - No mode defined for component null
2025-08-11 17:29:13,907 [WARN] ModelIntegratedComponent:63 - No mode defined for component null
2025-08-11 17:29:13,907 [WARN] ModelIntegratedComponent:63 - No mode defined for component null
2025-08-11 17:29:13,907 [WARN] ModelIntegratedComponent:63 - No mode defined for component null
2025-08-11 17:29:13,907 [WARN] ModelIntegratedComponent:63 - No mode defined for component null
2025-08-11 17:29:13,907 [WARN] ModelIntegratedComponent:63 - No mode defined for component null
2025-08-11 17:29:13,907 [WARN] ModelIntegratedComponent:63 - No mode defined for component null
2025-08-11 17:29:13,907 [WARN] ModelIntegratedComponent:63 - No mode defined for component null
2025-08-11 17:29:13,907 [WARN] ModelIntegratedComponent:63 - No mode defined for component null
2025-08-11 17:29:13,907 [WARN] ModelIntegratedComponent:63 - No mode defined for component null
2025-08-11 17:29:13,907 [WARN] ModelIntegratedComponent:63 - No mode defined for component null
2025-08-11 17:29:13,907 [WARN] ModelIntegratedComponent:63 - No mode defined for component null
2025-08-11 17:29:13,907 [WARN] ModelIntegratedComponent:63 - No mode defined for component null
2025-08-11 17:29:13,908 [WARN] ModelIntegratedComponent:63 - No mode defined for component null
2025-08-11 17:29:13,908 [WARN] ModelIntegratedComponent:63 - No mode defined for component null
2025-08-11 17:29:13,908 [WARN] ModelIntegratedComponent:63 - No mode defined for component null
2025-08-11 17:29:13,908 [WARN] ModelIntegratedComponent:63 - No mode defined for component null
2025-08-11 17:29:13,908 [WARN] ModelPack:524 - Component already loaded: STMicroelectronics:HAL Drivers:0.0.0:STMicroelectronics:Device:STMicro_Driver:XSPI:HAL::0.0.1:HAL_XSPI
2025-08-11 17:29:14,267 [INFO] ThirdPartyModel:298 - Start build external matchings
2025-08-11 17:29:15,472 [INFO] ThirdPartyModel:316 - End build external matchings
2025-08-11 17:29:15,894 [INFO] UtilMem:75 - End LoadConfig() Used Memory: 418271704 Bytes (762314752)
2025-08-11 17:29:16,012 [WARN] ThirdParty:833 - waiting for thirdparty lock release [change project]
2025-08-11 17:29:16,014 [INFO] ThirdParty:835 - entering critical section [change project]
2025-08-11 17:29:16,014 [INFO] ThirdParty:1030 - CMSIS Pack Vendor :STMicroelectronics X-CUBE-PM33A1 1.0.0
2025-08-11 17:29:16,014 [INFO] ThirdParty:1030 - CMSIS Pack Vendor :STMicroelectronics USBPD 4.1
2025-08-11 17:29:16,015 [INFO] ThirdParty:1030 - CMSIS Pack Vendor :STMicroelectronics USB_HOST 2.0.0
2025-08-11 17:29:16,015 [INFO] ThirdParty:1030 - CMSIS Pack Vendor :STMicroelectronics FP-SNS-MOTENVWB1 1.4.0
2025-08-11 17:29:16,016 [INFO] ThirdParty:1030 - CMSIS Pack Vendor :STMicroelectronics X-CUBE-AZRTOS-F4 1.1.0
2025-08-11 17:29:16,016 [INFO] ThirdParty:1030 - CMSIS Pack Vendor :STMicroelectronics LIBJPEG 8.0.0
2025-08-11 17:29:16,016 [INFO] ThirdParty:1030 - CMSIS Pack Vendor :STMicroelectronics FP-ATR-ASTRA1 2.0.2
2025-08-11 17:29:16,016 [INFO] ThirdParty:1030 - CMSIS Pack Vendor :STMicroelectronics FP-ATR-ASTRA1 2.0.1
2025-08-11 17:29:16,016 [INFO] ThirdParty:1030 - CMSIS Pack Vendor :Avnet-IotConnect X-CUBE-IoTC-DA16k-PMOD 1.0.0
2025-08-11 17:29:16,016 [INFO] ThirdParty:1030 - CMSIS Pack Vendor :STMicroelectronics X-CUBE-SMBUS 2.1.0
2025-08-11 17:29:16,016 [INFO] ThirdParty:1030 - CMSIS Pack Vendor :STMicroelectronics X-CUBE-WB05N 1.1.0
2025-08-11 17:29:16,016 [INFO] ThirdParty:1030 - CMSIS Pack Vendor :STMicroelectronics X-CUBE-ISPU 2.1.0
2025-08-11 17:29:16,016 [INFO] ThirdParty:1030 - CMSIS Pack Vendor :STMicroelectronics X-CUBE-ST60 1.0.0
2025-08-11 17:29:16,016 [INFO] ThirdParty:1030 - CMSIS Pack Vendor :STMicroelectronics X-CUBE-NFC12 1.0.0
2025-08-11 17:29:16,016 [INFO] ThirdParty:1030 - CMSIS Pack Vendor :STMicroelectronics X-CUBE-AZRTOS-F7 1.1.0
2025-08-11 17:29:16,016 [INFO] ThirdParty:1030 - CMSIS Pack Vendor :STMicroelectronics X-CUBE-AZRTOS-L5 2.0.0
2025-08-11 17:29:16,016 [INFO] ThirdParty:1030 - CMSIS Pack Vendor :STMicroelectronics USB_DEVICE 2.0.0
2025-08-11 17:29:16,016 [INFO] ThirdParty:1030 - CMSIS Pack Vendor :STMicroelectronics X-CUBE-NFC6 3.1.0
2025-08-11 17:29:16,016 [INFO] ThirdParty:1030 - CMSIS Pack Vendor :STMicroelectronics FreeRTOS 0.0.1
2025-08-11 17:29:16,016 [INFO] ThirdParty:1030 - CMSIS Pack Vendor :STMicroelectronics X-CUBE-DPower 1.2.0
2025-08-11 17:29:16,016 [INFO] ThirdParty:1030 - CMSIS Pack Vendor :STMicroelectronics FP-SNS-FLIGHT1 5.0.2
2025-08-11 17:29:16,016 [INFO] ThirdParty:1030 - CMSIS Pack Vendor :Infineon AIROC-Wi-Fi-Bluetooth-STM32 1.7.0
2025-08-11 17:29:16,016 [INFO] ThirdParty:1030 - CMSIS Pack Vendor :STMicroelectronics PDM2PCM 3.3.0
2025-08-11 17:29:16,016 [INFO] ThirdParty:1030 - CMSIS Pack Vendor :STMicroelectronics X-CUBE-AZRTOS-H7 3.4.0
2025-08-11 17:29:16,018 [INFO] ThirdParty:1030 - CMSIS Pack Vendor :STMicroelectronics X-CUBE-DISPLAY 3.0.0
2025-08-11 17:29:16,018 [INFO] ThirdParty:1030 - CMSIS Pack Vendor :STMicroelectronics X-CUBE-BLE1 7.0.0
2025-08-11 17:29:16,018 [INFO] ThirdParty:1030 - CMSIS Pack Vendor :STMicroelectronics X-CUBE-NFC10 1.0.0
2025-08-11 17:29:16,018 [INFO] ThirdParty:1030 - CMSIS Pack Vendor :STMicroelectronics X-CUBE-BLEMGR 4.0.0
2025-08-11 17:29:16,018 [INFO] ThirdParty:1030 - CMSIS Pack Vendor :STMicroelectronics X-CUBE-FREERTOS 1.3.1
2025-08-11 17:29:16,018 [INFO] ThirdParty:1030 - CMSIS Pack Vendor :STMicroelectronics HAL Drivers 0.0.0
2025-08-11 17:29:16,018 [INFO] ThirdParty:1030 - CMSIS Pack Vendor :emotas I-CUBE-CANOPEN 1.3.0
2025-08-11 17:29:16,018 [INFO] ThirdParty:1030 - CMSIS Pack Vendor :STMicroelectronics X-CUBE-FREERTOS 1.3.0
2025-08-11 17:29:16,018 [INFO] ThirdParty:1030 - CMSIS Pack Vendor :STMicroelectronics X-CUBE-NFC7 1.0.1
2025-08-11 17:29:16,018 [INFO] ThirdParty:1030 - CMSIS Pack Vendor :STMicroelectronics MBEDTLS 2.14.1
2025-08-11 17:29:16,018 [INFO] ThirdParty:1030 - CMSIS Pack Vendor :STMicroelectronics X-CUBE-AI 10.0.0
2025-08-11 17:29:16,018 [INFO] ThirdParty:1030 - CMSIS Pack Vendor :STMicroelectronics FP-SNS-STBOX1 2.1.0
2025-08-11 17:29:16,018 [INFO] ThirdParty:1030 - CMSIS Pack Vendor :STMicroelectronics FP-SNS-STAIOTCFT 1.0.0
2025-08-11 17:29:16,018 [INFO] ThirdParty:1030 - CMSIS Pack Vendor :STMicroelectronics FP-SNS-SMARTAG2 1.2.0
2025-08-11 17:29:16,018 [INFO] ThirdParty:1030 - CMSIS Pack Vendor :STMicroelectronics FP-SNS-FLIGHT1 5.1.0
2025-08-11 17:29:16,018 [INFO] ThirdParty:1030 - CMSIS Pack Vendor :STMicroelectronics X-CUBE-MEMS1 11.1.0
2025-08-11 17:29:16,018 [INFO] ThirdParty:1030 - CMSIS Pack Vendor :STMicroelectronics X-CUBE-AZRTOS-WL 2.0.0
2025-08-11 17:29:16,018 [INFO] ThirdParty:1030 - CMSIS Pack Vendor :STMicroelectronics X-CUBE-DPower 1.3.0
2025-08-11 17:29:16,018 [INFO] ThirdParty:1030 - CMSIS Pack Vendor :STMicroelectronics FP-SNS-MOTENV1 5.0.0
2025-08-11 17:29:16,019 [INFO] ThirdParty:1030 - CMSIS Pack Vendor :STMicroelectronics USB_DEVICE 1.0.0
2025-08-11 17:29:16,019 [INFO] ThirdParty:1030 - CMSIS Pack Vendor :wolfSSL I-CUBE-wolfMQTT 1.19.0
2025-08-11 17:29:16,019 [INFO] ThirdParty:1030 - CMSIS Pack Vendor :STMicroelectronics X-CUBE-AZRTOS-L4 2.0.0
2025-08-11 17:29:16,019 [INFO] ThirdParty:1030 - CMSIS Pack Vendor :STMicroelectronics ThreadX 0.0.2
2025-08-11 17:29:16,019 [INFO] ThirdParty:1030 - CMSIS Pack Vendor :WES I-CUBE-Cesium 1.3.0
2025-08-11 17:29:16,019 [INFO] ThirdParty:1030 - CMSIS Pack Vendor :STMicroelectronics lwIP 2.1.2
2025-08-11 17:29:16,019 [INFO] ThirdParty:1030 - CMSIS Pack Vendor :STMicroelectronics X-CUBE-SFXS2LP1 4.0.0
2025-08-11 17:29:16,019 [INFO] ThirdParty:1030 - CMSIS Pack Vendor :STMicroelectronics X-CUBE-BLE2 3.3.0
2025-08-11 17:29:16,019 [INFO] ThirdParty:1030 - CMSIS Pack Vendor :STMicroelectronics PDM2PCM 3.2.0
2025-08-11 17:29:16,019 [INFO] ThirdParty:1030 - CMSIS Pack Vendor :STMicroelectronics X-CUBE-AZRTOS-H7 3.3.0
2025-08-11 17:29:16,019 [INFO] ThirdParty:1030 - CMSIS Pack Vendor :STMicroelectronics X-CUBE-NFC9 1.0.0
2025-08-11 17:29:16,019 [INFO] ThirdParty:1030 - CMSIS Pack Vendor :STMicroelectronics X-CUBE-BLE1 7.1.0
2025-08-11 17:29:16,019 [INFO] ThirdParty:1030 - CMSIS Pack Vendor :STMicroelectronics USB_DEVICE 3.0.0
2025-08-11 17:29:16,019 [INFO] ThirdParty:1030 - CMSIS Pack Vendor :STMicroelectronics X-CUBE-EEPRMA1 5.2.0
2025-08-11 17:29:16,019 [INFO] ThirdParty:1030 - CMSIS Pack Vendor :STMicroelectronics X-CUBE-BLEMGR 4.1.0
2025-08-11 17:29:16,019 [INFO] ThirdParty:1030 - CMSIS Pack Vendor :STMicroelectronics X-CUBE-IPS 3.0.0
2025-08-11 17:29:16,019 [INFO] ThirdParty:1030 - CMSIS Pack Vendor :STMicroelectronics X-CUBE-AZRTOS-WB 2.0.0
2025-08-11 17:29:16,019 [INFO] ThirdParty:1030 - CMSIS Pack Vendor :STMicroelectronics X-CUBE-GNSS1 7.0.1
2025-08-11 17:29:16,019 [INFO] ThirdParty:1030 - CMSIS Pack Vendor :STMicroelectronics X-CUBE-TOUCHGFX 4.25.0
2025-08-11 17:29:16,020 [INFO] ThirdParty:1030 - CMSIS Pack Vendor :STMicroelectronics X-CUBE-AI 10.1.0
2025-08-11 17:29:16,020 [INFO] ThirdParty:1030 - CMSIS Pack Vendor :STMicroelectronics FP-SNS-STBOX1 2.0.0
2025-08-11 17:29:16,020 [INFO] ThirdParty:1030 - CMSIS Pack Vendor :STMicroelectronics X-CUBE-MEMS1 11.2.0
2025-08-11 17:29:16,020 [INFO] ThirdParty:1030 - CMSIS Pack Vendor :STMicroelectronics X-CUBE-AZRTOS-G0 1.1.0
2025-08-11 17:29:16,020 [INFO] ThirdParty:1030 - CMSIS Pack Vendor :STMicroelectronics X-CUBE-SAFEA1 1.2.2
2025-08-11 17:29:16,020 [INFO] ThirdParty:1030 - CMSIS Pack Vendor :STMicroelectronics X-CUBE-NFC4 3.0.0
2025-08-11 17:29:16,020 [INFO] ThirdParty:1030 - CMSIS Pack Vendor :STMicroelectronics X-CUBE-SUBG2 5.0.0
2025-08-11 17:29:16,020 [INFO] ThirdParty:1030 - CMSIS Pack Vendor :STMicroelectronics X-CUBE-AZRTOS-H7RS 1.1.0
2025-08-11 17:29:16,020 [INFO] ThirdParty:1030 - CMSIS Pack Vendor :STMicroelectronics STM32_WPAN 1.0.0
2025-08-11 17:29:16,020 [INFO] ThirdParty:1030 - CMSIS Pack Vendor :EmbeddedOffice I-CUBE-FS-RTOS 1.0.1
2025-08-11 17:29:16,020 [INFO] ThirdParty:1030 - CMSIS Pack Vendor :STMicroelectronics lwIP 2.0.3
2025-08-11 17:29:16,020 [INFO] ThirdParty:1030 - CMSIS Pack Vendor :Cesanta I-CUBE-Mongoose 7.13.0
2025-08-11 17:29:16,020 [INFO] ThirdParty:1030 - CMSIS Pack Vendor :STMicroelectronics USB_HOST 1.0.0
2025-08-11 17:29:16,020 [INFO] ThirdParty:1030 - CMSIS Pack Vendor :STMicroelectronics X-CUBE-AZRTOS-G4 2.0.0
2025-08-11 17:29:16,020 [INFO] ThirdParty:1030 - CMSIS Pack Vendor :STMicroelectronics X-CUBE-WB05N 2.0.0
2025-08-11 17:29:16,020 [INFO] ThirdParty:1030 - CMSIS Pack Vendor :STMicroelectronics PDM2PCM 3.1.0
2025-08-11 17:29:16,021 [INFO] ThirdParty:1030 - CMSIS Pack Vendor :STMicroelectronics X-CUBE-NFC7 2.0.0
2025-08-11 17:29:16,021 [INFO] ThirdParty:1030 - CMSIS Pack Vendor :STMicroelectronics X-CUBE-TCPP 4.2.0
2025-08-11 17:29:16,021 [INFO] ThirdParty:1030 - CMSIS Pack Vendor :RealThread X-CUBE-RT-Thread_Nano 4.1.1
2025-08-11 17:29:16,021 [INFO] ThirdParty:1030 - CMSIS Pack Vendor :STMicroelectronics FP-ATR-SIGFOX1 3.2.0
2025-08-11 17:29:16,021 [INFO] ThirdParty:1030 - CMSIS Pack Vendor :quantropi X-CUBE-qispace-sdk-base 1.9.3
2025-08-11 17:29:16,021 [INFO] ThirdParty:1030 - CMSIS Pack Vendor :STMicroelectronics X-CUBE-EEPRMA1 5.1.0
2025-08-11 17:29:16,021 [INFO] ThirdParty:1030 - CMSIS Pack Vendor :STMicroelectronics MBEDTLS 2.16.2
2025-08-11 17:29:16,021 [INFO] ThirdParty:1030 - CMSIS Pack Vendor :STMicroelectronics X-CUBE-IPS 3.1.0
2025-08-11 17:29:16,021 [INFO] ThirdParty:1030 - CMSIS Pack Vendor :STMicroelectronics X-CUBE-ALS 1.0.2
2025-08-11 17:29:16,021 [INFO] ThirdParty:1030 - CMSIS Pack Vendor :wolfSSL I-CUBE-wolfSSL 5.7.4
2025-08-11 17:29:16,021 [INFO] ThirdParty:1030 - CMSIS Pack Vendor :STMicroelectronics X-CUBE-TOUCHGFX 4.24.0
2025-08-11 17:29:16,022 [INFO] ThirdParty:1030 - CMSIS Pack Vendor :ITTIA_DB I-CUBE-ITTIADB 8.9.0
2025-08-11 17:29:16,022 [INFO] ThirdParty:1030 - CMSIS Pack Vendor :STMicroelectronics X-CUBE-TOUCHGFX 4.24.2
2025-08-11 17:29:16,022 [INFO] ThirdParty:1030 - CMSIS Pack Vendor :STMicroelectronics X-CUBE-TOUCHGFX 4.24.1
2025-08-11 17:29:16,022 [INFO] ThirdParty:1030 - CMSIS Pack Vendor :wolfSSL I-CUBE-wolfTPM 3.4.0
2025-08-11 17:29:16,022 [INFO] ThirdParty:1030 - CMSIS Pack Vendor :portGmbH I-Cube-SoM-uGOAL 1.1.0
2025-08-11 17:29:16,022 [INFO] ThirdParty:1030 - CMSIS Pack Vendor :STMicroelectronics X-CUBE-ST67W61 1.0.0
2025-08-11 17:29:16,022 [INFO] ThirdParty:1030 - CMSIS Pack Vendor :STMicroelectronics X-CUBE-AI 10.2.0
2025-08-11 17:29:16,022 [INFO] ThirdParty:1030 - CMSIS Pack Vendor :STMicroelectronics ThreadX 1.0.0
2025-08-11 17:29:16,022 [INFO] ThirdParty:1030 - CMSIS Pack Vendor :SEGGER I-CUBE-embOS 1.3.1
2025-08-11 17:29:16,022 [INFO] ThirdParty:1030 - CMSIS Pack Vendor :STMicroelectronics X-CUBE-ALGOBUILD 1.4.0
2025-08-11 17:29:16,022 [INFO] ThirdParty:1030 - CMSIS Pack Vendor :STMicroelectronics X-CUBE-MEMS1 11.3.0
2025-08-11 17:29:16,022 [INFO] ThirdParty:1030 - CMSIS Pack Vendor :STMicroelectronics X-CUBE-AZRTOS-H7RS 1.0.0
2025-08-11 17:29:16,022 [INFO] ThirdParty:1030 - CMSIS Pack Vendor :STMicroelectronics X-CUBE-TOF1 3.4.2
2025-08-11 17:29:16,023 [INFO] ThirdParty:1030 - CMSIS Pack Vendor :STMicroelectronics X-CUBE-TOF1 3.4.3
2025-08-11 17:29:16,023 [INFO] ThirdParty:1030 - CMSIS Pack Vendor :STMicroelectronics X-CUBE-AI 9.1.0
2025-08-11 17:29:16,023 [INFO] ThirdParty:1030 - CMSIS Pack Vendor :wolfSSL I-CUBE-wolfSSH 1.4.17
2025-08-11 17:29:16,023 [INFO] ThirdParty:841 - exiting critical section [change project]
2025-08-11 17:29:16,336 [INFO] PinOutPanel:1589 - setPackage(No Configuration,No Configuration)
2025-08-11 17:29:16,337 [INFO] PinOutPanel:1589 - setPackage(STM32L073RZTx,LQFP64)
2025-08-11 17:29:16,623 [INFO] UtilMem:75 - Before build in PCC Used Memory: 584267136 Bytes (762314752)
2025-08-11 17:29:16,925 [INFO] UtilMem:75 - After build in PCC Used Memory: 633558160 Bytes (762314752)
2025-08-11 17:29:16,977 [INFO] IPUIPlugin:80 - create IPUIPlugin
2025-08-11 17:29:16,977 [INFO] IPUIPlugin:80 - create IPUIPlugin
2025-08-11 17:29:16,978 [INFO] IPUIPlugin:80 - create IPUIPlugin
2025-08-11 17:29:16,978 [INFO] IPUIPlugin:80 - create IPUIPlugin
2025-08-11 17:29:16,978 [INFO] IPUIPlugin:80 - create IPUIPlugin
2025-08-11 17:29:16,978 [INFO] IPUIPlugin:80 - create IPUIPlugin
2025-08-11 17:29:16,978 [INFO] IPUIPlugin:80 - create IPUIPlugin
2025-08-11 17:29:16,978 [INFO] IPUIPlugin:80 - create IPUIPlugin
2025-08-11 17:29:16,978 [INFO] IPUIPlugin:80 - create IPUIPlugin
2025-08-11 17:29:16,978 [INFO] IPUIPlugin:80 - create IPUIPlugin
2025-08-11 17:29:16,978 [INFO] IPUIPlugin:80 - create IPUIPlugin
2025-08-11 17:29:16,978 [INFO] IPUIPlugin:80 - create IPUIPlugin
2025-08-11 17:29:16,978 [INFO] IPUIPlugin:80 - create IPUIPlugin
2025-08-11 17:29:16,979 [INFO] IPUIPlugin:80 - create IPUIPlugin
2025-08-11 17:29:16,979 [INFO] IPUIPlugin:80 - create IPUIPlugin
2025-08-11 17:29:16,980 [INFO] IPUIPlugin:80 - create IPUIPlugin
2025-08-11 17:29:16,981 [INFO] IPUIPlugin:80 - create IPUIPlugin
2025-08-11 17:29:16,981 [INFO] IPUIPlugin:80 - create IPUIPlugin
2025-08-11 17:29:16,982 [INFO] IPUIPlugin:80 - create IPUIPlugin
2025-08-11 17:29:16,982 [INFO] IPUIPlugin:80 - create IPUIPlugin
2025-08-11 17:29:16,982 [INFO] IPUIPlugin:80 - create IPUIPlugin
2025-08-11 17:29:16,982 [INFO] IPUIPlugin:80 - create IPUIPlugin
2025-08-11 17:29:16,984 [INFO] IPUIPlugin:80 - create IPUIPlugin
2025-08-11 17:29:16,984 [INFO] IPUIPlugin:80 - create IPUIPlugin
2025-08-11 17:29:16,985 [INFO] IPUIPlugin:80 - create IPUIPlugin
2025-08-11 17:29:16,985 [INFO] IPUIPlugin:80 - create IPUIPlugin
2025-08-11 17:29:16,985 [INFO] IPUIPlugin:80 - create IPUIPlugin
2025-08-11 17:29:16,986 [INFO] IPUIPlugin:80 - create IPUIPlugin
2025-08-11 17:29:16,986 [INFO] IPUIPlugin:80 - create IPUIPlugin
2025-08-11 17:29:16,986 [INFO] IPUIPlugin:80 - create IPUIPlugin
2025-08-11 17:29:16,987 [INFO] IPUIPlugin:80 - create IPUIPlugin
2025-08-11 17:29:16,987 [INFO] IPUIPlugin:80 - create IPUIPlugin
2025-08-11 17:29:16,987 [INFO] IPUIPlugin:80 - create IPUIPlugin
2025-08-11 17:29:16,988 [INFO] IPUIPlugin:80 - create IPUIPlugin
2025-08-11 17:29:16,988 [INFO] IPUIPlugin:80 - create IPUIPlugin
2025-08-11 17:29:16,989 [INFO] IPUIPlugin:80 - create IPUIPlugin
2025-08-11 17:29:16,989 [INFO] IPUIPlugin:80 - create IPUIPlugin
2025-08-11 17:29:16,990 [INFO] IPUIPlugin:80 - create IPUIPlugin
2025-08-11 17:29:16,990 [INFO] IPUIPlugin:80 - create IPUIPlugin
2025-08-11 17:29:17,151 [INFO] CADModel:165 - CPN selected for project levelSTM32L073RZT6
2025-08-11 17:29:17,151 [INFO] CADModel:114 - Register for checkConnection events
2025-08-11 17:29:17,251 [INFO] OpenFileManager:386 - Restore cursor
2025-08-11 17:29:24,453 [INFO] Gpio:278 - dependency for GPIO [SPI1, USART2]
2025-08-11 17:31:11,709 [INFO] UtilMem:75 - End SaveConfig() Used Memory: 345558856 Bytes (762314752)
2025-08-11 17:31:12,967 [INFO] UtilMem:75 - End SaveConfig() Used Memory: 392576704 Bytes (762314752)
2025-08-11 17:31:15,165 [INFO] UtilMem:75 - End SaveConfig() Used Memory: 513331016 Bytes (762314752)
2025-08-11 17:31:15,382 [INFO] BlockDiagram:2775 - set Specific Code input for plugin: SPI
2025-08-11 17:31:15,382 [INFO] BlockDiagram:2775 - set Specific Code input for plugin: SYS
2025-08-11 17:31:15,382 [INFO] BlockDiagram:2775 - set Specific Code input for plugin: RCC
2025-08-11 17:31:15,383 [INFO] BlockDiagram:2775 - set Specific Code input for plugin: NVIC
2025-08-11 17:31:15,383 [INFO] BlockDiagram:2775 - set Specific Code input for plugin: USART
2025-08-11 17:31:15,383 [INFO] BlockDiagram:2775 - set Specific Code input for plugin: GPIO
2025-08-11 17:31:15,384 [INFO] CodeGenerator:892 - code generatio: config db path: C:\ST\STM32CubeIDE_1.16.1\STM32CubeIDE\plugins\com.st.stm32cube.common.mx_6.15.0.202507011659\\db\
2025-08-11 17:31:15,482 [INFO] CodeEngine:265 - oldGeneratedFile, C:\Users\kjeya\Documents\MCU_INTEGRATION\WIRELESS_RF_SWITCH\MXTmpFiles\license.tmp_save
2025-08-11 17:31:15,591 [INFO] CodeEngine:289 - Generated code: C:\Users\kjeya\Documents\MCU_INTEGRATION\WIRELESS_RF_SWITCH\MXTmpFiles\license.tmp
2025-08-11 17:31:15,660 [INFO] CodeEngine:265 - oldGeneratedFile, C:\Users\kjeya\Documents\MCU_INTEGRATION\WIRELESS_RF_SWITCH\MXTmpFiles\gpio.tmp_save
2025-08-11 17:31:15,758 [INFO] CodeEngine:289 - Generated code: C:\Users\kjeya\Documents\MCU_INTEGRATION\WIRELESS_RF_SWITCH\MXTmpFiles\gpio.tmp
2025-08-11 17:31:15,954 [INFO] CodeEngine:265 - oldGeneratedFile, C:\Users\kjeya\Documents\MCU_INTEGRATION\WIRELESS_RF_SWITCH\Core\Src\stm32l0xx_it.c_save
2025-08-11 17:31:16,068 [INFO] CodeEngine:289 - Generated code: C:\Users\kjeya\Documents\MCU_INTEGRATION\WIRELESS_RF_SWITCH\Core\Src\stm32l0xx_it.c
2025-08-11 17:31:16,079 [INFO] CodeEngine:265 - oldGeneratedFile, C:\Users\kjeya\Documents\MCU_INTEGRATION\WIRELESS_RF_SWITCH\Core\Inc\stm32l0xx_it.h_save
2025-08-11 17:31:16,225 [INFO] CodeEngine:289 - Generated code: C:\Users\kjeya\Documents\MCU_INTEGRATION\WIRELESS_RF_SWITCH\Core\Inc\stm32l0xx_it.h
2025-08-11 17:31:16,243 [INFO] CodeEngine:265 - oldGeneratedFile, C:\Users\kjeya\Documents\MCU_INTEGRATION\WIRELESS_RF_SWITCH\Core\Src\stm32l0xx_hal_msp.c_save
2025-08-11 17:31:16,378 [INFO] CodeEngine:289 - Generated code: C:\Users\kjeya\Documents\MCU_INTEGRATION\WIRELESS_RF_SWITCH\Core\Src\stm32l0xx_hal_msp.c
2025-08-11 17:31:16,387 [INFO] CodeEngine:265 - oldGeneratedFile, C:\Users\kjeya\Documents\MCU_INTEGRATION\WIRELESS_RF_SWITCH\MXTmpFiles\system.tmp_save
2025-08-11 17:31:16,476 [INFO] CodeEngine:289 - Generated code: C:\Users\kjeya\Documents\MCU_INTEGRATION\WIRELESS_RF_SWITCH\MXTmpFiles\system.tmp
2025-08-11 17:31:16,494 [INFO] CodeEngine:321 - oldGeneratedFile, C:\Users\kjeya\Documents\MCU_INTEGRATION\WIRELESS_RF_SWITCH\Core\Inc\stm32l0xx_hal_conf.h_save
2025-08-11 17:31:16,576 [INFO] CodeEngine:345 - Generated code: C:\Users\kjeya\Documents\MCU_INTEGRATION\WIRELESS_RF_SWITCH\Core\Inc\stm32l0xx_hal_conf.h
2025-08-11 17:31:16,595 [INFO] ApiDbMcu:532 - Load IP Config File for SPI1
2025-08-11 17:31:16,601 [INFO] ApiDbMcu:532 - Load IP Config File for USART2
2025-08-11 17:31:16,605 [INFO] ApiDbMcu:532 - Load IP Config File for RCC
2025-08-11 17:31:16,624 [INFO] CodeEngine:265 - oldGeneratedFile, C:\Users\kjeya\Documents\MCU_INTEGRATION\WIRELESS_RF_SWITCH\Core\Inc\main.h_save
2025-08-11 17:31:16,706 [INFO] CodeEngine:289 - Generated code: C:\Users\kjeya\Documents\MCU_INTEGRATION\WIRELESS_RF_SWITCH\Core\Inc\main.h
2025-08-11 17:31:16,714 [INFO] CodeEngine:265 - oldGeneratedFile, C:\Users\kjeya\Documents\MCU_INTEGRATION\WIRELESS_RF_SWITCH\Core\Src\main.c_save
2025-08-11 17:31:16,856 [INFO] CodeEngine:289 - Generated code: C:\Users\kjeya\Documents\MCU_INTEGRATION\WIRELESS_RF_SWITCH\Core\Src\main.c
2025-08-11 17:31:17,362 [INFO] ProjectBuilder:3606 - Time for Copy HAL[1] : 202mS.
2025-08-11 17:31:17,366 [INFO] ProjectBuilder:5216 - Project Generator version: 4.7.0-B52
2025-08-11 17:31:17,474 [INFO] ConfigFileManager:1595 - The Die is : DIE447
2025-08-11 17:31:17,477 [INFO] ApiDbMcu:532 - Load IP Config File for FATFS
2025-08-11 17:31:17,481 [INFO] ApiDbMcu:532 - Load IP Config File for FREERTOS
2025-08-11 17:31:17,492 [INFO] ApiDbMcu:532 - Load IP Config File for TOUCHSENSING
2025-08-11 17:31:17,498 [INFO] ApiDbMcu:532 - Load IP Config File for USB_DEVICE
2025-08-11 17:31:18,753 [INFO] ProjectBuilder:5496 - Time for Generating toolchain IDE Files: 1387mS.
2025-08-11 17:31:18,755 [INFO] ProjectBuilder:3463 - Time for Copy CMSIS : 0mS.
2025-08-11 17:31:18,758 [INFO] ProjectBuilder:3463 - Time for Copy CMSIS : 0mS.
2025-08-11 17:31:19,663 [INFO] MainUpdater:2872 - connection check result : 10
2025-08-11 17:31:19,663 [INFO] MainUpdater:2872 - connection check result : 10
2025-08-11 17:31:19,681 [INFO] MicroXplorer:468 - Change Database Path : 
2025-08-11 17:31:19,681 [INFO] MicroXplorer:498 - Change Database Version : DB.6.0.150
2025-08-11 17:31:19,693 [ERROR] ProjectManagerView:395 - 
java.lang.NullPointerException: Cannot invoke "javax.swing.JTextField.getText()" because the return value of "java.util.List.get(int)" is null
	at com.st.microxplorer.plugins.projectmanager.gui.ProjectChoiceTab$9.caretUpdate(ProjectChoiceTab.java:2706) ~[filemanager.jar:?]
	at javax.swing.text.JTextComponent.fireCaretUpdate(JTextComponent.java:408) ~[?:?]
	at javax.swing.text.JTextComponent$MutableCaretEvent.fire(JTextComponent.java:4484) ~[?:?]
	at javax.swing.text.JTextComponent$MutableCaretEvent.stateChanged(JTextComponent.java:4506) ~[?:?]
	at javax.swing.text.DefaultCaret.fireStateChanged(DefaultCaret.java:857) ~[?:?]
	at javax.swing.text.DefaultCaret.changeCaretPosition(DefaultCaret.java:1343) ~[?:?]
	at javax.swing.text.DefaultCaret.handleSetDot(DefaultCaret.java:1242) ~[?:?]
	at javax.swing.text.DefaultCaret.setDot(DefaultCaret.java:1223) ~[?:?]
	at javax.swing.text.DefaultCaret$Handler.insertUpdate(DefaultCaret.java:1819) ~[?:?]
	at javax.swing.text.AbstractDocument.fireInsertUpdate(AbstractDocument.java:227) ~[?:?]
	at javax.swing.text.AbstractDocument.handleInsertString(AbstractDocument.java:781) ~[?:?]
	at javax.swing.text.AbstractDocument.insertString(AbstractDocument.java:740) ~[?:?]
	at javax.swing.text.PlainDocument.insertString(PlainDocument.java:131) ~[?:?]
	at javax.swing.text.AbstractDocument.replace(AbstractDocument.java:699) ~[?:?]
	at javax.swing.text.JTextComponent.setText(JTextComponent.java:1725) ~[?:?]
	at com.st.microxplorer.plugins.projectmanager.gui.ProjectChoiceTab.createHeapStackFields(ProjectChoiceTab.java:993) ~[filemanager.jar:?]
	at com.st.microxplorer.plugins.projectmanager.gui.ProjectChoiceTab.buildLinkSettingsPanel(ProjectChoiceTab.java:3813) ~[filemanager.jar:?]
	at com.st.microxplorer.plugins.projectmanager.gui.ProjectChoiceTab.defineWindowsFields(ProjectChoiceTab.java:1987) ~[filemanager.jar:?]
	at com.st.microxplorer.plugins.projectmanager.gui.ProjectChoiceTab.updateSettings(ProjectChoiceTab.java:558) ~[filemanager.jar:?]
	at com.st.microxplorer.plugins.projectmanager.gui.ProjectSettingsPanel.UpdateDialog(ProjectSettingsPanel.java:247) ~[filemanager.jar:?]
	at com.st.microxplorer.plugins.projectmanager.ProjectManagerView.propertyChange(ProjectManagerView.java:392) ~[filemanager.jar:?]
	at java.beans.PropertyChangeSupport.fire(PropertyChangeSupport.java:343) ~[?:?]
	at java.beans.PropertyChangeSupport.firePropertyChange(PropertyChangeSupport.java:335) ~[?:?]
	at java.beans.PropertyChangeSupport.firePropertyChange(PropertyChangeSupport.java:268) ~[?:?]
	at com.st.microxplorer.util.MXPropertyChangeSupport.firePropertyChange(MXPropertyChangeSupport.java:54) ~[STM32CubeMX.jar:?]
	at com.st.microxplorer.mxsystem.MxSystem.closeConfig(MxSystem.java:899) ~[STM32CubeMX.jar:?]
	at com.st.microxplorer.maingui.MainPanel.closeConfig(MainPanel.java:792) ~[STM32CubeMX.jar:?]
	at com.st.microxplorer.plugins.filemanager.engine.OpenFileManager.loadConfigurationFile(OpenFileManager.java:288) ~[filemanager.jar:?]
	at com.st.microxplorer.plugins.filemanager.engine.MainFileManager.userLoadConfig(MainFileManager.java:364) ~[filemanager.jar:?]
	at com.st.microxplorer.plugins.filemanager.engine.MainFileManager.userLoadConfig(MainFileManager.java:342) ~[filemanager.jar:?]
	at com.st.microxplorer.plugins.filemanager.FileManagerView.getSpecificTask(FileManagerView.java:264) ~[filemanager.jar:?]
	at com.st.stm32cube.common.mx.editor.CubeMxEditor.getMxTabbedPaneInstance(CubeMxEditor.java:1198) ~[com.st.stm32cube.common.mx_6.15.0.202507011659/:?]
	at com.st.stm32cube.common.mx.editor.CubeMxEditor$12$1.createSwingComponent(CubeMxEditor.java:1068) ~[com.st.stm32cube.common.mx_6.15.0.202507011659/:?]
	at com.st.stm32cube.common.mx.oss.core.awtswtbridge.EmbeddedSwingComposite.doComponentCreation(EmbeddedSwingComposite.java:492) ~[com.st.stm32cube.common.mx.oss_6.15.0.202507011659/:?]
	at com.st.stm32cube.common.mx.oss.core.awtswtbridge.EmbeddedSwingComposite$4.run(EmbeddedSwingComposite.java:291) ~[com.st.stm32cube.common.mx.oss_6.15.0.202507011659/:?]
	at com.st.stm32cube.common.mx.oss.core.awtswtbridge.AwtEnvironment$2.run(AwtEnvironment.java:166) ~[com.st.stm32cube.common.mx.oss_6.15.0.202507011659/:?]
	at java.awt.event.InvocationEvent.dispatch(InvocationEvent.java:318) ~[?:?]
	at java.awt.EventQueue.dispatchEventImpl(EventQueue.java:773) ~[?:?]
	at java.awt.EventQueue$4.run(EventQueue.java:720) ~[?:?]
	at java.awt.EventQueue$4.run(EventQueue.java:714) ~[?:?]
	at java.security.AccessController.doPrivileged(AccessController.java:400) ~[?:?]
	at java.security.ProtectionDomain$JavaSecurityAccessImpl.doIntersectionPrivilege(ProtectionDomain.java:87) ~[?:?]
	at java.awt.EventQueue.dispatchEvent(EventQueue.java:742) ~[?:?]
	at java.awt.EventDispatchThread.pumpOneEventForFilters(EventDispatchThread.java:203) ~[?:?]
	at java.awt.EventDispatchThread.pumpEventsForFilter(EventDispatchThread.java:124) ~[?:?]
	at java.awt.EventDispatchThread.pumpEventsForHierarchy(EventDispatchThread.java:113) ~[?:?]
	at java.awt.EventDispatchThread.pumpEvents(EventDispatchThread.java:109) ~[?:?]
	at java.awt.EventDispatchThread.pumpEvents(EventDispatchThread.java:101) ~[?:?]
	at java.awt.EventDispatchThread.run(EventDispatchThread.java:90) ~[?:?]
2025-08-11 17:31:19,694 [WARN] ThirdParty:871 - waiting for thirdparty lock release [close project]
2025-08-11 17:31:19,694 [INFO] ThirdParty:873 - entering critical section [close project]
2025-08-11 17:31:19,694 [INFO] ThirdParty:883 - exiting critical section [close project]
2025-08-11 17:31:19,696 [INFO] PinOutPanel:1589 - setPackage(No Configuration,No Configuration)
2025-08-11 17:31:19,701 [INFO] UtilMem:75 - Begin LoadConfig() Used Memory: 422561584 Bytes (762314752)
2025-08-11 17:31:19,702 [INFO] MicroXplorer:468 - Change Database Path : 
2025-08-11 17:31:19,702 [INFO] MicroXplorer:498 - Change Database Version : DB.6.0.150
2025-08-11 17:31:19,702 [INFO] OpenFileManager:355 - Change cursor
2025-08-11 17:31:19,717 [INFO] RulesReader:64 - Compatibility file has been processed (317 Rules)
2025-08-11 17:31:19,721 [INFO] Mcu:2029 - Initializing MCU STM32F446R(C-E)Tx STM32F446RETx STM32F446RET6
2025-08-11 17:31:21,373 [INFO] Context:786 - Trying to add GPIOservice into a context  which must be forbidden
2025-08-11 17:31:21,659 [INFO] ImportTextPane:234 - (OptionalMessage_ERROR) Pin34 (VP_RIF_VS_RIF1) cannot be retrieved for this MCU
2025-08-11 17:31:21,695 [INFO] RtosManager:558 - Registered RTOS mode: class=CMSIS, group=RTOS, mode=CMSIS_V1, owner=FREERTOS
2025-08-11 17:31:21,695 [INFO] RtosManager:558 - Registered RTOS mode: class=CMSIS, group=RTOS2, mode=CMSIS_V2, owner=FREERTOS
2025-08-11 17:31:21,695 [INFO] RtosManager:558 - Registered RTOS mode: class=RTOS, group=Core, mode=CMSIS_V1, owner=FREERTOS
2025-08-11 17:31:21,695 [INFO] RtosManager:558 - Registered RTOS mode: class=RTOS, group=Core, mode=CMSIS_V2, owner=FREERTOS
2025-08-11 17:31:21,695 [WARN] ModelIntegratedComponent:184 - Missing modes for component STMicroelectronics:FreeRTOS:0.0.1:STMicroelectronics:RTOS:FreeRTOS:Core:::10.2.0:
2025-08-11 17:31:21,702 [WARN] ModelIntegratedComponent:63 - No mode defined for component null
2025-08-11 17:31:21,702 [WARN] ModelIntegratedComponent:63 - No mode defined for component null
2025-08-11 17:31:21,702 [WARN] ModelIntegratedComponent:63 - No mode defined for component null
2025-08-11 17:31:21,702 [WARN] ModelIntegratedComponent:63 - No mode defined for component null
2025-08-11 17:31:21,702 [WARN] ModelIntegratedComponent:63 - No mode defined for component null
2025-08-11 17:31:21,702 [WARN] ModelIntegratedComponent:63 - No mode defined for component null
2025-08-11 17:31:21,702 [WARN] ModelIntegratedComponent:63 - No mode defined for component null
2025-08-11 17:31:21,702 [WARN] ModelIntegratedComponent:63 - No mode defined for component null
2025-08-11 17:31:21,702 [WARN] ModelIntegratedComponent:63 - No mode defined for component null
2025-08-11 17:31:21,702 [WARN] ModelIntegratedComponent:63 - No mode defined for component null
2025-08-11 17:31:21,702 [WARN] ModelIntegratedComponent:63 - No mode defined for component null
2025-08-11 17:31:21,702 [WARN] ModelIntegratedComponent:63 - No mode defined for component null
2025-08-11 17:31:21,702 [WARN] ModelIntegratedComponent:63 - No mode defined for component null
2025-08-11 17:31:21,704 [WARN] ModelIntegratedComponent:63 - No mode defined for component null
2025-08-11 17:31:21,704 [WARN] ModelIntegratedComponent:63 - No mode defined for component null
2025-08-11 17:31:21,704 [WARN] ModelIntegratedComponent:63 - No mode defined for component null
2025-08-11 17:31:21,704 [WARN] ModelIntegratedComponent:63 - No mode defined for component null
2025-08-11 17:31:21,704 [WARN] ModelIntegratedComponent:63 - No mode defined for component null
2025-08-11 17:31:21,704 [WARN] ModelIntegratedComponent:63 - No mode defined for component null
2025-08-11 17:31:21,704 [WARN] ModelIntegratedComponent:63 - No mode defined for component null
2025-08-11 17:31:21,704 [WARN] ModelIntegratedComponent:63 - No mode defined for component null
2025-08-11 17:31:21,704 [WARN] ModelIntegratedComponent:63 - No mode defined for component null
2025-08-11 17:31:21,704 [WARN] ModelIntegratedComponent:63 - No mode defined for component null
2025-08-11 17:31:21,704 [WARN] ModelIntegratedComponent:63 - No mode defined for component null
2025-08-11 17:31:21,704 [WARN] ModelIntegratedComponent:63 - No mode defined for component null
2025-08-11 17:31:21,704 [WARN] ModelIntegratedComponent:63 - No mode defined for component null
2025-08-11 17:31:21,704 [WARN] ModelIntegratedComponent:63 - No mode defined for component null
2025-08-11 17:31:21,704 [WARN] ModelIntegratedComponent:63 - No mode defined for component null
2025-08-11 17:31:21,704 [WARN] ModelIntegratedComponent:63 - No mode defined for component null
2025-08-11 17:31:21,704 [WARN] ModelIntegratedComponent:63 - No mode defined for component null
2025-08-11 17:31:21,704 [WARN] ModelIntegratedComponent:63 - No mode defined for component null
2025-08-11 17:31:21,704 [WARN] ModelIntegratedComponent:63 - No mode defined for component null
2025-08-11 17:31:21,704 [WARN] ModelIntegratedComponent:63 - No mode defined for component null
2025-08-11 17:31:21,704 [WARN] ModelIntegratedComponent:63 - No mode defined for component null
2025-08-11 17:31:21,704 [WARN] ModelIntegratedComponent:63 - No mode defined for component null
2025-08-11 17:31:21,704 [WARN] ModelPack:524 - Component already loaded: STMicroelectronics:HAL Drivers:0.0.0:STMicroelectronics:Device:STMicro_Driver:XSPI:HAL::0.0.1:HAL_XSPI
2025-08-11 17:31:22,019 [INFO] ThirdPartyModel:298 - Start build external matchings
2025-08-11 17:31:23,334 [INFO] ThirdPartyModel:316 - End build external matchings
2025-08-11 17:31:23,644 [INFO] UtilMem:75 - End LoadConfig() Used Memory: 635101624 Bytes (764411904)
2025-08-11 17:31:23,759 [WARN] ThirdParty:833 - waiting for thirdparty lock release [change project]
2025-08-11 17:31:23,759 [INFO] ThirdParty:835 - entering critical section [change project]
2025-08-11 17:31:23,759 [INFO] ThirdParty:1030 - CMSIS Pack Vendor :STMicroelectronics X-CUBE-PM33A1 1.0.0
2025-08-11 17:31:23,759 [INFO] ThirdParty:1030 - CMSIS Pack Vendor :STMicroelectronics USBPD 4.1
2025-08-11 17:31:23,759 [INFO] ThirdParty:1030 - CMSIS Pack Vendor :STMicroelectronics USB_HOST 2.0.0
2025-08-11 17:31:23,759 [INFO] ThirdParty:1030 - CMSIS Pack Vendor :STMicroelectronics FP-SNS-MOTENVWB1 1.4.0
2025-08-11 17:31:23,759 [INFO] ThirdParty:1030 - CMSIS Pack Vendor :STMicroelectronics X-CUBE-AZRTOS-F4 1.1.0
2025-08-11 17:31:23,760 [INFO] ThirdParty:1030 - CMSIS Pack Vendor :STMicroelectronics LIBJPEG 8.0.0
2025-08-11 17:31:23,760 [INFO] ThirdParty:1030 - CMSIS Pack Vendor :STMicroelectronics FP-ATR-ASTRA1 2.0.2
2025-08-11 17:31:23,760 [INFO] ThirdParty:1030 - CMSIS Pack Vendor :STMicroelectronics FP-ATR-ASTRA1 2.0.1
2025-08-11 17:31:23,760 [INFO] ThirdParty:1030 - CMSIS Pack Vendor :Avnet-IotConnect X-CUBE-IoTC-DA16k-PMOD 1.0.0
2025-08-11 17:31:23,760 [INFO] ThirdParty:1030 - CMSIS Pack Vendor :STMicroelectronics X-CUBE-SMBUS 2.1.0
2025-08-11 17:31:23,760 [INFO] ThirdParty:1030 - CMSIS Pack Vendor :STMicroelectronics X-CUBE-WB05N 1.1.0
2025-08-11 17:31:23,760 [INFO] ThirdParty:1030 - CMSIS Pack Vendor :STMicroelectronics X-CUBE-ISPU 2.1.0
2025-08-11 17:31:23,760 [INFO] ThirdParty:1030 - CMSIS Pack Vendor :STMicroelectronics X-CUBE-ST60 1.0.0
2025-08-11 17:31:23,760 [INFO] ThirdParty:1030 - CMSIS Pack Vendor :STMicroelectronics X-CUBE-NFC12 1.0.0
2025-08-11 17:31:23,760 [INFO] ThirdParty:1030 - CMSIS Pack Vendor :STMicroelectronics X-CUBE-AZRTOS-F7 1.1.0
2025-08-11 17:31:23,760 [INFO] ThirdParty:1030 - CMSIS Pack Vendor :STMicroelectronics X-CUBE-AZRTOS-L5 2.0.0
2025-08-11 17:31:23,760 [INFO] ThirdParty:1030 - CMSIS Pack Vendor :STMicroelectronics USB_DEVICE 2.0.0
2025-08-11 17:31:23,760 [INFO] ThirdParty:1030 - CMSIS Pack Vendor :STMicroelectronics X-CUBE-NFC6 3.1.0
2025-08-11 17:31:23,760 [INFO] ThirdParty:1030 - CMSIS Pack Vendor :STMicroelectronics FreeRTOS 0.0.1
2025-08-11 17:31:23,760 [INFO] ThirdParty:1030 - CMSIS Pack Vendor :STMicroelectronics X-CUBE-DPower 1.2.0
2025-08-11 17:31:23,760 [INFO] ThirdParty:1030 - CMSIS Pack Vendor :STMicroelectronics FP-SNS-FLIGHT1 5.0.2
2025-08-11 17:31:23,760 [INFO] ThirdParty:1030 - CMSIS Pack Vendor :Infineon AIROC-Wi-Fi-Bluetooth-STM32 1.7.0
2025-08-11 17:31:23,760 [INFO] ThirdParty:1030 - CMSIS Pack Vendor :STMicroelectronics PDM2PCM 3.3.0
2025-08-11 17:31:23,760 [INFO] ThirdParty:1030 - CMSIS Pack Vendor :STMicroelectronics X-CUBE-AZRTOS-H7 3.4.0
2025-08-11 17:31:23,760 [INFO] ThirdParty:1030 - CMSIS Pack Vendor :STMicroelectronics X-CUBE-DISPLAY 3.0.0
2025-08-11 17:31:23,760 [INFO] ThirdParty:1030 - CMSIS Pack Vendor :STMicroelectronics X-CUBE-BLE1 7.0.0
2025-08-11 17:31:23,760 [INFO] ThirdParty:1030 - CMSIS Pack Vendor :STMicroelectronics X-CUBE-NFC10 1.0.0
2025-08-11 17:31:23,760 [INFO] ThirdParty:1030 - CMSIS Pack Vendor :STMicroelectronics X-CUBE-BLEMGR 4.0.0
2025-08-11 17:31:23,760 [INFO] ThirdParty:1030 - CMSIS Pack Vendor :STMicroelectronics X-CUBE-FREERTOS 1.3.1
2025-08-11 17:31:23,760 [INFO] ThirdParty:1030 - CMSIS Pack Vendor :STMicroelectronics HAL Drivers 0.0.0
2025-08-11 17:31:23,760 [INFO] ThirdParty:1030 - CMSIS Pack Vendor :emotas I-CUBE-CANOPEN 1.3.0
2025-08-11 17:31:23,760 [INFO] ThirdParty:1030 - CMSIS Pack Vendor :STMicroelectronics X-CUBE-FREERTOS 1.3.0
2025-08-11 17:31:23,760 [INFO] ThirdParty:1030 - CMSIS Pack Vendor :STMicroelectronics X-CUBE-NFC7 1.0.1
2025-08-11 17:31:23,760 [INFO] ThirdParty:1030 - CMSIS Pack Vendor :STMicroelectronics MBEDTLS 2.14.1
2025-08-11 17:31:23,760 [INFO] ThirdParty:1030 - CMSIS Pack Vendor :STMicroelectronics X-CUBE-AI 10.0.0
2025-08-11 17:31:23,760 [INFO] ThirdParty:1030 - CMSIS Pack Vendor :STMicroelectronics FP-SNS-STBOX1 2.1.0
2025-08-11 17:31:23,760 [INFO] ThirdParty:1030 - CMSIS Pack Vendor :STMicroelectronics FP-SNS-STAIOTCFT 1.0.0
2025-08-11 17:31:23,760 [INFO] ThirdParty:1030 - CMSIS Pack Vendor :STMicroelectronics FP-SNS-SMARTAG2 1.2.0
2025-08-11 17:31:23,760 [INFO] ThirdParty:1030 - CMSIS Pack Vendor :STMicroelectronics FP-SNS-FLIGHT1 5.1.0
2025-08-11 17:31:23,760 [INFO] ThirdParty:1030 - CMSIS Pack Vendor :STMicroelectronics X-CUBE-MEMS1 11.1.0
2025-08-11 17:31:23,760 [INFO] ThirdParty:1030 - CMSIS Pack Vendor :STMicroelectronics X-CUBE-AZRTOS-WL 2.0.0
2025-08-11 17:31:23,760 [INFO] ThirdParty:1030 - CMSIS Pack Vendor :STMicroelectronics X-CUBE-DPower 1.3.0
2025-08-11 17:31:23,760 [INFO] ThirdParty:1030 - CMSIS Pack Vendor :STMicroelectronics FP-SNS-MOTENV1 5.0.0
2025-08-11 17:31:23,762 [INFO] ThirdParty:1030 - CMSIS Pack Vendor :STMicroelectronics USB_DEVICE 1.0.0
2025-08-11 17:31:23,762 [INFO] ThirdParty:1030 - CMSIS Pack Vendor :wolfSSL I-CUBE-wolfMQTT 1.19.0
2025-08-11 17:31:23,762 [INFO] ThirdParty:1030 - CMSIS Pack Vendor :STMicroelectronics X-CUBE-AZRTOS-L4 2.0.0
2025-08-11 17:31:23,762 [INFO] ThirdParty:1030 - CMSIS Pack Vendor :STMicroelectronics ThreadX 0.0.2
2025-08-11 17:31:23,762 [INFO] ThirdParty:1030 - CMSIS Pack Vendor :WES I-CUBE-Cesium 1.3.0
2025-08-11 17:31:23,762 [INFO] ThirdParty:1030 - CMSIS Pack Vendor :STMicroelectronics lwIP 2.1.2
2025-08-11 17:31:23,762 [INFO] ThirdParty:1030 - CMSIS Pack Vendor :STMicroelectronics X-CUBE-SFXS2LP1 4.0.0
2025-08-11 17:31:23,762 [INFO] ThirdParty:1030 - CMSIS Pack Vendor :STMicroelectronics X-CUBE-BLE2 3.3.0
2025-08-11 17:31:23,762 [INFO] ThirdParty:1030 - CMSIS Pack Vendor :STMicroelectronics PDM2PCM 3.2.0
2025-08-11 17:31:23,762 [INFO] ThirdParty:1030 - CMSIS Pack Vendor :STMicroelectronics X-CUBE-AZRTOS-H7 3.3.0
2025-08-11 17:31:23,762 [INFO] ThirdParty:1030 - CMSIS Pack Vendor :STMicroelectronics X-CUBE-NFC9 1.0.0
2025-08-11 17:31:23,762 [INFO] ThirdParty:1030 - CMSIS Pack Vendor :STMicroelectronics X-CUBE-BLE1 7.1.0
2025-08-11 17:31:23,762 [INFO] ThirdParty:1030 - CMSIS Pack Vendor :STMicroelectronics USB_DEVICE 3.0.0
2025-08-11 17:31:23,762 [INFO] ThirdParty:1030 - CMSIS Pack Vendor :STMicroelectronics X-CUBE-EEPRMA1 5.2.0
2025-08-11 17:31:23,762 [INFO] ThirdParty:1030 - CMSIS Pack Vendor :STMicroelectronics X-CUBE-BLEMGR 4.1.0
2025-08-11 17:31:23,762 [INFO] ThirdParty:1030 - CMSIS Pack Vendor :STMicroelectronics X-CUBE-IPS 3.0.0
2025-08-11 17:31:23,762 [INFO] ThirdParty:1030 - CMSIS Pack Vendor :STMicroelectronics X-CUBE-AZRTOS-WB 2.0.0
2025-08-11 17:31:23,762 [INFO] ThirdParty:1030 - CMSIS Pack Vendor :STMicroelectronics X-CUBE-GNSS1 7.0.1
2025-08-11 17:31:23,762 [INFO] ThirdParty:1030 - CMSIS Pack Vendor :STMicroelectronics X-CUBE-TOUCHGFX 4.25.0
2025-08-11 17:31:23,762 [INFO] ThirdParty:1030 - CMSIS Pack Vendor :STMicroelectronics X-CUBE-AI 10.1.0
2025-08-11 17:31:23,762 [INFO] ThirdParty:1030 - CMSIS Pack Vendor :STMicroelectronics FP-SNS-STBOX1 2.0.0
2025-08-11 17:31:23,762 [INFO] ThirdParty:1030 - CMSIS Pack Vendor :STMicroelectronics X-CUBE-MEMS1 11.2.0
2025-08-11 17:31:23,762 [INFO] ThirdParty:1030 - CMSIS Pack Vendor :STMicroelectronics X-CUBE-AZRTOS-G0 1.1.0
2025-08-11 17:31:23,762 [INFO] ThirdParty:1030 - CMSIS Pack Vendor :STMicroelectronics X-CUBE-SAFEA1 1.2.2
2025-08-11 17:31:23,762 [INFO] ThirdParty:1030 - CMSIS Pack Vendor :STMicroelectronics X-CUBE-NFC4 3.0.0
2025-08-11 17:31:23,762 [INFO] ThirdParty:1030 - CMSIS Pack Vendor :STMicroelectronics X-CUBE-SUBG2 5.0.0
2025-08-11 17:31:23,762 [INFO] ThirdParty:1030 - CMSIS Pack Vendor :STMicroelectronics X-CUBE-AZRTOS-H7RS 1.1.0
2025-08-11 17:31:23,762 [INFO] ThirdParty:1030 - CMSIS Pack Vendor :STMicroelectronics STM32_WPAN 1.0.0
2025-08-11 17:31:23,762 [INFO] ThirdParty:1030 - CMSIS Pack Vendor :EmbeddedOffice I-CUBE-FS-RTOS 1.0.1
2025-08-11 17:31:23,762 [INFO] ThirdParty:1030 - CMSIS Pack Vendor :STMicroelectronics lwIP 2.0.3
2025-08-11 17:31:23,762 [INFO] ThirdParty:1030 - CMSIS Pack Vendor :Cesanta I-CUBE-Mongoose 7.13.0
2025-08-11 17:31:23,762 [INFO] ThirdParty:1030 - CMSIS Pack Vendor :STMicroelectronics USB_HOST 1.0.0
2025-08-11 17:31:23,762 [INFO] ThirdParty:1030 - CMSIS Pack Vendor :STMicroelectronics X-CUBE-AZRTOS-G4 2.0.0
2025-08-11 17:31:23,762 [INFO] ThirdParty:1030 - CMSIS Pack Vendor :STMicroelectronics X-CUBE-WB05N 2.0.0
2025-08-11 17:31:23,762 [INFO] ThirdParty:1030 - CMSIS Pack Vendor :STMicroelectronics PDM2PCM 3.1.0
2025-08-11 17:31:23,762 [INFO] ThirdParty:1030 - CMSIS Pack Vendor :STMicroelectronics X-CUBE-NFC7 2.0.0
2025-08-11 17:31:23,762 [INFO] ThirdParty:1030 - CMSIS Pack Vendor :STMicroelectronics X-CUBE-TCPP 4.2.0
2025-08-11 17:31:23,762 [INFO] ThirdParty:1030 - CMSIS Pack Vendor :RealThread X-CUBE-RT-Thread_Nano 4.1.1
2025-08-11 17:31:23,762 [INFO] ThirdParty:1030 - CMSIS Pack Vendor :STMicroelectronics FP-ATR-SIGFOX1 3.2.0
2025-08-11 17:31:23,762 [INFO] ThirdParty:1030 - CMSIS Pack Vendor :quantropi X-CUBE-qispace-sdk-base 1.9.3
2025-08-11 17:31:23,763 [INFO] ThirdParty:1030 - CMSIS Pack Vendor :STMicroelectronics X-CUBE-EEPRMA1 5.1.0
2025-08-11 17:31:23,763 [INFO] ThirdParty:1030 - CMSIS Pack Vendor :STMicroelectronics MBEDTLS 2.16.2
2025-08-11 17:31:23,763 [INFO] ThirdParty:1030 - CMSIS Pack Vendor :STMicroelectronics X-CUBE-IPS 3.1.0
2025-08-11 17:31:23,763 [INFO] ThirdParty:1030 - CMSIS Pack Vendor :STMicroelectronics X-CUBE-ALS 1.0.2
2025-08-11 17:31:23,763 [INFO] ThirdParty:1030 - CMSIS Pack Vendor :wolfSSL I-CUBE-wolfSSL 5.7.4
2025-08-11 17:31:23,763 [INFO] ThirdParty:1030 - CMSIS Pack Vendor :STMicroelectronics X-CUBE-TOUCHGFX 4.24.0
2025-08-11 17:31:23,763 [INFO] ThirdParty:1030 - CMSIS Pack Vendor :ITTIA_DB I-CUBE-ITTIADB 8.9.0
2025-08-11 17:31:23,763 [INFO] ThirdParty:1030 - CMSIS Pack Vendor :STMicroelectronics X-CUBE-TOUCHGFX 4.24.2
2025-08-11 17:31:23,763 [INFO] ThirdParty:1030 - CMSIS Pack Vendor :STMicroelectronics X-CUBE-TOUCHGFX 4.24.1
2025-08-11 17:31:23,763 [INFO] ThirdParty:1030 - CMSIS Pack Vendor :wolfSSL I-CUBE-wolfTPM 3.4.0
2025-08-11 17:31:23,763 [INFO] ThirdParty:1030 - CMSIS Pack Vendor :portGmbH I-Cube-SoM-uGOAL 1.1.0
2025-08-11 17:31:23,763 [INFO] ThirdParty:1030 - CMSIS Pack Vendor :STMicroelectronics X-CUBE-ST67W61 1.0.0
2025-08-11 17:31:23,763 [INFO] ThirdParty:1030 - CMSIS Pack Vendor :STMicroelectronics X-CUBE-AI 10.2.0
2025-08-11 17:31:23,763 [INFO] ThirdParty:1030 - CMSIS Pack Vendor :STMicroelectronics ThreadX 1.0.0
2025-08-11 17:31:23,763 [INFO] ThirdParty:1030 - CMSIS Pack Vendor :SEGGER I-CUBE-embOS 1.3.1
2025-08-11 17:31:23,763 [INFO] ThirdParty:1030 - CMSIS Pack Vendor :STMicroelectronics X-CUBE-ALGOBUILD 1.4.0
2025-08-11 17:31:23,763 [INFO] ThirdParty:1030 - CMSIS Pack Vendor :STMicroelectronics X-CUBE-MEMS1 11.3.0
2025-08-11 17:31:23,763 [INFO] ThirdParty:1030 - CMSIS Pack Vendor :STMicroelectronics X-CUBE-AZRTOS-H7RS 1.0.0
2025-08-11 17:31:23,763 [INFO] ThirdParty:1030 - CMSIS Pack Vendor :STMicroelectronics X-CUBE-TOF1 3.4.2
2025-08-11 17:31:23,763 [INFO] ThirdParty:1030 - CMSIS Pack Vendor :STMicroelectronics X-CUBE-TOF1 3.4.3
2025-08-11 17:31:23,764 [INFO] ThirdParty:1030 - CMSIS Pack Vendor :STMicroelectronics X-CUBE-AI 9.1.0
2025-08-11 17:31:23,764 [INFO] ThirdParty:1030 - CMSIS Pack Vendor :wolfSSL I-CUBE-wolfSSH 1.4.17
2025-08-11 17:31:23,765 [INFO] ThirdParty:841 - exiting critical section [change project]
2025-08-11 17:31:23,991 [INFO] PinOutPanel:1589 - setPackage(No Configuration,No Configuration)
2025-08-11 17:31:23,993 [INFO] PinOutPanel:1589 - setPackage(STM32F446RETx,LQFP64)
2025-08-11 17:31:24,377 [INFO] UtilMem:75 - Before build in PCC Used Memory: 428849864 Bytes (764411904)
2025-08-11 17:31:24,623 [INFO] UtilMem:75 - After build in PCC Used Memory: 478132936 Bytes (764411904)
2025-08-11 17:31:24,628 [INFO] ApiDbMcu:532 - Load IP Config File for FATFS
2025-08-11 17:31:24,673 [INFO] IPUIPlugin:80 - create IPUIPlugin
2025-08-11 17:31:24,673 [INFO] IPUIPlugin:80 - create IPUIPlugin
2025-08-11 17:31:24,673 [INFO] IPUIPlugin:80 - create IPUIPlugin
2025-08-11 17:31:24,674 [INFO] IPUIPlugin:80 - create IPUIPlugin
2025-08-11 17:31:24,674 [INFO] IPUIPlugin:80 - create IPUIPlugin
2025-08-11 17:31:24,674 [INFO] IPUIPlugin:80 - create IPUIPlugin
2025-08-11 17:31:24,674 [INFO] IPUIPlugin:80 - create IPUIPlugin
2025-08-11 17:31:24,674 [INFO] IPUIPlugin:80 - create IPUIPlugin
2025-08-11 17:31:24,674 [INFO] IPUIPlugin:80 - create IPUIPlugin
2025-08-11 17:31:24,674 [INFO] IPUIPlugin:80 - create IPUIPlugin
2025-08-11 17:31:24,676 [INFO] IPUIPlugin:80 - create IPUIPlugin
2025-08-11 17:31:24,676 [INFO] IPUIPlugin:80 - create IPUIPlugin
2025-08-11 17:31:24,676 [INFO] IPUIPlugin:80 - create IPUIPlugin
2025-08-11 17:31:24,676 [INFO] IPUIPlugin:80 - create IPUIPlugin
2025-08-11 17:31:24,676 [INFO] IPUIPlugin:80 - create IPUIPlugin
2025-08-11 17:31:24,676 [INFO] IPUIPlugin:80 - create IPUIPlugin
2025-08-11 17:31:24,677 [INFO] IPUIPlugin:80 - create IPUIPlugin
2025-08-11 17:31:24,677 [INFO] IPUIPlugin:80 - create IPUIPlugin
2025-08-11 17:31:24,677 [INFO] IPUIPlugin:80 - create IPUIPlugin
2025-08-11 17:31:24,677 [INFO] IPUIPlugin:80 - create IPUIPlugin
2025-08-11 17:31:24,677 [INFO] IPUIPlugin:80 - create IPUIPlugin
2025-08-11 17:31:24,677 [INFO] IPUIPlugin:80 - create IPUIPlugin
2025-08-11 17:31:24,678 [INFO] IPUIPlugin:80 - create IPUIPlugin
2025-08-11 17:31:24,678 [INFO] IPUIPlugin:80 - create IPUIPlugin
2025-08-11 17:31:24,678 [INFO] IPUIPlugin:80 - create IPUIPlugin
2025-08-11 17:31:24,678 [INFO] IPUIPlugin:80 - create IPUIPlugin
2025-08-11 17:31:24,678 [INFO] IPUIPlugin:80 - create IPUIPlugin
2025-08-11 17:31:24,679 [INFO] IPUIPlugin:80 - create IPUIPlugin
2025-08-11 17:31:24,679 [INFO] IPUIPlugin:80 - create IPUIPlugin
2025-08-11 17:31:24,679 [INFO] IPUIPlugin:80 - create IPUIPlugin
2025-08-11 17:31:24,680 [INFO] IPUIPlugin:80 - create IPUIPlugin
2025-08-11 17:31:24,681 [INFO] IPUIPlugin:80 - create IPUIPlugin
2025-08-11 17:31:24,682 [INFO] IPUIPlugin:80 - create IPUIPlugin
2025-08-11 17:31:24,682 [INFO] IPUIPlugin:80 - create IPUIPlugin
2025-08-11 17:31:24,683 [INFO] IPUIPlugin:80 - create IPUIPlugin
2025-08-11 17:31:24,683 [INFO] IPUIPlugin:80 - create IPUIPlugin
2025-08-11 17:31:24,683 [INFO] IPUIPlugin:80 - create IPUIPlugin
2025-08-11 17:31:24,683 [INFO] IPUIPlugin:80 - create IPUIPlugin
2025-08-11 17:31:24,684 [INFO] IPUIPlugin:80 - create IPUIPlugin
2025-08-11 17:31:24,684 [INFO] IPUIPlugin:80 - create IPUIPlugin
2025-08-11 17:31:24,684 [INFO] IPUIPlugin:80 - create IPUIPlugin
2025-08-11 17:31:24,684 [INFO] IPUIPlugin:80 - create IPUIPlugin
2025-08-11 17:31:24,685 [INFO] IPUIPlugin:80 - create IPUIPlugin
2025-08-11 17:31:24,685 [INFO] IPUIPlugin:80 - create IPUIPlugin
2025-08-11 17:31:24,685 [INFO] IPUIPlugin:80 - create IPUIPlugin
2025-08-11 17:31:24,686 [INFO] IPUIPlugin:80 - create IPUIPlugin
2025-08-11 17:31:24,686 [INFO] IPUIPlugin:80 - create IPUIPlugin
2025-08-11 17:31:24,686 [INFO] IPUIPlugin:80 - create IPUIPlugin
2025-08-11 17:31:24,687 [INFO] IPUIPlugin:80 - create IPUIPlugin
2025-08-11 17:31:24,687 [INFO] IPUIPlugin:80 - create IPUIPlugin
2025-08-11 17:31:24,687 [INFO] IPUIPlugin:80 - create IPUIPlugin
2025-08-11 17:31:24,688 [INFO] IPUIPlugin:80 - create IPUIPlugin
2025-08-11 17:31:24,688 [INFO] IPUIPlugin:80 - create IPUIPlugin
2025-08-11 17:31:24,688 [INFO] IPUIPlugin:80 - create IPUIPlugin
2025-08-11 17:31:24,689 [INFO] IPUIPlugin:80 - create IPUIPlugin
2025-08-11 17:31:24,689 [INFO] IPUIPlugin:80 - create IPUIPlugin
2025-08-11 17:31:24,690 [INFO] IPUIPlugin:80 - create IPUIPlugin
2025-08-11 17:31:24,690 [INFO] IPUIPlugin:80 - create IPUIPlugin
2025-08-11 17:31:24,691 [INFO] IPUIPlugin:80 - create IPUIPlugin
2025-08-11 17:31:24,691 [INFO] IPUIPlugin:80 - create IPUIPlugin
2025-08-11 17:31:24,695 [INFO] ApiDbMcu:532 - Load IP Config File for PDM2PCM
2025-08-11 17:31:24,852 [INFO] CADModel:165 - CPN selected for project levelSTM32F446RET6
2025-08-11 17:31:24,852 [INFO] CADModel:114 - Register for checkConnection events
2025-08-11 17:31:24,944 [INFO] OpenFileManager:386 - Restore cursor
2025-08-11 17:31:32,070 [INFO] Gpio:278 - dependency for GPIO [SPI1, SPI2, SPI3, UART4, USART1, USART2, USART3]
2025-08-11 17:31:56,038 [INFO] MainUpdater:2872 - connection check result : 10
2025-08-11 17:31:56,038 [INFO] MainUpdater:2872 - connection check result : 10
2025-08-11 17:31:56,062 [INFO] MicroXplorer:468 - Change Database Path : 
2025-08-11 17:31:56,062 [INFO] MicroXplorer:498 - Change Database Version : DB.6.0.150
2025-08-11 17:31:56,073 [ERROR] ProjectManagerView:395 - 
java.lang.NullPointerException: Cannot invoke "javax.swing.JTextField.getText()" because the return value of "java.util.List.get(int)" is null
	at com.st.microxplorer.plugins.projectmanager.gui.ProjectChoiceTab$9.caretUpdate(ProjectChoiceTab.java:2706) ~[filemanager.jar:?]
	at javax.swing.text.JTextComponent.fireCaretUpdate(JTextComponent.java:408) ~[?:?]
	at javax.swing.text.JTextComponent$MutableCaretEvent.fire(JTextComponent.java:4484) ~[?:?]
	at javax.swing.text.JTextComponent$MutableCaretEvent.stateChanged(JTextComponent.java:4506) ~[?:?]
	at javax.swing.text.DefaultCaret.fireStateChanged(DefaultCaret.java:857) ~[?:?]
	at javax.swing.text.DefaultCaret.changeCaretPosition(DefaultCaret.java:1343) ~[?:?]
	at javax.swing.text.DefaultCaret.handleSetDot(DefaultCaret.java:1242) ~[?:?]
	at javax.swing.text.DefaultCaret.setDot(DefaultCaret.java:1223) ~[?:?]
	at javax.swing.text.DefaultCaret$Handler.insertUpdate(DefaultCaret.java:1819) ~[?:?]
	at javax.swing.text.AbstractDocument.fireInsertUpdate(AbstractDocument.java:227) ~[?:?]
	at javax.swing.text.AbstractDocument.handleInsertString(AbstractDocument.java:781) ~[?:?]
	at javax.swing.text.AbstractDocument.insertString(AbstractDocument.java:740) ~[?:?]
	at javax.swing.text.PlainDocument.insertString(PlainDocument.java:131) ~[?:?]
	at javax.swing.text.AbstractDocument.replace(AbstractDocument.java:699) ~[?:?]
	at javax.swing.text.JTextComponent.setText(JTextComponent.java:1725) ~[?:?]
	at com.st.microxplorer.plugins.projectmanager.gui.ProjectChoiceTab.createHeapStackFields(ProjectChoiceTab.java:993) ~[filemanager.jar:?]
	at com.st.microxplorer.plugins.projectmanager.gui.ProjectChoiceTab.buildLinkSettingsPanel(ProjectChoiceTab.java:3813) ~[filemanager.jar:?]
	at com.st.microxplorer.plugins.projectmanager.gui.ProjectChoiceTab.defineWindowsFields(ProjectChoiceTab.java:1987) ~[filemanager.jar:?]
	at com.st.microxplorer.plugins.projectmanager.gui.ProjectChoiceTab.updateSettings(ProjectChoiceTab.java:558) ~[filemanager.jar:?]
	at com.st.microxplorer.plugins.projectmanager.gui.ProjectSettingsPanel.UpdateDialog(ProjectSettingsPanel.java:247) ~[filemanager.jar:?]
	at com.st.microxplorer.plugins.projectmanager.ProjectManagerView.propertyChange(ProjectManagerView.java:392) ~[filemanager.jar:?]
	at java.beans.PropertyChangeSupport.fire(PropertyChangeSupport.java:343) ~[?:?]
	at java.beans.PropertyChangeSupport.firePropertyChange(PropertyChangeSupport.java:335) ~[?:?]
	at java.beans.PropertyChangeSupport.firePropertyChange(PropertyChangeSupport.java:268) ~[?:?]
	at com.st.microxplorer.util.MXPropertyChangeSupport.firePropertyChange(MXPropertyChangeSupport.java:54) ~[STM32CubeMX.jar:?]
	at com.st.microxplorer.mxsystem.MxSystem.closeConfig(MxSystem.java:899) ~[STM32CubeMX.jar:?]
	at com.st.microxplorer.maingui.MainPanel.closeConfig(MainPanel.java:792) ~[STM32CubeMX.jar:?]
	at com.st.microxplorer.plugins.filemanager.engine.OpenFileManager.loadConfigurationFile(OpenFileManager.java:288) ~[filemanager.jar:?]
	at com.st.microxplorer.plugins.filemanager.engine.MainFileManager.userLoadConfig(MainFileManager.java:364) ~[filemanager.jar:?]
	at com.st.microxplorer.plugins.filemanager.engine.MainFileManager.userLoadConfig(MainFileManager.java:342) ~[filemanager.jar:?]
	at com.st.microxplorer.plugins.filemanager.FileManagerView.getSpecificTask(FileManagerView.java:264) ~[filemanager.jar:?]
	at com.st.stm32cube.common.mx.editor.CubeMxEditor.getMxTabbedPaneInstance(CubeMxEditor.java:1198) ~[com.st.stm32cube.common.mx_6.15.0.202507011659/:?]
	at com.st.stm32cube.common.mx.editor.CubeMxEditor$12$1.createSwingComponent(CubeMxEditor.java:1068) ~[com.st.stm32cube.common.mx_6.15.0.202507011659/:?]
	at com.st.stm32cube.common.mx.oss.core.awtswtbridge.EmbeddedSwingComposite.doComponentCreation(EmbeddedSwingComposite.java:492) ~[com.st.stm32cube.common.mx.oss_6.15.0.202507011659/:?]
	at com.st.stm32cube.common.mx.oss.core.awtswtbridge.EmbeddedSwingComposite$4.run(EmbeddedSwingComposite.java:291) ~[com.st.stm32cube.common.mx.oss_6.15.0.202507011659/:?]
	at com.st.stm32cube.common.mx.oss.core.awtswtbridge.AwtEnvironment$2.run(AwtEnvironment.java:166) ~[com.st.stm32cube.common.mx.oss_6.15.0.202507011659/:?]
	at java.awt.event.InvocationEvent.dispatch(InvocationEvent.java:318) ~[?:?]
	at java.awt.EventQueue.dispatchEventImpl(EventQueue.java:773) ~[?:?]
	at java.awt.EventQueue$4.run(EventQueue.java:720) ~[?:?]
	at java.awt.EventQueue$4.run(EventQueue.java:714) ~[?:?]
	at java.security.AccessController.doPrivileged(AccessController.java:400) ~[?:?]
	at java.security.ProtectionDomain$JavaSecurityAccessImpl.doIntersectionPrivilege(ProtectionDomain.java:87) ~[?:?]
	at java.awt.EventQueue.dispatchEvent(EventQueue.java:742) ~[?:?]
	at java.awt.EventDispatchThread.pumpOneEventForFilters(EventDispatchThread.java:203) ~[?:?]
	at java.awt.EventDispatchThread.pumpEventsForFilter(EventDispatchThread.java:124) ~[?:?]
	at java.awt.EventDispatchThread.pumpEventsForHierarchy(EventDispatchThread.java:113) ~[?:?]
	at java.awt.EventDispatchThread.pumpEvents(EventDispatchThread.java:109) ~[?:?]
	at java.awt.EventDispatchThread.pumpEvents(EventDispatchThread.java:101) ~[?:?]
	at java.awt.EventDispatchThread.run(EventDispatchThread.java:90) ~[?:?]
2025-08-11 17:31:56,074 [WARN] ThirdParty:871 - waiting for thirdparty lock release [close project]
2025-08-11 17:31:56,074 [INFO] ThirdParty:873 - entering critical section [close project]
2025-08-11 17:31:56,074 [INFO] ThirdParty:883 - exiting critical section [close project]
2025-08-11 17:31:56,076 [INFO] PinOutPanel:1589 - setPackage(No Configuration,No Configuration)
2025-08-11 17:31:56,087 [WARN] IpParametersView:155 - Warning: This peripheral hasn't parameters
2025-08-11 17:31:56,091 [WARN] MainPanel:289 - <html><b><center>Warning: This peripheral has no parameters to be configured<br></b></html>
2025-08-11 17:31:56,097 [INFO] UtilMem:75 - Begin LoadConfig() Used Memory: 472554312 Bytes (764411904)
2025-08-11 17:31:56,097 [INFO] MicroXplorer:468 - Change Database Path : 
2025-08-11 17:31:56,097 [INFO] MicroXplorer:498 - Change Database Version : DB.6.0.150
2025-08-11 17:31:56,097 [INFO] OpenFileManager:355 - Change cursor
2025-08-11 17:31:56,107 [INFO] Mcu:2029 - Initializing MCU STM32L073R(B-Z)Tx STM32L073RZTx STM32L073RZT6
2025-08-11 17:31:57,451 [INFO] Context:786 - Trying to add GPIOservice into a context  which must be forbidden
2025-08-11 17:31:57,669 [INFO] ImportTextPane:234 - (OptionalMessage_ERROR) Pin11 (VP_RIF_VS_RIF1) cannot be retrieved for this MCU
2025-08-11 17:31:57,697 [INFO] RtosManager:558 - Registered RTOS mode: class=CMSIS, group=RTOS, mode=CMSIS_V1, owner=FREERTOS
2025-08-11 17:31:57,697 [INFO] RtosManager:558 - Registered RTOS mode: class=CMSIS, group=RTOS2, mode=CMSIS_V2, owner=FREERTOS
2025-08-11 17:31:57,697 [INFO] RtosManager:558 - Registered RTOS mode: class=RTOS, group=Core, mode=CMSIS_V1, owner=FREERTOS
2025-08-11 17:31:57,697 [INFO] RtosManager:558 - Registered RTOS mode: class=RTOS, group=Core, mode=CMSIS_V2, owner=FREERTOS
2025-08-11 17:31:57,697 [WARN] ModelIntegratedComponent:184 - Missing modes for component STMicroelectronics:FreeRTOS:0.0.1:STMicroelectronics:RTOS:FreeRTOS:Core:::10.2.0:
2025-08-11 17:31:57,700 [WARN] ModelIntegratedComponent:63 - No mode defined for component null
2025-08-11 17:31:57,701 [WARN] ModelIntegratedComponent:63 - No mode defined for component null
2025-08-11 17:31:57,701 [WARN] ModelIntegratedComponent:63 - No mode defined for component null
2025-08-11 17:31:57,701 [WARN] ModelIntegratedComponent:63 - No mode defined for component null
2025-08-11 17:31:57,701 [WARN] ModelIntegratedComponent:63 - No mode defined for component null
2025-08-11 17:31:57,701 [WARN] ModelIntegratedComponent:63 - No mode defined for component null
2025-08-11 17:31:57,701 [WARN] ModelIntegratedComponent:63 - No mode defined for component null
2025-08-11 17:31:57,701 [WARN] ModelIntegratedComponent:63 - No mode defined for component null
2025-08-11 17:31:57,701 [WARN] ModelIntegratedComponent:63 - No mode defined for component null
2025-08-11 17:31:57,701 [WARN] ModelIntegratedComponent:63 - No mode defined for component null
2025-08-11 17:31:57,701 [WARN] ModelIntegratedComponent:63 - No mode defined for component null
2025-08-11 17:31:57,701 [WARN] ModelIntegratedComponent:63 - No mode defined for component null
2025-08-11 17:31:57,701 [WARN] ModelIntegratedComponent:63 - No mode defined for component null
2025-08-11 17:31:57,701 [WARN] ModelIntegratedComponent:63 - No mode defined for component null
2025-08-11 17:31:57,701 [WARN] ModelIntegratedComponent:63 - No mode defined for component null
2025-08-11 17:31:57,701 [WARN] ModelIntegratedComponent:63 - No mode defined for component null
2025-08-11 17:31:57,701 [WARN] ModelIntegratedComponent:63 - No mode defined for component null
2025-08-11 17:31:57,701 [WARN] ModelIntegratedComponent:63 - No mode defined for component null
2025-08-11 17:31:57,701 [WARN] ModelIntegratedComponent:63 - No mode defined for component null
2025-08-11 17:31:57,701 [WARN] ModelIntegratedComponent:63 - No mode defined for component null
2025-08-11 17:31:57,701 [WARN] ModelIntegratedComponent:63 - No mode defined for component null
2025-08-11 17:31:57,701 [WARN] ModelIntegratedComponent:63 - No mode defined for component null
2025-08-11 17:31:57,701 [WARN] ModelIntegratedComponent:63 - No mode defined for component null
2025-08-11 17:31:57,701 [WARN] ModelIntegratedComponent:63 - No mode defined for component null
2025-08-11 17:31:57,701 [WARN] ModelIntegratedComponent:63 - No mode defined for component null
2025-08-11 17:31:57,701 [WARN] ModelIntegratedComponent:63 - No mode defined for component null
2025-08-11 17:31:57,701 [WARN] ModelIntegratedComponent:63 - No mode defined for component null
2025-08-11 17:31:57,702 [WARN] ModelIntegratedComponent:63 - No mode defined for component null
2025-08-11 17:31:57,702 [WARN] ModelIntegratedComponent:63 - No mode defined for component null
2025-08-11 17:31:57,702 [WARN] ModelIntegratedComponent:63 - No mode defined for component null
2025-08-11 17:31:57,702 [WARN] ModelIntegratedComponent:63 - No mode defined for component null
2025-08-11 17:31:57,702 [WARN] ModelIntegratedComponent:63 - No mode defined for component null
2025-08-11 17:31:57,702 [WARN] ModelIntegratedComponent:63 - No mode defined for component null
2025-08-11 17:31:57,702 [WARN] ModelIntegratedComponent:63 - No mode defined for component null
2025-08-11 17:31:57,702 [WARN] ModelIntegratedComponent:63 - No mode defined for component null
2025-08-11 17:31:57,702 [WARN] ModelPack:524 - Component already loaded: STMicroelectronics:HAL Drivers:0.0.0:STMicroelectronics:Device:STMicro_Driver:XSPI:HAL::0.0.1:HAL_XSPI
2025-08-11 17:31:57,988 [INFO] ThirdPartyModel:298 - Start build external matchings
2025-08-11 17:31:59,253 [INFO] ThirdPartyModel:316 - End build external matchings
2025-08-11 17:31:59,560 [INFO] UtilMem:75 - End LoadConfig() Used Memory: 658676552 Bytes (764411904)
2025-08-11 17:31:59,646 [WARN] ThirdParty:833 - waiting for thirdparty lock release [change project]
2025-08-11 17:31:59,646 [INFO] ThirdParty:835 - entering critical section [change project]
2025-08-11 17:31:59,647 [INFO] ThirdParty:1030 - CMSIS Pack Vendor :STMicroelectronics X-CUBE-PM33A1 1.0.0
2025-08-11 17:31:59,647 [INFO] ThirdParty:1030 - CMSIS Pack Vendor :STMicroelectronics USBPD 4.1
2025-08-11 17:31:59,647 [INFO] ThirdParty:1030 - CMSIS Pack Vendor :STMicroelectronics USB_HOST 2.0.0
2025-08-11 17:31:59,647 [INFO] ThirdParty:1030 - CMSIS Pack Vendor :STMicroelectronics FP-SNS-MOTENVWB1 1.4.0
2025-08-11 17:31:59,647 [INFO] ThirdParty:1030 - CMSIS Pack Vendor :STMicroelectronics X-CUBE-AZRTOS-F4 1.1.0
2025-08-11 17:31:59,647 [INFO] ThirdParty:1030 - CMSIS Pack Vendor :STMicroelectronics LIBJPEG 8.0.0
2025-08-11 17:31:59,647 [INFO] ThirdParty:1030 - CMSIS Pack Vendor :STMicroelectronics FP-ATR-ASTRA1 2.0.2
2025-08-11 17:31:59,647 [INFO] ThirdParty:1030 - CMSIS Pack Vendor :STMicroelectronics FP-ATR-ASTRA1 2.0.1
2025-08-11 17:31:59,647 [INFO] ThirdParty:1030 - CMSIS Pack Vendor :Avnet-IotConnect X-CUBE-IoTC-DA16k-PMOD 1.0.0
2025-08-11 17:31:59,647 [INFO] ThirdParty:1030 - CMSIS Pack Vendor :STMicroelectronics X-CUBE-SMBUS 2.1.0
2025-08-11 17:31:59,647 [INFO] ThirdParty:1030 - CMSIS Pack Vendor :STMicroelectronics X-CUBE-WB05N 1.1.0
2025-08-11 17:31:59,648 [INFO] ThirdParty:1030 - CMSIS Pack Vendor :STMicroelectronics X-CUBE-ISPU 2.1.0
2025-08-11 17:31:59,648 [INFO] ThirdParty:1030 - CMSIS Pack Vendor :STMicroelectronics X-CUBE-ST60 1.0.0
2025-08-11 17:31:59,648 [INFO] ThirdParty:1030 - CMSIS Pack Vendor :STMicroelectronics X-CUBE-NFC12 1.0.0
2025-08-11 17:31:59,648 [INFO] ThirdParty:1030 - CMSIS Pack Vendor :STMicroelectronics X-CUBE-AZRTOS-F7 1.1.0
2025-08-11 17:31:59,648 [INFO] ThirdParty:1030 - CMSIS Pack Vendor :STMicroelectronics X-CUBE-AZRTOS-L5 2.0.0
2025-08-11 17:31:59,648 [INFO] ThirdParty:1030 - CMSIS Pack Vendor :STMicroelectronics USB_DEVICE 2.0.0
2025-08-11 17:31:59,648 [INFO] ThirdParty:1030 - CMSIS Pack Vendor :STMicroelectronics X-CUBE-NFC6 3.1.0
2025-08-11 17:31:59,648 [INFO] ThirdParty:1030 - CMSIS Pack Vendor :STMicroelectronics FreeRTOS 0.0.1
2025-08-11 17:31:59,648 [INFO] ThirdParty:1030 - CMSIS Pack Vendor :STMicroelectronics X-CUBE-DPower 1.2.0
2025-08-11 17:31:59,648 [INFO] ThirdParty:1030 - CMSIS Pack Vendor :STMicroelectronics FP-SNS-FLIGHT1 5.0.2
2025-08-11 17:31:59,648 [INFO] ThirdParty:1030 - CMSIS Pack Vendor :Infineon AIROC-Wi-Fi-Bluetooth-STM32 1.7.0
2025-08-11 17:31:59,648 [INFO] ThirdParty:1030 - CMSIS Pack Vendor :STMicroelectronics PDM2PCM 3.3.0
2025-08-11 17:31:59,648 [INFO] ThirdParty:1030 - CMSIS Pack Vendor :STMicroelectronics X-CUBE-AZRTOS-H7 3.4.0
2025-08-11 17:31:59,648 [INFO] ThirdParty:1030 - CMSIS Pack Vendor :STMicroelectronics X-CUBE-DISPLAY 3.0.0
2025-08-11 17:31:59,648 [INFO] ThirdParty:1030 - CMSIS Pack Vendor :STMicroelectronics X-CUBE-BLE1 7.0.0
2025-08-11 17:31:59,648 [INFO] ThirdParty:1030 - CMSIS Pack Vendor :STMicroelectronics X-CUBE-NFC10 1.0.0
2025-08-11 17:31:59,648 [INFO] ThirdParty:1030 - CMSIS Pack Vendor :STMicroelectronics X-CUBE-BLEMGR 4.0.0
2025-08-11 17:31:59,648 [INFO] ThirdParty:1030 - CMSIS Pack Vendor :STMicroelectronics X-CUBE-FREERTOS 1.3.1
2025-08-11 17:31:59,648 [INFO] ThirdParty:1030 - CMSIS Pack Vendor :STMicroelectronics HAL Drivers 0.0.0
2025-08-11 17:31:59,648 [INFO] ThirdParty:1030 - CMSIS Pack Vendor :emotas I-CUBE-CANOPEN 1.3.0
2025-08-11 17:31:59,648 [INFO] ThirdParty:1030 - CMSIS Pack Vendor :STMicroelectronics X-CUBE-FREERTOS 1.3.0
2025-08-11 17:31:59,648 [INFO] ThirdParty:1030 - CMSIS Pack Vendor :STMicroelectronics X-CUBE-NFC7 1.0.1
2025-08-11 17:31:59,648 [INFO] ThirdParty:1030 - CMSIS Pack Vendor :STMicroelectronics MBEDTLS 2.14.1
2025-08-11 17:31:59,648 [INFO] ThirdParty:1030 - CMSIS Pack Vendor :STMicroelectronics X-CUBE-AI 10.0.0
2025-08-11 17:31:59,648 [INFO] ThirdParty:1030 - CMSIS Pack Vendor :STMicroelectronics FP-SNS-STBOX1 2.1.0
2025-08-11 17:31:59,648 [INFO] ThirdParty:1030 - CMSIS Pack Vendor :STMicroelectronics FP-SNS-STAIOTCFT 1.0.0
2025-08-11 17:31:59,648 [INFO] ThirdParty:1030 - CMSIS Pack Vendor :STMicroelectronics FP-SNS-SMARTAG2 1.2.0
2025-08-11 17:31:59,648 [INFO] ThirdParty:1030 - CMSIS Pack Vendor :STMicroelectronics FP-SNS-FLIGHT1 5.1.0
2025-08-11 17:31:59,648 [INFO] ThirdParty:1030 - CMSIS Pack Vendor :STMicroelectronics X-CUBE-MEMS1 11.1.0
2025-08-11 17:31:59,648 [INFO] ThirdParty:1030 - CMSIS Pack Vendor :STMicroelectronics X-CUBE-AZRTOS-WL 2.0.0
2025-08-11 17:31:59,648 [INFO] ThirdParty:1030 - CMSIS Pack Vendor :STMicroelectronics X-CUBE-DPower 1.3.0
2025-08-11 17:31:59,648 [INFO] ThirdParty:1030 - CMSIS Pack Vendor :STMicroelectronics FP-SNS-MOTENV1 5.0.0
2025-08-11 17:31:59,648 [INFO] ThirdParty:1030 - CMSIS Pack Vendor :STMicroelectronics USB_DEVICE 1.0.0
2025-08-11 17:31:59,648 [INFO] ThirdParty:1030 - CMSIS Pack Vendor :wolfSSL I-CUBE-wolfMQTT 1.19.0
2025-08-11 17:31:59,648 [INFO] ThirdParty:1030 - CMSIS Pack Vendor :STMicroelectronics X-CUBE-AZRTOS-L4 2.0.0
2025-08-11 17:31:59,648 [INFO] ThirdParty:1030 - CMSIS Pack Vendor :STMicroelectronics ThreadX 0.0.2
2025-08-11 17:31:59,648 [INFO] ThirdParty:1030 - CMSIS Pack Vendor :WES I-CUBE-Cesium 1.3.0
2025-08-11 17:31:59,648 [INFO] ThirdParty:1030 - CMSIS Pack Vendor :STMicroelectronics lwIP 2.1.2
2025-08-11 17:31:59,648 [INFO] ThirdParty:1030 - CMSIS Pack Vendor :STMicroelectronics X-CUBE-SFXS2LP1 4.0.0
2025-08-11 17:31:59,648 [INFO] ThirdParty:1030 - CMSIS Pack Vendor :STMicroelectronics X-CUBE-BLE2 3.3.0
2025-08-11 17:31:59,648 [INFO] ThirdParty:1030 - CMSIS Pack Vendor :STMicroelectronics PDM2PCM 3.2.0
2025-08-11 17:31:59,648 [INFO] ThirdParty:1030 - CMSIS Pack Vendor :STMicroelectronics X-CUBE-AZRTOS-H7 3.3.0
2025-08-11 17:31:59,649 [INFO] ThirdParty:1030 - CMSIS Pack Vendor :STMicroelectronics X-CUBE-NFC9 1.0.0
2025-08-11 17:31:59,649 [INFO] ThirdParty:1030 - CMSIS Pack Vendor :STMicroelectronics X-CUBE-BLE1 7.1.0
2025-08-11 17:31:59,649 [INFO] ThirdParty:1030 - CMSIS Pack Vendor :STMicroelectronics USB_DEVICE 3.0.0
2025-08-11 17:31:59,649 [INFO] ThirdParty:1030 - CMSIS Pack Vendor :STMicroelectronics X-CUBE-EEPRMA1 5.2.0
2025-08-11 17:31:59,649 [INFO] ThirdParty:1030 - CMSIS Pack Vendor :STMicroelectronics X-CUBE-BLEMGR 4.1.0
2025-08-11 17:31:59,649 [INFO] ThirdParty:1030 - CMSIS Pack Vendor :STMicroelectronics X-CUBE-IPS 3.0.0
2025-08-11 17:31:59,649 [INFO] ThirdParty:1030 - CMSIS Pack Vendor :STMicroelectronics X-CUBE-AZRTOS-WB 2.0.0
2025-08-11 17:31:59,649 [INFO] ThirdParty:1030 - CMSIS Pack Vendor :STMicroelectronics X-CUBE-GNSS1 7.0.1
2025-08-11 17:31:59,649 [INFO] ThirdParty:1030 - CMSIS Pack Vendor :STMicroelectronics X-CUBE-TOUCHGFX 4.25.0
2025-08-11 17:31:59,649 [INFO] ThirdParty:1030 - CMSIS Pack Vendor :STMicroelectronics X-CUBE-AI 10.1.0
2025-08-11 17:31:59,649 [INFO] ThirdParty:1030 - CMSIS Pack Vendor :STMicroelectronics FP-SNS-STBOX1 2.0.0
2025-08-11 17:31:59,649 [INFO] ThirdParty:1030 - CMSIS Pack Vendor :STMicroelectronics X-CUBE-MEMS1 11.2.0
2025-08-11 17:31:59,649 [INFO] ThirdParty:1030 - CMSIS Pack Vendor :STMicroelectronics X-CUBE-AZRTOS-G0 1.1.0
2025-08-11 17:31:59,649 [INFO] ThirdParty:1030 - CMSIS Pack Vendor :STMicroelectronics X-CUBE-SAFEA1 1.2.2
2025-08-11 17:31:59,649 [INFO] ThirdParty:1030 - CMSIS Pack Vendor :STMicroelectronics X-CUBE-NFC4 3.0.0
2025-08-11 17:31:59,649 [INFO] ThirdParty:1030 - CMSIS Pack Vendor :STMicroelectronics X-CUBE-SUBG2 5.0.0
2025-08-11 17:31:59,649 [INFO] ThirdParty:1030 - CMSIS Pack Vendor :STMicroelectronics X-CUBE-AZRTOS-H7RS 1.1.0
2025-08-11 17:31:59,649 [INFO] ThirdParty:1030 - CMSIS Pack Vendor :STMicroelectronics STM32_WPAN 1.0.0
2025-08-11 17:31:59,649 [INFO] ThirdParty:1030 - CMSIS Pack Vendor :EmbeddedOffice I-CUBE-FS-RTOS 1.0.1
2025-08-11 17:31:59,649 [INFO] ThirdParty:1030 - CMSIS Pack Vendor :STMicroelectronics lwIP 2.0.3
2025-08-11 17:31:59,650 [INFO] ThirdParty:1030 - CMSIS Pack Vendor :Cesanta I-CUBE-Mongoose 7.13.0
2025-08-11 17:31:59,650 [INFO] ThirdParty:1030 - CMSIS Pack Vendor :STMicroelectronics USB_HOST 1.0.0
2025-08-11 17:31:59,650 [INFO] ThirdParty:1030 - CMSIS Pack Vendor :STMicroelectronics X-CUBE-AZRTOS-G4 2.0.0
2025-08-11 17:31:59,650 [INFO] ThirdParty:1030 - CMSIS Pack Vendor :STMicroelectronics X-CUBE-WB05N 2.0.0
2025-08-11 17:31:59,650 [INFO] ThirdParty:1030 - CMSIS Pack Vendor :STMicroelectronics PDM2PCM 3.1.0
2025-08-11 17:31:59,650 [INFO] ThirdParty:1030 - CMSIS Pack Vendor :STMicroelectronics X-CUBE-NFC7 2.0.0
2025-08-11 17:31:59,650 [INFO] ThirdParty:1030 - CMSIS Pack Vendor :STMicroelectronics X-CUBE-TCPP 4.2.0
2025-08-11 17:31:59,650 [INFO] ThirdParty:1030 - CMSIS Pack Vendor :RealThread X-CUBE-RT-Thread_Nano 4.1.1
2025-08-11 17:31:59,650 [INFO] ThirdParty:1030 - CMSIS Pack Vendor :STMicroelectronics FP-ATR-SIGFOX1 3.2.0
2025-08-11 17:31:59,650 [INFO] ThirdParty:1030 - CMSIS Pack Vendor :quantropi X-CUBE-qispace-sdk-base 1.9.3
2025-08-11 17:31:59,650 [INFO] ThirdParty:1030 - CMSIS Pack Vendor :STMicroelectronics X-CUBE-EEPRMA1 5.1.0
2025-08-11 17:31:59,650 [INFO] ThirdParty:1030 - CMSIS Pack Vendor :STMicroelectronics MBEDTLS 2.16.2
2025-08-11 17:31:59,650 [INFO] ThirdParty:1030 - CMSIS Pack Vendor :STMicroelectronics X-CUBE-IPS 3.1.0
2025-08-11 17:31:59,650 [INFO] ThirdParty:1030 - CMSIS Pack Vendor :STMicroelectronics X-CUBE-ALS 1.0.2
2025-08-11 17:31:59,650 [INFO] ThirdParty:1030 - CMSIS Pack Vendor :wolfSSL I-CUBE-wolfSSL 5.7.4
2025-08-11 17:31:59,650 [INFO] ThirdParty:1030 - CMSIS Pack Vendor :STMicroelectronics X-CUBE-TOUCHGFX 4.24.0
2025-08-11 17:31:59,650 [INFO] ThirdParty:1030 - CMSIS Pack Vendor :ITTIA_DB I-CUBE-ITTIADB 8.9.0
2025-08-11 17:31:59,650 [INFO] ThirdParty:1030 - CMSIS Pack Vendor :STMicroelectronics X-CUBE-TOUCHGFX 4.24.2
2025-08-11 17:31:59,650 [INFO] ThirdParty:1030 - CMSIS Pack Vendor :STMicroelectronics X-CUBE-TOUCHGFX 4.24.1
2025-08-11 17:31:59,650 [INFO] ThirdParty:1030 - CMSIS Pack Vendor :wolfSSL I-CUBE-wolfTPM 3.4.0
2025-08-11 17:31:59,650 [INFO] ThirdParty:1030 - CMSIS Pack Vendor :portGmbH I-Cube-SoM-uGOAL 1.1.0
2025-08-11 17:31:59,650 [INFO] ThirdParty:1030 - CMSIS Pack Vendor :STMicroelectronics X-CUBE-ST67W61 1.0.0
2025-08-11 17:31:59,650 [INFO] ThirdParty:1030 - CMSIS Pack Vendor :STMicroelectronics X-CUBE-AI 10.2.0
2025-08-11 17:31:59,650 [INFO] ThirdParty:1030 - CMSIS Pack Vendor :STMicroelectronics ThreadX 1.0.0
2025-08-11 17:31:59,650 [INFO] ThirdParty:1030 - CMSIS Pack Vendor :SEGGER I-CUBE-embOS 1.3.1
2025-08-11 17:31:59,650 [INFO] ThirdParty:1030 - CMSIS Pack Vendor :STMicroelectronics X-CUBE-ALGOBUILD 1.4.0
2025-08-11 17:31:59,650 [INFO] ThirdParty:1030 - CMSIS Pack Vendor :STMicroelectronics X-CUBE-MEMS1 11.3.0
2025-08-11 17:31:59,650 [INFO] ThirdParty:1030 - CMSIS Pack Vendor :STMicroelectronics X-CUBE-AZRTOS-H7RS 1.0.0
2025-08-11 17:31:59,650 [INFO] ThirdParty:1030 - CMSIS Pack Vendor :STMicroelectronics X-CUBE-TOF1 3.4.2
2025-08-11 17:31:59,650 [INFO] ThirdParty:1030 - CMSIS Pack Vendor :STMicroelectronics X-CUBE-TOF1 3.4.3
2025-08-11 17:31:59,650 [INFO] ThirdParty:1030 - CMSIS Pack Vendor :STMicroelectronics X-CUBE-AI 9.1.0
2025-08-11 17:31:59,650 [INFO] ThirdParty:1030 - CMSIS Pack Vendor :wolfSSL I-CUBE-wolfSSH 1.4.17
2025-08-11 17:31:59,650 [INFO] ThirdParty:841 - exiting critical section [change project]
2025-08-11 17:31:59,851 [INFO] PinOutPanel:1589 - setPackage(No Configuration,No Configuration)
2025-08-11 17:31:59,852 [INFO] PinOutPanel:1589 - setPackage(STM32L073RZTx,LQFP64)
2025-08-11 17:32:00,087 [INFO] UtilMem:75 - Before build in PCC Used Memory: 360204344 Bytes (764411904)
2025-08-11 17:32:00,415 [INFO] UtilMem:75 - After build in PCC Used Memory: 401098808 Bytes (764411904)
2025-08-11 17:32:00,471 [INFO] IPUIPlugin:80 - create IPUIPlugin
2025-08-11 17:32:00,472 [INFO] IPUIPlugin:80 - create IPUIPlugin
2025-08-11 17:32:00,472 [INFO] IPUIPlugin:80 - create IPUIPlugin
2025-08-11 17:32:00,474 [INFO] IPUIPlugin:80 - create IPUIPlugin
2025-08-11 17:32:00,475 [INFO] IPUIPlugin:80 - create IPUIPlugin
2025-08-11 17:32:00,475 [INFO] IPUIPlugin:80 - create IPUIPlugin
2025-08-11 17:32:00,475 [INFO] IPUIPlugin:80 - create IPUIPlugin
2025-08-11 17:32:00,475 [INFO] IPUIPlugin:80 - create IPUIPlugin
2025-08-11 17:32:00,476 [INFO] IPUIPlugin:80 - create IPUIPlugin
2025-08-11 17:32:00,476 [INFO] IPUIPlugin:80 - create IPUIPlugin
2025-08-11 17:32:00,476 [INFO] IPUIPlugin:80 - create IPUIPlugin
2025-08-11 17:32:00,476 [INFO] IPUIPlugin:80 - create IPUIPlugin
2025-08-11 17:32:00,476 [INFO] IPUIPlugin:80 - create IPUIPlugin
2025-08-11 17:32:00,477 [INFO] IPUIPlugin:80 - create IPUIPlugin
2025-08-11 17:32:00,477 [INFO] IPUIPlugin:80 - create IPUIPlugin
2025-08-11 17:32:00,477 [INFO] IPUIPlugin:80 - create IPUIPlugin
2025-08-11 17:32:00,477 [INFO] IPUIPlugin:80 - create IPUIPlugin
2025-08-11 17:32:00,478 [INFO] IPUIPlugin:80 - create IPUIPlugin
2025-08-11 17:32:00,478 [INFO] IPUIPlugin:80 - create IPUIPlugin
2025-08-11 17:32:00,478 [INFO] IPUIPlugin:80 - create IPUIPlugin
2025-08-11 17:32:00,479 [INFO] IPUIPlugin:80 - create IPUIPlugin
2025-08-11 17:32:00,479 [INFO] IPUIPlugin:80 - create IPUIPlugin
2025-08-11 17:32:00,479 [INFO] IPUIPlugin:80 - create IPUIPlugin
2025-08-11 17:32:00,479 [INFO] IPUIPlugin:80 - create IPUIPlugin
2025-08-11 17:32:00,481 [INFO] IPUIPlugin:80 - create IPUIPlugin
2025-08-11 17:32:00,481 [INFO] IPUIPlugin:80 - create IPUIPlugin
2025-08-11 17:32:00,481 [INFO] IPUIPlugin:80 - create IPUIPlugin
2025-08-11 17:32:00,481 [INFO] IPUIPlugin:80 - create IPUIPlugin
2025-08-11 17:32:00,481 [INFO] IPUIPlugin:80 - create IPUIPlugin
2025-08-11 17:32:00,482 [INFO] IPUIPlugin:80 - create IPUIPlugin
2025-08-11 17:32:00,482 [INFO] IPUIPlugin:80 - create IPUIPlugin
2025-08-11 17:32:00,482 [INFO] IPUIPlugin:80 - create IPUIPlugin
2025-08-11 17:32:00,484 [INFO] IPUIPlugin:80 - create IPUIPlugin
2025-08-11 17:32:00,484 [INFO] IPUIPlugin:80 - create IPUIPlugin
2025-08-11 17:32:00,485 [INFO] IPUIPlugin:80 - create IPUIPlugin
2025-08-11 17:32:00,485 [INFO] IPUIPlugin:80 - create IPUIPlugin
2025-08-11 17:32:00,485 [INFO] IPUIPlugin:80 - create IPUIPlugin
2025-08-11 17:32:00,486 [INFO] IPUIPlugin:80 - create IPUIPlugin
2025-08-11 17:32:00,486 [INFO] IPUIPlugin:80 - create IPUIPlugin
2025-08-11 17:32:00,608 [INFO] CADModel:165 - CPN selected for project levelSTM32L073RZT6
2025-08-11 17:32:00,608 [INFO] CADModel:114 - Register for checkConnection events
2025-08-11 17:32:00,703 [INFO] OpenFileManager:386 - Restore cursor
2025-08-11 17:32:06,402 [INFO] Gpio:278 - dependency for GPIO [SPI1, USART2]
2025-08-11 17:32:40,328 [INFO] UtilMem:75 - End SaveConfig() Used Memory: 697845816 Bytes (764411904)
2025-08-11 17:32:43,482 [INFO] UtilMem:75 - End SaveConfig() Used Memory: 425125384 Bytes (764411904)
2025-08-11 17:32:43,671 [INFO] BlockDiagram:2775 - set Specific Code input for plugin: SPI
2025-08-11 17:32:43,675 [INFO] BlockDiagram:2775 - set Specific Code input for plugin: SYS
2025-08-11 17:32:43,675 [INFO] BlockDiagram:2775 - set Specific Code input for plugin: RCC
2025-08-11 17:32:43,675 [INFO] BlockDiagram:2775 - set Specific Code input for plugin: NVIC
2025-08-11 17:32:43,675 [INFO] BlockDiagram:2775 - set Specific Code input for plugin: USART
2025-08-11 17:32:43,675 [INFO] BlockDiagram:2775 - set Specific Code input for plugin: GPIO
2025-08-11 17:32:43,677 [INFO] CodeGenerator:892 - code generatio: config db path: C:\ST\STM32CubeIDE_1.16.1\STM32CubeIDE\plugins\com.st.stm32cube.common.mx_6.15.0.202507011659\\db\
2025-08-11 17:32:43,773 [INFO] CodeEngine:265 - oldGeneratedFile, C:\Users\kjeya\Documents\MCU_INTEGRATION\WIRELESS_RF_SWITCH\MXTmpFiles\license.tmp_save
2025-08-11 17:32:43,876 [INFO] CodeEngine:289 - Generated code: C:\Users\kjeya\Documents\MCU_INTEGRATION\WIRELESS_RF_SWITCH\MXTmpFiles\license.tmp
2025-08-11 17:32:43,957 [INFO] CodeEngine:265 - oldGeneratedFile, C:\Users\kjeya\Documents\MCU_INTEGRATION\WIRELESS_RF_SWITCH\MXTmpFiles\gpio.tmp_save
2025-08-11 17:32:44,033 [INFO] CodeEngine:289 - Generated code: C:\Users\kjeya\Documents\MCU_INTEGRATION\WIRELESS_RF_SWITCH\MXTmpFiles\gpio.tmp
2025-08-11 17:32:44,171 [INFO] CodeEngine:265 - oldGeneratedFile, C:\Users\kjeya\Documents\MCU_INTEGRATION\WIRELESS_RF_SWITCH\Core\Src\stm32l0xx_it.c_save
2025-08-11 17:32:44,269 [INFO] CodeEngine:289 - Generated code: C:\Users\kjeya\Documents\MCU_INTEGRATION\WIRELESS_RF_SWITCH\Core\Src\stm32l0xx_it.c
2025-08-11 17:32:44,275 [INFO] CodeEngine:265 - oldGeneratedFile, C:\Users\kjeya\Documents\MCU_INTEGRATION\WIRELESS_RF_SWITCH\Core\Inc\stm32l0xx_it.h_save
2025-08-11 17:32:44,343 [INFO] CodeEngine:289 - Generated code: C:\Users\kjeya\Documents\MCU_INTEGRATION\WIRELESS_RF_SWITCH\Core\Inc\stm32l0xx_it.h
2025-08-11 17:32:44,357 [INFO] CodeEngine:265 - oldGeneratedFile, C:\Users\kjeya\Documents\MCU_INTEGRATION\WIRELESS_RF_SWITCH\Core\Src\stm32l0xx_hal_msp.c_save
2025-08-11 17:32:44,457 [INFO] CodeEngine:289 - Generated code: C:\Users\kjeya\Documents\MCU_INTEGRATION\WIRELESS_RF_SWITCH\Core\Src\stm32l0xx_hal_msp.c
2025-08-11 17:32:44,471 [INFO] CodeEngine:265 - oldGeneratedFile, C:\Users\kjeya\Documents\MCU_INTEGRATION\WIRELESS_RF_SWITCH\MXTmpFiles\system.tmp_save
2025-08-11 17:32:44,537 [INFO] CodeEngine:289 - Generated code: C:\Users\kjeya\Documents\MCU_INTEGRATION\WIRELESS_RF_SWITCH\MXTmpFiles\system.tmp
2025-08-11 17:32:44,559 [INFO] CodeEngine:321 - oldGeneratedFile, C:\Users\kjeya\Documents\MCU_INTEGRATION\WIRELESS_RF_SWITCH\Core\Inc\stm32l0xx_hal_conf.h_save
2025-08-11 17:32:44,640 [INFO] CodeEngine:345 - Generated code: C:\Users\kjeya\Documents\MCU_INTEGRATION\WIRELESS_RF_SWITCH\Core\Inc\stm32l0xx_hal_conf.h
2025-08-11 17:32:44,656 [INFO] ApiDbMcu:532 - Load IP Config File for SPI1
2025-08-11 17:32:44,662 [INFO] ApiDbMcu:532 - Load IP Config File for USART2
2025-08-11 17:32:44,665 [INFO] ApiDbMcu:532 - Load IP Config File for RCC
2025-08-11 17:32:44,681 [INFO] CodeEngine:265 - oldGeneratedFile, C:\Users\kjeya\Documents\MCU_INTEGRATION\WIRELESS_RF_SWITCH\Core\Inc\main.h_save
2025-08-11 17:32:44,786 [INFO] CodeEngine:289 - Generated code: C:\Users\kjeya\Documents\MCU_INTEGRATION\WIRELESS_RF_SWITCH\Core\Inc\main.h
2025-08-11 17:32:44,798 [INFO] CodeEngine:265 - oldGeneratedFile, C:\Users\kjeya\Documents\MCU_INTEGRATION\WIRELESS_RF_SWITCH\Core\Src\main.c_save
2025-08-11 17:32:44,939 [INFO] CodeEngine:289 - Generated code: C:\Users\kjeya\Documents\MCU_INTEGRATION\WIRELESS_RF_SWITCH\Core\Src\main.c
2025-08-11 17:32:45,336 [INFO] ProjectBuilder:3606 - Time for Copy HAL[1] : 195mS.
2025-08-11 17:32:45,340 [INFO] ProjectBuilder:5216 - Project Generator version: 4.7.0-B52
2025-08-11 17:32:45,441 [INFO] ConfigFileManager:1595 - The Die is : DIE447
2025-08-11 17:32:45,444 [INFO] ApiDbMcu:532 - Load IP Config File for FATFS
2025-08-11 17:32:45,448 [INFO] ApiDbMcu:532 - Load IP Config File for FREERTOS
2025-08-11 17:32:45,457 [INFO] ApiDbMcu:532 - Load IP Config File for TOUCHSENSING
2025-08-11 17:32:45,463 [INFO] ApiDbMcu:532 - Load IP Config File for USB_DEVICE
2025-08-11 17:32:46,491 [INFO] ProjectBuilder:5496 - Time for Generating toolchain IDE Files: 1151mS.
2025-08-11 17:32:46,493 [INFO] ProjectBuilder:3463 - Time for Copy CMSIS : 1mS.
2025-08-11 17:32:46,498 [INFO] ProjectBuilder:3463 - Time for Copy CMSIS : 0mS.
2025-08-11 18:08:10,934 [ERROR] LogOutputStream:75 - [STDERR_REDIRECT] 
2025-08-11 18:08:10,936 [ERROR] LogOutputStream:75 - [STDERR_REDIRECT] 
