2025-08-04 09:19:48,290 [INFO] Activator:176 - 


2025-08-04 09:19:48,296 [INFO] Activator:177 - !SESSION log4j initialized
2025-08-04 09:19:54,591 [INFO] LogOutputStream:77 - [STDOUT_REDIRECT] 
2025-08-04 09:19:56,636 [INFO] ApplicationProperties:184 - Using Application install path: C:\ST\STM32CubeIDE_1.16.1\STM32CubeIDE\plugins\com.st.stm32cube.common.mx_6.15.0.202507011659
2025-08-04 09:19:56,661 [INFO] DbMcusXml:78 - Set database path to: C:\ST\STM32CubeIDE_1.16.1\STM32CubeIDE\plugins\com.st.stm32cube.common.mx_6.15.0.202507011659\\db\/mcu/
2025-08-04 09:19:56,661 [INFO] ApiDb:274 - Set plugin database path to: C:\ST\STM32CubeIDE_1.16.1\STM32CubeIDE\plugins\com.st.stm32cube.common.mx_6.15.0.202507011659\\db\/plugins/boardmanager/
2025-08-04 09:19:56,662 [WARN] ApiDb:259 - Overriding images path with different value:  => C:\ST\STM32CubeIDE_1.16.1\STM32CubeIDE\plugins\com.st.stm32cube.common.mx_6.15.0.202507011659\\db\/plugins/mcufinder/images/
2025-08-04 09:19:56,674 [INFO] ApiDb:250 - Set database path to: C:\Users\kjeya\.stmcufinder\plugins\mcufinder//mcu/
2025-08-04 09:19:56,676 [INFO] DbMcusAds:125 - Set database path to: C:\Users\kjeya\.stmcufinder\plugins\mcufinder//mcu/
2025-08-04 09:19:56,679 [INFO] CrossReferenceDbSqlite:203 - Set database path to: C:\Users\kjeya\.stmcufinder\plugins\mcufinder//mcu/cs/
2025-08-04 09:19:56,836 [INFO] RulesReader:64 - Compatibility file has been processed (317 Rules)
2025-08-04 09:19:56,946 [INFO] DbMcusXml:78 - Set database path to: C:\ST\STM32CubeIDE_1.16.1\STM32CubeIDE\plugins\com.st.stm32cube.common.mx_6.15.0.202507011659\\db\/mcu/
2025-08-04 09:19:56,946 [INFO] ApiDb:274 - Set plugin database path to: C:\ST\STM32CubeIDE_1.16.1\STM32CubeIDE\plugins\com.st.stm32cube.common.mx_6.15.0.202507011659\\db\/plugins/boardmanager/
2025-08-04 09:19:56,947 [INFO] ApiDb:261 - Set plugin images path to: C:\ST\STM32CubeIDE_1.16.1\STM32CubeIDE\plugins\com.st.stm32cube.common.mx_6.15.0.202507011659\\db\/plugins/mcufinder/images/
2025-08-04 09:19:56,947 [WARN] DbFile:41 - Overriding database path with different value: C:\Users\kjeya\.stmcufinder\plugins\mcufinder/ => C:\Users\kjeya\.stmcufinder\plugins\mcufinder
2025-08-04 09:19:56,947 [INFO] ApiDb:250 - Set database path to: C:\Users\kjeya\.stmcufinder\plugins\mcufinder//mcu/
2025-08-04 09:19:56,947 [WARN] DbFile:41 - Overriding database path with different value: C:\Users\kjeya\.stmcufinder\plugins\mcufinder/ => C:\Users\kjeya\.stmcufinder\plugins\mcufinder
2025-08-04 09:19:56,948 [INFO] DbMcusAds:125 - Set database path to: C:\Users\kjeya\.stmcufinder\plugins\mcufinder//mcu/
2025-08-04 09:19:56,948 [WARN] DbFile:41 - Overriding database path with different value: C:\Users\kjeya\.stmcufinder\plugins\mcufinder/ => C:\Users\kjeya\.stmcufinder\plugins\mcufinder
2025-08-04 09:19:56,948 [WARN] DbFile:41 - Overriding database path with different value: C:\Users\kjeya\.stmcufinder\plugins\mcufinder/ => C:\Users\kjeya\.stmcufinder\plugins\mcufinder
2025-08-04 09:19:56,948 [INFO] CrossReferenceDbSqlite:203 - Set database path to: C:\Users\kjeya\.stmcufinder\plugins\mcufinder//mcu/cs/
2025-08-04 09:19:57,090 [INFO] MainPanel:274 - HeapMemory: 268435456
2025-08-04 09:19:57,263 [INFO] DbMcusXml:78 - Set database path to: C:\ST\STM32CubeIDE_1.16.1\STM32CubeIDE\plugins\com.st.stm32cube.common.mx_6.15.0.202507011659\\db\/mcu/
2025-08-04 09:19:57,263 [INFO] ApiDb:274 - Set plugin database path to: C:\ST\STM32CubeIDE_1.16.1\STM32CubeIDE\plugins\com.st.stm32cube.common.mx_6.15.0.202507011659\\db\/plugins/boardmanager/
2025-08-04 09:19:57,264 [INFO] ApiDb:261 - Set plugin images path to: C:\ST\STM32CubeIDE_1.16.1\STM32CubeIDE\plugins\com.st.stm32cube.common.mx_6.15.0.202507011659\\db\/plugins/mcufinder/images/
2025-08-04 09:19:57,264 [WARN] DbFile:41 - Overriding database path with different value: C:\Users\kjeya\.stmcufinder\plugins\mcufinder/ => C:\Users\kjeya\.stmcufinder\plugins\mcufinder
2025-08-04 09:19:57,264 [INFO] ApiDb:250 - Set database path to: C:\Users\kjeya\.stmcufinder\plugins\mcufinder//mcu/
2025-08-04 09:19:57,264 [WARN] DbFile:41 - Overriding database path with different value: C:\Users\kjeya\.stmcufinder\plugins\mcufinder/ => C:\Users\kjeya\.stmcufinder\plugins\mcufinder
2025-08-04 09:19:57,265 [INFO] DbMcusAds:125 - Set database path to: C:\Users\kjeya\.stmcufinder\plugins\mcufinder//mcu/
2025-08-04 09:19:57,265 [WARN] DbFile:41 - Overriding database path with different value: C:\Users\kjeya\.stmcufinder\plugins\mcufinder/ => C:\Users\kjeya\.stmcufinder\plugins\mcufinder
2025-08-04 09:19:57,265 [WARN] DbFile:41 - Overriding database path with different value: C:\Users\kjeya\.stmcufinder\plugins\mcufinder/ => C:\Users\kjeya\.stmcufinder\plugins\mcufinder
2025-08-04 09:19:57,265 [INFO] CrossReferenceDbSqlite:203 - Set database path to: C:\Users\kjeya\.stmcufinder\plugins\mcufinder//mcu/cs/
2025-08-04 09:19:57,287 [INFO] ApplicationProperties:184 - Using Application install path: C:\ST\STM32CubeIDE_1.16.1\STM32CubeIDE\plugins\com.st.stm32cube.common.mx_6.15.0.202507011659
2025-08-04 09:19:57,288 [INFO] PluginManage:196 - Search for loadable plugins [exclusion list=, ]
2025-08-04 09:19:57,290 [INFO] PluginManage:310 - Check plugin analytics
2025-08-04 09:19:57,627 [INFO] AnalyticsPlugin:253 - Accepted Software Licenses: STM32CubeMX.6.11.1,STM32CubeMX.6.13.0
2025-08-04 09:19:57,627 [INFO] AnalyticsPlugin:255 - Accepted CMSIS Pack Licenses: STMicroelectronics.X-CUBE-TOUCHGFX.4.24.0,WES.I-CUBE-Cesium.1.3.0,STMicroelectronics.X-CUBE-TOUCHGFX.4.24.2
2025-08-04 09:19:57,627 [INFO] AnalyticsPlugin:257 - Accepted Firmware Licenses: FW.F4.1.28.0,FW.L4.1.18.0,FW.WL.1.3.0,FW.H7.1.11.0,FW.H7.1.12.0
2025-08-04 09:19:57,631 [INFO] PluginManage:359 - Loaded plugin analytics (category:tool,tabindex:-1)
2025-08-04 09:19:57,632 [INFO] PluginManage:310 - Check plugin cadmodel
2025-08-04 09:19:57,640 [INFO] CADModel:105 - Init CAD model plugin
2025-08-04 09:19:57,641 [INFO] PluginManage:359 - Loaded plugin cadmodel (category:power,tabindex:5)
2025-08-04 09:19:57,641 [INFO] PluginManage:310 - Check plugin clock
2025-08-04 09:19:57,664 [INFO] PluginManage:359 - Loaded plugin clock (category:base,tabindex:2)
2025-08-04 09:19:57,664 [INFO] PluginManage:310 - Check plugin ddr
2025-08-04 09:19:57,670 [INFO] PluginManage:359 - Loaded plugin ddr (category:tool,tabindex:6)
2025-08-04 09:19:57,671 [INFO] PluginManage:310 - Check plugin filemanager
2025-08-04 09:19:57,903 [INFO] PluginManage:359 - Loaded plugin filemanager (category:base,tabindex:10)
2025-08-04 09:19:57,904 [INFO] PluginManage:310 - Check plugin ipmanager
2025-08-04 09:19:57,918 [INFO] PluginManage:359 - Loaded plugin ipmanager (category:base,tabindex:5)
2025-08-04 09:19:57,918 [INFO] PluginManage:310 - Check plugin lpbam
2025-08-04 09:19:57,929 [INFO] PluginManage:359 - Loaded plugin lpbam (category:base,tabindex:0)
2025-08-04 09:19:57,929 [INFO] PluginManage:310 - Check plugin memorymap
2025-08-04 09:19:57,946 [INFO] PluginManage:359 - Loaded plugin memorymap (category:base,tabindex:4)
2025-08-04 09:19:57,946 [INFO] PluginManage:310 - Check plugin pinoutandconfiguration
2025-08-04 09:19:57,965 [INFO] PluginManage:359 - Loaded plugin pinoutandconfiguration (category:base,tabindex:1)
2025-08-04 09:19:57,965 [INFO] PluginManage:310 - Check plugin pinoutconfig
2025-08-04 09:19:58,074 [WARN] SupportedApi:132 - Cannot load RTOS API schema: s4s-elt-must-match.1: The content of 'definitions' must match (annotation?, (simpleType | complexType)?, (unique | key | keyref)*)). A problem was found starting at: attribute.
2025-08-04 09:19:58,289 [INFO] PluginManage:359 - Loaded plugin pinoutconfig (category:base,tabindex:0)
2025-08-04 09:19:58,289 [INFO] PluginManage:310 - Check plugin power
2025-08-04 09:19:58,304 [INFO] PluginManage:359 - Loaded plugin power (category:power,tabindex:4)
2025-08-04 09:19:58,304 [INFO] PluginManage:310 - Check plugin projectmanager
2025-08-04 09:19:58,334 [INFO] PluginManage:359 - Loaded plugin projectmanager (category:projectmanager,tabindex:4)
2025-08-04 09:19:58,334 [INFO] PluginManage:310 - Check plugin rif
2025-08-04 09:19:58,357 [INFO] PluginManage:359 - Loaded plugin rif (category:base,tabindex:3)
2025-08-04 09:19:58,357 [INFO] PluginManage:310 - Check plugin thirdparty
2025-08-04 09:19:58,556 [WARN] IntegrityCheckThread:84 - waiting for thirdparty lock release [integrity check]
2025-08-04 09:19:58,556 [INFO] IntegrityCheckThread:86 - entering critical section [integrity check]
2025-08-04 09:19:58,557 [INFO] ThirdPartyUpdaterWithRetryManager:70 - Updater plugin not ready yet. [1/15]
2025-08-04 09:19:58,557 [INFO] PluginManage:359 - Loaded plugin thirdparty (category:base,tabindex:-1)
2025-08-04 09:19:58,557 [INFO] PluginManage:310 - Check plugin tools
2025-08-04 09:19:58,562 [INFO] PluginManage:359 - Loaded plugin tools (category:base,tabindex:7)
2025-08-04 09:19:58,563 [INFO] PluginManage:310 - Check plugin tutovideos
2025-08-04 09:19:58,787 [INFO] PluginManage:359 - Loaded plugin tutovideos (category:base,tabindex:-1)
2025-08-04 09:19:58,787 [INFO] PluginManage:310 - Check plugin updater
2025-08-04 09:19:58,813 [INFO] PluginManage:359 - Loaded plugin updater (category:base,tabindex:12)
2025-08-04 09:19:58,813 [INFO] PluginManage:310 - Check plugin userauth
2025-08-04 09:19:58,820 [INFO] UserAuth:118 - Init User Auth plugin
2025-08-04 09:19:58,822 [INFO] PluginManage:359 - Loaded plugin userauth (category:base,tabindex:14)
2025-08-04 09:19:58,823 [INFO] PluginManage:283 - PluginManage : Loaded plugins [18]
2025-08-04 09:19:59,153 [INFO] PinOutPanel:1589 - setPackage(No Configuration,No Configuration)
2025-08-04 09:19:59,282 [INFO] CADModel:165 - CPN selected for project level
2025-08-04 09:19:59,282 [INFO] CADModel:114 - Register for checkConnection events
2025-08-04 09:19:59,314 [INFO] IPUIPlugin:80 - create IPUIPlugin
2025-08-04 09:19:59,315 [INFO] PluginManager:220 - loadIPPluginJar : add adc
2025-08-04 09:19:59,320 [INFO] IPUIPlugin:80 - create IPUIPlugin
2025-08-04 09:19:59,321 [INFO] PluginManager:220 - loadIPPluginJar : add aes
2025-08-04 09:19:59,325 [INFO] IPUIPlugin:80 - create IPUIPlugin
2025-08-04 09:19:59,326 [INFO] PluginManager:220 - loadIPPluginJar : add can
2025-08-04 09:19:59,328 [INFO] IPUIPlugin:80 - create IPUIPlugin
2025-08-04 09:19:59,328 [INFO] PluginManager:220 - loadIPPluginJar : add comp
2025-08-04 09:19:59,332 [INFO] IPUIPlugin:80 - create IPUIPlugin
2025-08-04 09:19:59,332 [INFO] PluginManager:220 - loadIPPluginJar : add cryp
2025-08-04 09:19:59,338 [INFO] IPUIPlugin:80 - create IPUIPlugin
2025-08-04 09:19:59,338 [INFO] PluginManager:220 - loadIPPluginJar : add ddr_ctrl_phy
2025-08-04 09:19:59,343 [INFO] IPUIPlugin:80 - create IPUIPlugin
2025-08-04 09:19:59,343 [INFO] PluginManager:220 - loadIPPluginJar : add dfsdm
2025-08-04 09:19:59,352 [INFO] IPUIPlugin:80 - create IPUIPlugin
2025-08-04 09:19:59,353 [INFO] PluginManager:220 - loadIPPluginJar : add dma
2025-08-04 09:19:59,358 [INFO] IPUIPlugin:80 - create IPUIPlugin
2025-08-04 09:19:59,358 [INFO] PluginManager:220 - loadIPPluginJar : add dma3
2025-08-04 09:19:59,362 [INFO] IPUIPlugin:80 - create IPUIPlugin
2025-08-04 09:19:59,362 [INFO] PluginManager:220 - loadIPPluginJar : add extmemmanager
2025-08-04 09:19:59,364 [INFO] IPUIPlugin:80 - create IPUIPlugin
2025-08-04 09:19:59,364 [INFO] PluginManager:220 - loadIPPluginJar : add fatfs
2025-08-04 09:19:59,370 [INFO] IPUIPlugin:80 - create IPUIPlugin
2025-08-04 09:19:59,371 [INFO] PluginManager:220 - loadIPPluginJar : add fmc
2025-08-04 09:19:59,378 [INFO] IPUIPlugin:80 - create IPUIPlugin
2025-08-04 09:19:59,378 [INFO] PluginManager:220 - loadIPPluginJar : add freertos
2025-08-04 09:19:59,380 [INFO] IPUIPlugin:80 - create IPUIPlugin
2025-08-04 09:19:59,380 [INFO] PluginManager:220 - loadIPPluginJar : add genericplugin
2025-08-04 09:19:59,384 [INFO] IPUIPlugin:80 - create IPUIPlugin
2025-08-04 09:19:59,384 [INFO] PluginManager:220 - loadIPPluginJar : add gfxmmu
2025-08-04 09:19:59,390 [INFO] IPUIPlugin:80 - create IPUIPlugin
2025-08-04 09:19:59,390 [INFO] PluginManager:220 - loadIPPluginJar : add gic
2025-08-04 09:19:59,394 [INFO] IPUIPlugin:80 - create IPUIPlugin
2025-08-04 09:19:59,394 [INFO] PluginManager:220 - loadIPPluginJar : add gpio
2025-08-04 09:19:59,397 [INFO] IPUIPlugin:80 - create IPUIPlugin
2025-08-04 09:19:59,397 [INFO] PluginManager:220 - loadIPPluginJar : add gtzc
2025-08-04 09:19:59,400 [INFO] IPUIPlugin:80 - create IPUIPlugin
2025-08-04 09:19:59,400 [INFO] PluginManager:220 - loadIPPluginJar : add hash
2025-08-04 09:19:59,403 [INFO] IPUIPlugin:80 - create IPUIPlugin
2025-08-04 09:19:59,403 [INFO] PluginManager:220 - loadIPPluginJar : add i2c
2025-08-04 09:19:59,406 [INFO] IPUIPlugin:80 - create IPUIPlugin
2025-08-04 09:19:59,407 [INFO] PluginManager:220 - loadIPPluginJar : add i2s
2025-08-04 09:19:59,410 [INFO] IPUIPlugin:80 - create IPUIPlugin
2025-08-04 09:19:59,410 [INFO] PluginManager:220 - loadIPPluginJar : add i3c
2025-08-04 09:19:59,413 [INFO] IPUIPlugin:80 - create IPUIPlugin
2025-08-04 09:19:59,413 [INFO] PluginManager:220 - loadIPPluginJar : add ipddr
2025-08-04 09:19:59,420 [INFO] IPUIPlugin:80 - create IPUIPlugin
2025-08-04 09:19:59,420 [INFO] PluginManager:220 - loadIPPluginJar : add linkedlist
2025-08-04 09:19:59,423 [INFO] IPUIPlugin:80 - create IPUIPlugin
2025-08-04 09:19:59,423 [INFO] PluginManager:220 - loadIPPluginJar : add lorawan
2025-08-04 09:19:59,426 [INFO] IPUIPlugin:80 - create IPUIPlugin
2025-08-04 09:19:59,426 [INFO] PluginManager:220 - loadIPPluginJar : add ltdc
2025-08-04 09:19:59,431 [INFO] IPUIPlugin:80 - create IPUIPlugin
2025-08-04 09:19:59,431 [INFO] PluginManager:220 - loadIPPluginJar : add mdma
2025-08-04 09:19:59,435 [INFO] IPUIPlugin:80 - create IPUIPlugin
2025-08-04 09:19:59,435 [INFO] PluginManager:220 - loadIPPluginJar : add nvic
2025-08-04 09:19:59,438 [INFO] IPUIPlugin:80 - create IPUIPlugin
2025-08-04 09:19:59,438 [INFO] PluginManager:220 - loadIPPluginJar : add opamp
2025-08-04 09:19:59,442 [INFO] IPUIPlugin:80 - create IPUIPlugin
2025-08-04 09:19:59,442 [INFO] PluginManager:220 - loadIPPluginJar : add openamp
2025-08-04 09:19:59,445 [INFO] IPUIPlugin:80 - create IPUIPlugin
2025-08-04 09:19:59,445 [INFO] PluginManager:220 - loadIPPluginJar : add pdm2pcm
2025-08-04 09:19:59,451 [INFO] IPUIPlugin:80 - create IPUIPlugin
2025-08-04 09:19:59,454 [INFO] PluginManager:220 - loadIPPluginJar : add plateformsettings
2025-08-04 09:19:59,456 [INFO] IPUIPlugin:80 - create IPUIPlugin
2025-08-04 09:19:59,456 [INFO] PluginManager:220 - loadIPPluginJar : add quadspi
2025-08-04 09:19:59,458 [INFO] IPUIPlugin:80 - create IPUIPlugin
2025-08-04 09:19:59,459 [INFO] PluginManager:220 - loadIPPluginJar : add radio
2025-08-04 09:19:59,464 [INFO] IPUIPlugin:80 - create IPUIPlugin
2025-08-04 09:19:59,464 [INFO] PluginManager:220 - loadIPPluginJar : add resmgrutility
2025-08-04 09:19:59,467 [INFO] IPUIPlugin:80 - create IPUIPlugin
2025-08-04 09:19:59,467 [INFO] PluginManager:220 - loadIPPluginJar : add sai
2025-08-04 09:19:59,470 [INFO] IPUIPlugin:80 - create IPUIPlugin
2025-08-04 09:19:59,470 [INFO] PluginManager:220 - loadIPPluginJar : add spi
2025-08-04 09:19:59,476 [INFO] IPUIPlugin:80 - create IPUIPlugin
2025-08-04 09:19:59,476 [INFO] PluginManager:220 - loadIPPluginJar : add stm32_wpan
2025-08-04 09:19:59,478 [INFO] IPUIPlugin:80 - create IPUIPlugin
2025-08-04 09:19:59,478 [INFO] PluginManager:220 - loadIPPluginJar : add tim
2025-08-04 09:19:59,482 [INFO] IPUIPlugin:80 - create IPUIPlugin
2025-08-04 09:19:59,483 [INFO] PluginManager:220 - loadIPPluginJar : add touchsensing
2025-08-04 09:19:59,488 [INFO] IPUIPlugin:80 - create IPUIPlugin
2025-08-04 09:19:59,488 [INFO] PluginManager:220 - loadIPPluginJar : add tracer_emb
2025-08-04 09:19:59,491 [INFO] IPUIPlugin:80 - create IPUIPlugin
2025-08-04 09:19:59,491 [INFO] PluginManager:220 - loadIPPluginJar : add ts
2025-08-04 09:19:59,493 [INFO] IPUIPlugin:80 - create IPUIPlugin
2025-08-04 09:19:59,494 [INFO] PluginManager:220 - loadIPPluginJar : add tsc
2025-08-04 09:19:59,496 [INFO] IPUIPlugin:80 - create IPUIPlugin
2025-08-04 09:19:59,496 [INFO] PluginManager:220 - loadIPPluginJar : add ucpd
2025-08-04 09:19:59,500 [INFO] IPUIPlugin:80 - create IPUIPlugin
2025-08-04 09:19:59,500 [INFO] PluginManager:220 - loadIPPluginJar : add usart
2025-08-04 09:19:59,504 [INFO] IPUIPlugin:80 - create IPUIPlugin
2025-08-04 09:19:59,504 [INFO] PluginManager:220 - loadIPPluginJar : add usbx
2025-08-04 09:19:59,645 [FATAL] Updater:351 - Updater called before beeing initialized
2025-08-04 09:19:59,691 [INFO] RulesReader:64 - Compatibility file has been processed (317 Rules)
2025-08-04 09:19:59,708 [INFO] RulesReader:64 - Compatibility file has been processed (317 Rules)
2025-08-04 09:19:59,720 [INFO] CADModel:165 - CPN selected for project level
2025-08-04 09:19:59,720 [INFO] CADModel:114 - Register for checkConnection events
2025-08-04 09:19:59,720 [FATAL] Updater:351 - Updater called before beeing initialized
2025-08-04 09:19:59,720 [ERROR] CADModel:125 - Updater not yet initialized, retry later 
2025-08-04 09:19:59,938 [FATAL] Updater:351 - Updater called before beeing initialized
2025-08-04 09:19:59,941 [INFO] CADModel:165 - CPN selected for project level
2025-08-04 09:19:59,941 [INFO] CADModel:114 - Register for checkConnection events
2025-08-04 09:19:59,941 [FATAL] Updater:351 - Updater called before beeing initialized
2025-08-04 09:19:59,941 [ERROR] CADModel:125 - Updater not yet initialized, retry later 
2025-08-04 09:19:59,945 [FATAL] Updater:351 - Updater called before beeing initialized
2025-08-04 09:20:00,080 [FATAL] Updater:351 - Updater called before beeing initialized
2025-08-04 09:20:00,084 [INFO] DbMcusAds:53 - JSON generation date=Tue Jul 08 13:44:23 IST 2025 (1751962463562)
2025-08-04 09:20:00,084 [FATAL] Updater:351 - Updater called before beeing initialized
2025-08-04 09:20:00,132 [WARN] DetailPanel:346 - Failed to get advertising image, set to default
2025-08-04 09:20:00,237 [FATAL] Updater:351 - Updater called before beeing initialized
2025-08-04 09:20:00,239 [FATAL] Updater:351 - Updater called before beeing initialized
2025-08-04 09:20:00,239 [FATAL] Updater:351 - Updater called before beeing initialized
2025-08-04 09:20:00,240 [WARN] DetailPanel:346 - Failed to get advertising image, set to default
2025-08-04 09:20:00,241 [FATAL] Updater:351 - Updater called before beeing initialized
2025-08-04 09:20:00,330 [ERROR] Updater:1198 - MainUpdater not yet initialized. External WinMGr cannot be set.
2025-08-04 09:20:00,332 [INFO] Updater:1134 - Updater Version found : 6.15.0
2025-08-04 09:20:00,361 [INFO] ApplicationProperties:184 - Using Application install path: C:\ST\STM32CubeIDE_1.16.1\STM32CubeIDE\plugins\com.st.stm32cube.common.mx_6.15.0.202507011659
2025-08-04 09:20:01,557 [INFO] ThirdPartyUpdaterWithRetryManager:70 - Updater plugin not ready yet. [2/15]
2025-08-04 09:20:01,960 [ERROR] LogOutputStream:75 - [STDERR_REDIRECT] Aug 04, 2025 9:20:01 AM java.util.prefs.WindowsPreferences <init>
2025-08-04 09:20:01,963 [ERROR] LogOutputStream:75 - [STDERR_REDIRECT] WARNING: Could not open/create prefs root node Software\JavaSoft\Prefs at root 0xffffffff80000002. Windows RegCreateKeyEx(...) returned error code 5.
2025-08-04 09:20:01,963 [ERROR] LogOutputStream:75 - [STDERR_REDIRECT] 
2025-08-04 09:20:02,481 [INFO] MainUpdater:2872 - connection check result : 10
2025-08-04 09:20:02,481 [INFO] MainUpdater:3604 - Updater definition file requires update
2025-08-04 09:20:02,483 [INFO] MainUpdater:289 - Updater Check For Update Now.
2025-08-04 09:20:02,483 [INFO] MicroXplorer:498 - Change Database Version : DB.6.0.150
2025-08-04 09:20:02,492 [INFO] McuFinderGlobals:63 - Set McuFinder mode to 2 (CubeIDE integrated)
2025-08-04 09:20:02,493 [INFO] UserAuth:487 - Internet connection configuration mode: 1
2025-08-04 09:20:02,520 [INFO] JxBrowserEngine:152 - Initiate JxBrowser Engine with user profile folder
2025-08-04 09:20:02,647 [INFO] ServerAccessManage:452 - Complete download http(s) 200
2025-08-04 09:20:02,649 [INFO] ServerAccessManage:509 - Download File updaters.zip
2025-08-04 09:20:02,788 [INFO] FileExtend:248 - Unzip File : updaters.zip
2025-08-04 09:20:02,789 [INFO] FileExtend:263 - Standard Zip Deflate
2025-08-04 09:20:03,357 [INFO] ServerAccessManage:452 - Complete download http(s) 200
2025-08-04 09:20:03,357 [INFO] ServerAccessManage:509 - Download File PacksControlFlags.xml
2025-08-04 09:20:03,503 [INFO] ServerAccessManage:452 - Complete download http(s) 200
2025-08-04 09:20:03,503 [INFO] ServerAccessManage:509 - Download File cubemx.pidx
2025-08-04 09:20:04,147 [INFO] ServerAccessManage:452 - Complete download http(s) 200
2025-08-04 09:20:04,148 [INFO] ServerAccessManage:509 - Download File STMicroelectronics.FP-SNS-STBOX1.pdsc
2025-08-04 09:20:04,560 [WARN] MainUpdater:1193 - Updater busy. Cannot search thirdparties
2025-08-04 09:20:04,561 [INFO] ThirdPartyUpdaterWithRetryManager:96 - Updater plugin is busy. [1/15]
2025-08-04 09:20:04,743 [INFO] ServerAccessManage:452 - Complete download http(s) 200
2025-08-04 09:20:04,743 [INFO] ServerAccessManage:509 - Download File STMicroelectronics.X-CUBE-AI.pdsc
2025-08-04 09:20:04,765 [INFO] WebApp:169 - Instantiating new browser for Auth
2025-08-04 09:20:05,949 [INFO] WebApp:463 - Apply proxy settings
2025-08-04 09:20:05,949 [INFO] WebApp:548 - Chromium requires no authentication
2025-08-04 09:20:05,963 [INFO] WebApp:491 - Direct internet connection detected
2025-08-04 09:20:05,999 [INFO] WebApp:900 - Register for checkConnection events
2025-08-04 09:20:05,999 [INFO] WebApp:463 - Apply proxy settings
2025-08-04 09:20:05,999 [INFO] WebApp:548 - Chromium requires no authentication
2025-08-04 09:20:06,000 [INFO] WebApp:491 - Direct internet connection detected
2025-08-04 09:20:06,211 [INFO] WebApp:191 - Connection restablished
2025-08-04 09:20:06,308 [INFO] WebApp:225 - Starting web application
2025-08-04 09:20:06,309 [INFO] WebApp:593 - Web application path used C:\ST\STM32CubeIDE_1.16.1\STM32CubeIDE\plugins\com.st.stm32cube.common.mx_6.15.0.202507011659\db\plugins\mcufinder\reactClient1\index.html
2025-08-04 09:20:06,792 [INFO] UserAuth:487 - Internet connection configuration mode: 1
2025-08-04 09:20:07,561 [WARN] MainUpdater:1193 - Updater busy. Cannot search thirdparties
2025-08-04 09:20:07,561 [INFO] ThirdPartyUpdaterWithRetryManager:96 - Updater plugin is busy. [2/15]
2025-08-04 09:20:08,647 [WARN] PackLoader:240 - Cannot read IP mode file for STMicroelectronics.FP-SNS-STBOX1.2.1.0
2025-08-04 09:20:08,676 [WARN] PackLoader:240 - Cannot read IP mode file for STMicroelectronics.X-CUBE-AI.10.2.0
2025-08-04 09:20:08,679 [INFO] PopulateThirdPartyThread:66 - Ending populate Thread
2025-08-04 09:20:08,681 [INFO] ThirdParty:1030 - CMSIS Pack Vendor :STMicroelectronics FP-SNS-STBOX1 2.1.0
2025-08-04 09:20:08,682 [INFO] ThirdParty:1030 - CMSIS Pack Vendor :STMicroelectronics X-CUBE-AI 10.2.0
2025-08-04 09:20:08,682 [INFO] LoadServerUpdatesThread:375 - End of LoadServerUpdate Thread
2025-08-04 09:20:08,803 [INFO] CheckServerUpdateThread:120 - End of CheckServer Thread
2025-08-04 09:20:10,912 [WARN] PackLoader:240 - Cannot read IP mode file for STMicroelectronics.FP-SNS-MOTENVWB1.1.4.0
2025-08-04 09:20:10,919 [WARN] PackLoader:240 - Cannot read IP mode file for STMicroelectronics.FP-ATR-ASTRA1.2.0.2
2025-08-04 09:20:10,926 [WARN] PackLoader:240 - Cannot read IP mode file for STMicroelectronics.FP-ATR-ASTRA1.2.0.1
2025-08-04 09:20:10,941 [WARN] PackLoader:240 - Cannot read IP mode file for STMicroelectronics.X-CUBE-SMBUS.2.1.0
2025-08-04 09:20:10,953 [WARN] PackLoader:240 - Cannot read IP mode file for STMicroelectronics.X-CUBE-WB05N.1.1.0
2025-08-04 09:20:10,964 [WARN] PackLoader:240 - Cannot read IP mode file for STMicroelectronics.X-CUBE-ST60.1.0.0
2025-08-04 09:20:11,003 [WARN] PackLoader:240 - Cannot read IP mode file for STMicroelectronics.X-CUBE-AZRTOS-F7.1.1.0
2025-08-04 09:20:11,015 [WARN] PackLoader:240 - Cannot read IP mode file for STMicroelectronics.FP-SNS-FLIGHT1.5.0.2
2025-08-04 09:20:11,050 [WARN] PackLoader:240 - Cannot read IP mode file for Infineon.AIROC-Wi-Fi-Bluetooth-STM32.1.7.0
2025-08-04 09:20:11,099 [WARN] PackLoader:240 - Cannot read IP mode file for STMicroelectronics.X-CUBE-AZRTOS-H7.3.4.0
2025-08-04 09:20:11,117 [WARN] PackLoader:240 - Cannot read IP mode file for STMicroelectronics.X-CUBE-DISPLAY.3.0.0
2025-08-04 09:20:11,131 [WARN] PackLoader:240 - Cannot read IP mode file for STMicroelectronics.X-CUBE-BLE1.7.0.0
2025-08-04 09:20:11,143 [WARN] PackLoader:240 - Cannot read IP mode file for STMicroelectronics.X-CUBE-NFC10.1.0.0
2025-08-04 09:20:11,158 [WARN] PackLoader:240 - Cannot read IP mode file for STMicroelectronics.X-CUBE-BLEMGR.4.0.0
2025-08-04 09:20:11,174 [WARN] PackLoader:240 - Cannot read IP mode file for emotas.I-CUBE-CANOPEN.1.3.0
2025-08-04 09:20:11,182 [WARN] PackLoader:240 - Cannot read IP mode file for STMicroelectronics.X-CUBE-AI.10.0.0
2025-08-04 09:20:11,195 [WARN] PackLoader:240 - Cannot read IP mode file for STMicroelectronics.FP-SNS-STBOX1.2.1.0
2025-08-04 09:20:11,205 [WARN] PackLoader:240 - Cannot read IP mode file for STMicroelectronics.FP-SNS-SMARTAG2.1.2.0
2025-08-04 09:20:11,211 [WARN] PackLoader:240 - Cannot read IP mode file for STMicroelectronics.FP-SNS-FLIGHT1.5.1.0
2025-08-04 09:20:11,286 [WARN] PackLoader:240 - Cannot read IP mode file for STMicroelectronics.X-CUBE-MEMS1.11.1.0
2025-08-04 09:20:11,513 [INFO] LogOutputStream:77 - [STDOUT_REDIRECT] 1 : Invalid condition id : UX_CORESTACK_Condition cause : null
2025-08-04 09:20:11,515 [INFO] LogOutputStream:77 - [STDOUT_REDIRECT] 1 : Invalid condition id : UX_CORESTACK_Condition cause : null
2025-08-04 09:20:11,517 [INFO] LogOutputStream:77 - [STDOUT_REDIRECT] 1 : Invalid condition id : UX_CORESTACK_Condition cause : null
2025-08-04 09:20:11,518 [INFO] LogOutputStream:77 - [STDOUT_REDIRECT] 1 : Invalid condition id : UX_CORESTACK_Condition cause : null
2025-08-04 09:20:11,519 [INFO] LogOutputStream:77 - [STDOUT_REDIRECT] 1 : Invalid condition id : UX_CORESTACK_Condition cause : null
2025-08-04 09:20:11,523 [WARN] PackLoader:240 - Cannot read IP mode file for STMicroelectronics.X-CUBE-AZRTOS-WL.2.0.0
2025-08-04 09:20:11,532 [WARN] PackLoader:240 - Cannot read IP mode file for STMicroelectronics.FP-SNS-MOTENV1.5.0.0
2025-08-04 09:20:11,538 [WARN] PackLoader:240 - Cannot read IP mode file for wolfSSL.I-CUBE-wolfMQTT.1.19.0
2025-08-04 09:20:11,550 [WARN] PackLoader:240 - Cannot read IP mode file for WES.I-CUBE-Cesium.1.3.0
2025-08-04 09:20:11,621 [WARN] PackLoader:240 - Cannot read IP mode file for STMicroelectronics.X-CUBE-BLE2.3.3.0
2025-08-04 09:20:11,632 [WARN] PackLoader:240 - Cannot read IP mode file for STMicroelectronics.X-CUBE-NFC9.1.0.0
2025-08-04 09:20:11,639 [WARN] PackLoader:240 - Cannot read IP mode file for STMicroelectronics.X-CUBE-BLE1.7.1.0
2025-08-04 09:20:11,650 [WARN] PackLoader:240 - Cannot read IP mode file for STMicroelectronics.X-CUBE-EEPRMA1.5.2.0
2025-08-04 09:20:11,657 [WARN] PackLoader:240 - Cannot read IP mode file for STMicroelectronics.X-CUBE-AI.10.1.0
2025-08-04 09:20:11,715 [WARN] PackLoader:240 - Cannot read IP mode file for STMicroelectronics.X-CUBE-MEMS1.11.2.0
2025-08-04 09:20:11,855 [WARN] PackLoader:240 - Cannot read IP mode file for STMicroelectronics.X-CUBE-AZRTOS-G0.1.1.0
2025-08-04 09:20:11,867 [WARN] PackLoader:240 - Cannot read IP mode file for STMicroelectronics.X-CUBE-SAFEA1.1.2.2
2025-08-04 09:20:11,876 [WARN] PackLoader:240 - Cannot read IP mode file for STMicroelectronics.X-CUBE-NFC4.3.0.0
2025-08-04 09:20:11,887 [WARN] PackLoader:240 - Cannot read IP mode file for EmbeddedOffice.I-CUBE-FS-RTOS.1.0.1
2025-08-04 09:20:11,895 [WARN] PackLoader:240 - Cannot read IP mode file for STMicroelectronics.X-CUBE-WB05N.2.0.0
2025-08-04 09:20:11,905 [WARN] PackLoader:240 - Cannot read IP mode file for STMicroelectronics.X-CUBE-TCPP.4.2.0
2025-08-04 09:20:11,914 [WARN] PackLoader:240 - Cannot read IP mode file for RealThread.X-CUBE-RT-Thread_Nano.4.1.1
2025-08-04 09:20:11,920 [WARN] PackLoader:240 - Cannot read IP mode file for STMicroelectronics.FP-ATR-SIGFOX1.3.2.0
2025-08-04 09:20:11,929 [WARN] ConditionMgr:438 - getConditionDescription Invalid condition id : Cortex-A Device cause : null
2025-08-04 09:20:11,939 [WARN] ConditionMgr:1044 - genDependencies : Invalid condition id : Cortex-A Device cause : null
2025-08-04 09:20:11,940 [WARN] ConditionMgr:1044 - genDependencies : Invalid condition id : Cortex-A Device cause : null
2025-08-04 09:20:11,940 [WARN] ConditionMgr:1044 - genDependencies : Invalid condition id : Cortex-A Device cause : null
2025-08-04 09:20:11,950 [WARN] PackLoader:240 - Cannot read IP mode file for STMicroelectronics.X-CUBE-EEPRMA1.5.1.0
2025-08-04 09:20:11,959 [WARN] PackLoader:240 - Cannot read IP mode file for wolfSSL.I-CUBE-wolfSSL.5.7.4
2025-08-04 09:20:11,968 [WARN] PackLoader:240 - Cannot read IP mode file for ITTIA_DB.I-CUBE-ITTIADB.8.9.0
2025-08-04 09:20:11,976 [WARN] PackLoader:240 - Cannot read IP mode file for STMicroelectronics.X-CUBE-ST67W61.1.0.0
2025-08-04 09:20:11,982 [WARN] PackLoader:240 - Cannot read IP mode file for STMicroelectronics.X-CUBE-AI.10.2.0
2025-08-04 09:20:12,014 [WARN] PackLoader:240 - Cannot read IP mode file for SEGGER.I-CUBE-embOS.1.3.1
2025-08-04 09:20:12,062 [WARN] PackLoader:240 - Cannot read IP mode file for STMicroelectronics.X-CUBE-ALGOBUILD.1.4.0
2025-08-04 09:20:12,117 [WARN] PackLoader:240 - Cannot read IP mode file for STMicroelectronics.X-CUBE-MEMS1.11.3.0
2025-08-04 09:20:12,268 [WARN] PackLoader:240 - Cannot read IP mode file for STMicroelectronics.X-CUBE-AI.9.1.0
2025-08-04 09:20:12,274 [WARN] PackLoader:240 - Cannot read IP mode file for STMicroelectronics.X-CUBE-PM33A1.1.0.0
2025-08-04 09:20:12,292 [WARN] PackLoader:240 - Cannot read IP mode file for STMicroelectronics.X-CUBE-AZRTOS-F4.1.1.0
2025-08-04 09:20:12,300 [WARN] PackLoader:240 - Cannot read IP mode file for Avnet-IotConnect.X-CUBE-IoTC-DA16k-PMOD.1.0.0
2025-08-04 09:20:12,306 [WARN] PackLoader:240 - Cannot read IP mode file for STMicroelectronics.X-CUBE-ISPU.2.1.0
2025-08-04 09:20:12,317 [WARN] PackLoader:240 - Cannot read IP mode file for STMicroelectronics.X-CUBE-NFC12.1.0.0
2025-08-04 09:20:12,337 [WARN] PackLoader:240 - Cannot read IP mode file for STMicroelectronics.X-CUBE-AZRTOS-L5.2.0.0
2025-08-04 09:20:12,349 [WARN] PackLoader:240 - Cannot read IP mode file for STMicroelectronics.X-CUBE-NFC6.3.1.0
2025-08-04 09:20:12,360 [WARN] PackLoader:240 - Cannot read IP mode file for STMicroelectronics.X-CUBE-DPower.1.2.0
2025-08-04 09:20:12,367 [WARN] PackLoader:240 - Cannot read IP mode file for STMicroelectronics.X-CUBE-FREERTOS.1.3.1
2025-08-04 09:20:12,372 [WARN] PackLoader:240 - Cannot read IP mode file for STMicroelectronics.X-CUBE-FREERTOS.1.3.0
2025-08-04 09:20:12,380 [WARN] PackLoader:240 - Cannot read IP mode file for STMicroelectronics.X-CUBE-NFC7.1.0.1
2025-08-04 09:20:12,387 [WARN] PackLoader:240 - Cannot read IP mode file for STMicroelectronics.FP-SNS-STAIOTCFT.1.0.0
2025-08-04 09:20:12,394 [WARN] PackLoader:240 - Cannot read IP mode file for STMicroelectronics.X-CUBE-DPower.1.3.0
2025-08-04 09:20:12,420 [WARN] ConditionMgr:438 - getConditionDescription Invalid condition id : LAN8742 Phy interface Condition cause : null
2025-08-04 09:20:12,421 [WARN] PackLoader:240 - Cannot read IP mode file for STMicroelectronics.X-CUBE-AZRTOS-L4.2.0.0
2025-08-04 09:20:12,423 [WARN] ConditionMgr:1044 - genDependencies : Invalid condition id : LAN8742 Phy interface Condition cause : null
2025-08-04 09:20:12,424 [WARN] ConditionMgr:1044 - genDependencies : Invalid condition id : LAN8742 Phy interface Condition cause : null
2025-08-04 09:20:12,424 [WARN] ConditionMgr:1044 - genDependencies : Invalid condition id : LAN8742 Phy interface Condition cause : null
2025-08-04 09:20:12,433 [WARN] PackLoader:240 - Cannot read IP mode file for STMicroelectronics.X-CUBE-SFXS2LP1.4.0.0
2025-08-04 09:20:12,469 [WARN] PackLoader:240 - Cannot read IP mode file for STMicroelectronics.X-CUBE-AZRTOS-H7.3.3.0
2025-08-04 09:20:12,488 [WARN] PackLoader:240 - Cannot read IP mode file for STMicroelectronics.X-CUBE-BLEMGR.4.1.0
2025-08-04 09:20:12,503 [WARN] PackLoader:240 - Cannot read IP mode file for STMicroelectronics.X-CUBE-IPS.3.0.0
2025-08-04 09:20:12,524 [WARN] ConditionMgr:438 - getConditionDescription Invalid condition id : UX DEVICE CLASS RTOS Condition cause : null
2025-08-04 09:20:12,524 [WARN] ConditionMgr:438 - getConditionDescription Invalid condition id : UX DEVICE CLASS RTOS Condition cause : null
2025-08-04 09:20:12,528 [WARN] PackLoader:240 - Cannot read IP mode file for STMicroelectronics.X-CUBE-AZRTOS-WB.2.0.0
2025-08-04 09:20:12,529 [WARN] ConditionMgr:1044 - genDependencies : Invalid condition id : UX DEVICE CLASS RTOS Condition cause : null
2025-08-04 09:20:12,529 [WARN] ConditionMgr:1044 - genDependencies : Invalid condition id : UX DEVICE CLASS RTOS Condition cause : null
2025-08-04 09:20:12,529 [WARN] ConditionMgr:1044 - genDependencies : Invalid condition id : UX DEVICE CLASS RTOS Condition cause : null
2025-08-04 09:20:12,530 [WARN] ConditionMgr:1044 - genDependencies : Invalid condition id : UX DEVICE CLASS RTOS Condition cause : null
2025-08-04 09:20:12,530 [WARN] ConditionMgr:1044 - genDependencies : Invalid condition id : UX DEVICE CLASS RTOS Condition cause : null
2025-08-04 09:20:12,540 [WARN] PackLoader:240 - Cannot read IP mode file for STMicroelectronics.X-CUBE-GNSS1.7.0.1
2025-08-04 09:20:12,548 [WARN] PackLoader:240 - Cannot read IP mode file for STMicroelectronics.X-CUBE-TOUCHGFX.4.25.0
2025-08-04 09:20:12,556 [WARN] PackLoader:240 - Cannot read IP mode file for STMicroelectronics.FP-SNS-STBOX1.2.0.0
2025-08-04 09:20:12,574 [WARN] PackLoader:240 - Cannot read IP mode file for STMicroelectronics.X-CUBE-SUBG2.5.0.0
2025-08-04 09:20:12,599 [WARN] PackLoader:240 - Cannot read IP mode file for STMicroelectronics.X-CUBE-AZRTOS-H7RS.1.1.0
2025-08-04 09:20:12,609 [WARN] PackLoader:240 - Cannot read IP mode file for Cesanta.I-CUBE-Mongoose.7.13.0
2025-08-04 09:20:12,625 [WARN] PackLoader:240 - Cannot read IP mode file for STMicroelectronics.X-CUBE-AZRTOS-G4.2.0.0
2025-08-04 09:20:12,630 [WARN] PackLoader:240 - Cannot read IP mode file for STMicroelectronics.X-CUBE-NFC7.2.0.0
2025-08-04 09:20:12,642 [WARN] PackLoader:240 - Cannot read IP mode file for STMicroelectronics.X-CUBE-IPS.3.1.0
2025-08-04 09:20:12,652 [WARN] PackLoader:240 - Cannot read IP mode file for STMicroelectronics.X-CUBE-ALS.1.0.2
2025-08-04 09:20:12,661 [WARN] PackLoader:240 - Cannot read IP mode file for STMicroelectronics.X-CUBE-TOUCHGFX.4.24.0
2025-08-04 09:20:12,708 [WARN] PackLoader:240 - Cannot read IP mode file for STMicroelectronics.X-CUBE-TOUCHGFX.4.24.2
2025-08-04 09:20:12,744 [WARN] PackLoader:240 - Cannot read IP mode file for STMicroelectronics.X-CUBE-TOUCHGFX.4.24.1
2025-08-04 09:20:12,750 [WARN] PackLoader:240 - Cannot read IP mode file for wolfSSL.I-CUBE-wolfTPM.3.4.0
2025-08-04 09:20:12,759 [WARN] PackLoader:240 - Cannot read IP mode file for portGmbH.I-Cube-SoM-uGOAL.1.1.0
2025-08-04 09:20:12,781 [WARN] PackLoader:240 - Cannot read IP mode file for STMicroelectronics.X-CUBE-AZRTOS-H7RS.1.0.0
2025-08-04 09:20:12,799 [WARN] PackLoader:240 - Cannot read IP mode file for STMicroelectronics.X-CUBE-TOF1.3.4.2
2025-08-04 09:20:12,831 [WARN] PackLoader:240 - Cannot read IP mode file for STMicroelectronics.X-CUBE-TOF1.3.4.3
2025-08-04 09:20:12,858 [WARN] PackLoader:240 - Cannot read IP mode file for wolfSSL.I-CUBE-wolfSSH.1.4.17
2025-08-04 09:20:12,859 [INFO] ThirdParty:978 - Integrity check success = true
2025-08-04 09:20:12,860 [INFO] IntegrityCheckThread:100 - exiting critical section [integrity check]
2025-08-04 09:20:12,860 [INFO] IntegrityCheckThread:103 - End integrity checks thread
2025-08-04 09:57:37,102 [INFO] WebApp:194 - Connection lost
2025-08-04 09:57:40,820 [INFO] WebApp:191 - Connection restablished
2025-08-04 09:57:42,141 [INFO] WebApp:194 - Connection lost
2025-08-04 09:57:42,438 [INFO] WebApp:191 - Connection restablished
2025-08-04 09:57:45,304 [INFO] WebApp:194 - Connection lost
2025-08-04 09:57:45,461 [INFO] WebApp:191 - Connection restablished
2025-08-04 10:48:09,214 [INFO] WebApp:194 - Connection lost
2025-08-04 10:48:11,886 [INFO] WebApp:191 - Connection restablished
2025-08-04 10:48:13,878 [INFO] WebApp:194 - Connection lost
2025-08-04 10:48:14,136 [INFO] WebApp:191 - Connection restablished
2025-08-04 12:34:09,141 [INFO] McuFinderGlobals:63 - Set McuFinder mode to 2 (CubeIDE integrated)
2025-08-04 12:34:09,148 [INFO] MainUpdater:2872 - connection check result : 10
2025-08-04 12:34:09,149 [INFO] MainUpdater:2872 - connection check result : 10
2025-08-04 12:34:09,259 [INFO] MicroXplorer:468 - Change Database Path : 
2025-08-04 12:34:09,259 [INFO] MicroXplorer:498 - Change Database Version : DB.6.0.150
2025-08-04 12:34:09,270 [WARN] ThirdParty:871 - waiting for thirdparty lock release [close project]
2025-08-04 12:34:09,272 [INFO] ThirdParty:873 - entering critical section [close project]
2025-08-04 12:34:09,281 [INFO] ThirdParty:883 - exiting critical section [close project]
2025-08-04 12:34:09,290 [INFO] PinOutPanel:1589 - setPackage(No Configuration,No Configuration)
2025-08-04 12:34:09,297 [INFO] UtilMem:75 - Begin LoadConfig() Used Memory: 457244008 Bytes (594542592)
2025-08-04 12:34:09,301 [INFO] MicroXplorer:468 - Change Database Path : 
2025-08-04 12:34:09,301 [INFO] MicroXplorer:498 - Change Database Version : DB.6.0.150
2025-08-04 12:34:09,302 [INFO] OpenFileManager:355 - Change cursor
2025-08-04 12:34:09,418 [INFO] Mcu:2029 - Initializing MCU STM32F401R(D-E)Tx STM32F401RETx STM32F401RET6
2025-08-04 12:34:11,271 [INFO] Context:786 - Trying to add GPIOservice into a context  which must be forbidden
2025-08-04 12:34:11,766 [INFO] ImportTextPane:234 - (OptionalMessage_ERROR) Pin10 (VP_RIF_VS_RIF1) cannot be retrieved for this MCU
2025-08-04 12:34:11,905 [INFO] RtosManager:558 - Registered RTOS mode: class=CMSIS, group=RTOS, mode=CMSIS_V1, owner=FREERTOS
2025-08-04 12:34:11,906 [INFO] RtosManager:558 - Registered RTOS mode: class=CMSIS, group=RTOS2, mode=CMSIS_V2, owner=FREERTOS
2025-08-04 12:34:11,906 [INFO] RtosManager:558 - Registered RTOS mode: class=RTOS, group=Core, mode=CMSIS_V1, owner=FREERTOS
2025-08-04 12:34:11,906 [INFO] RtosManager:558 - Registered RTOS mode: class=RTOS, group=Core, mode=CMSIS_V2, owner=FREERTOS
2025-08-04 12:34:11,907 [WARN] ModelIntegratedComponent:184 - Missing modes for component STMicroelectronics:FreeRTOS:0.0.1:STMicroelectronics:RTOS:FreeRTOS:Core:::10.2.0:
2025-08-04 12:34:11,924 [WARN] ModelIntegratedComponent:63 - No mode defined for component null
2025-08-04 12:34:11,924 [WARN] ModelIntegratedComponent:63 - No mode defined for component null
2025-08-04 12:34:11,924 [WARN] ModelIntegratedComponent:63 - No mode defined for component null
2025-08-04 12:34:11,924 [WARN] ModelIntegratedComponent:63 - No mode defined for component null
2025-08-04 12:34:11,924 [WARN] ModelIntegratedComponent:63 - No mode defined for component null
2025-08-04 12:34:11,926 [WARN] ModelIntegratedComponent:63 - No mode defined for component null
2025-08-04 12:34:11,926 [WARN] ModelIntegratedComponent:63 - No mode defined for component null
2025-08-04 12:34:11,926 [WARN] ModelIntegratedComponent:63 - No mode defined for component null
2025-08-04 12:34:11,926 [WARN] ModelIntegratedComponent:63 - No mode defined for component null
2025-08-04 12:34:11,926 [WARN] ModelIntegratedComponent:63 - No mode defined for component null
2025-08-04 12:34:11,926 [WARN] ModelIntegratedComponent:63 - No mode defined for component null
2025-08-04 12:34:11,926 [WARN] ModelIntegratedComponent:63 - No mode defined for component null
2025-08-04 12:34:11,926 [WARN] ModelIntegratedComponent:63 - No mode defined for component null
2025-08-04 12:34:11,926 [WARN] ModelIntegratedComponent:63 - No mode defined for component null
2025-08-04 12:34:11,927 [WARN] ModelIntegratedComponent:63 - No mode defined for component null
2025-08-04 12:34:11,927 [WARN] ModelIntegratedComponent:63 - No mode defined for component null
2025-08-04 12:34:11,927 [WARN] ModelIntegratedComponent:63 - No mode defined for component null
2025-08-04 12:34:11,927 [WARN] ModelIntegratedComponent:63 - No mode defined for component null
2025-08-04 12:34:11,927 [WARN] ModelIntegratedComponent:63 - No mode defined for component null
2025-08-04 12:34:11,927 [WARN] ModelIntegratedComponent:63 - No mode defined for component null
2025-08-04 12:34:11,927 [WARN] ModelIntegratedComponent:63 - No mode defined for component null
2025-08-04 12:34:11,927 [WARN] ModelIntegratedComponent:63 - No mode defined for component null
2025-08-04 12:34:11,927 [WARN] ModelIntegratedComponent:63 - No mode defined for component null
2025-08-04 12:34:11,928 [WARN] ModelIntegratedComponent:63 - No mode defined for component null
2025-08-04 12:34:11,928 [WARN] ModelIntegratedComponent:63 - No mode defined for component null
2025-08-04 12:34:11,928 [WARN] ModelIntegratedComponent:63 - No mode defined for component null
2025-08-04 12:34:11,928 [WARN] ModelIntegratedComponent:63 - No mode defined for component null
2025-08-04 12:34:11,928 [WARN] ModelIntegratedComponent:63 - No mode defined for component null
2025-08-04 12:34:11,928 [WARN] ModelIntegratedComponent:63 - No mode defined for component null
2025-08-04 12:34:11,928 [WARN] ModelIntegratedComponent:63 - No mode defined for component null
2025-08-04 12:34:11,928 [WARN] ModelIntegratedComponent:63 - No mode defined for component null
2025-08-04 12:34:11,928 [WARN] ModelIntegratedComponent:63 - No mode defined for component null
2025-08-04 12:34:11,928 [WARN] ModelIntegratedComponent:63 - No mode defined for component null
2025-08-04 12:34:11,928 [WARN] ModelIntegratedComponent:63 - No mode defined for component null
2025-08-04 12:34:11,928 [WARN] ModelIntegratedComponent:63 - No mode defined for component null
2025-08-04 12:34:11,929 [WARN] ModelPack:524 - Component already loaded: STMicroelectronics:HAL Drivers:0.0.0:STMicroelectronics:Device:STMicro_Driver:XSPI:HAL::0.0.1:HAL_XSPI
2025-08-04 12:34:12,281 [INFO] ThirdPartyModel:298 - Start build external matchings
2025-08-04 12:34:13,437 [INFO] ThirdPartyModel:316 - End build external matchings
2025-08-04 12:34:14,116 [INFO] ApiDb:581 - Connected to CubeFinder SQLite database (C:\Users\kjeya\.stmcufinder\plugins\mcufinder\mcu\cube-finder-db.db)
2025-08-04 12:34:14,223 [INFO] ApiDb:668 - CubeFinder database Data Model version=2.1
2025-08-04 12:34:14,224 [INFO] ApiDb:669 - CubeFinder database Configuration version=3.0.39
2025-08-04 12:34:14,224 [INFO] ApiDb:670 - CubeFinder database generation date=2025-07-21 (1753107327)
2025-08-04 12:34:14,224 [INFO] ApiDb:671 - CubeFinder database FW Pack versions=[FP-ATR-ASTRA1_V2.0.0, FP-SNS-FLIGHT1_V5.1.0, FP-SNS-MOTENV1_V5.0.0, FP-SNS-MOTENVWB1_V1.4.0, FP-SNS-SMARTAG2_V1.2.0, FP-SNS-STBOX1_V2.0.0, STM32Cube_FW_C0_V1.4.0, STM32Cube_FW_F4_V1.28.2, STM32Cube_FW_F7_V1.17.3, STM32Cube_FW_G0_V1.6.2, STM32Cube_FW_G4_V1.6.1, STM32Cube_FW_H5_V1.5.0, STM32Cube_FW_H7RS_V1.2.0, STM32Cube_FW_H7_V1.12.1, STM32Cube_FW_L0_V1.12.2, STM32Cube_FW_L4_V1.18.1, STM32Cube_FW_L5_V1.5.1, STM32Cube_FW_N6_V1.2.0, STM32Cube_FW_U0_V1.3.0, STM32Cube_FW_U3_V1.2.0, STM32Cube_FW_U5_V1.8.0, STM32Cube_FW_WB0_V1.3.0, STM32Cube_FW_WBA_V1.7.0, STM32Cube_FW_WB_V1.23.0, STM32Cube_FW_WL3_V1.2.0, STM32Cube_FW_WL_V1.3.1, X-CUBE-ALGOBUILD_V1.4.0, X-CUBE-ALS_V1.0.2, X-CUBE-AZRTOS-F4_V1.1.0, X-CUBE-AZRTOS-F7_V1.1.0, X-CUBE-AZRTOS-G0_V1.1.0, X-CUBE-AZRTOS-G4_V2.0.0, X-CUBE-AZRTOS-H7RS_V1.1.0, X-CUBE-AZRTOS-H7_V3.3.0, X-CUBE-AZRTOS-L4_V2.0.0, X-CUBE-AZRTOS-L5_V2.0.0, X-CUBE-AZRTOS-WB_V2.0.0, X-CUBE-AZRTOS-WL_V2.0.0, X-CUBE-BLE1_V7.1.0, X-CUBE-BLE2_V3.3.0, X-CUBE-BLEMGR_V4.0.0, X-CUBE-EEPRMA1_V5.1.0, X-CUBE-FREERTOS_V1.3.1, X-CUBE-GNSS1_V6.0.0, X-CUBE-MEMS1_V11.3.0, X-CUBE-NFC4_V3.0.0, X-CUBE-NFC7_V2.0.0, X-CUBE-SFXS2LP1_V4.0.0, X-CUBE-SUBG2_V5.0.0, X-CUBE-TOF1_V3.4.3]
2025-08-04 12:34:14,418 [INFO] DbBoardsSqlite:226 - include board P-NUCLEO-WB55-NUCLEO as a kit item of type 'Nucleo-64'
2025-08-04 12:34:14,419 [INFO] DbBoardsSqlite:226 - include board P-NUCLEO-WB55-USBDONGLE as a kit item of type 'Nucleo USB Dongle'
2025-08-04 12:34:14,421 [INFO] DbBoardsSqlite:226 - include board STEVAL-IDP005V1 as a kit item of type 'Evaluation Board'
2025-08-04 12:34:14,421 [INFO] DbBoardsSqlite:226 - include board STEVAL-IDP005V2 as a kit item of type 'Evaluation Board'
2025-08-04 12:34:14,955 [INFO] ApiDb:240 - Found 880 in-development CPN: [B-G473E-ZEST1S, B-WB1M-WPAN1, B-WBA5M-WPAN, B-WL5M-SUBG1, NUCLEO-C031C6, NUCLEO-C051C8, NUCLEO-C071RB, NUCLEO-C092RC, NUCLEO-H503RB, NUCLEO-H533RE, NUCLEO-H563ZI, NUCLEO-H7S3L8, NUCLEO-N657X0-Q, NUCLEO-U031R8, NUCLEO-U083RC, NUCLEO-U385RG-Q, NUCLEO-U545RE-Q, NUCLEO-U5A5ZJ-Q, NUCLEO-WB05KZ, NUCLEO-WB07CC, NUCLEO-WB09KE, NUCLEO-WBA52CG, NUCLEO-WBA55CG, NUCLEO-WL33CC1, NUCLEO-WL33CC2, STEVAL-PROTEUS1, STEVAL-SMARTAG2, STEVAL-STWINBX1, STM320518-EVAL, STM32C0116-DK, STM32C011D6Y3TR, STM32C011D6Y6TR, STM32C011F4P3, STM32C011F4P6, STM32C011F4U3, STM32C011F4U6TR, STM32C011F6P3, STM32C011F6P6, STM32C011F6U3, STM32C011F6U6TR, STM32C011J4M3, STM32C011J4M6, STM32C011J6M3, STM32C011J6M6, STM32C0316-DK, STM32C031C4T3, STM32C031C4T6, STM32C031C4U3, STM32C031C4U6, STM32C031C6T3, STM32C031C6T6, STM32C031C6U3, STM32C031C6U6, STM32C031F4P3, STM32C031F4P6, STM32C031F6P3, STM32C031F6P6, STM32C031G4U3, STM32C031G4U6, STM32C031G6U3, STM32C031G6U6, STM32C031K4T3, STM32C031K4T6, STM32C031K4U3, STM32C031K4U6, STM32C031K6T3, STM32C031K6T6, STM32C031K6U3, STM32C031K6U6, STM32C051C6T6, STM32C051C6U6, STM32C051C8T6, STM32C051C8U6, STM32C051D8Y6TR, STM32C051F6P6, STM32C051F8P6, STM32C051G6U6, STM32C051G8U6, STM32C051K6T6, STM32C051K6U6, STM32C051K8T6, STM32C071C8T6, STM32C071C8T6N, STM32C071C8U6, STM32C071C8U6N, STM32C071CBT6, STM32C071CBT6N, STM32C071CBU6, STM32C071CBU6N, STM32C071F8P6, STM32C071F8P6N, STM32C071FBP6, STM32C071FBP6N, STM32C071FBY6TR, STM32C071G8U6, STM32C071G8U6N, STM32C071GBU6, STM32C071GBU6N, STM32C071K8T6, STM32C071K8T6N, STM32C071K8U6, STM32C071K8U6N, STM32C071KBT6, STM32C071KBT6N, STM32C071KBU6, STM32C071KBU6N, STM32C071R8T6, STM32C071R8T6N, STM32C071RBI6N, STM32C071RBT6, STM32C071RBT6N, STM32C091CBT6, STM32C091CBU6, STM32C091CCT6, STM32C091CCU6, STM32C091ECY6TR, STM32C091FBP6, STM32C091FCP6, STM32C091GBU6, STM32C091GCU6, STM32C091KBT6, STM32C091KBU6, STM32C091KCT6, STM32C091KCU6, STM32C091RBT6, STM32C091RCI6, STM32C091RCT6, STM32C092CBT6, STM32C092CBU6, STM32C092CCT6, STM32C092CCU6, STM32C092ECY6TR, STM32C092FBP6, STM32C092FCP6, STM32C092GBU6, STM32C092GCU6, STM32C092KBT6, STM32C092KBU6, STM32C092KCT6, STM32C092KCU6, STM32C092RBT6, STM32C092RCI6, STM32C092RCT6, STM32G071K8TXN, STM32G071K8UXN, STM32G081GBU6N, STM32G081KBT6N, STM32G081KBUXN, STM32G0B1CCT6N, STM32G0B1KCT6, STM32G0B1NEY6TR, STM32G0B1RCT6N, STM32G0C1CCT6, STM32G0C1CCT6N, STM32G0C1CCU6N, STM32G0C1CET6N, STM32G0C1CEU6N, STM32G0C1KCT6, STM32G0C1NEY6TR, STM32G0C1RCI6N, STM32G0C1RCT6N, STM32G0C1REI6N, STM32G0C1RET6N, STM32G0C1VCI6, STM32G0C1VEI6, STM32G411C6T3, STM32G411C6T6, STM32G411C6U3, STM32G411C6U6, STM32G411C8T3, STM32G411C8T6, STM32G411C8U3, STM32G411C8U6, STM32G411CBT3, STM32G411CBT6, STM32G411CBU3, STM32G411CBU6, STM32G411K6T3, STM32G411K6T6, STM32G411K6U3, STM32G411K6U6, STM32G411K8T3, STM32G411K8T6, STM32G411K8U3, STM32G411K8U6, STM32G411KBT3, STM32G411KBT6, STM32G411KBU3, STM32G411KBU6, STM32G411M6T3, STM32G411M6T6, STM32G411M8T3, STM32G411M8T6, STM32G411MBT3, STM32G411MBT6, STM32G411R6T3, STM32G411R6T6, STM32G411R8T3, STM32G411R8T6, STM32G411RBT3, STM32G411RBT6, STM32G414CBT3, STM32G414CBT6, STM32G414CBU3, STM32G414CBU6, STM32G414CCT3, STM32G414CCT6, STM32G414CCU3, STM32G414CCU6, STM32G414MBT3, STM32G414MBT6, STM32G414MCT3, STM32G414MCT6, STM32G414RBT3, STM32G414RBT6, STM32G414RCT3, STM32G414RCT6, STM32G414VBT3, STM32G414VBT6, STM32G414VCT3, STM32G414VCT6, STM32G431CBT3Z, STM32G431RBT3Z, STM32G471CCT6, STM32G471CCU6, STM32G471CET3, STM32G471CET6, STM32G471CEU3, STM32G471CEU6, STM32G471MCT6, STM32G471MET3, STM32G471MET6, STM32G471MEY6TR, STM32G471QCT6, STM32G471QET3, STM32G471RCT6, STM32G471RET3, STM32G471RET6, STM32G471VCH6, STM32G471VCI6, STM32G471VCT6, STM32G471VEH3, STM32G471VEH6, STM32G471VEI3, STM32G471VEI6, STM32G471VET3, STM32G471VET6, STM32G473QET3Z, STM32G473RET3Z, STM32G474CCT6, STM32G491RET3Z, STM32H503CBT6, STM32H503CBU6, STM32H503EBY6TR, STM32H503KBU6, STM32H503RBT6, STM32H523CCT6, STM32H523CCU6, STM32H523CET6, STM32H523CEU6, STM32H523HEY6TR, STM32H523RCT6, STM32H523RET6, STM32H523VCI6, STM32H523VCT6, STM32H523VEI6, STM32H523VET6, STM32H523ZCJ6, STM32H523ZCT6, STM32H523ZEJ6, STM32H523ZET6, STM32H533CET6, STM32H533CEU6, STM32H533HEY6TR, STM32H533RET6, STM32H533VEI6, STM32H533VET6, STM32H533ZEJ6, STM32H533ZET6, STM32H562AGI6, STM32H562AII6, STM32H562IGK6, STM32H562IGT6, STM32H562IIK6, STM32H562IIT6, STM32H562RGT6, STM32H562RGV6, STM32H562RIT6, STM32H562RIV6, STM32H562VGT6, STM32H562VIT6, STM32H562ZGT6, STM32H562ZIT6, STM32H563AGI6, STM32H563AII3Q, STM32H563AII6, STM32H563IGK6, STM32H563IGT6, STM32H563IIK3Q, STM32H563IIK6, STM32H563IIT3Q, STM32H563IIT6, STM32H563MIY3QTR, STM32H563RGT6, STM32H563RGV6, STM32H563RIT6, STM32H563RIV6, STM32H563VGT6, STM32H563VIT3Q, STM32H563VIT6, STM32H563ZGT6, STM32H563ZIT3Q, STM32H563ZIT6, STM32H573AII3Q, STM32H573AII6, STM32H573I-DK, STM32H573IIK3Q, STM32H573IIK6, STM32H573IIT3Q, STM32H573IIT6, STM32H573MIY3QTR, STM32H573RIT6, STM32H573RIV6, STM32H573VIT3Q, STM32H573VIT6, STM32H573ZIT3Q, STM32H573ZIT6, STM32H7R3A8I6, STM32H7R3I8K6, STM32H7R3I8T6, STM32H7R3L8H6, STM32H7R3L8H6H, STM32H7R3R8V6, STM32H7R3V8H6, STM32H7R3V8T6, STM32H7R3V8Y6TR, STM32H7R3Z8J6, STM32H7R3Z8T6, STM32H7R7A8I6, STM32H7R7I8K6, STM32H7R7I8T6, STM32H7R7L8H6, STM32H7R7L8H6H, STM32H7R7Z8J6, STM32H7S3A8I6, STM32H7S3I8K6, STM32H7S3I8T6, STM32H7S3L8H6, STM32H7S3L8H6H, STM32H7S3R8V6, STM32H7S3V8H6, STM32H7S3V8T6, STM32H7S3V8Y6TR, STM32H7S3Z8J6, STM32H7S3Z8T6, STM32H7S78-DK, STM32H7S7A8I6, STM32H7S7I8K6, STM32H7S7I8T6, STM32H7S7L8H6, STM32H7S7L8H6H, STM32H7S7Z8J6, STM32L4R5QGI6STR, STM32MP131AAE3, STM32MP131AAF3, STM32MP131AAG3, STM32MP131CAE3, STM32MP131CAF3, STM32MP131CAG3, STM32MP131DAE7, STM32MP131DAF7, STM32MP131DAG7, STM32MP131FAE7, STM32MP131FAF7, STM32MP131FAG7, STM32MP133AAE3, STM32MP133AAF3, STM32MP133AAG3, STM32MP133CAE3, STM32MP133CAF3, STM32MP133CAG3, STM32MP133DAE7, STM32MP133DAF7, STM32MP133DAG7, STM32MP133FAE7, STM32MP133FAF7, STM32MP133FAG7, STM32MP135AAE3, STM32MP135AAF3, STM32MP135AAG3, STM32MP135CAE3, STM32MP135CAF3, STM32MP135CAG3, STM32MP135DAE7, STM32MP135DAF7, STM32MP135DAG7, STM32MP135F-DK, STM32MP135FAE7, STM32MP135FAF7, STM32MP135FAF7T, STM32MP135FAF7U, STM32MP135FAG7, STM32MP211AAL3, STM32MP211AAM3, STM32MP211AAN3, STM32MP211AAO3, STM32MP211CAL3, STM32MP211CAM3, STM32MP211CAN3, STM32MP211CAO3, STM32MP211DAL3, STM32MP211DAM3, STM32MP211DAN3, STM32MP211DAO3, STM32MP211FAL3, STM32MP211FAM3, STM32MP211FAN3, STM32MP211FAO3, STM32MP213AAL3, STM32MP213AAM3, STM32MP213AAN3, STM32MP213AAO3, STM32MP213CAL3, STM32MP213CAM3, STM32MP213CAN3, STM32MP213CAO3, STM32MP213DAL3, STM32MP213DAM3, STM32MP213DAN3, STM32MP213DAO3, STM32MP213FAL3, STM32MP213FAM3, STM32MP213FAN3, STM32MP213FAO3, STM32MP215AAL3, STM32MP215AAM3, STM32MP215AAN3, STM32MP215AAO3, STM32MP215CAL3, STM32MP215CAM3, STM32MP215CAN3, STM32MP215CAO3, STM32MP215DAL3, STM32MP215DAM3, STM32MP215DAN3, STM32MP215DAO3, STM32MP215F-DK, STM32MP215FAL3, STM32MP215FAM3, STM32MP215FAN3, STM32MP215FAO3, STM32MP231AAJ3, STM32MP231AAK3, STM32MP231AAL3, STM32MP231CAJ3, STM32MP231CAK3, STM32MP231CAL3, STM32MP231DAJ3, STM32MP231DAK3, STM32MP231DAL3, STM32MP231FAJ3, STM32MP231FAK3, STM32MP231FAL3, STM32MP233AAJ3, STM32MP233AAK3, STM32MP233AAL3, STM32MP233CAJ3, STM32MP233CAK3, STM32MP233CAL3, STM32MP233DAJ3, STM32MP233DAK3, STM32MP233DAL3, STM32MP233FAJ3, STM32MP233FAK3, STM32MP233FAL3, STM32MP235AAJ3, STM32MP235AAK3, STM32MP235AAL3, STM32MP235CAJ3, STM32MP235CAK3, STM32MP235CAL3, STM32MP235DAJ3, STM32MP235DAK3, STM32MP235DAL3, STM32MP235FAJ3, STM32MP235FAK3, STM32MP235FAL3, STM32MP251AAI3, STM32MP251AAK3, STM32MP251AAL3, STM32MP251CAI3, STM32MP251CAK3, STM32MP251CAL3, STM32MP251DAI3, STM32MP251DAK3, STM32MP251DAL3, STM32MP251FAI3, STM32MP251FAK3, STM32MP251FAL3, STM32MP253AAI3, STM32MP253AAK3, STM32MP253AAL3, STM32MP253CAI3, STM32MP253CAK3, STM32MP253CAL3, STM32MP253DAI3, STM32MP253DAK3, STM32MP253DAL3, STM32MP253FAI3, STM32MP253FAK3, STM32MP253FAL3, STM32MP255AAI3, STM32MP255AAK3, STM32MP255AAL3, STM32MP255CAI3, STM32MP255CAK3, STM32MP255CAL3, STM32MP255DAI3, STM32MP255DAK3, STM32MP255DAL3, STM32MP255FAI3, STM32MP255FAK3, STM32MP255FAL3, STM32MP257AAI3, STM32MP257AAK3, STM32MP257AAL3, STM32MP257CAI3, STM32MP257CAK3, STM32MP257CAL3, STM32MP257DAI3, STM32MP257DAK3, STM32MP257DAL3, STM32MP257F-DK, STM32MP257F-EV1, STM32MP257FAI3, STM32MP257FAK3, STM32MP257FAL3, STM32N645A0H3Q, STM32N645B0H3Q, STM32N645I0H3Q, STM32N645L0H3Q, STM32N645X0H3Q, STM32N645Z0H3Q, STM32N647A0H3Q, STM32N647B0H3Q, STM32N647I0H3Q, STM32N647L0H3Q, STM32N647X0H3Q, STM32N647Z0H3Q, STM32N655A0H3Q, STM32N655B0H3Q, STM32N655I0H3Q, STM32N655L0H3Q, STM32N655X0H3Q, STM32N655Z0H3Q, STM32N6570-DK, STM32N657A0H3Q, STM32N657B0H3Q, STM32N657I0H3Q, STM32N657L0H3Q, STM32N657X0H3Q, STM32N657Z0H3Q, STM32U031C6T6, STM32U031C6U6, STM32U031C8T6, STM32U031C8U6, STM32U031F4P6, STM32U031F6P6, STM32U031F8P6, STM32U031G6Y6TR, STM32U031G8Y6TR, STM32U031K4U6, STM32U031K6U6, STM32U031K8U6, STM32U031R6I6, STM32U031R6T6, STM32U031R8I6, STM32U031R8T6, STM32U073C8T6, STM32U073C8U6, STM32U073CBT6, STM32U073CBU6, STM32U073CCT6, STM32U073CCU6, STM32U073H8Y6TR, STM32U073HBY6TR, STM32U073HCY6TR, STM32U073K8U6, STM32U073KBU6, STM32U073KCU6, STM32U073M8I6, STM32U073M8T6, STM32U073MBI6, STM32U073MBT6, STM32U073MCI6, STM32U073MCT6, STM32U073R8I6, STM32U073R8T6, STM32U073RBI6, STM32U073RBT6, STM32U073RCI6, STM32U073RCT6, STM32U083C-DK, STM32U083CCT6, STM32U083CCU6, STM32U083HCY6TR, STM32U083KCU6, STM32U083MCI6, STM32U083MCT6, STM32U083RCI6, STM32U083RCT6, STM32U375CET6, STM32U375CET6Q, STM32U375CEU6, STM32U375CEU6Q, STM32U375CEY6QTR, STM32U375CGT6, STM32U375CGT6Q, STM32U375CGU6, STM32U375CGU6Q, STM32U375CGY6QTR, STM32U375KEU6, STM32U375KGU6, STM32U375REI6, STM32U375REI6Q, STM32U375RET6, STM32U375RET6Q, STM32U375REY6GTR, STM32U375REY6QTR, STM32U375RGI6, STM32U375RGI6Q, STM32U375RGT6, STM32U375RGT6Q, STM32U375RGY6GTR, STM32U375RGY6QTR, STM32U375VEI6, STM32U375VEI6Q, STM32U375VET6, STM32U375VET6Q, STM32U375VGI6, STM32U375VGI6Q, STM32U375VGT6, STM32U375VGT6Q, STM32U385CGT6, STM32U385CGT6Q, STM32U385CGU6, STM32U385CGU6Q, STM32U385CGY6QTR, STM32U385KGU6, STM32U385RGI6, STM32U385RGI6Q, STM32U385RGT6, STM32U385RGT6Q, STM32U385RGY6GTR, STM32U385RGY6QTR, STM32U385VGI6, STM32U385VGI6Q, STM32U385VGT6, STM32U385VGT6Q, STM32U535CBT6, STM32U535CBT6Q, STM32U535CBU6, STM32U535CBU6Q, STM32U535CCT6, STM32U535CCT6Q, STM32U535CCU6, STM32U535CCU6Q, STM32U535CET6, STM32U535CET6Q, STM32U535CEU6, STM32U535CEU6Q, STM32U535JEY6QTR, STM32U535NCY6QTR, STM32U535NEY6QTR, STM32U535RBI6, STM32U535RBI6Q, STM32U535RBT6, STM32U535RBT6Q, STM32U535RCI6, STM32U535RCI6Q, STM32U535RCT6, STM32U535RCT6Q, STM32U535REI6, STM32U535REI6Q, STM32U535RET6, STM32U535RET6Q, STM32U535VCI6, STM32U535VCI6Q, STM32U535VCT6, STM32U535VCT6Q, STM32U535VEI6, STM32U535VEI6Q, STM32U535VET6, STM32U535VET6Q, STM32U545CET6, STM32U545CET6Q, STM32U545CEU6, STM32U545CEU6Q, STM32U545JEY6QTR, STM32U545NEY6QTR, STM32U545REI6, STM32U545REI6Q, STM32U545RET6, STM32U545RET6Q, STM32U545VEI6, STM32U545VEI6Q, STM32U545VET6, STM32U545VET6Q, STM32U595AIH6, STM32U595AIH6Q, STM32U595AJH6, STM32U595AJH6Q, STM32U595QII6, STM32U595QII6Q, STM32U595QJI6, STM32U595QJI6Q, STM32U595RIT6, STM32U595RIT6Q, STM32U595RJT6, STM32U595RJT6Q, STM32U595VIT6, STM32U595VIT6Q, STM32U595VJT6, STM32U595VJT6Q, STM32U595ZIT6, STM32U595ZIT6Q, STM32U595ZIY6QTR, STM32U595ZJT6, STM32U595ZJT6Q, STM32U595ZJY6QTR, STM32U599BJY6QTR, STM32U599NIH6Q, STM32U599NJH6Q, STM32U599VIT6Q, STM32U599VJT6, STM32U599VJT6Q, STM32U599ZIT6Q, STM32U599ZIY6QTR, STM32U599ZJT6Q, STM32U599ZJY6QTR, STM32U5A5AJH6, STM32U5A5AJH6Q, STM32U5A5QII3Q , STM32U5A5QJI6, STM32U5A5QJI6Q, STM32U5A5RJT6, STM32U5A5RJT6Q, STM32U5A5VJT6, STM32U5A5VJT6Q, STM32U5A5ZJT6, STM32U5A5ZJT6Q, STM32U5A5ZJY6QTR, STM32U5A9BJY6QTR, STM32U5A9J-DK, STM32U5A9NJH6Q, STM32U5A9VJT6Q, STM32U5A9ZJT6Q, STM32U5A9ZJY6QTR, STM32U5F7VIT6, STM32U5F7VIT6Q, STM32U5F7VJT6, STM32U5F7VJT6Q, STM32U5F9BJY6QTR, STM32U5F9NJH6Q, STM32U5F9VIT6Q, STM32U5F9VJT6Q, STM32U5F9ZIJ6QTR, STM32U5F9ZIT6Q, STM32U5F9ZJJ6QTR, STM32U5F9ZJT6Q, STM32U5G7VJT6, STM32U5G7VJT6Q, STM32U5G9BJY6QTR, STM32U5G9J-DK1, STM32U5G9J-DK2, STM32U5G9NJH6Q, STM32U5G9VJT6Q, STM32U5G9ZJJ6QTR, STM32U5G9ZJT6Q, STM32WB05KZV6TR, STM32WB05KZV7TR, STM32WB05TZF6TR, STM32WB05TZF7TR, STM32WB06CCF6TR, STM32WB06CCF7TR, STM32WB06CCV6TR, STM32WB06CCV7TR, STM32WB06KCV6TR, STM32WB06KCV7TR, STM32WB07CCF6TR, STM32WB07CCF7TR, STM32WB07CCV6TR, STM32WB07CCV7TR, STM32WB07KCV6TR, STM32WB07KCV7TR, STM32WB09KEV6TR, STM32WB09KEV7TR, STM32WB09TEF6TR, STM32WB09TEF7TR, STM32WB1MMCH6, STM32WBA50KGU6, STM32WBA50KGU6TR, STM32WBA52CEU6, STM32WBA52CEU6TR, STM32WBA52CEU7, STM32WBA52CEU7TR, STM32WBA52CGU6, STM32WBA52CGU6TR, STM32WBA52CGU6U, STM32WBA52CGU7, STM32WBA52CGU7TR, STM32WBA52KEU6, STM32WBA52KEU6TR, STM32WBA52KGU6, STM32WBA52KGU6TR, STM32WBA54CEU6, STM32WBA54CEU6TR, STM32WBA54CEU7, STM32WBA54CEU7TR, STM32WBA54CGU6, STM32WBA54CGU6TR, STM32WBA54CGU7, STM32WBA54CGU7TR, STM32WBA54KEU6, STM32WBA54KEU6TR, STM32WBA54KEU7, STM32WBA54KEU7TR, STM32WBA54KGU6, STM32WBA54KGU6TR, STM32WBA54KGU7, STM32WBA54KGU7TR, STM32WBA55CEU6, STM32WBA55CEU6TR, STM32WBA55CEU7, STM32WBA55CEU7TR, STM32WBA55CGU6, STM32WBA55CGU6TR, STM32WBA55CGU6U, STM32WBA55CGU7, STM32WBA55CGU7TR, STM32WBA55G-DK1, STM32WBA55HEF6, STM32WBA55HEF7, STM32WBA55HGF6, STM32WBA55HGF7, STM32WBA55UEI6, STM32WBA55UEI6TR, STM32WBA55UEI7, STM32WBA55UEI7TR, STM32WBA55UGI6, STM32WBA55UGI6TR, STM32WBA55UGI7, STM32WBA55UGI7TR, STM32WBA5MMGH6TR, STM32WBA62MGF6, STM32WBA62MIF6, STM32WBA65MGF7, STM32WBA65MIF6, STM32WBA65MIF7, STM32WL30K8V6, STM32WL30KBV6, STM32WL31C8V6, STM32WL31CBV6, STM32WL31K8V6, STM32WL31KBV6, STM32WL33C8V6, STM32WL33C8V6X, STM32WL33CBV6, STM32WL33CBV6X, STM32WL33CCV6, STM32WL33CCV6A, STM32WL33CCV6X, STM32WL33K8V7, STM32WL33K8V7X, STM32WL33KBV7 , STM32WL33KBV7X, STM32WL33KCV7, STM32WL33KCV7X, STM32WL5MOCH6, STM32WL5MOCH6TR]
2025-08-04 12:34:15,216 [INFO] BoardInfo:889 - No configuration file found for board P-NUCLEO-WB55
2025-08-04 12:34:15,219 [INFO] DbBoards:161 - Kit is not supported: P-NUCLEO-WB55
2025-08-04 12:34:15,227 [INFO] BoardInfo:889 - No configuration file found for board STEVAL-BFA001V1B
2025-08-04 12:34:15,229 [INFO] DbBoards:161 - Kit is not supported: STEVAL-BFA001V1B
2025-08-04 12:34:15,230 [INFO] BoardInfo:889 - No configuration file found for board STEVAL-BFA001V2B
2025-08-04 12:34:15,232 [INFO] DbBoards:161 - Kit is not supported: STEVAL-BFA001V2B
2025-08-04 12:34:15,516 [INFO] DbBoards:168 - Found 212 boards, 209 are supported
2025-08-04 12:34:15,516 [INFO] DbBoards:169 - Found 212 boards, 43 of them is supported for  Bsp
2025-08-04 12:34:15,526 [INFO] ApiDb:668 - CubeFinder database Data Model version=2.1
2025-08-04 12:34:15,526 [INFO] ApiDb:669 - CubeFinder database Configuration version=3.0.39
2025-08-04 12:34:15,526 [INFO] ApiDb:670 - CubeFinder database generation date=2025-07-21 (1753107327)
2025-08-04 12:34:15,526 [INFO] ApiDb:671 - CubeFinder database FW Pack versions=[FP-ATR-ASTRA1_V2.0.0, FP-SNS-FLIGHT1_V5.1.0, FP-SNS-MOTENV1_V5.0.0, FP-SNS-MOTENVWB1_V1.4.0, FP-SNS-SMARTAG2_V1.2.0, FP-SNS-STBOX1_V2.0.0, STM32Cube_FW_C0_V1.4.0, STM32Cube_FW_F4_V1.28.2, STM32Cube_FW_F7_V1.17.3, STM32Cube_FW_G0_V1.6.2, STM32Cube_FW_G4_V1.6.1, STM32Cube_FW_H5_V1.5.0, STM32Cube_FW_H7RS_V1.2.0, STM32Cube_FW_H7_V1.12.1, STM32Cube_FW_L0_V1.12.2, STM32Cube_FW_L4_V1.18.1, STM32Cube_FW_L5_V1.5.1, STM32Cube_FW_N6_V1.2.0, STM32Cube_FW_U0_V1.3.0, STM32Cube_FW_U3_V1.2.0, STM32Cube_FW_U5_V1.8.0, STM32Cube_FW_WB0_V1.3.0, STM32Cube_FW_WBA_V1.7.0, STM32Cube_FW_WB_V1.23.0, STM32Cube_FW_WL3_V1.2.0, STM32Cube_FW_WL_V1.3.1, X-CUBE-ALGOBUILD_V1.4.0, X-CUBE-ALS_V1.0.2, X-CUBE-AZRTOS-F4_V1.1.0, X-CUBE-AZRTOS-F7_V1.1.0, X-CUBE-AZRTOS-G0_V1.1.0, X-CUBE-AZRTOS-G4_V2.0.0, X-CUBE-AZRTOS-H7RS_V1.1.0, X-CUBE-AZRTOS-H7_V3.3.0, X-CUBE-AZRTOS-L4_V2.0.0, X-CUBE-AZRTOS-L5_V2.0.0, X-CUBE-AZRTOS-WB_V2.0.0, X-CUBE-AZRTOS-WL_V2.0.0, X-CUBE-BLE1_V7.1.0, X-CUBE-BLE2_V3.3.0, X-CUBE-BLEMGR_V4.0.0, X-CUBE-EEPRMA1_V5.1.0, X-CUBE-FREERTOS_V1.3.1, X-CUBE-GNSS1_V6.0.0, X-CUBE-MEMS1_V11.3.0, X-CUBE-NFC4_V3.0.0, X-CUBE-NFC7_V2.0.0, X-CUBE-SFXS2LP1_V4.0.0, X-CUBE-SUBG2_V5.0.0, X-CUBE-TOF1_V3.4.3]
2025-08-04 12:34:17,748 [INFO] ApiDb:240 - Found 880 in-development CPN: [B-G473E-ZEST1S, B-WB1M-WPAN1, B-WBA5M-WPAN, B-WL5M-SUBG1, NUCLEO-C031C6, NUCLEO-C051C8, NUCLEO-C071RB, NUCLEO-C092RC, NUCLEO-H503RB, NUCLEO-H533RE, NUCLEO-H563ZI, NUCLEO-H7S3L8, NUCLEO-N657X0-Q, NUCLEO-U031R8, NUCLEO-U083RC, NUCLEO-U385RG-Q, NUCLEO-U545RE-Q, NUCLEO-U5A5ZJ-Q, NUCLEO-WB05KZ, NUCLEO-WB07CC, NUCLEO-WB09KE, NUCLEO-WBA52CG, NUCLEO-WBA55CG, NUCLEO-WL33CC1, NUCLEO-WL33CC2, STEVAL-PROTEUS1, STEVAL-SMARTAG2, STEVAL-STWINBX1, STM320518-EVAL, STM32C0116-DK, STM32C011D6Y3TR, STM32C011D6Y6TR, STM32C011F4P3, STM32C011F4P6, STM32C011F4U3, STM32C011F4U6TR, STM32C011F6P3, STM32C011F6P6, STM32C011F6U3, STM32C011F6U6TR, STM32C011J4M3, STM32C011J4M6, STM32C011J6M3, STM32C011J6M6, STM32C0316-DK, STM32C031C4T3, STM32C031C4T6, STM32C031C4U3, STM32C031C4U6, STM32C031C6T3, STM32C031C6T6, STM32C031C6U3, STM32C031C6U6, STM32C031F4P3, STM32C031F4P6, STM32C031F6P3, STM32C031F6P6, STM32C031G4U3, STM32C031G4U6, STM32C031G6U3, STM32C031G6U6, STM32C031K4T3, STM32C031K4T6, STM32C031K4U3, STM32C031K4U6, STM32C031K6T3, STM32C031K6T6, STM32C031K6U3, STM32C031K6U6, STM32C051C6T6, STM32C051C6U6, STM32C051C8T6, STM32C051C8U6, STM32C051D8Y6TR, STM32C051F6P6, STM32C051F8P6, STM32C051G6U6, STM32C051G8U6, STM32C051K6T6, STM32C051K6U6, STM32C051K8T6, STM32C071C8T6, STM32C071C8T6N, STM32C071C8U6, STM32C071C8U6N, STM32C071CBT6, STM32C071CBT6N, STM32C071CBU6, STM32C071CBU6N, STM32C071F8P6, STM32C071F8P6N, STM32C071FBP6, STM32C071FBP6N, STM32C071FBY6TR, STM32C071G8U6, STM32C071G8U6N, STM32C071GBU6, STM32C071GBU6N, STM32C071K8T6, STM32C071K8T6N, STM32C071K8U6, STM32C071K8U6N, STM32C071KBT6, STM32C071KBT6N, STM32C071KBU6, STM32C071KBU6N, STM32C071R8T6, STM32C071R8T6N, STM32C071RBI6N, STM32C071RBT6, STM32C071RBT6N, STM32C091CBT6, STM32C091CBU6, STM32C091CCT6, STM32C091CCU6, STM32C091ECY6TR, STM32C091FBP6, STM32C091FCP6, STM32C091GBU6, STM32C091GCU6, STM32C091KBT6, STM32C091KBU6, STM32C091KCT6, STM32C091KCU6, STM32C091RBT6, STM32C091RCI6, STM32C091RCT6, STM32C092CBT6, STM32C092CBU6, STM32C092CCT6, STM32C092CCU6, STM32C092ECY6TR, STM32C092FBP6, STM32C092FCP6, STM32C092GBU6, STM32C092GCU6, STM32C092KBT6, STM32C092KBU6, STM32C092KCT6, STM32C092KCU6, STM32C092RBT6, STM32C092RCI6, STM32C092RCT6, STM32G071K8TXN, STM32G071K8UXN, STM32G081GBU6N, STM32G081KBT6N, STM32G081KBUXN, STM32G0B1CCT6N, STM32G0B1KCT6, STM32G0B1NEY6TR, STM32G0B1RCT6N, STM32G0C1CCT6, STM32G0C1CCT6N, STM32G0C1CCU6N, STM32G0C1CET6N, STM32G0C1CEU6N, STM32G0C1KCT6, STM32G0C1NEY6TR, STM32G0C1RCI6N, STM32G0C1RCT6N, STM32G0C1REI6N, STM32G0C1RET6N, STM32G0C1VCI6, STM32G0C1VEI6, STM32G411C6T3, STM32G411C6T6, STM32G411C6U3, STM32G411C6U6, STM32G411C8T3, STM32G411C8T6, STM32G411C8U3, STM32G411C8U6, STM32G411CBT3, STM32G411CBT6, STM32G411CBU3, STM32G411CBU6, STM32G411K6T3, STM32G411K6T6, STM32G411K6U3, STM32G411K6U6, STM32G411K8T3, STM32G411K8T6, STM32G411K8U3, STM32G411K8U6, STM32G411KBT3, STM32G411KBT6, STM32G411KBU3, STM32G411KBU6, STM32G411M6T3, STM32G411M6T6, STM32G411M8T3, STM32G411M8T6, STM32G411MBT3, STM32G411MBT6, STM32G411R6T3, STM32G411R6T6, STM32G411R8T3, STM32G411R8T6, STM32G411RBT3, STM32G411RBT6, STM32G414CBT3, STM32G414CBT6, STM32G414CBU3, STM32G414CBU6, STM32G414CCT3, STM32G414CCT6, STM32G414CCU3, STM32G414CCU6, STM32G414MBT3, STM32G414MBT6, STM32G414MCT3, STM32G414MCT6, STM32G414RBT3, STM32G414RBT6, STM32G414RCT3, STM32G414RCT6, STM32G414VBT3, STM32G414VBT6, STM32G414VCT3, STM32G414VCT6, STM32G431CBT3Z, STM32G431RBT3Z, STM32G471CCT6, STM32G471CCU6, STM32G471CET3, STM32G471CET6, STM32G471CEU3, STM32G471CEU6, STM32G471MCT6, STM32G471MET3, STM32G471MET6, STM32G471MEY6TR, STM32G471QCT6, STM32G471QET3, STM32G471RCT6, STM32G471RET3, STM32G471RET6, STM32G471VCH6, STM32G471VCI6, STM32G471VCT6, STM32G471VEH3, STM32G471VEH6, STM32G471VEI3, STM32G471VEI6, STM32G471VET3, STM32G471VET6, STM32G473QET3Z, STM32G473RET3Z, STM32G474CCT6, STM32G491RET3Z, STM32H503CBT6, STM32H503CBU6, STM32H503EBY6TR, STM32H503KBU6, STM32H503RBT6, STM32H523CCT6, STM32H523CCU6, STM32H523CET6, STM32H523CEU6, STM32H523HEY6TR, STM32H523RCT6, STM32H523RET6, STM32H523VCI6, STM32H523VCT6, STM32H523VEI6, STM32H523VET6, STM32H523ZCJ6, STM32H523ZCT6, STM32H523ZEJ6, STM32H523ZET6, STM32H533CET6, STM32H533CEU6, STM32H533HEY6TR, STM32H533RET6, STM32H533VEI6, STM32H533VET6, STM32H533ZEJ6, STM32H533ZET6, STM32H562AGI6, STM32H562AII6, STM32H562IGK6, STM32H562IGT6, STM32H562IIK6, STM32H562IIT6, STM32H562RGT6, STM32H562RGV6, STM32H562RIT6, STM32H562RIV6, STM32H562VGT6, STM32H562VIT6, STM32H562ZGT6, STM32H562ZIT6, STM32H563AGI6, STM32H563AII3Q, STM32H563AII6, STM32H563IGK6, STM32H563IGT6, STM32H563IIK3Q, STM32H563IIK6, STM32H563IIT3Q, STM32H563IIT6, STM32H563MIY3QTR, STM32H563RGT6, STM32H563RGV6, STM32H563RIT6, STM32H563RIV6, STM32H563VGT6, STM32H563VIT3Q, STM32H563VIT6, STM32H563ZGT6, STM32H563ZIT3Q, STM32H563ZIT6, STM32H573AII3Q, STM32H573AII6, STM32H573I-DK, STM32H573IIK3Q, STM32H573IIK6, STM32H573IIT3Q, STM32H573IIT6, STM32H573MIY3QTR, STM32H573RIT6, STM32H573RIV6, STM32H573VIT3Q, STM32H573VIT6, STM32H573ZIT3Q, STM32H573ZIT6, STM32H7R3A8I6, STM32H7R3I8K6, STM32H7R3I8T6, STM32H7R3L8H6, STM32H7R3L8H6H, STM32H7R3R8V6, STM32H7R3V8H6, STM32H7R3V8T6, STM32H7R3V8Y6TR, STM32H7R3Z8J6, STM32H7R3Z8T6, STM32H7R7A8I6, STM32H7R7I8K6, STM32H7R7I8T6, STM32H7R7L8H6, STM32H7R7L8H6H, STM32H7R7Z8J6, STM32H7S3A8I6, STM32H7S3I8K6, STM32H7S3I8T6, STM32H7S3L8H6, STM32H7S3L8H6H, STM32H7S3R8V6, STM32H7S3V8H6, STM32H7S3V8T6, STM32H7S3V8Y6TR, STM32H7S3Z8J6, STM32H7S3Z8T6, STM32H7S78-DK, STM32H7S7A8I6, STM32H7S7I8K6, STM32H7S7I8T6, STM32H7S7L8H6, STM32H7S7L8H6H, STM32H7S7Z8J6, STM32L4R5QGI6STR, STM32MP131AAE3, STM32MP131AAF3, STM32MP131AAG3, STM32MP131CAE3, STM32MP131CAF3, STM32MP131CAG3, STM32MP131DAE7, STM32MP131DAF7, STM32MP131DAG7, STM32MP131FAE7, STM32MP131FAF7, STM32MP131FAG7, STM32MP133AAE3, STM32MP133AAF3, STM32MP133AAG3, STM32MP133CAE3, STM32MP133CAF3, STM32MP133CAG3, STM32MP133DAE7, STM32MP133DAF7, STM32MP133DAG7, STM32MP133FAE7, STM32MP133FAF7, STM32MP133FAG7, STM32MP135AAE3, STM32MP135AAF3, STM32MP135AAG3, STM32MP135CAE3, STM32MP135CAF3, STM32MP135CAG3, STM32MP135DAE7, STM32MP135DAF7, STM32MP135DAG7, STM32MP135F-DK, STM32MP135FAE7, STM32MP135FAF7, STM32MP135FAF7T, STM32MP135FAF7U, STM32MP135FAG7, STM32MP211AAL3, STM32MP211AAM3, STM32MP211AAN3, STM32MP211AAO3, STM32MP211CAL3, STM32MP211CAM3, STM32MP211CAN3, STM32MP211CAO3, STM32MP211DAL3, STM32MP211DAM3, STM32MP211DAN3, STM32MP211DAO3, STM32MP211FAL3, STM32MP211FAM3, STM32MP211FAN3, STM32MP211FAO3, STM32MP213AAL3, STM32MP213AAM3, STM32MP213AAN3, STM32MP213AAO3, STM32MP213CAL3, STM32MP213CAM3, STM32MP213CAN3, STM32MP213CAO3, STM32MP213DAL3, STM32MP213DAM3, STM32MP213DAN3, STM32MP213DAO3, STM32MP213FAL3, STM32MP213FAM3, STM32MP213FAN3, STM32MP213FAO3, STM32MP215AAL3, STM32MP215AAM3, STM32MP215AAN3, STM32MP215AAO3, STM32MP215CAL3, STM32MP215CAM3, STM32MP215CAN3, STM32MP215CAO3, STM32MP215DAL3, STM32MP215DAM3, STM32MP215DAN3, STM32MP215DAO3, STM32MP215F-DK, STM32MP215FAL3, STM32MP215FAM3, STM32MP215FAN3, STM32MP215FAO3, STM32MP231AAJ3, STM32MP231AAK3, STM32MP231AAL3, STM32MP231CAJ3, STM32MP231CAK3, STM32MP231CAL3, STM32MP231DAJ3, STM32MP231DAK3, STM32MP231DAL3, STM32MP231FAJ3, STM32MP231FAK3, STM32MP231FAL3, STM32MP233AAJ3, STM32MP233AAK3, STM32MP233AAL3, STM32MP233CAJ3, STM32MP233CAK3, STM32MP233CAL3, STM32MP233DAJ3, STM32MP233DAK3, STM32MP233DAL3, STM32MP233FAJ3, STM32MP233FAK3, STM32MP233FAL3, STM32MP235AAJ3, STM32MP235AAK3, STM32MP235AAL3, STM32MP235CAJ3, STM32MP235CAK3, STM32MP235CAL3, STM32MP235DAJ3, STM32MP235DAK3, STM32MP235DAL3, STM32MP235FAJ3, STM32MP235FAK3, STM32MP235FAL3, STM32MP251AAI3, STM32MP251AAK3, STM32MP251AAL3, STM32MP251CAI3, STM32MP251CAK3, STM32MP251CAL3, STM32MP251DAI3, STM32MP251DAK3, STM32MP251DAL3, STM32MP251FAI3, STM32MP251FAK3, STM32MP251FAL3, STM32MP253AAI3, STM32MP253AAK3, STM32MP253AAL3, STM32MP253CAI3, STM32MP253CAK3, STM32MP253CAL3, STM32MP253DAI3, STM32MP253DAK3, STM32MP253DAL3, STM32MP253FAI3, STM32MP253FAK3, STM32MP253FAL3, STM32MP255AAI3, STM32MP255AAK3, STM32MP255AAL3, STM32MP255CAI3, STM32MP255CAK3, STM32MP255CAL3, STM32MP255DAI3, STM32MP255DAK3, STM32MP255DAL3, STM32MP255FAI3, STM32MP255FAK3, STM32MP255FAL3, STM32MP257AAI3, STM32MP257AAK3, STM32MP257AAL3, STM32MP257CAI3, STM32MP257CAK3, STM32MP257CAL3, STM32MP257DAI3, STM32MP257DAK3, STM32MP257DAL3, STM32MP257F-DK, STM32MP257F-EV1, STM32MP257FAI3, STM32MP257FAK3, STM32MP257FAL3, STM32N645A0H3Q, STM32N645B0H3Q, STM32N645I0H3Q, STM32N645L0H3Q, STM32N645X0H3Q, STM32N645Z0H3Q, STM32N647A0H3Q, STM32N647B0H3Q, STM32N647I0H3Q, STM32N647L0H3Q, STM32N647X0H3Q, STM32N647Z0H3Q, STM32N655A0H3Q, STM32N655B0H3Q, STM32N655I0H3Q, STM32N655L0H3Q, STM32N655X0H3Q, STM32N655Z0H3Q, STM32N6570-DK, STM32N657A0H3Q, STM32N657B0H3Q, STM32N657I0H3Q, STM32N657L0H3Q, STM32N657X0H3Q, STM32N657Z0H3Q, STM32U031C6T6, STM32U031C6U6, STM32U031C8T6, STM32U031C8U6, STM32U031F4P6, STM32U031F6P6, STM32U031F8P6, STM32U031G6Y6TR, STM32U031G8Y6TR, STM32U031K4U6, STM32U031K6U6, STM32U031K8U6, STM32U031R6I6, STM32U031R6T6, STM32U031R8I6, STM32U031R8T6, STM32U073C8T6, STM32U073C8U6, STM32U073CBT6, STM32U073CBU6, STM32U073CCT6, STM32U073CCU6, STM32U073H8Y6TR, STM32U073HBY6TR, STM32U073HCY6TR, STM32U073K8U6, STM32U073KBU6, STM32U073KCU6, STM32U073M8I6, STM32U073M8T6, STM32U073MBI6, STM32U073MBT6, STM32U073MCI6, STM32U073MCT6, STM32U073R8I6, STM32U073R8T6, STM32U073RBI6, STM32U073RBT6, STM32U073RCI6, STM32U073RCT6, STM32U083C-DK, STM32U083CCT6, STM32U083CCU6, STM32U083HCY6TR, STM32U083KCU6, STM32U083MCI6, STM32U083MCT6, STM32U083RCI6, STM32U083RCT6, STM32U375CET6, STM32U375CET6Q, STM32U375CEU6, STM32U375CEU6Q, STM32U375CEY6QTR, STM32U375CGT6, STM32U375CGT6Q, STM32U375CGU6, STM32U375CGU6Q, STM32U375CGY6QTR, STM32U375KEU6, STM32U375KGU6, STM32U375REI6, STM32U375REI6Q, STM32U375RET6, STM32U375RET6Q, STM32U375REY6GTR, STM32U375REY6QTR, STM32U375RGI6, STM32U375RGI6Q, STM32U375RGT6, STM32U375RGT6Q, STM32U375RGY6GTR, STM32U375RGY6QTR, STM32U375VEI6, STM32U375VEI6Q, STM32U375VET6, STM32U375VET6Q, STM32U375VGI6, STM32U375VGI6Q, STM32U375VGT6, STM32U375VGT6Q, STM32U385CGT6, STM32U385CGT6Q, STM32U385CGU6, STM32U385CGU6Q, STM32U385CGY6QTR, STM32U385KGU6, STM32U385RGI6, STM32U385RGI6Q, STM32U385RGT6, STM32U385RGT6Q, STM32U385RGY6GTR, STM32U385RGY6QTR, STM32U385VGI6, STM32U385VGI6Q, STM32U385VGT6, STM32U385VGT6Q, STM32U535CBT6, STM32U535CBT6Q, STM32U535CBU6, STM32U535CBU6Q, STM32U535CCT6, STM32U535CCT6Q, STM32U535CCU6, STM32U535CCU6Q, STM32U535CET6, STM32U535CET6Q, STM32U535CEU6, STM32U535CEU6Q, STM32U535JEY6QTR, STM32U535NCY6QTR, STM32U535NEY6QTR, STM32U535RBI6, STM32U535RBI6Q, STM32U535RBT6, STM32U535RBT6Q, STM32U535RCI6, STM32U535RCI6Q, STM32U535RCT6, STM32U535RCT6Q, STM32U535REI6, STM32U535REI6Q, STM32U535RET6, STM32U535RET6Q, STM32U535VCI6, STM32U535VCI6Q, STM32U535VCT6, STM32U535VCT6Q, STM32U535VEI6, STM32U535VEI6Q, STM32U535VET6, STM32U535VET6Q, STM32U545CET6, STM32U545CET6Q, STM32U545CEU6, STM32U545CEU6Q, STM32U545JEY6QTR, STM32U545NEY6QTR, STM32U545REI6, STM32U545REI6Q, STM32U545RET6, STM32U545RET6Q, STM32U545VEI6, STM32U545VEI6Q, STM32U545VET6, STM32U545VET6Q, STM32U595AIH6, STM32U595AIH6Q, STM32U595AJH6, STM32U595AJH6Q, STM32U595QII6, STM32U595QII6Q, STM32U595QJI6, STM32U595QJI6Q, STM32U595RIT6, STM32U595RIT6Q, STM32U595RJT6, STM32U595RJT6Q, STM32U595VIT6, STM32U595VIT6Q, STM32U595VJT6, STM32U595VJT6Q, STM32U595ZIT6, STM32U595ZIT6Q, STM32U595ZIY6QTR, STM32U595ZJT6, STM32U595ZJT6Q, STM32U595ZJY6QTR, STM32U599BJY6QTR, STM32U599NIH6Q, STM32U599NJH6Q, STM32U599VIT6Q, STM32U599VJT6, STM32U599VJT6Q, STM32U599ZIT6Q, STM32U599ZIY6QTR, STM32U599ZJT6Q, STM32U599ZJY6QTR, STM32U5A5AJH6, STM32U5A5AJH6Q, STM32U5A5QII3Q , STM32U5A5QJI6, STM32U5A5QJI6Q, STM32U5A5RJT6, STM32U5A5RJT6Q, STM32U5A5VJT6, STM32U5A5VJT6Q, STM32U5A5ZJT6, STM32U5A5ZJT6Q, STM32U5A5ZJY6QTR, STM32U5A9BJY6QTR, STM32U5A9J-DK, STM32U5A9NJH6Q, STM32U5A9VJT6Q, STM32U5A9ZJT6Q, STM32U5A9ZJY6QTR, STM32U5F7VIT6, STM32U5F7VIT6Q, STM32U5F7VJT6, STM32U5F7VJT6Q, STM32U5F9BJY6QTR, STM32U5F9NJH6Q, STM32U5F9VIT6Q, STM32U5F9VJT6Q, STM32U5F9ZIJ6QTR, STM32U5F9ZIT6Q, STM32U5F9ZJJ6QTR, STM32U5F9ZJT6Q, STM32U5G7VJT6, STM32U5G7VJT6Q, STM32U5G9BJY6QTR, STM32U5G9J-DK1, STM32U5G9J-DK2, STM32U5G9NJH6Q, STM32U5G9VJT6Q, STM32U5G9ZJJ6QTR, STM32U5G9ZJT6Q, STM32WB05KZV6TR, STM32WB05KZV7TR, STM32WB05TZF6TR, STM32WB05TZF7TR, STM32WB06CCF6TR, STM32WB06CCF7TR, STM32WB06CCV6TR, STM32WB06CCV7TR, STM32WB06KCV6TR, STM32WB06KCV7TR, STM32WB07CCF6TR, STM32WB07CCF7TR, STM32WB07CCV6TR, STM32WB07CCV7TR, STM32WB07KCV6TR, STM32WB07KCV7TR, STM32WB09KEV6TR, STM32WB09KEV7TR, STM32WB09TEF6TR, STM32WB09TEF7TR, STM32WB1MMCH6, STM32WBA50KGU6, STM32WBA50KGU6TR, STM32WBA52CEU6, STM32WBA52CEU6TR, STM32WBA52CEU7, STM32WBA52CEU7TR, STM32WBA52CGU6, STM32WBA52CGU6TR, STM32WBA52CGU6U, STM32WBA52CGU7, STM32WBA52CGU7TR, STM32WBA52KEU6, STM32WBA52KEU6TR, STM32WBA52KGU6, STM32WBA52KGU6TR, STM32WBA54CEU6, STM32WBA54CEU6TR, STM32WBA54CEU7, STM32WBA54CEU7TR, STM32WBA54CGU6, STM32WBA54CGU6TR, STM32WBA54CGU7, STM32WBA54CGU7TR, STM32WBA54KEU6, STM32WBA54KEU6TR, STM32WBA54KEU7, STM32WBA54KEU7TR, STM32WBA54KGU6, STM32WBA54KGU6TR, STM32WBA54KGU7, STM32WBA54KGU7TR, STM32WBA55CEU6, STM32WBA55CEU6TR, STM32WBA55CEU7, STM32WBA55CEU7TR, STM32WBA55CGU6, STM32WBA55CGU6TR, STM32WBA55CGU6U, STM32WBA55CGU7, STM32WBA55CGU7TR, STM32WBA55G-DK1, STM32WBA55HEF6, STM32WBA55HEF7, STM32WBA55HGF6, STM32WBA55HGF7, STM32WBA55UEI6, STM32WBA55UEI6TR, STM32WBA55UEI7, STM32WBA55UEI7TR, STM32WBA55UGI6, STM32WBA55UGI6TR, STM32WBA55UGI7, STM32WBA55UGI7TR, STM32WBA5MMGH6TR, STM32WBA62MGF6, STM32WBA62MIF6, STM32WBA65MGF7, STM32WBA65MIF6, STM32WBA65MIF7, STM32WL30K8V6, STM32WL30KBV6, STM32WL31C8V6, STM32WL31CBV6, STM32WL31K8V6, STM32WL31KBV6, STM32WL33C8V6, STM32WL33C8V6X, STM32WL33CBV6, STM32WL33CBV6X, STM32WL33CCV6, STM32WL33CCV6A, STM32WL33CCV6X, STM32WL33K8V7, STM32WL33K8V7X, STM32WL33KBV7 , STM32WL33KBV7X, STM32WL33KCV7, STM32WL33KCV7X, STM32WL5MOCH6, STM32WL5MOCH6TR]
2025-08-04 12:34:17,753 [INFO] DbMcus:218 - Found 4801 MCUs, 4801 are supported
2025-08-04 12:34:17,758 [INFO] ApiDb:423 - Load user favorites file C:\Users\kjeya/.stm32cubeide/favorites.mcus.txt: 0 item(s)
2025-08-04 12:34:17,758 [INFO] ApiDb:427 - User favorites MCUs=[]
2025-08-04 12:34:17,759 [INFO] DbMcus:224 - Set 0 / 0 favorites MCUs
2025-08-04 12:34:18,418 [INFO] ApiDb:423 - Load user favorites file C:\Users\kjeya/.stm32cubeide/favorites.boards.txt: 0 item(s)
2025-08-04 12:34:18,418 [INFO] ApiDb:427 - User favorites Boards=[]
2025-08-04 12:34:18,418 [INFO] DbBoards:198 - Set 0 / 0 favorites Boards
2025-08-04 12:34:18,493 [INFO] UtilMem:75 - End LoadConfig() Used Memory: 396115184 Bytes (594542592)
2025-08-04 12:34:18,675 [WARN] ThirdParty:833 - waiting for thirdparty lock release [change project]
2025-08-04 12:34:18,676 [INFO] ThirdParty:835 - entering critical section [change project]
2025-08-04 12:34:18,676 [INFO] ThirdParty:1030 - CMSIS Pack Vendor :STMicroelectronics X-CUBE-PM33A1 1.0.0
2025-08-04 12:34:18,676 [INFO] ThirdParty:1030 - CMSIS Pack Vendor :STMicroelectronics USBPD 4.1
2025-08-04 12:34:18,676 [INFO] ThirdParty:1030 - CMSIS Pack Vendor :STMicroelectronics USB_HOST 2.0.0
2025-08-04 12:34:18,676 [INFO] ThirdParty:1030 - CMSIS Pack Vendor :STMicroelectronics FP-SNS-MOTENVWB1 1.4.0
2025-08-04 12:34:18,676 [INFO] ThirdParty:1030 - CMSIS Pack Vendor :STMicroelectronics X-CUBE-AZRTOS-F4 1.1.0
2025-08-04 12:34:18,676 [INFO] ThirdParty:1030 - CMSIS Pack Vendor :STMicroelectronics LIBJPEG 8.0.0
2025-08-04 12:34:18,676 [INFO] ThirdParty:1030 - CMSIS Pack Vendor :STMicroelectronics FP-ATR-ASTRA1 2.0.2
2025-08-04 12:34:18,676 [INFO] ThirdParty:1030 - CMSIS Pack Vendor :STMicroelectronics FP-ATR-ASTRA1 2.0.1
2025-08-04 12:34:18,676 [INFO] ThirdParty:1030 - CMSIS Pack Vendor :Avnet-IotConnect X-CUBE-IoTC-DA16k-PMOD 1.0.0
2025-08-04 12:34:18,676 [INFO] ThirdParty:1030 - CMSIS Pack Vendor :STMicroelectronics X-CUBE-SMBUS 2.1.0
2025-08-04 12:34:18,676 [INFO] ThirdParty:1030 - CMSIS Pack Vendor :STMicroelectronics X-CUBE-WB05N 1.1.0
2025-08-04 12:34:18,676 [INFO] ThirdParty:1030 - CMSIS Pack Vendor :STMicroelectronics X-CUBE-ISPU 2.1.0
2025-08-04 12:34:18,676 [INFO] ThirdParty:1030 - CMSIS Pack Vendor :STMicroelectronics X-CUBE-ST60 1.0.0
2025-08-04 12:34:18,676 [INFO] ThirdParty:1030 - CMSIS Pack Vendor :STMicroelectronics X-CUBE-NFC12 1.0.0
2025-08-04 12:34:18,676 [INFO] ThirdParty:1030 - CMSIS Pack Vendor :STMicroelectronics X-CUBE-AZRTOS-F7 1.1.0
2025-08-04 12:34:18,676 [INFO] ThirdParty:1030 - CMSIS Pack Vendor :STMicroelectronics X-CUBE-AZRTOS-L5 2.0.0
2025-08-04 12:34:18,677 [INFO] ThirdParty:1030 - CMSIS Pack Vendor :STMicroelectronics USB_DEVICE 2.0.0
2025-08-04 12:34:18,677 [INFO] ThirdParty:1030 - CMSIS Pack Vendor :STMicroelectronics X-CUBE-NFC6 3.1.0
2025-08-04 12:34:18,677 [INFO] ThirdParty:1030 - CMSIS Pack Vendor :STMicroelectronics FreeRTOS 0.0.1
2025-08-04 12:34:18,677 [INFO] ThirdParty:1030 - CMSIS Pack Vendor :STMicroelectronics X-CUBE-DPower 1.2.0
2025-08-04 12:34:18,677 [INFO] ThirdParty:1030 - CMSIS Pack Vendor :STMicroelectronics FP-SNS-FLIGHT1 5.0.2
2025-08-04 12:34:18,677 [INFO] ThirdParty:1030 - CMSIS Pack Vendor :Infineon AIROC-Wi-Fi-Bluetooth-STM32 1.7.0
2025-08-04 12:34:18,677 [INFO] ThirdParty:1030 - CMSIS Pack Vendor :STMicroelectronics PDM2PCM 3.3.0
2025-08-04 12:34:18,677 [INFO] ThirdParty:1030 - CMSIS Pack Vendor :STMicroelectronics X-CUBE-AZRTOS-H7 3.4.0
2025-08-04 12:34:18,677 [INFO] ThirdParty:1030 - CMSIS Pack Vendor :STMicroelectronics X-CUBE-DISPLAY 3.0.0
2025-08-04 12:34:18,677 [INFO] ThirdParty:1030 - CMSIS Pack Vendor :STMicroelectronics X-CUBE-BLE1 7.0.0
2025-08-04 12:34:18,677 [INFO] ThirdParty:1030 - CMSIS Pack Vendor :STMicroelectronics X-CUBE-NFC10 1.0.0
2025-08-04 12:34:18,677 [INFO] ThirdParty:1030 - CMSIS Pack Vendor :STMicroelectronics X-CUBE-BLEMGR 4.0.0
2025-08-04 12:34:18,677 [INFO] ThirdParty:1030 - CMSIS Pack Vendor :STMicroelectronics X-CUBE-FREERTOS 1.3.1
2025-08-04 12:34:18,677 [INFO] ThirdParty:1030 - CMSIS Pack Vendor :STMicroelectronics HAL Drivers 0.0.0
2025-08-04 12:34:18,677 [INFO] ThirdParty:1030 - CMSIS Pack Vendor :emotas I-CUBE-CANOPEN 1.3.0
2025-08-04 12:34:18,678 [INFO] ThirdParty:1030 - CMSIS Pack Vendor :STMicroelectronics X-CUBE-FREERTOS 1.3.0
2025-08-04 12:34:18,678 [INFO] ThirdParty:1030 - CMSIS Pack Vendor :STMicroelectronics X-CUBE-NFC7 1.0.1
2025-08-04 12:34:18,678 [INFO] ThirdParty:1030 - CMSIS Pack Vendor :STMicroelectronics MBEDTLS 2.14.1
2025-08-04 12:34:18,678 [INFO] ThirdParty:1030 - CMSIS Pack Vendor :STMicroelectronics X-CUBE-AI 10.0.0
2025-08-04 12:34:18,679 [INFO] ThirdParty:1030 - CMSIS Pack Vendor :STMicroelectronics FP-SNS-STBOX1 2.1.0
2025-08-04 12:34:18,679 [INFO] ThirdParty:1030 - CMSIS Pack Vendor :STMicroelectronics FP-SNS-STAIOTCFT 1.0.0
2025-08-04 12:34:18,679 [INFO] ThirdParty:1030 - CMSIS Pack Vendor :STMicroelectronics FP-SNS-SMARTAG2 1.2.0
2025-08-04 12:34:18,679 [INFO] ThirdParty:1030 - CMSIS Pack Vendor :STMicroelectronics FP-SNS-FLIGHT1 5.1.0
2025-08-04 12:34:18,679 [INFO] ThirdParty:1030 - CMSIS Pack Vendor :STMicroelectronics X-CUBE-MEMS1 11.1.0
2025-08-04 12:34:18,680 [INFO] ThirdParty:1030 - CMSIS Pack Vendor :STMicroelectronics X-CUBE-AZRTOS-WL 2.0.0
2025-08-04 12:34:18,680 [INFO] ThirdParty:1030 - CMSIS Pack Vendor :STMicroelectronics X-CUBE-DPower 1.3.0
2025-08-04 12:34:18,680 [INFO] ThirdParty:1030 - CMSIS Pack Vendor :STMicroelectronics FP-SNS-MOTENV1 5.0.0
2025-08-04 12:34:18,680 [INFO] ThirdParty:1030 - CMSIS Pack Vendor :STMicroelectronics USB_DEVICE 1.0.0
2025-08-04 12:34:18,680 [INFO] ThirdParty:1030 - CMSIS Pack Vendor :wolfSSL I-CUBE-wolfMQTT 1.19.0
2025-08-04 12:34:18,680 [INFO] ThirdParty:1030 - CMSIS Pack Vendor :STMicroelectronics X-CUBE-AZRTOS-L4 2.0.0
2025-08-04 12:34:18,680 [INFO] ThirdParty:1030 - CMSIS Pack Vendor :STMicroelectronics ThreadX 0.0.2
2025-08-04 12:34:18,680 [INFO] ThirdParty:1030 - CMSIS Pack Vendor :WES I-CUBE-Cesium 1.3.0
2025-08-04 12:34:18,680 [INFO] ThirdParty:1030 - CMSIS Pack Vendor :STMicroelectronics lwIP 2.1.2
2025-08-04 12:34:18,680 [INFO] ThirdParty:1030 - CMSIS Pack Vendor :STMicroelectronics X-CUBE-SFXS2LP1 4.0.0
2025-08-04 12:34:18,680 [INFO] ThirdParty:1030 - CMSIS Pack Vendor :STMicroelectronics X-CUBE-BLE2 3.3.0
2025-08-04 12:34:18,681 [INFO] ThirdParty:1030 - CMSIS Pack Vendor :STMicroelectronics PDM2PCM 3.2.0
2025-08-04 12:34:18,681 [INFO] ThirdParty:1030 - CMSIS Pack Vendor :STMicroelectronics X-CUBE-AZRTOS-H7 3.3.0
2025-08-04 12:34:18,681 [INFO] ThirdParty:1030 - CMSIS Pack Vendor :STMicroelectronics X-CUBE-NFC9 1.0.0
2025-08-04 12:34:18,681 [INFO] ThirdParty:1030 - CMSIS Pack Vendor :STMicroelectronics X-CUBE-BLE1 7.1.0
2025-08-04 12:34:18,681 [INFO] ThirdParty:1030 - CMSIS Pack Vendor :STMicroelectronics USB_DEVICE 3.0.0
2025-08-04 12:34:18,681 [INFO] ThirdParty:1030 - CMSIS Pack Vendor :STMicroelectronics X-CUBE-EEPRMA1 5.2.0
2025-08-04 12:34:18,681 [INFO] ThirdParty:1030 - CMSIS Pack Vendor :STMicroelectronics X-CUBE-BLEMGR 4.1.0
2025-08-04 12:34:18,681 [INFO] ThirdParty:1030 - CMSIS Pack Vendor :STMicroelectronics X-CUBE-IPS 3.0.0
2025-08-04 12:34:18,681 [INFO] ThirdParty:1030 - CMSIS Pack Vendor :STMicroelectronics X-CUBE-AZRTOS-WB 2.0.0
2025-08-04 12:34:18,681 [INFO] ThirdParty:1030 - CMSIS Pack Vendor :STMicroelectronics X-CUBE-GNSS1 7.0.1
2025-08-04 12:34:18,681 [INFO] ThirdParty:1030 - CMSIS Pack Vendor :STMicroelectronics X-CUBE-TOUCHGFX 4.25.0
2025-08-04 12:34:18,681 [INFO] ThirdParty:1030 - CMSIS Pack Vendor :STMicroelectronics X-CUBE-AI 10.1.0
2025-08-04 12:34:18,681 [INFO] ThirdParty:1030 - CMSIS Pack Vendor :STMicroelectronics FP-SNS-STBOX1 2.0.0
2025-08-04 12:34:18,681 [INFO] ThirdParty:1030 - CMSIS Pack Vendor :STMicroelectronics X-CUBE-MEMS1 11.2.0
2025-08-04 12:34:18,682 [INFO] ThirdParty:1030 - CMSIS Pack Vendor :STMicroelectronics X-CUBE-AZRTOS-G0 1.1.0
2025-08-04 12:34:18,682 [INFO] ThirdParty:1030 - CMSIS Pack Vendor :STMicroelectronics X-CUBE-SAFEA1 1.2.2
2025-08-04 12:34:18,682 [INFO] ThirdParty:1030 - CMSIS Pack Vendor :STMicroelectronics X-CUBE-NFC4 3.0.0
2025-08-04 12:34:18,682 [INFO] ThirdParty:1030 - CMSIS Pack Vendor :STMicroelectronics X-CUBE-SUBG2 5.0.0
2025-08-04 12:34:18,683 [INFO] ThirdParty:1030 - CMSIS Pack Vendor :STMicroelectronics X-CUBE-AZRTOS-H7RS 1.1.0
2025-08-04 12:34:18,683 [INFO] ThirdParty:1030 - CMSIS Pack Vendor :STMicroelectronics STM32_WPAN 1.0.0
2025-08-04 12:34:18,683 [INFO] ThirdParty:1030 - CMSIS Pack Vendor :EmbeddedOffice I-CUBE-FS-RTOS 1.0.1
2025-08-04 12:34:18,683 [INFO] ThirdParty:1030 - CMSIS Pack Vendor :STMicroelectronics lwIP 2.0.3
2025-08-04 12:34:18,683 [INFO] ThirdParty:1030 - CMSIS Pack Vendor :Cesanta I-CUBE-Mongoose 7.13.0
2025-08-04 12:34:18,683 [INFO] ThirdParty:1030 - CMSIS Pack Vendor :STMicroelectronics USB_HOST 1.0.0
2025-08-04 12:34:18,683 [INFO] ThirdParty:1030 - CMSIS Pack Vendor :STMicroelectronics X-CUBE-AZRTOS-G4 2.0.0
2025-08-04 12:34:18,683 [INFO] ThirdParty:1030 - CMSIS Pack Vendor :STMicroelectronics X-CUBE-WB05N 2.0.0
2025-08-04 12:34:18,683 [INFO] ThirdParty:1030 - CMSIS Pack Vendor :STMicroelectronics PDM2PCM 3.1.0
2025-08-04 12:34:18,683 [INFO] ThirdParty:1030 - CMSIS Pack Vendor :STMicroelectronics X-CUBE-NFC7 2.0.0
2025-08-04 12:34:18,683 [INFO] ThirdParty:1030 - CMSIS Pack Vendor :STMicroelectronics X-CUBE-TCPP 4.2.0
2025-08-04 12:34:18,683 [INFO] ThirdParty:1030 - CMSIS Pack Vendor :RealThread X-CUBE-RT-Thread_Nano 4.1.1
2025-08-04 12:34:18,683 [INFO] ThirdParty:1030 - CMSIS Pack Vendor :STMicroelectronics FP-ATR-SIGFOX1 3.2.0
2025-08-04 12:34:18,683 [INFO] ThirdParty:1030 - CMSIS Pack Vendor :quantropi X-CUBE-qispace-sdk-base 1.9.3
2025-08-04 12:34:18,683 [INFO] ThirdParty:1030 - CMSIS Pack Vendor :STMicroelectronics X-CUBE-EEPRMA1 5.1.0
2025-08-04 12:34:18,683 [INFO] ThirdParty:1030 - CMSIS Pack Vendor :STMicroelectronics MBEDTLS 2.16.2
2025-08-04 12:34:18,683 [INFO] ThirdParty:1030 - CMSIS Pack Vendor :STMicroelectronics X-CUBE-IPS 3.1.0
2025-08-04 12:34:18,683 [INFO] ThirdParty:1030 - CMSIS Pack Vendor :STMicroelectronics X-CUBE-ALS 1.0.2
2025-08-04 12:34:18,683 [INFO] ThirdParty:1030 - CMSIS Pack Vendor :wolfSSL I-CUBE-wolfSSL 5.7.4
2025-08-04 12:34:18,683 [INFO] ThirdParty:1030 - CMSIS Pack Vendor :STMicroelectronics X-CUBE-TOUCHGFX 4.24.0
2025-08-04 12:34:18,683 [INFO] ThirdParty:1030 - CMSIS Pack Vendor :ITTIA_DB I-CUBE-ITTIADB 8.9.0
2025-08-04 12:34:18,683 [INFO] ThirdParty:1030 - CMSIS Pack Vendor :STMicroelectronics X-CUBE-TOUCHGFX 4.24.2
2025-08-04 12:34:18,683 [INFO] ThirdParty:1030 - CMSIS Pack Vendor :STMicroelectronics X-CUBE-TOUCHGFX 4.24.1
2025-08-04 12:34:18,684 [INFO] ThirdParty:1030 - CMSIS Pack Vendor :wolfSSL I-CUBE-wolfTPM 3.4.0
2025-08-04 12:34:18,684 [INFO] ThirdParty:1030 - CMSIS Pack Vendor :portGmbH I-Cube-SoM-uGOAL 1.1.0
2025-08-04 12:34:18,684 [INFO] ThirdParty:1030 - CMSIS Pack Vendor :STMicroelectronics X-CUBE-ST67W61 1.0.0
2025-08-04 12:34:18,684 [INFO] ThirdParty:1030 - CMSIS Pack Vendor :STMicroelectronics X-CUBE-AI 10.2.0
2025-08-04 12:34:18,684 [INFO] ThirdParty:1030 - CMSIS Pack Vendor :STMicroelectronics ThreadX 1.0.0
2025-08-04 12:34:18,684 [INFO] ThirdParty:1030 - CMSIS Pack Vendor :SEGGER I-CUBE-embOS 1.3.1
2025-08-04 12:34:18,684 [INFO] ThirdParty:1030 - CMSIS Pack Vendor :STMicroelectronics X-CUBE-ALGOBUILD 1.4.0
2025-08-04 12:34:18,684 [INFO] ThirdParty:1030 - CMSIS Pack Vendor :STMicroelectronics X-CUBE-MEMS1 11.3.0
2025-08-04 12:34:18,684 [INFO] ThirdParty:1030 - CMSIS Pack Vendor :STMicroelectronics X-CUBE-AZRTOS-H7RS 1.0.0
2025-08-04 12:34:18,684 [INFO] ThirdParty:1030 - CMSIS Pack Vendor :STMicroelectronics X-CUBE-TOF1 3.4.2
2025-08-04 12:34:18,684 [INFO] ThirdParty:1030 - CMSIS Pack Vendor :STMicroelectronics X-CUBE-TOF1 3.4.3
2025-08-04 12:34:18,684 [INFO] ThirdParty:1030 - CMSIS Pack Vendor :STMicroelectronics X-CUBE-AI 9.1.0
2025-08-04 12:34:18,684 [INFO] ThirdParty:1030 - CMSIS Pack Vendor :wolfSSL I-CUBE-wolfSSH 1.4.17
2025-08-04 12:34:18,684 [INFO] ThirdParty:841 - exiting critical section [change project]
2025-08-04 12:34:19,326 [INFO] PinOutPanel:1589 - setPackage(No Configuration,No Configuration)
2025-08-04 12:34:19,328 [INFO] PinOutPanel:1589 - setPackage(STM32F401RETx,LQFP64)
2025-08-04 12:34:20,117 [INFO] UtilMem:75 - Before build in PCC Used Memory: 237196688 Bytes (594542592)
2025-08-04 12:34:21,430 [INFO] UtilMem:75 - After build in PCC Used Memory: 313220496 Bytes (594542592)
2025-08-04 12:34:21,558 [INFO] ApiDbMcu:532 - Load IP Config File for FATFS
2025-08-04 12:34:21,618 [INFO] IPUIPlugin:80 - create IPUIPlugin
2025-08-04 12:34:21,619 [INFO] IPUIPlugin:80 - create IPUIPlugin
2025-08-04 12:34:21,619 [INFO] IPUIPlugin:80 - create IPUIPlugin
2025-08-04 12:34:21,619 [INFO] IPUIPlugin:80 - create IPUIPlugin
2025-08-04 12:34:21,621 [INFO] IPUIPlugin:80 - create IPUIPlugin
2025-08-04 12:34:21,621 [INFO] IPUIPlugin:80 - create IPUIPlugin
2025-08-04 12:34:21,621 [INFO] IPUIPlugin:80 - create IPUIPlugin
2025-08-04 12:34:21,621 [INFO] IPUIPlugin:80 - create IPUIPlugin
2025-08-04 12:34:21,621 [INFO] IPUIPlugin:80 - create IPUIPlugin
2025-08-04 12:34:21,622 [INFO] IPUIPlugin:80 - create IPUIPlugin
2025-08-04 12:34:21,622 [INFO] IPUIPlugin:80 - create IPUIPlugin
2025-08-04 12:34:21,622 [INFO] IPUIPlugin:80 - create IPUIPlugin
2025-08-04 12:34:21,622 [INFO] IPUIPlugin:80 - create IPUIPlugin
2025-08-04 12:34:21,623 [INFO] IPUIPlugin:80 - create IPUIPlugin
2025-08-04 12:34:21,623 [INFO] IPUIPlugin:80 - create IPUIPlugin
2025-08-04 12:34:21,623 [INFO] IPUIPlugin:80 - create IPUIPlugin
2025-08-04 12:34:21,623 [INFO] IPUIPlugin:80 - create IPUIPlugin
2025-08-04 12:34:21,624 [INFO] IPUIPlugin:80 - create IPUIPlugin
2025-08-04 12:34:21,624 [INFO] IPUIPlugin:80 - create IPUIPlugin
2025-08-04 12:34:21,624 [INFO] IPUIPlugin:80 - create IPUIPlugin
2025-08-04 12:34:21,624 [INFO] IPUIPlugin:80 - create IPUIPlugin
2025-08-04 12:34:21,624 [INFO] IPUIPlugin:80 - create IPUIPlugin
2025-08-04 12:34:21,627 [INFO] IPUIPlugin:80 - create IPUIPlugin
2025-08-04 12:34:21,628 [INFO] IPUIPlugin:80 - create IPUIPlugin
2025-08-04 12:34:21,628 [INFO] IPUIPlugin:80 - create IPUIPlugin
2025-08-04 12:34:21,628 [INFO] IPUIPlugin:80 - create IPUIPlugin
2025-08-04 12:34:21,629 [INFO] IPUIPlugin:80 - create IPUIPlugin
2025-08-04 12:34:21,629 [INFO] IPUIPlugin:80 - create IPUIPlugin
2025-08-04 12:34:21,629 [INFO] IPUIPlugin:80 - create IPUIPlugin
2025-08-04 12:34:21,629 [INFO] IPUIPlugin:80 - create IPUIPlugin
2025-08-04 12:34:21,630 [INFO] IPUIPlugin:80 - create IPUIPlugin
2025-08-04 12:34:21,631 [INFO] IPUIPlugin:80 - create IPUIPlugin
2025-08-04 12:34:21,631 [INFO] IPUIPlugin:80 - create IPUIPlugin
2025-08-04 12:34:21,632 [INFO] IPUIPlugin:80 - create IPUIPlugin
2025-08-04 12:34:21,632 [INFO] IPUIPlugin:80 - create IPUIPlugin
2025-08-04 12:34:21,633 [INFO] IPUIPlugin:80 - create IPUIPlugin
2025-08-04 12:34:21,633 [INFO] IPUIPlugin:80 - create IPUIPlugin
2025-08-04 12:34:21,634 [INFO] IPUIPlugin:80 - create IPUIPlugin
2025-08-04 12:34:21,671 [INFO] ApiDbMcu:532 - Load IP Config File for PDM2PCM
2025-08-04 12:34:22,153 [INFO] CADModel:165 - CPN selected for project levelSTM32F401RET6
2025-08-04 12:34:22,153 [INFO] CADModel:114 - Register for checkConnection events
2025-08-04 12:34:22,215 [INFO] OpenFileManager:386 - Restore cursor
2025-08-04 12:36:26,962 [INFO] UtilMem:75 - End SaveConfig() Used Memory: 342770728 Bytes (594542592)
2025-08-04 12:36:31,041 [INFO] UtilMem:75 - End SaveConfig() Used Memory: 417219624 Bytes (594542592)
2025-08-04 12:36:31,912 [INFO] BlockDiagram:2775 - set Specific Code input for plugin: SPI
2025-08-04 12:36:31,913 [INFO] BlockDiagram:2775 - set Specific Code input for plugin: NVIC
2025-08-04 12:36:31,913 [INFO] BlockDiagram:2775 - set Specific Code input for plugin: USART
2025-08-04 12:36:31,913 [INFO] BlockDiagram:2775 - set Specific Code input for plugin: USART
2025-08-04 12:36:31,913 [INFO] BlockDiagram:2775 - set Specific Code input for plugin: SYS
2025-08-04 12:36:31,914 [INFO] BlockDiagram:2775 - set Specific Code input for plugin: GPIO
2025-08-04 12:36:31,914 [INFO] BlockDiagram:2775 - set Specific Code input for plugin: RCC
2025-08-04 12:36:31,914 [INFO] BlockDiagram:2775 - set Specific Code input for plugin: FATFS
2025-08-04 12:36:31,917 [INFO] CodeGenerator:892 - code generatio: config db path: C:\ST\STM32CubeIDE_1.16.1\STM32CubeIDE\plugins\com.st.stm32cube.common.mx_6.15.0.202507011659\\db\
2025-08-04 12:36:32,145 [INFO] CodeEngine:265 - oldGeneratedFile, C:\Users\kjeya\Downloads\SD_CARD_INTERFACE\SD_CARD_INTERFACE\MXTmpFiles\license.tmp_save
2025-08-04 12:36:32,669 [INFO] CodeEngine:289 - Generated code: C:\Users\kjeya\Downloads\SD_CARD_INTERFACE\SD_CARD_INTERFACE\MXTmpFiles\license.tmp
2025-08-04 12:36:32,752 [INFO] CodeEngine:265 - oldGeneratedFile, C:\Users\kjeya\Downloads\SD_CARD_INTERFACE\SD_CARD_INTERFACE\MXTmpFiles\gpio.tmp_save
2025-08-04 12:36:32,970 [INFO] CodeEngine:289 - Generated code: C:\Users\kjeya\Downloads\SD_CARD_INTERFACE\SD_CARD_INTERFACE\MXTmpFiles\gpio.tmp
2025-08-04 12:36:33,194 [INFO] Middleware:1452 - No code input for Bsp Dependency
2025-08-04 12:36:33,208 [INFO] CodeEngine:265 - oldGeneratedFile, C:\Users\kjeya\Downloads\SD_CARD_INTERFACE\SD_CARD_INTERFACE\MXTmpFiles\fatfs_HalInit.tmp_save
2025-08-04 12:36:33,339 [INFO] CodeEngine:289 - Generated code: C:\Users\kjeya\Downloads\SD_CARD_INTERFACE\SD_CARD_INTERFACE\MXTmpFiles\fatfs_HalInit.tmp
2025-08-04 12:36:33,347 [INFO] CodeEngine:265 - oldGeneratedFile, C:\Users\kjeya\Downloads\SD_CARD_INTERFACE\SD_CARD_INTERFACE\MXTmpFiles\fatfs_vars.tmp_save
2025-08-04 12:36:33,457 [INFO] CodeEngine:289 - Generated code: C:\Users\kjeya\Downloads\SD_CARD_INTERFACE\SD_CARD_INTERFACE\MXTmpFiles\fatfs_vars.tmp
2025-08-04 12:36:33,465 [INFO] CodeEngine:265 - oldGeneratedFile, C:\Users\kjeya\Downloads\SD_CARD_INTERFACE\SD_CARD_INTERFACE\MXTmpFiles\fatfs_ext_vars.tmp_save
2025-08-04 12:36:33,573 [INFO] CodeEngine:289 - Generated code: C:\Users\kjeya\Downloads\SD_CARD_INTERFACE\SD_CARD_INTERFACE\MXTmpFiles\fatfs_ext_vars.tmp
2025-08-04 12:36:33,588 [INFO] CodeEngine:265 - oldGeneratedFile, C:\Users\kjeya\Downloads\SD_CARD_INTERFACE\SD_CARD_INTERFACE\MXTmpFiles\fatfs_inc.tmp_save
2025-08-04 12:36:33,684 [INFO] CodeEngine:289 - Generated code: C:\Users\kjeya\Downloads\SD_CARD_INTERFACE\SD_CARD_INTERFACE\MXTmpFiles\fatfs_inc.tmp
2025-08-04 12:36:33,705 [INFO] Middleware:1452 - No code input for Bsp Dependency
2025-08-04 12:36:33,723 [INFO] CodeEngine:265 - oldGeneratedFile, C:\Users\kjeya\Downloads\SD_CARD_INTERFACE\SD_CARD_INTERFACE\MXTmpFiles\fatfs_HalInit.tmp_save
2025-08-04 12:36:33,858 [INFO] CodeEngine:289 - Generated code: C:\Users\kjeya\Downloads\SD_CARD_INTERFACE\SD_CARD_INTERFACE\MXTmpFiles\fatfs_HalInit.tmp
2025-08-04 12:36:33,874 [INFO] CodeEngine:265 - oldGeneratedFile, C:\Users\kjeya\Downloads\SD_CARD_INTERFACE\SD_CARD_INTERFACE\MXTmpFiles\fatfs_vars.tmp_save
2025-08-04 12:36:33,989 [INFO] CodeEngine:289 - Generated code: C:\Users\kjeya\Downloads\SD_CARD_INTERFACE\SD_CARD_INTERFACE\MXTmpFiles\fatfs_vars.tmp
2025-08-04 12:36:33,995 [INFO] CodeEngine:265 - oldGeneratedFile, C:\Users\kjeya\Downloads\SD_CARD_INTERFACE\SD_CARD_INTERFACE\MXTmpFiles\fatfs_ext_vars.tmp_save
2025-08-04 12:36:34,078 [INFO] CodeEngine:289 - Generated code: C:\Users\kjeya\Downloads\SD_CARD_INTERFACE\SD_CARD_INTERFACE\MXTmpFiles\fatfs_ext_vars.tmp
2025-08-04 12:36:34,088 [INFO] CodeEngine:265 - oldGeneratedFile, C:\Users\kjeya\Downloads\SD_CARD_INTERFACE\SD_CARD_INTERFACE\MXTmpFiles\fatfs_inc.tmp_save
2025-08-04 12:36:34,156 [INFO] CodeEngine:289 - Generated code: C:\Users\kjeya\Downloads\SD_CARD_INTERFACE\SD_CARD_INTERFACE\MXTmpFiles\fatfs_inc.tmp
2025-08-04 12:36:34,164 [INFO] CodeEngine:265 - oldGeneratedFile, C:\Users\kjeya\Downloads\SD_CARD_INTERFACE\SD_CARD_INTERFACE\FATFS\Target\ffconf.h_save
2025-08-04 12:36:34,246 [INFO] CodeEngine:289 - Generated code: C:\Users\kjeya\Downloads\SD_CARD_INTERFACE\SD_CARD_INTERFACE\FATFS\Target\ffconf.h
2025-08-04 12:36:34,260 [INFO] CodeEngine:265 - oldGeneratedFile, C:\Users\kjeya\Downloads\SD_CARD_INTERFACE\SD_CARD_INTERFACE\FATFS\Target\user_diskio.c_save
2025-08-04 12:36:34,389 [INFO] CodeEngine:289 - Generated code: C:\Users\kjeya\Downloads\SD_CARD_INTERFACE\SD_CARD_INTERFACE\FATFS\Target\user_diskio.c
2025-08-04 12:36:34,401 [INFO] CodeEngine:265 - oldGeneratedFile, C:\Users\kjeya\Downloads\SD_CARD_INTERFACE\SD_CARD_INTERFACE\FATFS\Target\user_diskio.h_save
2025-08-04 12:36:34,476 [INFO] CodeEngine:289 - Generated code: C:\Users\kjeya\Downloads\SD_CARD_INTERFACE\SD_CARD_INTERFACE\FATFS\Target\user_diskio.h
2025-08-04 12:36:34,489 [INFO] CodeEngine:265 - oldGeneratedFile, C:\Users\kjeya\Downloads\SD_CARD_INTERFACE\SD_CARD_INTERFACE\FATFS\App\fatfs.c_save
2025-08-04 12:36:34,555 [INFO] CodeEngine:289 - Generated code: C:\Users\kjeya\Downloads\SD_CARD_INTERFACE\SD_CARD_INTERFACE\FATFS\App\fatfs.c
2025-08-04 12:36:34,568 [INFO] CodeEngine:265 - oldGeneratedFile, C:\Users\kjeya\Downloads\SD_CARD_INTERFACE\SD_CARD_INTERFACE\FATFS\App\fatfs.h_save
2025-08-04 12:36:34,637 [INFO] CodeEngine:289 - Generated code: C:\Users\kjeya\Downloads\SD_CARD_INTERFACE\SD_CARD_INTERFACE\FATFS\App\fatfs.h
2025-08-04 12:36:34,658 [INFO] CodeEngine:265 - oldGeneratedFile, C:\Users\kjeya\Downloads\SD_CARD_INTERFACE\SD_CARD_INTERFACE\Core\Src\stm32f4xx_it.c_save
2025-08-04 12:36:34,770 [INFO] CodeEngine:289 - Generated code: C:\Users\kjeya\Downloads\SD_CARD_INTERFACE\SD_CARD_INTERFACE\Core\Src\stm32f4xx_it.c
2025-08-04 12:36:34,784 [INFO] CodeEngine:265 - oldGeneratedFile, C:\Users\kjeya\Downloads\SD_CARD_INTERFACE\SD_CARD_INTERFACE\Core\Inc\stm32f4xx_it.h_save
2025-08-04 12:36:34,862 [INFO] CodeEngine:289 - Generated code: C:\Users\kjeya\Downloads\SD_CARD_INTERFACE\SD_CARD_INTERFACE\Core\Inc\stm32f4xx_it.h
2025-08-04 12:36:34,882 [INFO] CodeEngine:265 - oldGeneratedFile, C:\Users\kjeya\Downloads\SD_CARD_INTERFACE\SD_CARD_INTERFACE\Core\Src\stm32f4xx_hal_msp.c_save
2025-08-04 12:36:35,052 [INFO] CodeEngine:289 - Generated code: C:\Users\kjeya\Downloads\SD_CARD_INTERFACE\SD_CARD_INTERFACE\Core\Src\stm32f4xx_hal_msp.c
2025-08-04 12:36:35,062 [INFO] CodeEngine:265 - oldGeneratedFile, C:\Users\kjeya\Downloads\SD_CARD_INTERFACE\SD_CARD_INTERFACE\MXTmpFiles\system.tmp_save
2025-08-04 12:36:35,121 [INFO] CodeEngine:289 - Generated code: C:\Users\kjeya\Downloads\SD_CARD_INTERFACE\SD_CARD_INTERFACE\MXTmpFiles\system.tmp
2025-08-04 12:36:35,141 [INFO] CodeEngine:321 - oldGeneratedFile, C:\Users\kjeya\Downloads\SD_CARD_INTERFACE\SD_CARD_INTERFACE\Core\Inc\stm32f4xx_hal_conf.h_save
2025-08-04 12:36:35,224 [INFO] CodeEngine:345 - Generated code: C:\Users\kjeya\Downloads\SD_CARD_INTERFACE\SD_CARD_INTERFACE\Core\Inc\stm32f4xx_hal_conf.h
2025-08-04 12:36:35,259 [INFO] ApiDbMcu:532 - Load IP Config File for SPI1
2025-08-04 12:36:35,263 [INFO] ApiDbMcu:532 - Load IP Config File for USART1
2025-08-04 12:36:35,266 [INFO] ApiDbMcu:532 - Load IP Config File for USART2
2025-08-04 12:36:35,271 [INFO] ApiDbMcu:532 - Load IP Config File for RCC
2025-08-04 12:36:35,287 [INFO] CodeEngine:265 - oldGeneratedFile, C:\Users\kjeya\Downloads\SD_CARD_INTERFACE\SD_CARD_INTERFACE\Core\Inc\main.h_save
2025-08-04 12:36:35,414 [INFO] CodeEngine:289 - Generated code: C:\Users\kjeya\Downloads\SD_CARD_INTERFACE\SD_CARD_INTERFACE\Core\Inc\main.h
2025-08-04 12:36:35,426 [INFO] CodeEngine:265 - oldGeneratedFile, C:\Users\kjeya\Downloads\SD_CARD_INTERFACE\SD_CARD_INTERFACE\Core\Src\main.c_save
2025-08-04 12:36:35,628 [INFO] CodeEngine:289 - Generated code: C:\Users\kjeya\Downloads\SD_CARD_INTERFACE\SD_CARD_INTERFACE\Core\Src\main.c
2025-08-04 12:36:36,204 [INFO] ProjectBuilder:3606 - Time for Copy HAL[1] : 304mS.
2025-08-04 12:36:36,217 [INFO] ProjectBuilder:5216 - Project Generator version: 4.7.0-B52
2025-08-04 12:36:36,362 [INFO] ConfigFileManager:1595 - The Die is : DIE433
2025-08-04 12:36:36,372 [INFO] ApiDbMcu:532 - Load IP Config File for FREERTOS
2025-08-04 12:36:36,375 [INFO] ApiDbMcu:532 - Load IP Config File for LIBJPEG
2025-08-04 12:36:36,382 [INFO] ApiDbMcu:532 - Load IP Config File for MBEDTLS
2025-08-04 12:36:36,391 [INFO] ApiDbMcu:532 - Load IP Config File for USB_DEVICE
2025-08-04 12:36:36,400 [INFO] ApiDbMcu:532 - Load IP Config File for USB_HOST
2025-08-04 12:36:37,276 [INFO] LogOutputStream:77 - [STDOUT_REDIRECT] 
2025-08-04 12:36:39,460 [INFO] ProjectBuilder:5496 - Time for Generating toolchain IDE Files: 3240mS.
2025-08-04 12:36:39,462 [INFO] ProjectBuilder:3463 - Time for Copy CMSIS : 2mS.
2025-08-04 12:36:39,471 [INFO] ProjectBuilder:3463 - Time for Copy CMSIS : 0mS.
2025-08-04 13:13:37,429 [INFO] UtilMem:75 - End SaveConfig() Used Memory: 548865256 Bytes (924844032)
2025-08-04 13:13:38,548 [INFO] BlockDiagram:2775 - set Specific Code input for plugin: SPI
2025-08-04 13:13:38,548 [INFO] BlockDiagram:2775 - set Specific Code input for plugin: NVIC
2025-08-04 13:13:38,549 [INFO] BlockDiagram:2775 - set Specific Code input for plugin: USART
2025-08-04 13:13:38,549 [INFO] BlockDiagram:2775 - set Specific Code input for plugin: USART
2025-08-04 13:13:38,551 [INFO] BlockDiagram:2775 - set Specific Code input for plugin: SYS
2025-08-04 13:13:38,555 [INFO] BlockDiagram:2775 - set Specific Code input for plugin: GPIO
2025-08-04 13:13:38,555 [INFO] BlockDiagram:2775 - set Specific Code input for plugin: RCC
2025-08-04 13:13:38,555 [INFO] BlockDiagram:2775 - set Specific Code input for plugin: FATFS
2025-08-04 13:13:38,558 [INFO] CodeGenerator:892 - code generatio: config db path: C:\ST\STM32CubeIDE_1.16.1\STM32CubeIDE\plugins\com.st.stm32cube.common.mx_6.15.0.202507011659\\db\
2025-08-04 13:13:38,856 [INFO] CodeEngine:265 - oldGeneratedFile, C:\Users\kjeya\Downloads\SD_CARD_INTERFACE\SD_CARD_INTERFACE\MXTmpFiles\license.tmp_save
2025-08-04 13:13:39,291 [INFO] CodeEngine:289 - Generated code: C:\Users\kjeya\Downloads\SD_CARD_INTERFACE\SD_CARD_INTERFACE\MXTmpFiles\license.tmp
2025-08-04 13:13:39,402 [INFO] CodeEngine:265 - oldGeneratedFile, C:\Users\kjeya\Downloads\SD_CARD_INTERFACE\SD_CARD_INTERFACE\MXTmpFiles\gpio.tmp_save
2025-08-04 13:13:39,606 [INFO] CodeEngine:289 - Generated code: C:\Users\kjeya\Downloads\SD_CARD_INTERFACE\SD_CARD_INTERFACE\MXTmpFiles\gpio.tmp
2025-08-04 13:13:39,970 [INFO] Middleware:1452 - No code input for Bsp Dependency
2025-08-04 13:13:39,985 [INFO] CodeEngine:265 - oldGeneratedFile, C:\Users\kjeya\Downloads\SD_CARD_INTERFACE\SD_CARD_INTERFACE\MXTmpFiles\fatfs_HalInit.tmp_save
2025-08-04 13:13:40,153 [INFO] CodeEngine:289 - Generated code: C:\Users\kjeya\Downloads\SD_CARD_INTERFACE\SD_CARD_INTERFACE\MXTmpFiles\fatfs_HalInit.tmp
2025-08-04 13:13:40,167 [INFO] CodeEngine:265 - oldGeneratedFile, C:\Users\kjeya\Downloads\SD_CARD_INTERFACE\SD_CARD_INTERFACE\MXTmpFiles\fatfs_vars.tmp_save
2025-08-04 13:13:40,297 [INFO] CodeEngine:289 - Generated code: C:\Users\kjeya\Downloads\SD_CARD_INTERFACE\SD_CARD_INTERFACE\MXTmpFiles\fatfs_vars.tmp
2025-08-04 13:13:40,310 [INFO] CodeEngine:265 - oldGeneratedFile, C:\Users\kjeya\Downloads\SD_CARD_INTERFACE\SD_CARD_INTERFACE\MXTmpFiles\fatfs_ext_vars.tmp_save
2025-08-04 13:13:40,437 [INFO] CodeEngine:289 - Generated code: C:\Users\kjeya\Downloads\SD_CARD_INTERFACE\SD_CARD_INTERFACE\MXTmpFiles\fatfs_ext_vars.tmp
2025-08-04 13:13:40,455 [INFO] CodeEngine:265 - oldGeneratedFile, C:\Users\kjeya\Downloads\SD_CARD_INTERFACE\SD_CARD_INTERFACE\MXTmpFiles\fatfs_inc.tmp_save
2025-08-04 13:13:40,573 [INFO] CodeEngine:289 - Generated code: C:\Users\kjeya\Downloads\SD_CARD_INTERFACE\SD_CARD_INTERFACE\MXTmpFiles\fatfs_inc.tmp
2025-08-04 13:13:40,592 [INFO] Middleware:1452 - No code input for Bsp Dependency
2025-08-04 13:13:40,608 [INFO] CodeEngine:265 - oldGeneratedFile, C:\Users\kjeya\Downloads\SD_CARD_INTERFACE\SD_CARD_INTERFACE\MXTmpFiles\fatfs_HalInit.tmp_save
2025-08-04 13:13:40,731 [INFO] CodeEngine:289 - Generated code: C:\Users\kjeya\Downloads\SD_CARD_INTERFACE\SD_CARD_INTERFACE\MXTmpFiles\fatfs_HalInit.tmp
2025-08-04 13:13:40,749 [INFO] CodeEngine:265 - oldGeneratedFile, C:\Users\kjeya\Downloads\SD_CARD_INTERFACE\SD_CARD_INTERFACE\MXTmpFiles\fatfs_vars.tmp_save
2025-08-04 13:13:40,900 [INFO] CodeEngine:289 - Generated code: C:\Users\kjeya\Downloads\SD_CARD_INTERFACE\SD_CARD_INTERFACE\MXTmpFiles\fatfs_vars.tmp
2025-08-04 13:13:40,920 [INFO] CodeEngine:265 - oldGeneratedFile, C:\Users\kjeya\Downloads\SD_CARD_INTERFACE\SD_CARD_INTERFACE\MXTmpFiles\fatfs_ext_vars.tmp_save
2025-08-04 13:13:41,053 [INFO] CodeEngine:289 - Generated code: C:\Users\kjeya\Downloads\SD_CARD_INTERFACE\SD_CARD_INTERFACE\MXTmpFiles\fatfs_ext_vars.tmp
2025-08-04 13:13:41,069 [INFO] CodeEngine:265 - oldGeneratedFile, C:\Users\kjeya\Downloads\SD_CARD_INTERFACE\SD_CARD_INTERFACE\MXTmpFiles\fatfs_inc.tmp_save
2025-08-04 13:13:41,193 [INFO] CodeEngine:289 - Generated code: C:\Users\kjeya\Downloads\SD_CARD_INTERFACE\SD_CARD_INTERFACE\MXTmpFiles\fatfs_inc.tmp
2025-08-04 13:13:41,213 [INFO] CodeEngine:265 - oldGeneratedFile, C:\Users\kjeya\Downloads\SD_CARD_INTERFACE\SD_CARD_INTERFACE\FATFS\Target\ffconf.h_save
2025-08-04 13:13:41,391 [INFO] CodeEngine:289 - Generated code: C:\Users\kjeya\Downloads\SD_CARD_INTERFACE\SD_CARD_INTERFACE\FATFS\Target\ffconf.h
2025-08-04 13:13:41,405 [INFO] CodeEngine:265 - oldGeneratedFile, C:\Users\kjeya\Downloads\SD_CARD_INTERFACE\SD_CARD_INTERFACE\FATFS\Target\user_diskio.c_save
2025-08-04 13:13:41,529 [INFO] CodeEngine:289 - Generated code: C:\Users\kjeya\Downloads\SD_CARD_INTERFACE\SD_CARD_INTERFACE\FATFS\Target\user_diskio.c
2025-08-04 13:13:41,547 [INFO] CodeEngine:265 - oldGeneratedFile, C:\Users\kjeya\Downloads\SD_CARD_INTERFACE\SD_CARD_INTERFACE\FATFS\Target\user_diskio.h_save
2025-08-04 13:13:41,668 [INFO] CodeEngine:289 - Generated code: C:\Users\kjeya\Downloads\SD_CARD_INTERFACE\SD_CARD_INTERFACE\FATFS\Target\user_diskio.h
2025-08-04 13:13:41,686 [INFO] CodeEngine:265 - oldGeneratedFile, C:\Users\kjeya\Downloads\SD_CARD_INTERFACE\SD_CARD_INTERFACE\FATFS\App\fatfs.c_save
2025-08-04 13:13:41,807 [INFO] CodeEngine:289 - Generated code: C:\Users\kjeya\Downloads\SD_CARD_INTERFACE\SD_CARD_INTERFACE\FATFS\App\fatfs.c
2025-08-04 13:13:41,827 [INFO] CodeEngine:265 - oldGeneratedFile, C:\Users\kjeya\Downloads\SD_CARD_INTERFACE\SD_CARD_INTERFACE\FATFS\App\fatfs.h_save
2025-08-04 13:13:41,976 [INFO] CodeEngine:289 - Generated code: C:\Users\kjeya\Downloads\SD_CARD_INTERFACE\SD_CARD_INTERFACE\FATFS\App\fatfs.h
2025-08-04 13:13:42,017 [INFO] CodeEngine:265 - oldGeneratedFile, C:\Users\kjeya\Downloads\SD_CARD_INTERFACE\SD_CARD_INTERFACE\Core\Src\stm32f4xx_it.c_save
2025-08-04 13:13:42,390 [INFO] CodeEngine:289 - Generated code: C:\Users\kjeya\Downloads\SD_CARD_INTERFACE\SD_CARD_INTERFACE\Core\Src\stm32f4xx_it.c
2025-08-04 13:13:42,407 [INFO] CodeEngine:265 - oldGeneratedFile, C:\Users\kjeya\Downloads\SD_CARD_INTERFACE\SD_CARD_INTERFACE\Core\Inc\stm32f4xx_it.h_save
2025-08-04 13:13:42,524 [INFO] CodeEngine:289 - Generated code: C:\Users\kjeya\Downloads\SD_CARD_INTERFACE\SD_CARD_INTERFACE\Core\Inc\stm32f4xx_it.h
2025-08-04 13:13:42,561 [INFO] CodeEngine:265 - oldGeneratedFile, C:\Users\kjeya\Downloads\SD_CARD_INTERFACE\SD_CARD_INTERFACE\Core\Src\stm32f4xx_hal_msp.c_save
2025-08-04 13:13:42,751 [INFO] CodeEngine:289 - Generated code: C:\Users\kjeya\Downloads\SD_CARD_INTERFACE\SD_CARD_INTERFACE\Core\Src\stm32f4xx_hal_msp.c
2025-08-04 13:13:42,768 [INFO] CodeEngine:265 - oldGeneratedFile, C:\Users\kjeya\Downloads\SD_CARD_INTERFACE\SD_CARD_INTERFACE\MXTmpFiles\system.tmp_save
2025-08-04 13:13:42,910 [INFO] CodeEngine:289 - Generated code: C:\Users\kjeya\Downloads\SD_CARD_INTERFACE\SD_CARD_INTERFACE\MXTmpFiles\system.tmp
2025-08-04 13:13:42,937 [INFO] CodeEngine:321 - oldGeneratedFile, C:\Users\kjeya\Downloads\SD_CARD_INTERFACE\SD_CARD_INTERFACE\Core\Inc\stm32f4xx_hal_conf.h_save
2025-08-04 13:13:43,068 [INFO] CodeEngine:345 - Generated code: C:\Users\kjeya\Downloads\SD_CARD_INTERFACE\SD_CARD_INTERFACE\Core\Inc\stm32f4xx_hal_conf.h
2025-08-04 13:13:43,144 [INFO] CodeEngine:265 - oldGeneratedFile, C:\Users\kjeya\Downloads\SD_CARD_INTERFACE\SD_CARD_INTERFACE\Core\Inc\main.h_save
2025-08-04 13:13:43,401 [INFO] CodeEngine:289 - Generated code: C:\Users\kjeya\Downloads\SD_CARD_INTERFACE\SD_CARD_INTERFACE\Core\Inc\main.h
2025-08-04 13:13:43,420 [INFO] CodeEngine:265 - oldGeneratedFile, C:\Users\kjeya\Downloads\SD_CARD_INTERFACE\SD_CARD_INTERFACE\Core\Src\main.c_save
2025-08-04 13:13:43,719 [INFO] CodeEngine:289 - Generated code: C:\Users\kjeya\Downloads\SD_CARD_INTERFACE\SD_CARD_INTERFACE\Core\Src\main.c
2025-08-04 13:13:44,612 [INFO] ProjectBuilder:3606 - Time for Copy HAL[1] : 415mS.
2025-08-04 13:13:44,632 [INFO] ProjectBuilder:5216 - Project Generator version: 4.7.0-B52
2025-08-04 13:13:44,922 [INFO] ConfigFileManager:1595 - The Die is : DIE433
2025-08-04 13:13:48,328 [INFO] ProjectBuilder:5496 - Time for Generating toolchain IDE Files: 3696mS.
2025-08-04 13:13:48,330 [INFO] ProjectBuilder:3463 - Time for Copy CMSIS : 1mS.
2025-08-04 13:13:48,344 [INFO] ProjectBuilder:3463 - Time for Copy CMSIS : 0mS.
2025-08-04 13:47:19,866 [INFO] UtilMem:75 - End SaveConfig() Used Memory: 454844064 Bytes (1006632960)
2025-08-04 13:47:22,882 [INFO] UtilMem:75 - End SaveConfig() Used Memory: 543983624 Bytes (1006632960)
2025-08-04 13:47:23,385 [INFO] BlockDiagram:2775 - set Specific Code input for plugin: SPI
2025-08-04 13:47:23,386 [INFO] BlockDiagram:2775 - set Specific Code input for plugin: NVIC
2025-08-04 13:47:23,387 [INFO] BlockDiagram:2775 - set Specific Code input for plugin: USART
2025-08-04 13:47:23,389 [INFO] BlockDiagram:2775 - set Specific Code input for plugin: USART
2025-08-04 13:47:23,389 [INFO] BlockDiagram:2775 - set Specific Code input for plugin: SYS
2025-08-04 13:47:23,390 [INFO] BlockDiagram:2775 - set Specific Code input for plugin: GPIO
2025-08-04 13:47:23,391 [INFO] BlockDiagram:2775 - set Specific Code input for plugin: RCC
2025-08-04 13:47:23,391 [INFO] BlockDiagram:2775 - set Specific Code input for plugin: FATFS
2025-08-04 13:47:23,394 [INFO] CodeGenerator:892 - code generatio: config db path: C:\ST\STM32CubeIDE_1.16.1\STM32CubeIDE\plugins\com.st.stm32cube.common.mx_6.15.0.202507011659\\db\
2025-08-04 13:47:23,543 [INFO] CodeEngine:265 - oldGeneratedFile, C:\Users\kjeya\Downloads\SD_CARD_INTERFACE\SD_CARD_INTERFACE\MXTmpFiles\license.tmp_save
2025-08-04 13:47:23,873 [INFO] CodeEngine:289 - Generated code: C:\Users\kjeya\Downloads\SD_CARD_INTERFACE\SD_CARD_INTERFACE\MXTmpFiles\license.tmp
2025-08-04 13:47:23,934 [INFO] CodeEngine:265 - oldGeneratedFile, C:\Users\kjeya\Downloads\SD_CARD_INTERFACE\SD_CARD_INTERFACE\MXTmpFiles\gpio.tmp_save
2025-08-04 13:47:24,127 [INFO] CodeEngine:289 - Generated code: C:\Users\kjeya\Downloads\SD_CARD_INTERFACE\SD_CARD_INTERFACE\MXTmpFiles\gpio.tmp
2025-08-04 13:47:24,372 [INFO] Middleware:1452 - No code input for Bsp Dependency
2025-08-04 13:47:24,384 [INFO] CodeEngine:265 - oldGeneratedFile, C:\Users\kjeya\Downloads\SD_CARD_INTERFACE\SD_CARD_INTERFACE\MXTmpFiles\fatfs_HalInit.tmp_save
2025-08-04 13:47:24,526 [INFO] CodeEngine:289 - Generated code: C:\Users\kjeya\Downloads\SD_CARD_INTERFACE\SD_CARD_INTERFACE\MXTmpFiles\fatfs_HalInit.tmp
2025-08-04 13:47:24,537 [INFO] CodeEngine:265 - oldGeneratedFile, C:\Users\kjeya\Downloads\SD_CARD_INTERFACE\SD_CARD_INTERFACE\MXTmpFiles\fatfs_vars.tmp_save
2025-08-04 13:47:24,656 [INFO] CodeEngine:289 - Generated code: C:\Users\kjeya\Downloads\SD_CARD_INTERFACE\SD_CARD_INTERFACE\MXTmpFiles\fatfs_vars.tmp
2025-08-04 13:47:24,669 [INFO] CodeEngine:265 - oldGeneratedFile, C:\Users\kjeya\Downloads\SD_CARD_INTERFACE\SD_CARD_INTERFACE\MXTmpFiles\fatfs_ext_vars.tmp_save
2025-08-04 13:47:24,803 [INFO] CodeEngine:289 - Generated code: C:\Users\kjeya\Downloads\SD_CARD_INTERFACE\SD_CARD_INTERFACE\MXTmpFiles\fatfs_ext_vars.tmp
2025-08-04 13:47:24,814 [INFO] CodeEngine:265 - oldGeneratedFile, C:\Users\kjeya\Downloads\SD_CARD_INTERFACE\SD_CARD_INTERFACE\MXTmpFiles\fatfs_inc.tmp_save
2025-08-04 13:47:24,940 [INFO] CodeEngine:289 - Generated code: C:\Users\kjeya\Downloads\SD_CARD_INTERFACE\SD_CARD_INTERFACE\MXTmpFiles\fatfs_inc.tmp
2025-08-04 13:47:24,956 [INFO] Middleware:1452 - No code input for Bsp Dependency
2025-08-04 13:47:24,973 [INFO] CodeEngine:265 - oldGeneratedFile, C:\Users\kjeya\Downloads\SD_CARD_INTERFACE\SD_CARD_INTERFACE\MXTmpFiles\fatfs_HalInit.tmp_save
2025-08-04 13:47:25,085 [INFO] CodeEngine:289 - Generated code: C:\Users\kjeya\Downloads\SD_CARD_INTERFACE\SD_CARD_INTERFACE\MXTmpFiles\fatfs_HalInit.tmp
2025-08-04 13:47:25,102 [INFO] CodeEngine:265 - oldGeneratedFile, C:\Users\kjeya\Downloads\SD_CARD_INTERFACE\SD_CARD_INTERFACE\MXTmpFiles\fatfs_vars.tmp_save
2025-08-04 13:47:25,213 [INFO] CodeEngine:289 - Generated code: C:\Users\kjeya\Downloads\SD_CARD_INTERFACE\SD_CARD_INTERFACE\MXTmpFiles\fatfs_vars.tmp
2025-08-04 13:47:25,226 [INFO] CodeEngine:265 - oldGeneratedFile, C:\Users\kjeya\Downloads\SD_CARD_INTERFACE\SD_CARD_INTERFACE\MXTmpFiles\fatfs_ext_vars.tmp_save
2025-08-04 13:47:25,330 [INFO] CodeEngine:289 - Generated code: C:\Users\kjeya\Downloads\SD_CARD_INTERFACE\SD_CARD_INTERFACE\MXTmpFiles\fatfs_ext_vars.tmp
2025-08-04 13:47:25,346 [INFO] CodeEngine:265 - oldGeneratedFile, C:\Users\kjeya\Downloads\SD_CARD_INTERFACE\SD_CARD_INTERFACE\MXTmpFiles\fatfs_inc.tmp_save
2025-08-04 13:47:25,473 [INFO] CodeEngine:289 - Generated code: C:\Users\kjeya\Downloads\SD_CARD_INTERFACE\SD_CARD_INTERFACE\MXTmpFiles\fatfs_inc.tmp
2025-08-04 13:47:25,488 [INFO] CodeEngine:265 - oldGeneratedFile, C:\Users\kjeya\Downloads\SD_CARD_INTERFACE\SD_CARD_INTERFACE\FATFS\Target\ffconf.h_save
2025-08-04 13:47:25,618 [INFO] CodeEngine:289 - Generated code: C:\Users\kjeya\Downloads\SD_CARD_INTERFACE\SD_CARD_INTERFACE\FATFS\Target\ffconf.h
2025-08-04 13:47:25,635 [INFO] CodeEngine:265 - oldGeneratedFile, C:\Users\kjeya\Downloads\SD_CARD_INTERFACE\SD_CARD_INTERFACE\FATFS\Target\user_diskio.c_save
2025-08-04 13:47:25,774 [INFO] CodeEngine:289 - Generated code: C:\Users\kjeya\Downloads\SD_CARD_INTERFACE\SD_CARD_INTERFACE\FATFS\Target\user_diskio.c
2025-08-04 13:47:25,791 [INFO] CodeEngine:265 - oldGeneratedFile, C:\Users\kjeya\Downloads\SD_CARD_INTERFACE\SD_CARD_INTERFACE\FATFS\Target\user_diskio.h_save
2025-08-04 13:47:25,895 [INFO] CodeEngine:289 - Generated code: C:\Users\kjeya\Downloads\SD_CARD_INTERFACE\SD_CARD_INTERFACE\FATFS\Target\user_diskio.h
2025-08-04 13:47:25,913 [INFO] CodeEngine:265 - oldGeneratedFile, C:\Users\kjeya\Downloads\SD_CARD_INTERFACE\SD_CARD_INTERFACE\FATFS\App\fatfs.c_save
2025-08-04 13:47:26,022 [INFO] CodeEngine:289 - Generated code: C:\Users\kjeya\Downloads\SD_CARD_INTERFACE\SD_CARD_INTERFACE\FATFS\App\fatfs.c
2025-08-04 13:47:26,040 [INFO] CodeEngine:265 - oldGeneratedFile, C:\Users\kjeya\Downloads\SD_CARD_INTERFACE\SD_CARD_INTERFACE\FATFS\App\fatfs.h_save
2025-08-04 13:47:26,138 [INFO] CodeEngine:289 - Generated code: C:\Users\kjeya\Downloads\SD_CARD_INTERFACE\SD_CARD_INTERFACE\FATFS\App\fatfs.h
2025-08-04 13:47:26,169 [INFO] CodeEngine:265 - oldGeneratedFile, C:\Users\kjeya\Downloads\SD_CARD_INTERFACE\SD_CARD_INTERFACE\Core\Src\stm32f4xx_it.c_save
2025-08-04 13:47:26,563 [INFO] CodeEngine:289 - Generated code: C:\Users\kjeya\Downloads\SD_CARD_INTERFACE\SD_CARD_INTERFACE\Core\Src\stm32f4xx_it.c
2025-08-04 13:47:26,584 [INFO] CodeEngine:265 - oldGeneratedFile, C:\Users\kjeya\Downloads\SD_CARD_INTERFACE\SD_CARD_INTERFACE\Core\Inc\stm32f4xx_it.h_save
2025-08-04 13:47:26,686 [INFO] CodeEngine:289 - Generated code: C:\Users\kjeya\Downloads\SD_CARD_INTERFACE\SD_CARD_INTERFACE\Core\Inc\stm32f4xx_it.h
2025-08-04 13:47:26,716 [INFO] CodeEngine:265 - oldGeneratedFile, C:\Users\kjeya\Downloads\SD_CARD_INTERFACE\SD_CARD_INTERFACE\Core\Src\stm32f4xx_hal_msp.c_save
2025-08-04 13:47:26,876 [INFO] CodeEngine:289 - Generated code: C:\Users\kjeya\Downloads\SD_CARD_INTERFACE\SD_CARD_INTERFACE\Core\Src\stm32f4xx_hal_msp.c
2025-08-04 13:47:26,891 [INFO] CodeEngine:265 - oldGeneratedFile, C:\Users\kjeya\Downloads\SD_CARD_INTERFACE\SD_CARD_INTERFACE\MXTmpFiles\system.tmp_save
2025-08-04 13:47:26,979 [INFO] CodeEngine:289 - Generated code: C:\Users\kjeya\Downloads\SD_CARD_INTERFACE\SD_CARD_INTERFACE\MXTmpFiles\system.tmp
2025-08-04 13:47:27,004 [INFO] CodeEngine:321 - oldGeneratedFile, C:\Users\kjeya\Downloads\SD_CARD_INTERFACE\SD_CARD_INTERFACE\Core\Inc\stm32f4xx_hal_conf.h_save
2025-08-04 13:47:27,148 [INFO] CodeEngine:345 - Generated code: C:\Users\kjeya\Downloads\SD_CARD_INTERFACE\SD_CARD_INTERFACE\Core\Inc\stm32f4xx_hal_conf.h
2025-08-04 13:47:27,209 [INFO] CodeEngine:265 - oldGeneratedFile, C:\Users\kjeya\Downloads\SD_CARD_INTERFACE\SD_CARD_INTERFACE\Core\Inc\main.h_save
2025-08-04 13:47:27,380 [INFO] CodeEngine:289 - Generated code: C:\Users\kjeya\Downloads\SD_CARD_INTERFACE\SD_CARD_INTERFACE\Core\Inc\main.h
2025-08-04 13:47:27,403 [INFO] CodeEngine:265 - oldGeneratedFile, C:\Users\kjeya\Downloads\SD_CARD_INTERFACE\SD_CARD_INTERFACE\Core\Src\main.c_save
2025-08-04 13:47:27,635 [INFO] CodeEngine:289 - Generated code: C:\Users\kjeya\Downloads\SD_CARD_INTERFACE\SD_CARD_INTERFACE\Core\Src\main.c
2025-08-04 13:47:28,490 [INFO] ProjectBuilder:3606 - Time for Copy HAL[1] : 450mS.
2025-08-04 13:47:28,506 [INFO] ProjectBuilder:5216 - Project Generator version: 4.7.0-B52
2025-08-04 13:47:28,833 [INFO] ConfigFileManager:1595 - The Die is : DIE433
2025-08-04 13:47:31,337 [INFO] ProjectBuilder:5496 - Time for Generating toolchain IDE Files: 2831mS.
2025-08-04 13:47:31,339 [INFO] ProjectBuilder:3463 - Time for Copy CMSIS : 0mS.
2025-08-04 13:47:31,350 [INFO] ProjectBuilder:3463 - Time for Copy CMSIS : 1mS.
2025-08-04 14:17:50,216 [INFO] UtilMem:75 - End SaveConfig() Used Memory: 776669704 Bytes (919601152)
2025-08-04 14:17:52,950 [INFO] UtilMem:75 - End SaveConfig() Used Memory: 320181792 Bytes (919601152)
2025-08-04 14:17:53,331 [INFO] BlockDiagram:2775 - set Specific Code input for plugin: SPI
2025-08-04 14:17:53,332 [INFO] BlockDiagram:2775 - set Specific Code input for plugin: NVIC
2025-08-04 14:17:53,332 [INFO] BlockDiagram:2775 - set Specific Code input for plugin: USART
2025-08-04 14:17:53,332 [INFO] BlockDiagram:2775 - set Specific Code input for plugin: USART
2025-08-04 14:17:53,332 [INFO] BlockDiagram:2775 - set Specific Code input for plugin: SYS
2025-08-04 14:17:53,332 [INFO] BlockDiagram:2775 - set Specific Code input for plugin: GPIO
2025-08-04 14:17:53,333 [INFO] BlockDiagram:2775 - set Specific Code input for plugin: RCC
2025-08-04 14:17:53,333 [INFO] BlockDiagram:2775 - set Specific Code input for plugin: FATFS
2025-08-04 14:17:53,335 [INFO] CodeGenerator:892 - code generatio: config db path: C:\ST\STM32CubeIDE_1.16.1\STM32CubeIDE\plugins\com.st.stm32cube.common.mx_6.15.0.202507011659\\db\
2025-08-04 14:17:53,579 [INFO] CodeEngine:265 - oldGeneratedFile, C:\Users\kjeya\Downloads\SD_CARD_INTERFACE\SD_CARD_INTERFACE\MXTmpFiles\license.tmp_save
2025-08-04 14:17:53,972 [INFO] CodeEngine:289 - Generated code: C:\Users\kjeya\Downloads\SD_CARD_INTERFACE\SD_CARD_INTERFACE\MXTmpFiles\license.tmp
2025-08-04 14:17:54,027 [INFO] CodeEngine:265 - oldGeneratedFile, C:\Users\kjeya\Downloads\SD_CARD_INTERFACE\SD_CARD_INTERFACE\MXTmpFiles\gpio.tmp_save
2025-08-04 14:17:54,258 [INFO] CodeEngine:289 - Generated code: C:\Users\kjeya\Downloads\SD_CARD_INTERFACE\SD_CARD_INTERFACE\MXTmpFiles\gpio.tmp
2025-08-04 14:17:54,538 [INFO] Middleware:1452 - No code input for Bsp Dependency
2025-08-04 14:17:54,550 [INFO] CodeEngine:265 - oldGeneratedFile, C:\Users\kjeya\Downloads\SD_CARD_INTERFACE\SD_CARD_INTERFACE\MXTmpFiles\fatfs_HalInit.tmp_save
2025-08-04 14:17:54,738 [INFO] CodeEngine:289 - Generated code: C:\Users\kjeya\Downloads\SD_CARD_INTERFACE\SD_CARD_INTERFACE\MXTmpFiles\fatfs_HalInit.tmp
2025-08-04 14:17:54,749 [INFO] CodeEngine:265 - oldGeneratedFile, C:\Users\kjeya\Downloads\SD_CARD_INTERFACE\SD_CARD_INTERFACE\MXTmpFiles\fatfs_vars.tmp_save
2025-08-04 14:17:54,882 [INFO] CodeEngine:289 - Generated code: C:\Users\kjeya\Downloads\SD_CARD_INTERFACE\SD_CARD_INTERFACE\MXTmpFiles\fatfs_vars.tmp
2025-08-04 14:17:54,892 [INFO] CodeEngine:265 - oldGeneratedFile, C:\Users\kjeya\Downloads\SD_CARD_INTERFACE\SD_CARD_INTERFACE\MXTmpFiles\fatfs_ext_vars.tmp_save
2025-08-04 14:17:55,008 [INFO] CodeEngine:289 - Generated code: C:\Users\kjeya\Downloads\SD_CARD_INTERFACE\SD_CARD_INTERFACE\MXTmpFiles\fatfs_ext_vars.tmp
2025-08-04 14:17:55,018 [INFO] CodeEngine:265 - oldGeneratedFile, C:\Users\kjeya\Downloads\SD_CARD_INTERFACE\SD_CARD_INTERFACE\MXTmpFiles\fatfs_inc.tmp_save
2025-08-04 14:17:55,126 [INFO] CodeEngine:289 - Generated code: C:\Users\kjeya\Downloads\SD_CARD_INTERFACE\SD_CARD_INTERFACE\MXTmpFiles\fatfs_inc.tmp
2025-08-04 14:17:55,142 [INFO] Middleware:1452 - No code input for Bsp Dependency
2025-08-04 14:17:55,158 [INFO] CodeEngine:265 - oldGeneratedFile, C:\Users\kjeya\Downloads\SD_CARD_INTERFACE\SD_CARD_INTERFACE\MXTmpFiles\fatfs_HalInit.tmp_save
2025-08-04 14:17:55,266 [INFO] CodeEngine:289 - Generated code: C:\Users\kjeya\Downloads\SD_CARD_INTERFACE\SD_CARD_INTERFACE\MXTmpFiles\fatfs_HalInit.tmp
2025-08-04 14:17:55,280 [INFO] CodeEngine:265 - oldGeneratedFile, C:\Users\kjeya\Downloads\SD_CARD_INTERFACE\SD_CARD_INTERFACE\MXTmpFiles\fatfs_vars.tmp_save
2025-08-04 14:17:55,407 [INFO] CodeEngine:289 - Generated code: C:\Users\kjeya\Downloads\SD_CARD_INTERFACE\SD_CARD_INTERFACE\MXTmpFiles\fatfs_vars.tmp
2025-08-04 14:17:55,421 [INFO] CodeEngine:265 - oldGeneratedFile, C:\Users\kjeya\Downloads\SD_CARD_INTERFACE\SD_CARD_INTERFACE\MXTmpFiles\fatfs_ext_vars.tmp_save
2025-08-04 14:17:55,523 [INFO] CodeEngine:289 - Generated code: C:\Users\kjeya\Downloads\SD_CARD_INTERFACE\SD_CARD_INTERFACE\MXTmpFiles\fatfs_ext_vars.tmp
2025-08-04 14:17:55,538 [INFO] CodeEngine:265 - oldGeneratedFile, C:\Users\kjeya\Downloads\SD_CARD_INTERFACE\SD_CARD_INTERFACE\MXTmpFiles\fatfs_inc.tmp_save
2025-08-04 14:17:55,658 [INFO] CodeEngine:289 - Generated code: C:\Users\kjeya\Downloads\SD_CARD_INTERFACE\SD_CARD_INTERFACE\MXTmpFiles\fatfs_inc.tmp
2025-08-04 14:17:55,676 [INFO] CodeEngine:265 - oldGeneratedFile, C:\Users\kjeya\Downloads\SD_CARD_INTERFACE\SD_CARD_INTERFACE\FATFS\Target\ffconf.h_save
2025-08-04 14:17:55,803 [INFO] CodeEngine:289 - Generated code: C:\Users\kjeya\Downloads\SD_CARD_INTERFACE\SD_CARD_INTERFACE\FATFS\Target\ffconf.h
2025-08-04 14:17:55,815 [INFO] CodeEngine:265 - oldGeneratedFile, C:\Users\kjeya\Downloads\SD_CARD_INTERFACE\SD_CARD_INTERFACE\FATFS\Target\user_diskio.c_save
2025-08-04 14:17:55,908 [INFO] CodeEngine:289 - Generated code: C:\Users\kjeya\Downloads\SD_CARD_INTERFACE\SD_CARD_INTERFACE\FATFS\Target\user_diskio.c
2025-08-04 14:17:55,924 [INFO] CodeEngine:265 - oldGeneratedFile, C:\Users\kjeya\Downloads\SD_CARD_INTERFACE\SD_CARD_INTERFACE\FATFS\Target\user_diskio.h_save
2025-08-04 14:17:56,006 [INFO] CodeEngine:289 - Generated code: C:\Users\kjeya\Downloads\SD_CARD_INTERFACE\SD_CARD_INTERFACE\FATFS\Target\user_diskio.h
2025-08-04 14:17:56,013 [INFO] CodeEngine:265 - oldGeneratedFile, C:\Users\kjeya\Downloads\SD_CARD_INTERFACE\SD_CARD_INTERFACE\FATFS\App\fatfs.c_save
2025-08-04 14:17:56,078 [INFO] CodeEngine:289 - Generated code: C:\Users\kjeya\Downloads\SD_CARD_INTERFACE\SD_CARD_INTERFACE\FATFS\App\fatfs.c
2025-08-04 14:17:56,087 [INFO] CodeEngine:265 - oldGeneratedFile, C:\Users\kjeya\Downloads\SD_CARD_INTERFACE\SD_CARD_INTERFACE\FATFS\App\fatfs.h_save
2025-08-04 14:17:56,162 [INFO] CodeEngine:289 - Generated code: C:\Users\kjeya\Downloads\SD_CARD_INTERFACE\SD_CARD_INTERFACE\FATFS\App\fatfs.h
2025-08-04 14:17:56,182 [INFO] CodeEngine:265 - oldGeneratedFile, C:\Users\kjeya\Downloads\SD_CARD_INTERFACE\SD_CARD_INTERFACE\Core\Src\stm32f4xx_it.c_save
2025-08-04 14:17:56,350 [INFO] CodeEngine:289 - Generated code: C:\Users\kjeya\Downloads\SD_CARD_INTERFACE\SD_CARD_INTERFACE\Core\Src\stm32f4xx_it.c
2025-08-04 14:17:56,362 [INFO] CodeEngine:265 - oldGeneratedFile, C:\Users\kjeya\Downloads\SD_CARD_INTERFACE\SD_CARD_INTERFACE\Core\Inc\stm32f4xx_it.h_save
2025-08-04 14:17:56,434 [INFO] CodeEngine:289 - Generated code: C:\Users\kjeya\Downloads\SD_CARD_INTERFACE\SD_CARD_INTERFACE\Core\Inc\stm32f4xx_it.h
2025-08-04 14:17:56,453 [INFO] CodeEngine:265 - oldGeneratedFile, C:\Users\kjeya\Downloads\SD_CARD_INTERFACE\SD_CARD_INTERFACE\Core\Src\stm32f4xx_hal_msp.c_save
2025-08-04 14:17:56,558 [INFO] CodeEngine:289 - Generated code: C:\Users\kjeya\Downloads\SD_CARD_INTERFACE\SD_CARD_INTERFACE\Core\Src\stm32f4xx_hal_msp.c
2025-08-04 14:17:56,564 [INFO] CodeEngine:265 - oldGeneratedFile, C:\Users\kjeya\Downloads\SD_CARD_INTERFACE\SD_CARD_INTERFACE\MXTmpFiles\system.tmp_save
2025-08-04 14:17:56,645 [INFO] CodeEngine:289 - Generated code: C:\Users\kjeya\Downloads\SD_CARD_INTERFACE\SD_CARD_INTERFACE\MXTmpFiles\system.tmp
2025-08-04 14:17:56,662 [INFO] CodeEngine:321 - oldGeneratedFile, C:\Users\kjeya\Downloads\SD_CARD_INTERFACE\SD_CARD_INTERFACE\Core\Inc\stm32f4xx_hal_conf.h_save
2025-08-04 14:17:56,740 [INFO] CodeEngine:345 - Generated code: C:\Users\kjeya\Downloads\SD_CARD_INTERFACE\SD_CARD_INTERFACE\Core\Inc\stm32f4xx_hal_conf.h
2025-08-04 14:17:56,787 [INFO] CodeEngine:265 - oldGeneratedFile, C:\Users\kjeya\Downloads\SD_CARD_INTERFACE\SD_CARD_INTERFACE\Core\Inc\main.h_save
2025-08-04 14:17:56,907 [INFO] CodeEngine:289 - Generated code: C:\Users\kjeya\Downloads\SD_CARD_INTERFACE\SD_CARD_INTERFACE\Core\Inc\main.h
2025-08-04 14:17:56,921 [INFO] CodeEngine:265 - oldGeneratedFile, C:\Users\kjeya\Downloads\SD_CARD_INTERFACE\SD_CARD_INTERFACE\Core\Src\main.c_save
2025-08-04 14:17:57,043 [INFO] CodeEngine:289 - Generated code: C:\Users\kjeya\Downloads\SD_CARD_INTERFACE\SD_CARD_INTERFACE\Core\Src\main.c
2025-08-04 14:17:57,579 [INFO] ProjectBuilder:3606 - Time for Copy HAL[1] : 321mS.
2025-08-04 14:17:57,587 [INFO] ProjectBuilder:5216 - Project Generator version: 4.7.0-B52
2025-08-04 14:17:57,697 [INFO] ConfigFileManager:1595 - The Die is : DIE433
2025-08-04 14:17:59,277 [INFO] ProjectBuilder:5496 - Time for Generating toolchain IDE Files: 1690mS.
2025-08-04 14:17:59,278 [INFO] ProjectBuilder:3463 - Time for Copy CMSIS : 1mS.
2025-08-04 14:17:59,286 [INFO] ProjectBuilder:3463 - Time for Copy CMSIS : 0mS.
2025-08-04 14:18:43,900 [INFO] UtilMem:75 - End SaveConfig() Used Memory: 353415944 Bytes (901775360)
2025-08-04 14:18:48,262 [INFO] UtilMem:75 - End SaveConfig() Used Memory: 437818960 Bytes (901775360)
2025-08-04 14:18:48,591 [INFO] BlockDiagram:2775 - set Specific Code input for plugin: SPI
2025-08-04 14:18:48,591 [INFO] BlockDiagram:2775 - set Specific Code input for plugin: NVIC
2025-08-04 14:18:48,591 [INFO] BlockDiagram:2775 - set Specific Code input for plugin: USART
2025-08-04 14:18:48,591 [INFO] BlockDiagram:2775 - set Specific Code input for plugin: USART
2025-08-04 14:18:48,592 [INFO] BlockDiagram:2775 - set Specific Code input for plugin: SYS
2025-08-04 14:18:48,592 [INFO] BlockDiagram:2775 - set Specific Code input for plugin: GPIO
2025-08-04 14:18:48,592 [INFO] BlockDiagram:2775 - set Specific Code input for plugin: RCC
2025-08-04 14:18:48,592 [INFO] BlockDiagram:2775 - set Specific Code input for plugin: FATFS
2025-08-04 14:18:48,594 [INFO] CodeGenerator:892 - code generatio: config db path: C:\ST\STM32CubeIDE_1.16.1\STM32CubeIDE\plugins\com.st.stm32cube.common.mx_6.15.0.202507011659\\db\
2025-08-04 14:18:48,694 [INFO] CodeEngine:265 - oldGeneratedFile, C:\Users\kjeya\Downloads\SD_CARD_INTERFACE\SD_CARD_INTERFACE\MXTmpFiles\license.tmp_save
2025-08-04 14:18:48,750 [INFO] CodeEngine:289 - Generated code: C:\Users\kjeya\Downloads\SD_CARD_INTERFACE\SD_CARD_INTERFACE\MXTmpFiles\license.tmp
2025-08-04 14:18:48,771 [INFO] CodeEngine:265 - oldGeneratedFile, C:\Users\kjeya\Downloads\SD_CARD_INTERFACE\SD_CARD_INTERFACE\MXTmpFiles\gpio.tmp_save
2025-08-04 14:18:48,840 [INFO] CodeEngine:289 - Generated code: C:\Users\kjeya\Downloads\SD_CARD_INTERFACE\SD_CARD_INTERFACE\MXTmpFiles\gpio.tmp
2025-08-04 14:18:48,937 [INFO] Middleware:1452 - No code input for Bsp Dependency
2025-08-04 14:18:48,946 [INFO] CodeEngine:265 - oldGeneratedFile, C:\Users\kjeya\Downloads\SD_CARD_INTERFACE\SD_CARD_INTERFACE\MXTmpFiles\fatfs_HalInit.tmp_save
2025-08-04 14:18:49,022 [INFO] CodeEngine:289 - Generated code: C:\Users\kjeya\Downloads\SD_CARD_INTERFACE\SD_CARD_INTERFACE\MXTmpFiles\fatfs_HalInit.tmp
2025-08-04 14:18:49,027 [INFO] CodeEngine:265 - oldGeneratedFile, C:\Users\kjeya\Downloads\SD_CARD_INTERFACE\SD_CARD_INTERFACE\MXTmpFiles\fatfs_vars.tmp_save
2025-08-04 14:18:49,101 [INFO] CodeEngine:289 - Generated code: C:\Users\kjeya\Downloads\SD_CARD_INTERFACE\SD_CARD_INTERFACE\MXTmpFiles\fatfs_vars.tmp
2025-08-04 14:18:49,107 [INFO] CodeEngine:265 - oldGeneratedFile, C:\Users\kjeya\Downloads\SD_CARD_INTERFACE\SD_CARD_INTERFACE\MXTmpFiles\fatfs_ext_vars.tmp_save
2025-08-04 14:18:49,177 [INFO] CodeEngine:289 - Generated code: C:\Users\kjeya\Downloads\SD_CARD_INTERFACE\SD_CARD_INTERFACE\MXTmpFiles\fatfs_ext_vars.tmp
2025-08-04 14:18:49,182 [INFO] CodeEngine:265 - oldGeneratedFile, C:\Users\kjeya\Downloads\SD_CARD_INTERFACE\SD_CARD_INTERFACE\MXTmpFiles\fatfs_inc.tmp_save
2025-08-04 14:18:49,246 [INFO] CodeEngine:289 - Generated code: C:\Users\kjeya\Downloads\SD_CARD_INTERFACE\SD_CARD_INTERFACE\MXTmpFiles\fatfs_inc.tmp
2025-08-04 14:18:49,255 [INFO] Middleware:1452 - No code input for Bsp Dependency
2025-08-04 14:18:49,264 [INFO] CodeEngine:265 - oldGeneratedFile, C:\Users\kjeya\Downloads\SD_CARD_INTERFACE\SD_CARD_INTERFACE\MXTmpFiles\fatfs_HalInit.tmp_save
2025-08-04 14:18:49,321 [INFO] CodeEngine:289 - Generated code: C:\Users\kjeya\Downloads\SD_CARD_INTERFACE\SD_CARD_INTERFACE\MXTmpFiles\fatfs_HalInit.tmp
2025-08-04 14:18:49,328 [INFO] CodeEngine:265 - oldGeneratedFile, C:\Users\kjeya\Downloads\SD_CARD_INTERFACE\SD_CARD_INTERFACE\MXTmpFiles\fatfs_vars.tmp_save
2025-08-04 14:18:49,385 [INFO] CodeEngine:289 - Generated code: C:\Users\kjeya\Downloads\SD_CARD_INTERFACE\SD_CARD_INTERFACE\MXTmpFiles\fatfs_vars.tmp
2025-08-04 14:18:49,392 [INFO] CodeEngine:265 - oldGeneratedFile, C:\Users\kjeya\Downloads\SD_CARD_INTERFACE\SD_CARD_INTERFACE\MXTmpFiles\fatfs_ext_vars.tmp_save
2025-08-04 14:18:49,448 [INFO] CodeEngine:289 - Generated code: C:\Users\kjeya\Downloads\SD_CARD_INTERFACE\SD_CARD_INTERFACE\MXTmpFiles\fatfs_ext_vars.tmp
2025-08-04 14:18:49,457 [INFO] CodeEngine:265 - oldGeneratedFile, C:\Users\kjeya\Downloads\SD_CARD_INTERFACE\SD_CARD_INTERFACE\MXTmpFiles\fatfs_inc.tmp_save
2025-08-04 14:18:49,516 [INFO] CodeEngine:289 - Generated code: C:\Users\kjeya\Downloads\SD_CARD_INTERFACE\SD_CARD_INTERFACE\MXTmpFiles\fatfs_inc.tmp
2025-08-04 14:18:49,526 [INFO] CodeEngine:265 - oldGeneratedFile, C:\Users\kjeya\Downloads\SD_CARD_INTERFACE\SD_CARD_INTERFACE\FATFS\Target\ffconf.h_save
2025-08-04 14:18:49,598 [INFO] CodeEngine:289 - Generated code: C:\Users\kjeya\Downloads\SD_CARD_INTERFACE\SD_CARD_INTERFACE\FATFS\Target\ffconf.h
2025-08-04 14:18:49,611 [INFO] CodeEngine:265 - oldGeneratedFile, C:\Users\kjeya\Downloads\SD_CARD_INTERFACE\SD_CARD_INTERFACE\FATFS\Target\user_diskio.c_save
2025-08-04 14:18:49,675 [INFO] CodeEngine:289 - Generated code: C:\Users\kjeya\Downloads\SD_CARD_INTERFACE\SD_CARD_INTERFACE\FATFS\Target\user_diskio.c
2025-08-04 14:18:49,683 [INFO] CodeEngine:265 - oldGeneratedFile, C:\Users\kjeya\Downloads\SD_CARD_INTERFACE\SD_CARD_INTERFACE\FATFS\Target\user_diskio.h_save
2025-08-04 14:18:49,742 [INFO] CodeEngine:289 - Generated code: C:\Users\kjeya\Downloads\SD_CARD_INTERFACE\SD_CARD_INTERFACE\FATFS\Target\user_diskio.h
2025-08-04 14:18:49,750 [INFO] CodeEngine:265 - oldGeneratedFile, C:\Users\kjeya\Downloads\SD_CARD_INTERFACE\SD_CARD_INTERFACE\FATFS\App\fatfs.c_save
2025-08-04 14:18:49,819 [INFO] CodeEngine:289 - Generated code: C:\Users\kjeya\Downloads\SD_CARD_INTERFACE\SD_CARD_INTERFACE\FATFS\App\fatfs.c
2025-08-04 14:18:49,828 [INFO] CodeEngine:265 - oldGeneratedFile, C:\Users\kjeya\Downloads\SD_CARD_INTERFACE\SD_CARD_INTERFACE\FATFS\App\fatfs.h_save
2025-08-04 14:18:49,892 [INFO] CodeEngine:289 - Generated code: C:\Users\kjeya\Downloads\SD_CARD_INTERFACE\SD_CARD_INTERFACE\FATFS\App\fatfs.h
2025-08-04 14:18:49,909 [INFO] CodeEngine:265 - oldGeneratedFile, C:\Users\kjeya\Downloads\SD_CARD_INTERFACE\SD_CARD_INTERFACE\Core\Src\stm32f4xx_it.c_save
2025-08-04 14:18:49,984 [INFO] CodeEngine:289 - Generated code: C:\Users\kjeya\Downloads\SD_CARD_INTERFACE\SD_CARD_INTERFACE\Core\Src\stm32f4xx_it.c
2025-08-04 14:18:49,993 [INFO] CodeEngine:265 - oldGeneratedFile, C:\Users\kjeya\Downloads\SD_CARD_INTERFACE\SD_CARD_INTERFACE\Core\Inc\stm32f4xx_it.h_save
2025-08-04 14:18:50,055 [INFO] CodeEngine:289 - Generated code: C:\Users\kjeya\Downloads\SD_CARD_INTERFACE\SD_CARD_INTERFACE\Core\Inc\stm32f4xx_it.h
2025-08-04 14:18:50,074 [INFO] CodeEngine:265 - oldGeneratedFile, C:\Users\kjeya\Downloads\SD_CARD_INTERFACE\SD_CARD_INTERFACE\Core\Src\stm32f4xx_hal_msp.c_save
2025-08-04 14:18:50,164 [INFO] CodeEngine:289 - Generated code: C:\Users\kjeya\Downloads\SD_CARD_INTERFACE\SD_CARD_INTERFACE\Core\Src\stm32f4xx_hal_msp.c
2025-08-04 14:18:50,172 [INFO] CodeEngine:265 - oldGeneratedFile, C:\Users\kjeya\Downloads\SD_CARD_INTERFACE\SD_CARD_INTERFACE\MXTmpFiles\system.tmp_save
2025-08-04 14:18:50,236 [INFO] CodeEngine:289 - Generated code: C:\Users\kjeya\Downloads\SD_CARD_INTERFACE\SD_CARD_INTERFACE\MXTmpFiles\system.tmp
2025-08-04 14:18:50,249 [INFO] CodeEngine:321 - oldGeneratedFile, C:\Users\kjeya\Downloads\SD_CARD_INTERFACE\SD_CARD_INTERFACE\Core\Inc\stm32f4xx_hal_conf.h_save
2025-08-04 14:18:50,322 [INFO] CodeEngine:345 - Generated code: C:\Users\kjeya\Downloads\SD_CARD_INTERFACE\SD_CARD_INTERFACE\Core\Inc\stm32f4xx_hal_conf.h
2025-08-04 14:18:50,357 [INFO] CodeEngine:265 - oldGeneratedFile, C:\Users\kjeya\Downloads\SD_CARD_INTERFACE\SD_CARD_INTERFACE\Core\Inc\main.h_save
2025-08-04 14:18:50,480 [INFO] CodeEngine:289 - Generated code: C:\Users\kjeya\Downloads\SD_CARD_INTERFACE\SD_CARD_INTERFACE\Core\Inc\main.h
2025-08-04 14:18:50,491 [INFO] CodeEngine:265 - oldGeneratedFile, C:\Users\kjeya\Downloads\SD_CARD_INTERFACE\SD_CARD_INTERFACE\Core\Src\main.c_save
2025-08-04 14:18:50,647 [INFO] CodeEngine:289 - Generated code: C:\Users\kjeya\Downloads\SD_CARD_INTERFACE\SD_CARD_INTERFACE\Core\Src\main.c
2025-08-04 14:18:51,078 [INFO] ProjectBuilder:3606 - Time for Copy HAL[1] : 216mS.
2025-08-04 14:18:51,085 [INFO] ProjectBuilder:5216 - Project Generator version: 4.7.0-B52
2025-08-04 14:18:51,205 [INFO] ConfigFileManager:1595 - The Die is : DIE433
2025-08-04 14:18:52,460 [INFO] ProjectBuilder:5496 - Time for Generating toolchain IDE Files: 1375mS.
2025-08-04 14:18:52,461 [INFO] ProjectBuilder:3463 - Time for Copy CMSIS : 1mS.
2025-08-04 14:18:52,470 [INFO] ProjectBuilder:3463 - Time for Copy CMSIS : 0mS.
2025-08-04 14:38:13,926 [INFO] WebApp:194 - Connection lost
2025-08-04 14:38:14,544 [INFO] WebApp:191 - Connection restablished
2025-08-04 16:09:42,075 [INFO] WebApp:194 - Connection lost
2025-08-04 16:10:34,589 [INFO] WebApp:191 - Connection restablished
2025-08-04 16:10:39,803 [INFO] WebApp:194 - Connection lost
2025-08-04 16:10:39,980 [INFO] WebApp:191 - Connection restablished
2025-08-04 16:23:16,223 [INFO] WebApp:194 - Connection lost
2025-08-04 16:23:16,620 [INFO] WebApp:191 - Connection restablished
2025-08-04 18:12:31,649 [ERROR] LogOutputStream:75 - [STDERR_REDIRECT] 
